iata,url
HUX,https://en.wikipedia.org/wiki/Bah%C3%ADas_de_Huatulco_International_Airport
YYC,https://en.wikipedia.org/wiki/Calgary_International_Airport
CUN,https://en.wikipedia.org/wiki/Canc%C3%BAn_International_Airport
YYQ,https://en.wikipedia.org/wiki/Churchill_Airport
YCR,https://en.wikipedia.org/wiki/Cross_Lake_(Charlie_Sinclair_Memorial)_Airport
YVZ,https://en.wikipedia.org/wiki/Deer_Lake_Airport
DEN,https://en.wikipedia.org/wiki/Denver_International_Airport
YEG,https://en.wikipedia.org/wiki/Edmonton_International_Airport
YFO,https://en.wikipedia.org/wiki/Flin_Flon_Airport
FLL,https://en.wikipedia.org/wiki/Fort_Lauderdale%E2%80%93Hollywood_International_Airport
YGX,https://en.wikipedia.org/wiki/Gillam_Airport
YGO,https://en.wikipedia.org/wiki/Gods_Lake_Narrows_Airport
ZGI,https://en.wikipedia.org/wiki/Gods_River_Airport
POP,https://en.wikipedia.org/wiki/Gregorio_Luper%C3%B3n_International_Airport
YHZ,https://en.wikipedia.org/wiki/Halifax_Stanfield_International_Airport
LAS,https://en.wikipedia.org/wiki/Harry_Reid_International_Airport
ATL,https://en.wikipedia.org/wiki/Hartsfield%E2%80%93Jackson_Atlanta_International_Airport
YIV,https://en.wikipedia.org/wiki/Island_Lake_Airport
VRA,https://en.wikipedia.org/wiki/Juan_Gualberto_G%C3%B3mez_Airport
YLW,https://en.wikipedia.org/wiki/Kelowna_International_Airport
XLB,https://en.wikipedia.org/wiki/Lac_Brochet_Airport
PVR,https://en.wikipedia.org/wiki/Licenciado_Gustavo_D%C3%ADaz_Ordaz_International_Airport
LAX,https://en.wikipedia.org/wiki/Los_Angeles_International_Airport
SJD,https://en.wikipedia.org/wiki/Los_Cabos_International_Airport
MZT,https://en.wikipedia.org/wiki/Mazatl%C3%A1n_International_Airport
None,https://en.wikipedia.org/wiki/Minneapolis-Saint_Paul_International_Airport
None,https://en.wikipedia.org/wiki/Montr%C3%A9al%E2%80%93Pierre_Elliott_Trudeau_International_Airport
BNA,https://en.wikipedia.org/wiki/Nashville_International_Airport
YNO,https://en.wikipedia.org/wiki/North_Spirit_Lake_Airport
YNE,https://en.wikipedia.org/wiki/Norway_House_Airport
ORD,https://en.wikipedia.org/wiki/O%27Hare_International_Airport
MCO,https://en.wikipedia.org/wiki/Orlando_International_Airport
YOW,https://en.wikipedia.org/wiki/Ottawa_Macdonald%E2%80%93Cartier_International_Airport
YOH,https://en.wikipedia.org/wiki/Oxford_House_Airport
PSP,https://en.wikipedia.org/wiki/Palm_Springs_International_Airport
PHX,https://en.wikipedia.org/wiki/Phoenix_Sky_Harbor_International_Airport
YPM,https://en.wikipedia.org/wiki/Pikangikum_Airport
PUJ,https://en.wikipedia.org/wiki/Punta_Cana_International_Airport
YRT,https://en.wikipedia.org/wiki/Rankin_Inlet_Airport
YRL,https://en.wikipedia.org/wiki/Red_Lake_Airport
YRS,https://en.wikipedia.org/wiki/Red_Sucker_Lake_Airport
YQR,https://en.wikipedia.org/wiki/Regina_International_Airport
ZPB,https://en.wikipedia.org/wiki/Sachigo_Lake_Airport
ZSJ,https://en.wikipedia.org/wiki/Sandy_Lake_Airport
MBJ,https://en.wikipedia.org/wiki/Sangster_International_Airport
YSK,https://en.wikipedia.org/wiki/Sanikiluaq_Airport
YXE,https://en.wikipedia.org/wiki/Saskatoon_John_G._Diefenbaker_International_Airport
ZTM,https://en.wikipedia.org/wiki/Shamattawa_Airport
YXL,https://en.wikipedia.org/wiki/Sioux_Lookout_Airport
YYT,https://en.wikipedia.org/wiki/St._John%27s_International_Airport
YST,https://en.wikipedia.org/wiki/St._Theresa_Point_Airport
YQD,https://en.wikipedia.org/wiki/The_Pas_Airport
YTH,https://en.wikipedia.org/wiki/Thompson_Airport
YQT,https://en.wikipedia.org/wiki/Thunder_Bay_International_Airport
YYZ,https://en.wikipedia.org/wiki/Toronto_Pearson_International_Airport
YVR,https://en.wikipedia.org/wiki/Vancouver_International_Airport
YYJ,https://en.wikipedia.org/wiki/Victoria_International_Airport
ZAC,https://en.wikipedia.org/wiki/York_Landing_Airport
YXX,https://en.wikipedia.org/wiki/Abbotsford_International_Airport
SNU,https://en.wikipedia.org/wiki/Abel_Santamar%C3%ADa_Airport
ACA,https://en.wikipedia.org/wiki/Acapulco_International_Airport
ADD,https://en.wikipedia.org/wiki/Addis_Ababa_Bole_International_Airport
LHE,https://en.wikipedia.org/wiki/Allama_Iqbal_International_Airport
AMS,https://en.wikipedia.org/wiki/Amsterdam_Airport_Schiphol
SVD,https://en.wikipedia.org/wiki/Argyle_International_Airport
SCL,https://en.wikipedia.org/wiki/Arturo_Merino_Ben%C3%ADtez_International_Airport
ATH,https://en.wikipedia.org/wiki/Athens_International_Airport
AUS,https://en.wikipedia.org/wiki/Austin%E2%80%93Bergstrom_International_Airport
PEK,https://en.wikipedia.org/wiki/Beijing_Capital_International_Airport
TLV,https://en.wikipedia.org/wiki/Ben_Gurion_Airport
BER,https://en.wikipedia.org/wiki/Berlin_Brandenburg_Airport
BRU,https://en.wikipedia.org/wiki/Brussels_Airport
YQQ,https://en.wikipedia.org/wiki/CFB_Comox
CAI,https://en.wikipedia.org/wiki/Cairo_International_Airport
CDG,https://en.wikipedia.org/wiki/Charles_de_Gaulle_Airport
CHS,https://en.wikipedia.org/wiki/Charleston_International_Airport
CLT,https://en.wikipedia.org/wiki/Charlotte_Douglas_International_Airport
YYG,https://en.wikipedia.org/wiki/Charlottetown_Airport
GEO,https://en.wikipedia.org/wiki/Cheddi_Jagan_International_Airport
BOM,https://en.wikipedia.org/wiki/Chhatrapati_Shivaji_Maharaj_International_Airport
CVG,https://en.wikipedia.org/wiki/Cincinnati/Northern_Kentucky_International_Airport
CLE,https://en.wikipedia.org/wiki/Cleveland_Hopkins_International_Airport
CPH,https://en.wikipedia.org/wiki/Copenhagen_Airport
CZM,https://en.wikipedia.org/wiki/Cozumel_International_Airport
None,https://en.wikipedia.org/wiki/Cristiano_Ronaldo_International_Airport
CUR,https://en.wikipedia.org/wiki/Cura%C3%A7ao_International_Airport
DFW,https://en.wikipedia.org/wiki/Dallas_Fort_Worth_International_Airport
HNL,https://en.wikipedia.org/wiki/Daniel_K._Inouye_International_Airport
YDF,https://en.wikipedia.org/wiki/Deer_Lake_Regional_Airport
DTW,https://en.wikipedia.org/wiki/Detroit_Metropolitan_Airport
DXB,https://en.wikipedia.org/wiki/Dubai_International_Airport
DUB,https://en.wikipedia.org/wiki/Dublin_Airport
IAD,https://en.wikipedia.org/wiki/Dulles_International_Airport
EDI,https://en.wikipedia.org/wiki/Edinburgh_Airport
BOG,https://en.wikipedia.org/wiki/El_Dorado_International_Airport
SAL,https://en.wikipedia.org/wiki/El_Salvador_International_Airport
YXY,https://en.wikipedia.org/wiki/Erik_Nielsen_Whitehorse_International_Airport
GGT,https://en.wikipedia.org/wiki/Exuma_International_Airport
BON,https://en.wikipedia.org/wiki/Flamingo_International_Airport
YMM,https://en.wikipedia.org/wiki/Fort_McMurray_International_Airport
HOG,https://en.wikipedia.org/wiki/Frank_Pa%C3%ADs_Airport
FRA,https://en.wikipedia.org/wiki/Frankfurt_Airport
YFC,https://en.wikipedia.org/wiki/Fredericton_International_Airport
None,https://en.wikipedia.org/wiki/Gago_Coutinho_Airport
YQX,https://en.wikipedia.org/wiki/Gander_International_Airport
LGW,https://en.wikipedia.org/wiki/Gatwick_Airport
IAH,https://en.wikipedia.org/wiki/George_Bush_Intercontinental_Airport
GLA,https://en.wikipedia.org/wiki/Glasgow_Airport
FPO,https://en.wikipedia.org/wiki/Grand_Bahama_International_Airport
BGI,https://en.wikipedia.org/wiki/Grantley_Adams_International_Airport
YQM,https://en.wikipedia.org/wiki/Greater_Moncton_Rom%C3%A9o_LeBlanc_International_Airport
GDL,https://en.wikipedia.org/wiki/Guadalajara_International_Airport
LIR,https://en.wikipedia.org/wiki/Guanacaste_Airport
CAN,https://en.wikipedia.org/wiki/Guangzhou_Baiyun_International_Airport
DOH,https://en.wikipedia.org/wiki/Hamad_International_Airport
HND,https://en.wikipedia.org/wiki/Haneda_Airport
DAC,https://en.wikipedia.org/wiki/Hazrat_Shahjalal_International_Airport
LHR,https://en.wikipedia.org/wiki/Heathrow_Airport
UVF,https://en.wikipedia.org/wiki/Hewanorra_International_Airport
HKG,https://en.wikipedia.org/wiki/Hong_Kong_International_Airport
CMW,https://en.wikipedia.org/wiki/Ignacio_Agramonte_International_Airport
ICN,https://en.wikipedia.org/wiki/Incheon_International_Airport
IND,https://en.wikipedia.org/wiki/Indianapolis_International_Airport
DEL,https://en.wikipedia.org/wiki/Indira_Gandhi_International_Airport
ISB,https://en.wikipedia.org/wiki/Islamabad_International_Airport
IST,https://en.wikipedia.org/wiki/Istanbul_Airport
ZIH,https://en.wikipedia.org/wiki/Ixtapa-Zihuatanejo_International_Airport
YQY,https://en.wikipedia.org/wiki/JA_Douglas_McCurdy_Sydney_Airport
JAX,https://en.wikipedia.org/wiki/Jacksonville_International_Airport
CFG,https://en.wikipedia.org/wiki/Jaime_Gonz%C3%A1lez_Airport
CCC,https://en.wikipedia.org/wiki/Jardines_del_Rey_Airport
KHI,https://en.wikipedia.org/wiki/Jinnah_International_Airport
JFK,https://en.wikipedia.org/wiki/John_F._Kennedy_International_Airport
CMH,https://en.wikipedia.org/wiki/John_Glenn_Columbus_International_Airport
LIM,https://en.wikipedia.org/wiki/Jorge_Ch%C3%A1vez_International_Airport
BCN,https://en.wikipedia.org/wiki/Josep_Tarradellas_Barcelona%E2%80%93El_Prat_Airport
PDL,https://en.wikipedia.org/wiki/Jo%C3%A3o_Paulo_II_Airport
RTB,https://en.wikipedia.org/wiki/Juan_Manuel_G%C3%A1lvez_International_Airport
SJO,https://en.wikipedia.org/wiki/Juan_Santamar%C3%ADa_International_Airport
KIX,https://en.wikipedia.org/wiki/Kansai_International_Airport
KEF,https://en.wikipedia.org/wiki/Keflav%C3%ADk_International_Airport
JED,https://en.wikipedia.org/wiki/King_Abdulaziz_International_Airport
BDA,https://en.wikipedia.org/wiki/L.F._Wade_International_Airport
LRM,https://en.wikipedia.org/wiki/La_Romana_International_Airport
LGA,https://en.wikipedia.org/wiki/LaGuardia_Airport
TER,https://en.wikipedia.org/wiki/Lajes_Airport
SUF,https://en.wikipedia.org/wiki/Lamezia_Terme_International_Airport
LIS,https://en.wikipedia.org/wiki/Lisbon_Airport
BOS,https://en.wikipedia.org/wiki/Logan_International_Airport
YXU,https://en.wikipedia.org/wiki/London_International_Airport
MSY,https://en.wikipedia.org/wiki/Louis_Armstrong_New_Orleans_International_Airport
SJU,https://en.wikipedia.org/wiki/Luis_Mu%C3%B1oz_Mar%C3%ADn_International_Airport
NAS,https://en.wikipedia.org/wiki/Lynden_Pindling_International_Airport
MAD,https://en.wikipedia.org/wiki/Madrid%E2%80%93Barajas_Airport
MAN,https://en.wikipedia.org/wiki/Manchester_Airport
FDF,https://en.wikipedia.org/wiki/Martinique_Aim%C3%A9_C%C3%A9saire_International_Airport
GND,https://en.wikipedia.org/wiki/Maurice_Bishop_International_Airport
MEX,https://en.wikipedia.org/wiki/Mexico_City_International_Airport
MIA,https://en.wikipedia.org/wiki/Miami_International_Airport
MXP,https://en.wikipedia.org/wiki/Milan_Malpensa_Airport
EZE,https://en.wikipedia.org/wiki/Ministro_Pistarini_International_Airport
MSP,https://en.wikipedia.org/wiki/Minneapolis%E2%80%93Saint_Paul_International_Airport
CMN,https://en.wikipedia.org/wiki/Mohammed_V_International_Airport
MTY,https://en.wikipedia.org/wiki/Monterrey_International_Airport
YUL,https://en.wikipedia.org/wiki/Montr%C3%A9al%E2%80%93Trudeau_International_Airport
MUC,https://en.wikipedia.org/wiki/Munich_Airport
MID,https://en.wikipedia.org/wiki/M%C3%A9rida_International_Airport
YCD,https://en.wikipedia.org/wiki/Nanaimo_Airport
NRT,https://en.wikipedia.org/wiki/Narita_International_Airport
EWR,https://en.wikipedia.org/wiki/Newark_Liberty_International_Airport
MNL,https://en.wikipedia.org/wiki/Ninoy_Aquino_International_Airport
KIN,https://en.wikipedia.org/wiki/Norman_Manley_International_Airport
YYB,https://en.wikipedia.org/wiki/North_Bay/Jack_Garland_Airport
GCM,https://en.wikipedia.org/wiki/Owen_Roberts_International_Airport
PBI,https://en.wikipedia.org/wiki/Palm_Beach_International_Airport
PHL,https://en.wikipedia.org/wiki/Philadelphia_International_Airport
BZE,https://en.wikipedia.org/wiki/Philip_S._W._Goldson_International_Airport
POS,https://en.wikipedia.org/wiki/Piarco_International_Airport
PIT,https://en.wikipedia.org/wiki/Pittsburgh_International_Airport
PTP,https://en.wikipedia.org/wiki/Pointe-%C3%A0-Pitre_International_Airport
OPO,https://en.wikipedia.org/wiki/Porto_Airport
SXM,https://en.wikipedia.org/wiki/Princess_Juliana_International_Airport
PLS,https://en.wikipedia.org/wiki/Providenciales_International_Airport
AMM,https://en.wikipedia.org/wiki/Queen_Alia_International_Airport
AUA,https://en.wikipedia.org/wiki/Queen_Beatrix_International_Airport
YQB,https://en.wikipedia.org/wiki/Qu%C3%A9bec_City_Jean_Lesage_International_Airport
CTG,https://en.wikipedia.org/wiki/Rafael_N%C3%BA%C3%B1ez_International_Airport
RDU,https://en.wikipedia.org/wiki/Raleigh%E2%80%93Durham_International_Airport
GIG,https://en.wikipedia.org/wiki/Rio_de_Janeiro/Gale%C3%A3o_International_Airport
SKB,https://en.wikipedia.org/wiki/Robert_L._Bradshaw_International_Airport
FCO,https://en.wikipedia.org/wiki/Rome_Fiumicino_Airport
DCA,https://en.wikipedia.org/wiki/Ronald_Reagan_Washington_National_Airport
SMF,https://en.wikipedia.org/wiki/Sacramento_International_Airport
YSJ,https://en.wikipedia.org/wiki/Saint_John_Airport
SLC,https://en.wikipedia.org/wiki/Salt_Lake_City_International_Airport
AZS,https://en.wikipedia.org/wiki/Saman%C3%A1_El_Catey_International_Airport
SAN,https://en.wikipedia.org/wiki/San_Diego_International_Airport
SFO,https://en.wikipedia.org/wiki/San_Francisco_International_Airport
SRQ,https://en.wikipedia.org/wiki/Sarasota%E2%80%93Bradenton_International_Airport
YAM,https://en.wikipedia.org/wiki/Sault_Ste._Marie_Airport
RIH,https://en.wikipedia.org/wiki/Scarlett_Mart%C3%ADnez_International_Airport
SEA,https://en.wikipedia.org/wiki/Seattle%E2%80%93Tacoma_International_Airport
PVG,https://en.wikipedia.org/wiki/Shanghai_Pudong_International_Airport
MZO,https://en.wikipedia.org/wiki/Sierra_Maestra_Airport
RSW,https://en.wikipedia.org/wiki/Southwest_Florida_International_Airport
STL,https://en.wikipedia.org/wiki/St._Louis_Lambert_International_Airport
ARN,https://en.wikipedia.org/wiki/Stockholm_Arlanda_Airport
YSB,https://en.wikipedia.org/wiki/Sudbury_Airport
SYD,https://en.wikipedia.org/wiki/Sydney_Airport
GRU,https://en.wikipedia.org/wiki/S%C3%A3o_Paulo/Guarulhos_International_Airport
None,https://en.wikipedia.org/wiki/Taiwan_Taoyuan_International_Airport
TPA,https://en.wikipedia.org/wiki/Tampa_International_Airport
YTS,https://en.wikipedia.org/wiki/Timmins_Victor_M._Power_Airport
PTY,https://en.wikipedia.org/wiki/Tocumen_International_Airport
TQO,https://en.wikipedia.org/wiki/Tulum_International_Airport
ANU,https://en.wikipedia.org/wiki/V._C._Bird_International_Airport
VCE,https://en.wikipedia.org/wiki/Venice_Marco_Polo_Airport
None,https://en.wikipedia.org/wiki/Vienna_Airport
CYO,https://en.wikipedia.org/wiki/Vilo_Acu%C3%B1a_Airport
PRG,https://en.wikipedia.org/wiki/V%C3%A1clav_Havel_Airport_Prague
WAW,https://en.wikipedia.org/wiki/Warsaw_Chopin_Airport
YQG,https://en.wikipedia.org/wiki/Windsor_International_Airport
YWG,https://en.wikipedia.org/wiki/Winnipeg_James_Armstrong_Richardson_International_Airport
YZF,https://en.wikipedia.org/wiki/Yellowknife_Airport
ZAG,https://en.wikipedia.org/wiki/Zagreb_Airport
AUH,https://en.wikipedia.org/wiki/Zayed_International_Airport
ZRH,https://en.wikipedia.org/wiki/Zurich_Airport
YAA,https://en.wikipedia.org/wiki/Anahim_Lake_Airport
AKL,https://en.wikipedia.org/wiki/Auckland_Airport
None,https://en.wikipedia.org/wiki/Austin-Bergstrom_International_Airport
YBF,https://en.wikipedia.org/wiki/Bamfield_Water_Aerodrome
YBW,https://en.wikipedia.org/wiki/Bedwell_Harbour_Water_Aerodrome
ZEL,https://en.wikipedia.org/wiki/Bella_Bella_(Campbell_Island)_Airport
QBC,https://en.wikipedia.org/wiki/Bella_Coola_Airport
BFI,https://en.wikipedia.org/wiki/Boeing_Field
None,https://en.wikipedia.org/wiki/Boston_Logan_International_Airport
BNE,https://en.wikipedia.org/wiki/Brisbane_Airport
YBL,https://en.wikipedia.org/wiki/Campbell_River_Airport
YHH,https://en.wikipedia.org/wiki/Campbell_River_Water_Aerodrome
SIN,https://en.wikipedia.org/wiki/Changi_Airport
TFU,https://en.wikipedia.org/wiki/Chengdu_Tianfu_International_Airport
None,https://en.wikipedia.org/wiki/Chicago_O%27Hare_International_Airport
NON,https://en.wikipedia.org/wiki/Comox_Water_Aerodrome
YXC,https://en.wikipedia.org/wiki/Cranbrook/Canadian_Rockies_International_Airport
None,https://en.wikipedia.org/wiki/Detroit_Metropolitan_Wayne_County_Airport
YXJ,https://en.wikipedia.org/wiki/Fort_St._John_Airport
None,https://en.wikipedia.org/wiki/Gabriola_Island
None,https://en.wikipedia.org/wiki/Galiano_Island
YGG,https://en.wikipedia.org/wiki/Ganges_Water_Aerodrome
YHM,https://en.wikipedia.org/wiki/John_C._Munro_Hamilton_International_Airport
SNA,https://en.wikipedia.org/wiki/John_Wayne_Airport
OGG,https://en.wikipedia.org/wiki/Kahului_Airport
YKA,https://en.wikipedia.org/wiki/Kamloops_Airport
KOA,https://en.wikipedia.org/wiki/Kona_International_Airport
LIH,https://en.wikipedia.org/wiki/Lihue_Airport
ZMT,https://en.wikipedia.org/wiki/Masset_Airport
YAV,https://en.wikipedia.org/wiki/Mayne_Island_Water_Aerodrome
None,https://en.wikipedia.org/wiki/Montague_Harbour
NAN,https://en.wikipedia.org/wiki/Nadi_International_Airport
ZNA,https://en.wikipedia.org/wiki/Nanaimo_Harbour_Water_Aerodrome
YXT,https://en.wikipedia.org/wiki/Northwest_Regional_Airport_Terrace-Kitimat
ESD,https://en.wikipedia.org/wiki/Orcas_Island_Airport
None,https://en.wikipedia.org/wiki/Ottawa_Macdonald-Cartier_International_Airport
YYF,https://en.wikipedia.org/wiki/Penticton_Regional_Airport
YZT,https://en.wikipedia.org/wiki/Port_Hardy_Airport
PDX,https://en.wikipedia.org/wiki/Portland_International_Airport
YPW,https://en.wikipedia.org/wiki/Powell_River_Airport
YXS,https://en.wikipedia.org/wiki/Prince_George_Airport
YPR,https://en.wikipedia.org/wiki/Prince_Rupert_Airport
XQU,https://en.wikipedia.org/wiki/Qualicum_Beach_Airport
YQZ,https://en.wikipedia.org/wiki/Quesnel_Airport
YKF,https://en.wikipedia.org/wiki/Region_of_Waterloo_International_Airport
YZP,https://en.wikipedia.org/wiki/Sandspit_Airport
None,https://en.wikipedia.org/wiki/Sechelt
SZX,https://en.wikipedia.org/wiki/Shenzhen_Bao%27an_International_Airport
YYD,https://en.wikipedia.org/wiki/Smithers_Airport
BKK,https://en.wikipedia.org/wiki/Suvarnabhumi_Airport
ANC,https://en.wikipedia.org/wiki/Ted_Stevens_Anchorage_International_Airport
None,https://en.wikipedia.org/wiki/Thetis_Island
YTP,https://en.wikipedia.org/wiki/Tofino_Harbour_Water_Aerodrome
YAZ,https://en.wikipedia.org/wiki/Tofino-Long_Beach_Airport
YZZ,https://en.wikipedia.org/wiki/Trail_Airport
CXH,https://en.wikipedia.org/wiki/Vancouver_Harbour_Flight_Centre
YWH,https://en.wikipedia.org/wiki/Victoria_Inner_Harbour_Airport
None,https://en.wikipedia.org/wiki/Washington_Dulles_International_Airport
YCG,https://en.wikipedia.org/wiki/West_Kootenay_Regional_Airport
YWS,https://en.wikipedia.org/wiki/Whistler/Green_Lake_Water_Aerodrome
None,https://en.wikipedia.org/wiki/Wikipedia:Citation_needed
YWL,https://en.wikipedia.org/wiki/Williams_Lake_Airport
XMN,https://en.wikipedia.org/wiki/Xiamen_Gaoqi_International_Airport
YTZ,https://en.wikipedia.org/wiki/Billy_Bishop_Toronto_City_Airport
YYR,https://en.wikipedia.org/wiki/CFB_Goose_Bay
None,https://en.wikipedia.org/wiki/Fort_Lauderdale-Hollywood_International_Airport
None,https://en.wikipedia.org/wiki/London_Gatwick_Airport
None,https://en.wikipedia.org/wiki/Montr%C3%A9al-Pierre_Elliott_Trudeau_International_Airport
None,https://en.wikipedia.org/wiki/Ottawa_International_Airport
None,https://en.wikipedia.org/wiki/Saint-Pierre_Airport
None,https://en.wikipedia.org/wiki/Washington%E2%80%93National
None,https://en.wikipedia.org/wiki/Winnipeg_International_Airport
AGU,https://en.wikipedia.org/wiki/Aguascalientes_International_Airport
BJX,https://en.wikipedia.org/wiki/Baj%C3%ADo_International_Airport
BWI,https://en.wikipedia.org/wiki/Baltimore/Washington_International_Airport
BFS,https://en.wikipedia.org/wiki/Belfast_International_Airport
BHX,https://en.wikipedia.org/wiki/Birmingham_Airport
BDL,https://en.wikipedia.org/wiki/Bradley_International_Airport
BSB,https://en.wikipedia.org/wiki/Bras%C3%ADlia_International_Airport
YBG,https://en.wikipedia.org/wiki/CFB_Bagotville
CTM,https://en.wikipedia.org/wiki/Chetumal_International_Airport
CUU,https://en.wikipedia.org/wiki/Chihuahua_International_Airport
CJS,https://en.wikipedia.org/wiki/Ciudad_Ju%C3%A1rez_International_Airport
COS,https://en.wikipedia.org/wiki/Colorado_Springs_Airport
CUL,https://en.wikipedia.org/wiki/Culiac%C3%A1n_International_Airport
NLU,https://en.wikipedia.org/wiki/Felipe_%C3%81ngeles_International_Airport
MLM,https://en.wikipedia.org/wiki/General_Francisco_Mujica_International_Airport
REX,https://en.wikipedia.org/wiki/General_Lucio_Blanco_International_Airport
HMO,https://en.wikipedia.org/wiki/Hermosillo_International_Airport
HAV,https://en.wikipedia.org/wiki/Jos%C3%A9_Mart%C3%AD_International_Airport
MDE,https://en.wikipedia.org/wiki/Jos%C3%A9_Mar%C3%ADa_C%C3%B3rdova_International_Airport
MCI,https://en.wikipedia.org/wiki/Kansas_City_International_Airport
KTW,https://en.wikipedia.org/wiki/Katowice_Airport
GUA,https://en.wikipedia.org/wiki/La_Aurora_International_Airport
SDQ,https://en.wikipedia.org/wiki/Las_Am%C3%A9ricas_International_Airport
MFE,https://en.wikipedia.org/wiki/McAllen_Miller_International_Airport
MEM,https://en.wikipedia.org/wiki/Memphis_International_Airport
MXL,https://en.wikipedia.org/wiki/Mexicali_International_Airport
MDW,https://en.wikipedia.org/wiki/Midway_International_Airport
MKE,https://en.wikipedia.org/wiki/Milwaukee_Mitchell_International_Airport
NCL,https://en.wikipedia.org/wiki/Newcastle_International_Airport
OKC,https://en.wikipedia.org/wiki/OKC_Will_Rogers_International_Airport
OAX,https://en.wikipedia.org/wiki/Oaxaca_International_Airport
ORY,https://en.wikipedia.org/wiki/Orly_Airport
OSL,https://en.wikipedia.org/wiki/Oslo_Airport,_Gardermoen
PBC,https://en.wikipedia.org/wiki/Puebla_International_Airport
QRO,https://en.wikipedia.org/wiki/Quer%C3%A9taro_Intercontinental_Airport
SAT,https://en.wikipedia.org/wiki/San_Antonio_International_Airport
SLP,https://en.wikipedia.org/wiki/San_Luis_Potos%C3%AD_International_Airport
CCS,https://en.wikipedia.org/wiki/Sim%C3%B3n_Bol%C3%ADvar_International_Airport_(Venezuela)
TAM,https://en.wikipedia.org/wiki/Tampico_International_Airport
TIJ,https://en.wikipedia.org/wiki/Tijuana_International_Airport
TLC,https://en.wikipedia.org/wiki/Toluca_International_Airport
TRC,https://en.wikipedia.org/wiki/Torre%C3%B3n_International_Airport
TGZ,https://en.wikipedia.org/wiki/Tuxtla_Guti%C3%A9rrez_International_Airport
HRL,https://en.wikipedia.org/wiki/Valley_International_Airport
VER,https://en.wikipedia.org/wiki/Veracruz_International_Airport
VRN,https://en.wikipedia.org/wiki/Verona_Villafranca_Airport
VSA,https://en.wikipedia.org/wiki/Villahermosa_International_Airport
HOU,https://en.wikipedia.org/wiki/William_P._Hobby_Airport
ZUM,https://en.wikipedia.org/wiki/Churchill_Falls_Airport
YAY,https://en.wikipedia.org/wiki/St._Anthony_Airport
YWK,https://en.wikipedia.org/wiki/Wabush_Airport
None,https://en.wikipedia.org/wiki/Akron-Canton_Airport
CAK,https://en.wikipedia.org/wiki/Akron%E2%80%93Canton_Airport
ALB,https://en.wikipedia.org/wiki/Albany_International_Airport
CLO,https://en.wikipedia.org/wiki/Alfonso_Bonilla_Arag%C3%B3n_International_Airport
LBE,https://en.wikipedia.org/wiki/Arnold_Palmer_Regional_Airport
AVL,https://en.wikipedia.org/wiki/Asheville_Regional_Airport
None,https://en.wikipedia.org/wiki/Atlanta_Hartsfield-Jackson_International_Airport
ACY,https://en.wikipedia.org/wiki/Atlantic_City_International_Airport
MGA,https://en.wikipedia.org/wiki/Augusto_C._Sandino_International_Airport
BGR,https://en.wikipedia.org/wiki/Bangor_International_Airport
None,https://en.wikipedia.org/wiki/Birmingham-Shuttlesworth_International_Airport
LEX,https://en.wikipedia.org/wiki/Blue_Grass_Airport
BUF,https://en.wikipedia.org/wiki/Buffalo_Niagara_International_Airport
CAP,https://en.wikipedia.org/wiki/Cap-Ha%C3%AFtien_International_Airport
CHA,https://en.wikipedia.org/wiki/Chattanooga_Metropolitan_Airport
TVC,https://en.wikipedia.org/wiki/Cherry_Capital_Airport
STI,https://en.wikipedia.org/wiki/Cibao_International_Airport
CAE,https://en.wikipedia.org/wiki/Columbia_Metropolitan_Airport
XPL,https://en.wikipedia.org/wiki/Comayagua_International_Airport
None,https://en.wikipedia.org/wiki/Concord_Regional_Airport
STT,https://en.wikipedia.org/wiki/Cyril_E._King_Airport
DAL,https://en.wikipedia.org/wiki/Dallas_Love_Field
DSM,https://en.wikipedia.org/wiki/Des_Moines_International_Airport
CID,https://en.wikipedia.org/wiki/Eastern_Iowa_Airport
MAO,https://en.wikipedia.org/wiki/Eduardo_Gomes_International_Airport
AXM,https://en.wikipedia.org/wiki/El_Ed%C3%A9n_International_Airport
OMA,https://en.wikipedia.org/wiki/Eppley_Airfield
BAQ,https://en.wikipedia.org/wiki/Ernesto_Cortissoz_International_Airport
None,https://en.wikipedia.org/wiki/General_Wayne_A._Downing_Peoria_International_Airport
GRR,https://en.wikipedia.org/wiki/Gerald_R._Ford_International_Airport
ROC,https://en.wikipedia.org/wiki/Greater_Rochester_International_Airport
GSP,https://en.wikipedia.org/wiki/Greenville%E2%80%93Spartanburg_International_Airport
MDT,https://en.wikipedia.org/wiki/Harrisburg_International_Airport
STX,https://en.wikipedia.org/wiki/Henry_E._Rohlsen_Airport
GYE,https://en.wikipedia.org/wiki/Jos%C3%A9_Joaqu%C3%ADn_de_Olmedo_International_Airport
EYW,https://en.wikipedia.org/wiki/Key_West_International_Airport
ABE,https://en.wikipedia.org/wiki/Lehigh_Valley_International_Airport
ISP,https://en.wikipedia.org/wiki/Long_Island_MacArthur_Airport
SDF,https://en.wikipedia.org/wiki/Louisville_Muhammad_Ali_International_Airport
None,https://en.wikipedia.org/wiki/Manchester-Boston_Regional_Airport
MHH,https://en.wikipedia.org/wiki/Marsh_Harbour_Airport
None,https://en.wikipedia.org/wiki/McCarran_International_Airport
TYS,https://en.wikipedia.org/wiki/McGhee_Tyson_Airport
BLV,https://en.wikipedia.org/wiki/MidAmerica_St._Louis_Airport
MYR,https://en.wikipedia.org/wiki/Myrtle_Beach_International_Airport
ORF,https://en.wikipedia.org/wiki/Norfolk_International_Airport
ELH,https://en.wikipedia.org/wiki/North_Eleuthera_Airport
XNA,https://en.wikipedia.org/wiki/Northwest_Arkansas_National_Airport
BGA,https://en.wikipedia.org/wiki/Palonegro_International_Airport
PNS,https://en.wikipedia.org/wiki/Pensacola_International_Airport
None,https://en.wikipedia.org/wiki/Phoenix_Sky_Harbor_Airport
PBG,https://en.wikipedia.org/wiki/Plattsburgh_International_Airport
BQN,https://en.wikipedia.org/wiki/Rafael_Hern%C3%A1ndez_Airport
SAP,https://en.wikipedia.org/wiki/Ram%C3%B3n_Villeda_Morales_International_Airport
RIC,https://en.wikipedia.org/wiki/Richmond_International_Airport
LCK,https://en.wikipedia.org/wiki/Rickenbacker_International_Airport
SAV,https://en.wikipedia.org/wiki/Savannah/Hilton_Head_International_Airport
FSD,https://en.wikipedia.org/wiki/Sioux_Falls_Regional_Airport
SBN,https://en.wikipedia.org/wiki/South_Bend_International_Airport
BIM,https://en.wikipedia.org/wiki/South_Bimini_Airport
SWF,https://en.wikipedia.org/wiki/Stewart_International_Airport
SYR,https://en.wikipedia.org/wiki/Syracuse_Hancock_International_Airport
None,https://en.wikipedia.org/wiki/T._F._Green_Airport
TLH,https://en.wikipedia.org/wiki/Tallahassee_International_Airport
None,https://en.wikipedia.org/wiki/Tancredo_Neves_International_Airport
PAP,https://en.wikipedia.org/wiki/Toussaint_Louverture_International_Airport
None,https://en.wikipedia.org/wiki/Trenton_Mercer_Airport
HTS,https://en.wikipedia.org/wiki/Tri-State_Airport
HVN,https://en.wikipedia.org/wiki/Tweed_New_Haven_Airport
None,https://en.wikipedia.org/wiki/Val_de_Cans_International_Airport
VCP,https://en.wikipedia.org/wiki/Viracopos_International_Airport
HPN,https://en.wikipedia.org/wiki/Westchester_County_Airport
ILG,https://en.wikipedia.org/wiki/Wilmington_Airport_(Delaware)
ILM,https://en.wikipedia.org/wiki/Wilmington_International_Airport
ORH,https://en.wikipedia.org/wiki/Worcester_Regional_Airport
HDN,https://en.wikipedia.org/wiki/Yampa_Valley_Airport
CSW,https://en.wikipedia.org/wiki/Cabo_San_Lucas_International_Airport
None,https://en.wikipedia.org/wiki/Dallas/Fort_Worth_International_Airport
None,https://en.wikipedia.org/wiki/Del_Baj%C3%ADo_International_Airport
SJC,https://en.wikipedia.org/wiki/San_Jose_International_Airport
FRD,https://en.wikipedia.org/wiki/Friday_Harbor_Airport
None,https://en.wikipedia.org/wiki/Montr%C3%A9al-Trudeau_International_Airport
BLI,https://en.wikipedia.org/wiki/Bellingham_International_Airport
BOI,https://en.wikipedia.org/wiki/Boise_Airport
STS,https://en.wikipedia.org/wiki/Charles_M._Schulz%E2%80%93Sonoma_County_Airport
OAK,https://en.wikipedia.org/wiki/Oakland_International_Airport
PAE,https://en.wikipedia.org/wiki/Paine_Field
RDM,https://en.wikipedia.org/wiki/Roberts_Field
None,https://en.wikipedia.org/wiki/Akron_Canton_Airport
ABQ,https://en.wikipedia.org/wiki/Albuquerque_International_Sunport
ATW,https://en.wikipedia.org/wiki/Appleton_International_Airport
BIL,https://en.wikipedia.org/wiki/Billings_Logan_International_Airport
BHM,https://en.wikipedia.org/wiki/Birmingham%E2%80%93Shuttlesworth_International_Airport
FNT,https://en.wikipedia.org/wiki/Bishop_International_Airport
BIS,https://en.wikipedia.org/wiki/Bismarck_Municipal_Airport
BZN,https://en.wikipedia.org/wiki/Bozeman_Yellowstone_International_Airport
CCR,https://en.wikipedia.org/wiki/Buchanan_Field_Airport
GRI,https://en.wikipedia.org/wiki/Central_Nebraska_Regional_Airport
RFD,https://en.wikipedia.org/wiki/Chicago_Rockford_International_Airport
EAU,https://en.wikipedia.org/wiki/Chippewa_Valley_Regional_Airport
LIT,https://en.wikipedia.org/wiki/Clinton_National_Airport
VPS,https://en.wikipedia.org/wiki/Destin%E2%80%93Fort_Walton_Beach_Airport
ELP,https://en.wikipedia.org/wiki/El_Paso_International_Airport
EUG,https://en.wikipedia.org/wiki/Eugene_Airport
FWA,https://en.wikipedia.org/wiki/Fort_Wayne_International_Airport
FAT,https://en.wikipedia.org/wiki/Fresno_Yosemite_International_Airport
GUP,https://en.wikipedia.org/wiki/Gallup_Municipal_Airport
FCA,https://en.wikipedia.org/wiki/Glacier_Park_International_Airport
GFK,https://en.wikipedia.org/wiki/Grand_Forks_International_Airport
GJT,https://en.wikipedia.org/wiki/Grand_Junction_Regional_Airport
GTF,https://en.wikipedia.org/wiki/Great_Falls_International_Airport
GPT,https://en.wikipedia.org/wiki/Gulfport%E2%80%93Biloxi_International_Airport
FAR,https://en.wikipedia.org/wiki/Hector_International_Airport
BUR,https://en.wikipedia.org/wiki/Hollywood_Burbank_Airport
HSV,https://en.wikipedia.org/wiki/Huntsville_International_Airport
IDA,https://en.wikipedia.org/wiki/Idaho_Falls_Regional_Airport
None,https://en.wikipedia.org/wiki/Kona_Airport
LRD,https://en.wikipedia.org/wiki/Laredo_International_Airport
LGB,https://en.wikipedia.org/wiki/Long_Beach_Airport
LBB,https://en.wikipedia.org/wiki/Lubbock_Preston_Smith_International_Airport
CLD,https://en.wikipedia.org/wiki/McClellan%E2%80%93Palomar_Airport
SLE,https://en.wikipedia.org/wiki/McNary_Field
MCE,https://en.wikipedia.org/wiki/Merced_Regional_Airport
MAF,https://en.wikipedia.org/wiki/Midland_International_Air_and_Space_Port
MOT,https://en.wikipedia.org/wiki/Minot_International_Airport
None,https://en.wikipedia.org/wiki/Missoula_International_Airport
MRY,https://en.wikipedia.org/wiki/Monterey_Regional_Airport
ONT,https://en.wikipedia.org/wiki/Ontario_International_Airport
None,https://en.wikipedia.org/wiki/Phoenix%E2%80%93Mesa_Gateway_Airport
MLI,https://en.wikipedia.org/wiki/Quad_Cities_International_Airport
RAP,https://en.wikipedia.org/wiki/Rapid_City_Regional_Airport
RNO,https://en.wikipedia.org/wiki/Reno%E2%80%93Tahoe_International_Airport
AMA,https://en.wikipedia.org/wiki/Rick_Husband_Amarillo_International_Airport
BJC,https://en.wikipedia.org/wiki/Rocky_Mountain_Metropolitan_Airport
MFR,https://en.wikipedia.org/wiki/Rogue_Valley_International%E2%80%93Medford_Airport
SBP,https://en.wikipedia.org/wiki/San_Luis_Obispo_County_Regional_Airport
SBA,https://en.wikipedia.org/wiki/Santa_Barbara_Municipal_Airport
SMX,https://en.wikipedia.org/wiki/Santa_Maria_Public_Airport
SCF,https://en.wikipedia.org/wiki/Scottsdale_Airport
SHV,https://en.wikipedia.org/wiki/Shreveport_Regional_Airport
GEG,https://en.wikipedia.org/wiki/Spokane_International_Airport
SGF,https://en.wikipedia.org/wiki/Springfield%E2%80%93Branson_National_Airport
SCK,https://en.wikipedia.org/wiki/Stockton_Metropolitan_Airport
PSC,https://en.wikipedia.org/wiki/Tri-Cities_Airport_(Washington)
TUS,https://en.wikipedia.org/wiki/Tucson_International_Airport
TUL,https://en.wikipedia.org/wiki/Tulsa_International_Airport
VNY,https://en.wikipedia.org/wiki/Van_Nuys_Airport
None,https://en.wikipedia.org/wiki/Washington-Dulles_International_Airport
ICT,https://en.wikipedia.org/wiki/Wichita_Dwight_D._Eisenhower_National_Airport
None,https://en.wikipedia.org/wiki/Will_Rogers_World_Airport
XWA,https://en.wikipedia.org/wiki/Williston_Basin_International_Airport
ACV,https://en.wikipedia.org/wiki/Arcata%E2%80%93Eureka_Airport
ASE,https://en.wikipedia.org/wiki/Aspen/Pitkin_County_Airport
None,https://en.wikipedia.org/wiki/Aspen%E2%80%93Pitkin_County_Airport
MSN,https://en.wikipedia.org/wiki/Dane_County_Regional_Airport
EGE,https://en.wikipedia.org/wiki/Eagle_County_Regional_Airport
PRC,https://en.wikipedia.org/wiki/Ernest_A._Love_Field
None,https://en.wikipedia.org/wiki/Faa%27a_International_Airport
FLG,https://en.wikipedia.org/wiki/Flagstaff_Pulliam_Airport
SUN,https://en.wikipedia.org/wiki/Friedman_Memorial_Airport
HEL,https://en.wikipedia.org/wiki/Helsinki_Airport
IPL,https://en.wikipedia.org/wiki/Imperial_County_Airport
JAC,https://en.wikipedia.org/wiki/Jackson_Hole_Airport
LAP,https://en.wikipedia.org/wiki/La_Paz_International_Airport
LTO,https://en.wikipedia.org/wiki/Loreto_International_Airport
MEL,https://en.wikipedia.org/wiki/Melbourne_Airport
MTJ,https://en.wikipedia.org/wiki/Montrose_Regional_Airport
ZLO,https://en.wikipedia.org/wiki/Playa_de_Oro_International_Airport
None,https://en.wikipedia.org/wiki/Quer%C3%A9taro_International_Airport
None,https://en.wikipedia.org/wiki/Redding_Municipal_Airport
PVD,https://en.wikipedia.org/wiki/Rhode_Island_T._F._Green_International_Airport
None,https://en.wikipedia.org/wiki/Seattle-Tacoma_International_Airport
SGU,https://en.wikipedia.org/wiki/St._George_Regional_Airport
SGN,https://en.wikipedia.org/wiki/Tan_Son_Nhat_International_Airport
TPE,https://en.wikipedia.org/wiki/Taoyuan_International_Airport
TPQ,https://en.wikipedia.org/wiki/Tepic_International_Airport
None,https://en.wikipedia.org/wiki/The_Eastern_Iowa_Airport
UPN,https://en.wikipedia.org/wiki/Uruapan_International_Airport
ZCL,https://en.wikipedia.org/wiki/Zacatecas_International_Airport
SPI,https://en.wikipedia.org/wiki/Abraham_Lincoln_Capital_Airport
CNF,https://en.wikipedia.org/wiki/Belo_Horizonte_International_Airport
LAN,https://en.wikipedia.org/wiki/Capital_Region_International_Airport
None,https://en.wikipedia.org/wiki/Chicago%E2%80%93Midway
None,https://en.wikipedia.org/wiki/Chicago%E2%80%93O%27Hare
EWN,https://en.wikipedia.org/wiki/Coastal_Carolina_Regional_Airport
ERI,https://en.wikipedia.org/wiki/Erie_International_Airport
EVV,https://en.wikipedia.org/wiki/Evansville_Regional_Airport
FOR,https://en.wikipedia.org/wiki/Fortaleza_Airport
None,https://en.wikipedia.org/wiki/Greenville-Spartanburg_International_Airport
None,https://en.wikipedia.org/wiki/Houston%E2%80%93Hobby
None,https://en.wikipedia.org/wiki/Houston%E2%80%93Intercontinental
JAN,https://en.wikipedia.org/wiki/Jackson%E2%80%93Medgar_Wiley_Evers_International_Airport
None,https://en.wikipedia.org/wiki/Kitchener/Waterloo
LNS,https://en.wikipedia.org/wiki/Lancaster_Airport_(Pennsylvania)
None,https://en.wikipedia.org/wiki/London%E2%80%93Gatwick
None,https://en.wikipedia.org/wiki/London%E2%80%93Heathrow
MHT,https://en.wikipedia.org/wiki/Manchester%E2%80%93Boston_Regional_Airport
PSE,https://en.wikipedia.org/wiki/Mercedita_International_Airport
None,https://en.wikipedia.org/wiki/Montr%C3%A9al%E2%80%93Trudeau
None,https://en.wikipedia.org/wiki/New_York%E2%80%93JFK
None,https://en.wikipedia.org/wiki/New_York%E2%80%93LaGuardia
OGS,https://en.wikipedia.org/wiki/Ogdensburg_International_Airport
None,https://en.wikipedia.org/wiki/Paris%E2%80%93Charles_de_Gaulle
BTV,https://en.wikipedia.org/wiki/Patrick_Leahy_Burlington_International_Airport
GSO,https://en.wikipedia.org/wiki/Piedmont_Triad_International_Airport
PWM,https://en.wikipedia.org/wiki/Portland_International_Jetport
PSM,https://en.wikipedia.org/wiki/Portsmouth_International_Airport_at_Pease
PVU,https://en.wikipedia.org/wiki/Provo_Municipal_Airport
REC,https://en.wikipedia.org/wiki/Recife/Guararapes%E2%80%93Gilberto_Freyre_International_Airport
SBY,https://en.wikipedia.org/wiki/Salisbury_Regional_Airport
None,https://en.wikipedia.org/wiki/Santo_Domingo%E2%80%93Las_Am%C3%A9ricas
None,https://en.wikipedia.org/wiki/Seattle/Tacoma
None,https://en.wikipedia.org/wiki/Toronto%E2%80%93Pearson
TTN,https://en.wikipedia.org/wiki/Trenton%E2%80%93Mercer_Airport
None,https://en.wikipedia.org/wiki/Washington%E2%80%93Dulles
AVP,https://en.wikipedia.org/wiki/Wilkes-Barre/Scranton_International_Airport
CRW,https://en.wikipedia.org/wiki/Yeager_Airport
YPY,https://en.wikipedia.org/wiki/Fort_Chipewyan_Airport
YSM,https://en.wikipedia.org/wiki/Fort_Smith_Airport
YQU,https://en.wikipedia.org/wiki/Grande_Prairie_Airport
YOJ,https://en.wikipedia.org/wiki/High_Level_Airport
None,https://en.wikipedia.org/wiki/Houston_Intercontinental_Airport
None,https://en.wikipedia.org/wiki/Saskatoon_International_Airport
None,https://en.wikipedia.org/wiki/Seattle_Tacoma_International_Airport
None,https://en.wikipedia.org/wiki/St._John%E2%80%99s_International_Airport
None,https://en.wikipedia.org/wiki/Adolfo_Su%C3%A1rez_Madrid%E2%80%93Barajas_Airport
BEG,https://en.wikipedia.org/wiki/Belgrade_Nikola_Tesla_Airport
None,https://en.wikipedia.org/wiki/Burlington_International_Airport
HYA,https://en.wikipedia.org/wiki/Cape_Cod_Gateway_Airport
CGI,https://en.wikipedia.org/wiki/Cape_Girardeau_Regional_Airport
BMI,https://en.wikipedia.org/wiki/Central_Illinois_Regional_Airport
CWA,https://en.wikipedia.org/wiki/Central_Wisconsin_Airport
CHO,https://en.wikipedia.org/wiki/Charlottesville%E2%80%93Albemarle_Airport
CIU,https://en.wikipedia.org/wiki/Chippewa_County_International_Airport
None,https://en.wikipedia.org/wiki/City_of_Colorado_Springs_Municipal_Airport
COU,https://en.wikipedia.org/wiki/Columbia_Regional_Airport
DAY,https://en.wikipedia.org/wiki/Dayton_International_Airport
DEC,https://en.wikipedia.org/wiki/Decatur_Airport
DBQ,https://en.wikipedia.org/wiki/Dubuque_Regional_Airport
DLH,https://en.wikipedia.org/wiki/Duluth_International_Airport
FAI,https://en.wikipedia.org/wiki/Fairbanks_International_Airport
FOD,https://en.wikipedia.org/wiki/Fort_Dodge_Regional_Airport
IWD,https://en.wikipedia.org/wiki/Gogebic%E2%80%93Iron_County_Airport
GRB,https://en.wikipedia.org/wiki/Green_Bay%E2%80%93Austin_Straubel_International_Airport
LWB,https://en.wikipedia.org/wiki/Greenbrier_Valley_Airport
GUC,https://en.wikipedia.org/wiki/Gunnison%E2%80%93Crested_Butte_Regional_Airport
HHH,https://en.wikipedia.org/wiki/Hilton_Head_Airport
CMX,https://en.wikipedia.org/wiki/Houghton_County_Memorial_Airport
JST,https://en.wikipedia.org/wiki/Johnstown%E2%80%93Cambria_County_Airport
JLN,https://en.wikipedia.org/wiki/Joplin_Regional_Airport
AZO,https://en.wikipedia.org/wiki/Kalamazoo/Battle_Creek_International_Airport
IRK,https://en.wikipedia.org/wiki/Kirksville_Regional_Airport
KRK,https://en.wikipedia.org/wiki/Krak%C3%B3w_John_Paul_II_International_Airport
LSE,https://en.wikipedia.org/wiki/La_Crosse_Regional_Airport
LNK,https://en.wikipedia.org/wiki/Lincoln_Airport_(Nebraska)
MBS,https://en.wikipedia.org/wiki/MBS_International_Airport
MHK,https://en.wikipedia.org/wiki/Manhattan_Regional_Airport
MBL,https://en.wikipedia.org/wiki/Manistee_County_Blacker_Airport
MVY,https://en.wikipedia.org/wiki/Martha%27s_Vineyard_Airport
MCW,https://en.wikipedia.org/wiki/Mason_City_Municipal_Airport
None,https://en.wikipedia.org/wiki/McKellar%E2%80%93Sipes_Regional_Airport
MGW,https://en.wikipedia.org/wiki/Morgantown_Municipal_Airport
MKG,https://en.wikipedia.org/wiki/Muskegon_County_Airport
ACK,https://en.wikipedia.org/wiki/Nantucket_Memorial_Airport
NAP,https://en.wikipedia.org/wiki/Naples_International_Airport
ECP,https://en.wikipedia.org/wiki/Northwest_Florida_Beaches_International_Airport
OWB,https://en.wikipedia.org/wiki/Owensboro%E2%80%93Daviess_County_Regional_Airport
PLN,https://en.wikipedia.org/wiki/Pellston_Regional_Airport
LAF,https://en.wikipedia.org/wiki/Purdue_University_Airport
UIN,https://en.wikipedia.org/wiki/Quincy_Regional_Airport
RHI,https://en.wikipedia.org/wiki/Rhinelander%E2%80%93Oneida_County_Airport
ROA,https://en.wikipedia.org/wiki/Roanoke%E2%80%93Blacksburg_Regional_Airport
RST,https://en.wikipedia.org/wiki/Rochester_International_Airport
SLN,https://en.wikipedia.org/wiki/Salina_Regional_Airport
None,https://en.wikipedia.org/wiki/San_Jose_Mineta_International_Airport
None,https://en.wikipedia.org/wiki/Sarasota-Bradenton_International_Airport
None,https://en.wikipedia.org/wiki/Sawyer_International_Airport
None,https://en.wikipedia.org/wiki/Seattle/Tacoma_International_Airport
SNN,https://en.wikipedia.org/wiki/Shannon_Airport
SUX,https://en.wikipedia.org/wiki/Sioux_Gateway_Airport
BRL,https://en.wikipedia.org/wiki/Southeast_Iowa_Regional_Airport
SCE,https://en.wikipedia.org/wiki/State_College_Regional_Airport
CMI,https://en.wikipedia.org/wiki/University_of_Illinois_Willard_Airport
MWA,https://en.wikipedia.org/wiki/Veterans_Airport_of_Southern_Illinois
ALO,https://en.wikipedia.org/wiki/Waterloo_Regional_Airport
ATY,https://en.wikipedia.org/wiki/Watertown_Regional_Airport
TBN,https://en.wikipedia.org/wiki/Waynesville%E2%80%93St._Robert_Regional_Airport
None,https://en.wikipedia.org/wiki/West_Palm_Beach_International_Airport
BTS,https://en.wikipedia.org/wiki/Bratislava_Airport
None,https://en.wikipedia.org/wiki/Hartsfield-Jackson_Atlanta_International_Airport
COR,https://en.wikipedia.org/wiki/Ingeniero_Aeron%C3%A1utico_Ambrosio_L.V._Taravella_International_Airport
UIO,https://en.wikipedia.org/wiki/Mariscal_Sucre_International_Airport
ROS,https://en.wikipedia.org/wiki/Rosario_%E2%80%93_Islas_Malvinas_International_Airport
TUC,https://en.wikipedia.org/wiki/Teniente_General_Benjam%C3%ADn_Matienzo_International_Airport
VNO,https://en.wikipedia.org/wiki/Vilnius_Airport
None,https://en.wikipedia.org/wiki/Winnipeg_Airport
YEK,https://en.wikipedia.org/wiki/Arviat_Airport
YBK,https://en.wikipedia.org/wiki/Baker_Lake_Airport
YCS,https://en.wikipedia.org/wiki/Chesterfield_Inlet_Airport
YZS,https://en.wikipedia.org/wiki/Coral_Harbour_Airport
YFB,https://en.wikipedia.org/wiki/Iqaluit_Airport
YMX,https://en.wikipedia.org/wiki/Montr%C3%A9al%E2%80%93Mirabel_International_Airport
YUT,https://en.wikipedia.org/wiki/Naujaat_Airport
YVO,https://en.wikipedia.org/wiki/Val-d%27Or_Airport
YXN,https://en.wikipedia.org/wiki/Whale_Cove_Airport
YBR,https://en.wikipedia.org/wiki/Brandon_Municipal_Airport
YQL,https://en.wikipedia.org/wiki/Lethbridge_Airport
YXH,https://en.wikipedia.org/wiki/Medicine_Hat_Airport
CNY,https://en.wikipedia.org/wiki/Canyonlands_Regional_Airport
CNM,https://en.wikipedia.org/wiki/Cavern_City_Air_Terminal
CEZ,https://en.wikipedia.org/wiki/Cortez_Municipal_Airport
DRO,https://en.wikipedia.org/wiki/Durango%E2%80%93La_Plata_County_Airport
SVC,https://en.wikipedia.org/wiki/Grant_County_Airport_(New_Mexico)
None,https://en.wikipedia.org/wiki/Louisville_International_Airport
BFL,https://en.wikipedia.org/wiki/Meadows_Field_Airport
PGA,https://en.wikipedia.org/wiki/Page_Municipal_Airport
SAD,https://en.wikipedia.org/wiki/Safford_Regional_Airport
SAF,https://en.wikipedia.org/wiki/Santa_Fe_Regional_Airport
SOW,https://en.wikipedia.org/wiki/Show_Low_Regional_Airport
TEX,https://en.wikipedia.org/wiki/Telluride_Regional_Airport
VEL,https://en.wikipedia.org/wiki/Vernal_Regional_Airport
YUM,https://en.wikipedia.org/wiki/Yuma_International_Airport
None,https://en.wikipedia.org/wiki/Fort_McMurray_Airport
None,https://en.wikipedia.org/wiki/Miguel_Hidalgo_y_Costilla_Guadalajara_International_Airport
OAJ,https://en.wikipedia.org/wiki/Albert_J._Ellis_Airport
AEX,https://en.wikipedia.org/wiki/Alexandria_International_Airport_(Louisiana)
AGS,https://en.wikipedia.org/wiki/Augusta_Regional_Airport
BTR,https://en.wikipedia.org/wiki/Baton_Rouge_Metropolitan_Airport
BQK,https://en.wikipedia.org/wiki/Brunswick_Golden_Isles_Airport
CPT,https://en.wikipedia.org/wiki/Cape_Town_International_Airport
CSG,https://en.wikipedia.org/wiki/Columbus_Airport_(Georgia)
DAB,https://en.wikipedia.org/wiki/Daytona_Beach_International_Airport
DHN,https://en.wikipedia.org/wiki/Dothan_Regional_Airport
FAY,https://en.wikipedia.org/wiki/Fayetteville_Regional_Airport
GNV,https://en.wikipedia.org/wiki/Gainesville_Regional_Airport
GTR,https://en.wikipedia.org/wiki/Golden_Triangle_Regional_Airport
None,https://en.wikipedia.org/wiki/Hato_International_Airport
ACC,https://en.wikipedia.org/wiki/Kotoka_International_Airport
LFT,https://en.wikipedia.org/wiki/Lafayette_Regional_Airport
RAK,https://en.wikipedia.org/wiki/Marrakesh_Menara_Airport
MLB,https://en.wikipedia.org/wiki/Melbourne_Orlando_International_Airport
MOB,https://en.wikipedia.org/wiki/Mobile_Regional_Airport
MLU,https://en.wikipedia.org/wiki/Monroe_Regional_Airport_(Louisiana)
MGM,https://en.wikipedia.org/wiki/Montgomery_Regional_Airport
LOS,https://en.wikipedia.org/wiki/Murtala_Muhammed_International_Airport
NCE,https://en.wikipedia.org/wiki/Nice_C%C3%B4te_d%27Azur_Airport
JNB,https://en.wikipedia.org/wiki/O._R._Tambo_International_Airport
ABY,https://en.wikipedia.org/wiki/Southwest_Georgia_Regional_Airport
TRI,https://en.wikipedia.org/wiki/Tri-Cities_Regional_Airport
VLD,https://en.wikipedia.org/wiki/Valdosta_Regional_Airport
None,https://en.wikipedia.org/wiki/Wikipedia:NOTRS
YFH,https://en.wikipedia.org/wiki/Fort_Hope_Airport
YLH,https://en.wikipedia.org/wiki/Lansdowne_House_Airport
MSA,https://en.wikipedia.org/wiki/Muskrat_Dam_Airport
YOG,https://en.wikipedia.org/wiki/Ogoki_Post_Airport
ZRJ,https://en.wikipedia.org/wiki/Round_Lake_(Weagamow_Lake)_Airport
YWP,https://en.wikipedia.org/wiki/Webequie_Airport
None,https://en.wikipedia.org/wiki/Cincinnati-Northern_Kentucky_International_Airport
None,https://en.wikipedia.org/wiki/Greenville_Spartanburg_International_Airport
None,https://en.wikipedia.org/wiki/Jackson-Medgar_Wiley_Evers_International_Airport
JBR,https://en.wikipedia.org/wiki/Jonesboro_Municipal_Airport
LAL,https://en.wikipedia.org/wiki/Lakeland_Linder_International_Airport
SFB,https://en.wikipedia.org/wiki/Orlando_Sanford_International_Airport
PGD,https://en.wikipedia.org/wiki/Punta_Gorda_Airport_(Florida)
None,https://en.wikipedia.org/wiki/Raleigh-Durham_International_Airport
PIE,https://en.wikipedia.org/wiki/St._Pete%E2%80%93Clearwater_International_Airport
TUP,https://en.wikipedia.org/wiki/Tupelo_Regional_Airport
POZ,https://en.wikipedia.org/wiki/Pozna%C5%84%E2%80%93%C5%81awica_Airport
SVO,https://en.wikipedia.org/wiki/Sheremetyevo_International_Airport
None,https://en.wikipedia.org/wiki/Malpensa_Airport
None,https://en.wikipedia.org/wiki/Minneapolis/St._Paul_International_Airport
NEG,https://en.wikipedia.org/wiki/Negril_Aerodrome
None,https://en.wikipedia.org/wiki/Greater_Moncton_International_Airport
None,https://en.wikipedia.org/wiki/Whitehorse_Airport
AIA,https://en.wikipedia.org/wiki/Alliance_Municipal_Airport
None,https://en.wikipedia.org/wiki/Boston_Logan_Airport
CPR,https://en.wikipedia.org/wiki/Casper%E2%80%93Natrona_County_International_Airport
None,https://en.wikipedia.org/wiki/Central_Illinois_Regional_Airport_at_Bloomington-Normal
RIW,https://en.wikipedia.org/wiki/Central_Wyoming_Regional_Airport
CDR,https://en.wikipedia.org/wiki/Chadron_Municipal_Airport
CYS,https://en.wikipedia.org/wiki/Cheyenne_Regional_Airport
None,https://en.wikipedia.org/wiki/Clovis_Municipal_Airport
None,https://en.wikipedia.org/wiki/Daniel_Oduber_Quir%C3%B3s_International_Airport
DVL,https://en.wikipedia.org/wiki/Devils_Lake_Regional_Airport
DIK,https://en.wikipedia.org/wiki/Dickinson_Theodore_Roosevelt_Regional_Airport
DDC,https://en.wikipedia.org/wiki/Dodge_City_Regional_Airport
BIH,https://en.wikipedia.org/wiki/Eastern_Sierra_Regional_Airport
FMN,https://en.wikipedia.org/wiki/Four_Corners_Regional_Airport
GCC,https://en.wikipedia.org/wiki/Gillette%E2%80%93Campbell_County_Airport
HYS,https://en.wikipedia.org/wiki/Hays_Regional_Airport
HLN,https://en.wikipedia.org/wiki/Helena_Regional_Airport
JMS,https://en.wikipedia.org/wiki/Jamestown_Regional_Airport
EAR,https://en.wikipedia.org/wiki/Kearney_Regional_Airport
LAR,https://en.wikipedia.org/wiki/Laramie_Regional_Airport
HOB,https://en.wikipedia.org/wiki/Lea_County_Regional_Airport
LBL,https://en.wikipedia.org/wiki/Liberal_Mid-America_Regional_Airport
MCK,https://en.wikipedia.org/wiki/McCook_Ben_Nelson_Regional_Airport
None,https://en.wikipedia.org/wiki/McGhee-Tyson_Airport
MSO,https://en.wikipedia.org/wiki/Missoula_Montana_Airport
LBF,https://en.wikipedia.org/wiki/North_Platte_Regional_Airport
PIA,https://en.wikipedia.org/wiki/Peoria_International_Airport
PIR,https://en.wikipedia.org/wiki/Pierre_Regional_Airport
PUB,https://en.wikipedia.org/wiki/Pueblo_Memorial_Airport
RDD,https://en.wikipedia.org/wiki/Redding_Regional_Airport
ALS,https://en.wikipedia.org/wiki/San_Luis_Valley_Regional_Airport
SHR,https://en.wikipedia.org/wiki/Sheridan_County_Airport
OTH,https://en.wikipedia.org/wiki/Southwest_Oregon_Regional_Airport
RKS,https://en.wikipedia.org/wiki/Southwest_Wyoming_Regional_Airport
TSM,https://en.wikipedia.org/wiki/Taos_Regional_Airport
BFF,https://en.wikipedia.org/wiki/Western_Nebraska_Regional_Airport
WYS,https://en.wikipedia.org/wiki/Yellowstone_Airport
COD,https://en.wikipedia.org/wiki/Yellowstone_Regional_Airport
None,https://en.wikipedia.org/wiki/Adolfo_Su%C3%A1rez_Madrid-Barajas_Airport
AEP,https://en.wikipedia.org/wiki/Aeroparque_Jorge_Newbery
CWB,https://en.wikipedia.org/wiki/Afonso_Pena_International_Airport
CUZ,https://en.wikipedia.org/wiki/Alejandro_Velasco_Astete_International_Airport
HUU,https://en.wikipedia.org/wiki/Alf%C3%A9rez_FAP_David_Figueroa_Fernandini_Airport
ANF,https://en.wikipedia.org/wiki/Andr%C3%A9s_Sabella_G%C3%A1lvez_International_Airport
None,https://en.wikipedia.org/wiki/Cad._FAP_Guillermo_del_Castillo_Paredes_Airport
TPP,https://en.wikipedia.org/wiki/Cadete_FAP_Guillermo_del_Castillo_Paredes_Airport
None,https://en.wikipedia.org/wiki/Cap._FAP_Carlos_Mart%C3%ADnez_de_Pinillos_International_Airport
None,https://en.wikipedia.org/wiki/Cap._FAP_Guillermo_Concha_Iberico_International_Airport
None,https://en.wikipedia.org/wiki/Cap._FAP_Pedro_Canga_Rodr%C3%ADguez_Airport
None,https://en.wikipedia.org/wiki/Cap._FAP_V%C3%ADctor_Montes_Arias_Airport
TRU,https://en.wikipedia.org/wiki/Capit%C3%A1n_FAP_Carlos_Mart%C3%ADnez_de_Pinillos_International_Airport
None,https://en.wikipedia.org/wiki/Capit%C3%A1n_FAP_Guillermo_Concha_Iberico_International_Airport
TYL,https://en.wikipedia.org/wiki/Capit%C3%A1n_FAP_V%C3%ADctor_Montes_Arias_International_Airport
MVD,https://en.wikipedia.org/wiki/Carrasco_International_Airport
CHH,https://en.wikipedia.org/wiki/Chachapoyas_Airport
None,https://en.wikipedia.org/wiki/Comalapa_International_Airport
AYP,https://en.wikipedia.org/wiki/Coronel_FAP_Alfredo_Mend%C3%ADvil_Duarte_Airport
None,https://en.wikipedia.org/wiki/Crnl._FAP_Carlos_Ciriani_Santa_Rosa_International_Airport
None,https://en.wikipedia.org/wiki/Crnl._FAP_Francisco_Secada_Vignetta_International_Airport
LPB,https://en.wikipedia.org/wiki/El_Alto_International_Airport
None,https://en.wikipedia.org/wiki/Ezeiza_International_Airport
PCL,https://en.wikipedia.org/wiki/FAP_Captain_David_Abensur_Rengifo_International_Airport
CIX,https://en.wikipedia.org/wiki/FAP_Captain_Jos%C3%A9_Abelardo_Qui%C3%B1ones_Gonz%C3%A1lez_International_Airport
JAU,https://en.wikipedia.org/wiki/Francisco_Carle_Airport
MDZ,https://en.wikipedia.org/wiki/Governor_Francisco_Gabrielli_International_Airport
FLN,https://en.wikipedia.org/wiki/Herc%C3%ADlio_Luz_International_Airport
None,https://en.wikipedia.org/wiki/Huaraz_Airport
JUL,https://en.wikipedia.org/wiki/Inca_Manco_C%C3%A1pac_International_Airport
JAE,https://en.wikipedia.org/wiki/Ja%C3%A9n_Airport
SLA,https://en.wikipedia.org/wiki/Mart%C3%ADn_Miguel_de_G%C3%BCemes_International_Airport
CJA,https://en.wikipedia.org/wiki/Mayor_General_FAP_Armando_Revoredo_Iglesias_Airport
MZA,https://en.wikipedia.org/wiki/Mayor_Nancy_Flores_P%C3%A1ucar_Airport
PEM,https://en.wikipedia.org/wiki/Padre_Aldamiz_International_Airport
AQP,https://en.wikipedia.org/wiki/Rodr%C3%ADguez_Ball%C3%B3n_International_Airport
POA,https://en.wikipedia.org/wiki/Salgado_Filho_Porto_Alegre_International_Airport
ASU,https://en.wikipedia.org/wiki/Silvio_Pettirossi_International_Airport
TGI,https://en.wikipedia.org/wiki/Tingo_Mar%C3%ADa_Airport
AYX,https://en.wikipedia.org/wiki/Tnte._Gral._Gerardo_P%C3%A9rez_Pinedo_Airport
None,https://en.wikipedia.org/wiki/Toronto-Pearson_International_Airport
VVI,https://en.wikipedia.org/wiki/Viru_Viru_International_Airport
None,https://en.wikipedia.org/wiki/Ahousaht
None,https://en.wikipedia.org/wiki/Hot_Springs_Cove
None,https://en.wikipedia.org/wiki/Nanaimo_Harbour_Water_Airport
NON,https://en.wikipedia.org/wiki/Sechelt/Porpoise_Bay_Water_Aerodrome
None,https://en.wikipedia.org/wiki/Vancouver_Harbour_Water_Airport
None,https://en.wikipedia.org/wiki/Victoria_Harbour_Airport
None,https://en.wikipedia.org/wiki/Moncton_Airport
None,https://en.wikipedia.org/wiki/Rogue_Valley_International-Medford_Airport
None,https://en.wikipedia.org/wiki/Charlotte/Douglas_International_Airport
None,https://en.wikipedia.org/wiki/Sarasota/Bradenton_International_Airport
VRB,https://en.wikipedia.org/wiki/Vero_Beach_Regional_Airport
None,https://en.wikipedia.org/wiki/Antonio_Rivera_Rodriguez_Airport
None,https://en.wikipedia.org/wiki/Baltimore%E2%80%93Washington_International_Airport
CPX,https://en.wikipedia.org/wiki/Benjam%C3%ADn_Rivera_Noriega_Airport
AXA,https://en.wikipedia.org/wiki/Clayton_J._Lloyd_International_Airport
None,https://en.wikipedia.org/wiki/Eugenio_Maria_de_Hostos_Airport
SBH,https://en.wikipedia.org/wiki/Gustaf_III_Airport
None,https://en.wikipedia.org/wiki/Las_Americas_International_Airport
EIS,https://en.wikipedia.org/wiki/Terrance_B._Lettsome_International_Airport
None,https://en.wikipedia.org/wiki/V.C._Bird_International_Airport
VIJ,https://en.wikipedia.org/wiki/Virgin_Gorda_Airport
HNM,https://en.wikipedia.org/wiki/Hana_Airport
ITO,https://en.wikipedia.org/wiki/Hilo_International_Airport
LNY,https://en.wikipedia.org/wiki/Lanai_Airport
MKK,https://en.wikipedia.org/wiki/Molokai_Airport
None,https://en.wikipedia.org/wiki/Waimea-Kohala_Airport
YYY,https://en.wikipedia.org/wiki/Mont-Joli_Airport
None,https://en.wikipedia.org/wiki/Sydney/J.A._Douglas_McCurdy_Airport
None,https://en.wikipedia.org/wiki/Douglas-Charles_Airport
None,https://en.wikipedia.org/wiki/F.D._Roosevelt_Airport
None,https://en.wikipedia.org/wiki/Fort_Lauderdale_-_Hollywood_International_Airport
SLU,https://en.wikipedia.org/wiki/George_F._L._Charles_Airport
None,https://en.wikipedia.org/wiki/Grand_Case-Esp%C3%A9rance_Airport
None,https://en.wikipedia.org/wiki/Hartsfield-Jackson_International_Airport
MNI,https://en.wikipedia.org/wiki/John_A._Osborne_Airport
SAB,https://en.wikipedia.org/wiki/Juancho_E._Yrausquin_Airport
JBQ,https://en.wikipedia.org/wiki/La_Isabela_International_Airport
None,https://en.wikipedia.org/wiki/Newark_International_Airport
NEV,https://en.wikipedia.org/wiki/Vance_W._Amory_International_Airport
BOD,https://en.wikipedia.org/wiki/Bordeaux%E2%80%93M%C3%A9rignac_Airport
None,https://en.wikipedia.org/wiki/Cayenne_%E2%80%93_Rochambeau_Airport
DOM,https://en.wikipedia.org/wiki/Douglas%E2%80%93Charles_Airport
NTE,https://en.wikipedia.org/wiki/Nantes_Atlantique_Airport
AZA,https://en.wikipedia.org/wiki/Mesa_Gateway_Airport
HGR,https://en.wikipedia.org/wiki/Hagerstown_Regional_Airport
IAG,https://en.wikipedia.org/wiki/Niagara_Falls_International_Airport
CKB,https://en.wikipedia.org/wiki/North_Central_West_Virginia_Airport
None,https://en.wikipedia.org/wiki/Vancouver_Harbour_Airport
EDC,https://en.wikipedia.org/wiki/Austin_Executive_Airport
LMM,https://en.wikipedia.org/wiki/Los_Mochis_International_Airport
None,https://en.wikipedia.org/wiki/Andros_Town_Airport
MAY,https://en.wikipedia.org/wiki/Clarence_A._Bain_Airport
CRI,https://en.wikipedia.org/wiki/Colonel_Hill_Airport
None,https://en.wikipedia.org/wiki/Congo_Town_Airport
LGI,https://en.wikipedia.org/wiki/Deadman%27s_Cay_Airport
GHB,https://en.wikipedia.org/wiki/Governor%27s_Harbour_Airport
GHC,https://en.wikipedia.org/wiki/Great_Harbour_Cay_Airport
None,https://en.wikipedia.org/wiki/Hugo_Chavez_International_Airport
IGA,https://en.wikipedia.org/wiki/Inagua_Airport
MYG,https://en.wikipedia.org/wiki/Mayaguana_Airport
TBI,https://en.wikipedia.org/wiki/New_Bight_Airport
RSD,https://en.wikipedia.org/wiki/Rock_Sound_International_Airport
SAQ,https://en.wikipedia.org/wiki/San_Andros_Airport
ZSA,https://en.wikipedia.org/wiki/San_Salvador_Airport
AXP,https://en.wikipedia.org/wiki/Spring_Point_Airport
TYM,https://en.wikipedia.org/wiki/Staniel_Cay_Airport
SML,https://en.wikipedia.org/wiki/Stella_Maris_Airport
None,https://en.wikipedia.org/wiki/St._Petersburg-Clearwater_International_Airport
None,https://en.wikipedia.org/wiki/Minneapolis-St_Paul_International_Airport
None,https://en.wikipedia.org/wiki/Southwest_Florida_International
REL,https://en.wikipedia.org/wiki/Almirante_Marcos_A._Zar_Airport
MDQ,https://en.wikipedia.org/wiki/Astor_Piazzolla_International_Airport
IGR,https://en.wikipedia.org/wiki/Cataratas_del_Iguaz%C3%BA_International_Airport
FTE,https://en.wikipedia.org/wiki/Comandante_Armando_Tola_International_Airport
UAQ,https://en.wikipedia.org/wiki/Domingo_Faustino_Sarmiento_Airport
EQS,https://en.wikipedia.org/wiki/Esquel_Airport
CRD,https://en.wikipedia.org/wiki/General_Enrique_Mosconi_International_Airport
JUJ,https://en.wikipedia.org/wiki/Gobernador_Horacio_Guzm%C3%A1n_International_Airport
PSS,https://en.wikipedia.org/wiki/Libertador_General_Jos%C3%A9_de_San_Mart%C3%ADn_Airport
BPS,https://en.wikipedia.org/wiki/Porto_Seguro_Airport
NQN,https://en.wikipedia.org/wiki/Presidente_Per%C3%B3n_International_Airport
RES,https://en.wikipedia.org/wiki/Resistencia_International_Airport
None,https://en.wikipedia.org/wiki/Rio_de_Janeiro-Gale%C3%A3o_International_Airport
SSA,https://en.wikipedia.org/wiki/Salvador_Bahia_Airport
BRC,https://en.wikipedia.org/wiki/San_Carlos_de_Bariloche_Airport
None,https://en.wikipedia.org/wiki/S%C3%A3o_Paulo%E2%80%93Guarulhos_International_Airport
USH,https://en.wikipedia.org/wiki/Ushuaia_%E2%80%93_Malvinas_Argentinas_International_Airport
MCZ,https://en.wikipedia.org/wiki/Zumbi_dos_Palmares_International_Airport
BIO,https://en.wikipedia.org/wiki/Bilbao_Airport
DBV,https://en.wikipedia.org/wiki/Dubrovnik_Airport
FAO,https://en.wikipedia.org/wiki/Faro_Airport
GVA,https://en.wikipedia.org/wiki/Geneva_Airport
LFW,https://en.wikipedia.org/wiki/Lom%C3%A9%E2%80%93Tokoin_International_Airport
FNC,https://en.wikipedia.org/wiki/Madeira_Airport
None,https://en.wikipedia.org/wiki/Milan%E2%80%93Malpensa
AGP,https://en.wikipedia.org/wiki/M%C3%A1laga_Airport
GOH,https://en.wikipedia.org/wiki/Nuuk_Airport
PMO,https://en.wikipedia.org/wiki/Palermo_Airport
PMI,https://en.wikipedia.org/wiki/Palma_de_Mallorca_Airport
None,https://en.wikipedia.org/wiki/Paris%E2%80%93Orly
None,https://en.wikipedia.org/wiki/Quebec_City_Jean_Lesage_International_Airport
None,https://en.wikipedia.org/wiki/Rome%E2%80%93Fiumicino
RZE,https://en.wikipedia.org/wiki/Rzesz%C3%B3w%E2%80%93Jasionka_Airport
None,https://en.wikipedia.org/wiki/Stockholm%E2%80%93Arlanda
None,https://en.wikipedia.org/wiki/Tokyo%E2%80%93Haneda
None,https://en.wikipedia.org/wiki/Tokyo%E2%80%93Narita
VIE,https://en.wikipedia.org/wiki/Vienna_International_Airport
None,https://en.wikipedia.org/wiki/Warsaw%E2%80%93Chopin
LCE,https://en.wikipedia.org/wiki/Golos%C3%B3n_International_Airport
TGU,https://en.wikipedia.org/wiki/Toncont%C3%ADn_International_Airport
UII,https://en.wikipedia.org/wiki/%C3%9Atila_Airport
SCU,https://en.wikipedia.org/wiki/Antonio_Maceo_Airport
None,https://en.wikipedia.org/wiki/Grantley_Adams_Airport
None,https://en.wikipedia.org/wiki/Toronto%E2%80%93Pearson_International_Airport
CVU,https://en.wikipedia.org/wiki/Corvo_Airport
FLW,https://en.wikipedia.org/wiki/Flores_Airport
None,https://en.wikipedia.org/wiki/Francisco_de_S%C3%A1_Carneiro_Airport
GRW,https://en.wikipedia.org/wiki/Graciosa_Airport
HOR,https://en.wikipedia.org/wiki/Horta_Airport
None,https://en.wikipedia.org/wiki/Lisbon_Portela_Airport
None,https://en.wikipedia.org/wiki/Montr%C3%A9al_Trudeau_Airport
PIX,https://en.wikipedia.org/wiki/Pico_Airport
SJZ,https://en.wikipedia.org/wiki/S%C3%A3o_Jorge_Airport
BTM,https://en.wikipedia.org/wiki/Bert_Mooney_Airport
CDC,https://en.wikipedia.org/wiki/Cedar_City_Regional_Airport
EKO,https://en.wikipedia.org/wiki/Elko_Regional_Airport
LWS,https://en.wikipedia.org/wiki/Lewiston%E2%80%93Nez_Perce_County_Airport
TWF,https://en.wikipedia.org/wiki/Magic_Valley_Regional_Airport
PIH,https://en.wikipedia.org/wiki/Pocatello_Regional_Airport
AAX,https://en.wikipedia.org/wiki/Arax%C3%A1_Airport
CPC,https://en.wikipedia.org/wiki/Aviador_Carlos_Campos_Airport
BEL,https://en.wikipedia.org/wiki/Bel%C3%A9m/Val-de-Cans_International_Airport
BYO,https://en.wikipedia.org/wiki/Bonito_Airport
CLV,https://en.wikipedia.org/wiki/Caldas_Novas_Airport
CGR,https://en.wikipedia.org/wiki/Campo_Grande_International_Airport
PDP,https://en.wikipedia.org/wiki/Capit%C3%A1n_de_Corbeta_Carlos_A._Curbelo_International_Airport
CAC,https://en.wikipedia.org/wiki/Cascavel_Airport
CXJ,https://en.wikipedia.org/wiki/Caxias_do_Sul_Airport
XAP,https://en.wikipedia.org/wiki/Chapec%C3%B3_Airport
JJD,https://en.wikipedia.org/wiki/Comte._Ariston_Pessoa_Regional_Airport
DOU,https://en.wikipedia.org/wiki/Dourados_Airport
VIX,https://en.wikipedia.org/wiki/Eurico_de_Aguiar_Salles_Airport
FEN,https://en.wikipedia.org/wiki/Fernando_de_Noronha_Airport
IGU,https://en.wikipedia.org/wiki/Foz_do_Igua%C3%A7u_International_Airport
VDC,https://en.wikipedia.org/wiki/Glauber_Rocha_Airport
GYN,https://en.wikipedia.org/wiki/Goi%C3%A2nia_International_Airport
PVH,https://en.wikipedia.org/wiki/Governador_Jorge_Teixeira_de_Oliveira_International_Airport
NAT,https://en.wikipedia.org/wiki/Greater_Natal_International_Airport
IOS,https://en.wikipedia.org/wiki/Ilh%C3%A9us_Jorge_Amado_Airport
IMP,https://en.wikipedia.org/wiki/Imperatriz_Airport
JJG,https://en.wikipedia.org/wiki/Jaguaruna_Regional_Airport
JOI,https://en.wikipedia.org/wiki/Joinville-Lauro_Carneiro_de_Loyola_Airport
CBB,https://en.wikipedia.org/wiki/Jorge_Wilstermann_International_Airport
JDO,https://en.wikipedia.org/wiki/Juazeiro_do_Norte_Airport
PFB,https://en.wikipedia.org/wiki/Lauro_Kurtz_Airport
None,https://en.wikipedia.org/wiki/Leonardo_da_Vinci%E2%80%93Fiumicino_Airport
LDB,https://en.wikipedia.org/wiki/Londrina_Airport
MCP,https://en.wikipedia.org/wiki/Macap%C3%A1_International_Airport
SLZ,https://en.wikipedia.org/wiki/Marechal_Cunha_Machado_International_Airport
CGB,https://en.wikipedia.org/wiki/Marechal_Rondon_International_Airport
MGF,https://en.wikipedia.org/wiki/Maring%C3%A1_Regional_Airport
MOC,https://en.wikipedia.org/wiki/Montes_Claros_Airport
NVT,https://en.wikipedia.org/wiki/Navegantes_Airport
PMW,https://en.wikipedia.org/wiki/Palmas_Airport
PET,https://en.wikipedia.org/wiki/Pelotas_International_Airport
PNZ,https://en.wikipedia.org/wiki/Petrolina_Airport
JPA,https://en.wikipedia.org/wiki/Presidente_Castro_Pinto_International_Airport
LAD,https://en.wikipedia.org/wiki/Quatro_de_Fevereiro_Airport
RBR,https://en.wikipedia.org/wiki/Rio_Branco_International_Airport
AJU,https://en.wikipedia.org/wiki/Santa_Maria_Airport_(Sergipe)
GEL,https://en.wikipedia.org/wiki/Santo_%C3%82ngelo_Airport
SDU,https://en.wikipedia.org/wiki/Santos_Dumont_Airport
OPS,https://en.wikipedia.org/wiki/Sinop_Airport_(Brazil)
SJP,https://en.wikipedia.org/wiki/S%C3%A3o_Jos%C3%A9_do_Rio_Preto_Airport
THE,https://en.wikipedia.org/wiki/Teresina_Airport
UDI,https://en.wikipedia.org/wiki/Uberl%C3%A2ndia_Airport
AXT,https://en.wikipedia.org/wiki/Akita_Airport
GUM,https://en.wikipedia.org/wiki/Antonio_B._Won_Pat_International_Airport
AOJ,https://en.wikipedia.org/wiki/Aomori_Airport
TAG,https://en.wikipedia.org/wiki/Bohol%E2%80%93Panglao_International_Airport
BWN,https://en.wikipedia.org/wiki/Brunei_International_Airport
CXR,https://en.wikipedia.org/wiki/Cam_Ranh_International_Airport
VCA,https://en.wikipedia.org/wiki/Can_Tho_International_Airport
CJJ,https://en.wikipedia.org/wiki/Cheongju_International_Airport
CNX,https://en.wikipedia.org/wiki/Chiang_Mai_International_Airport
CKG,https://en.wikipedia.org/wiki/Chongqing_Jiangbei_International_Airport
NGO,https://en.wikipedia.org/wiki/Chubu_Centrair_International_Airport
CRK,https://en.wikipedia.org/wiki/Clark_International_Airport
DAD,https://en.wikipedia.org/wiki/Da_Nang_International_Airport
TAE,https://en.wikipedia.org/wiki/Daegu_International_Airport
DMK,https://en.wikipedia.org/wiki/Don_Mueang_International_Airport
VDH,https://en.wikipedia.org/wiki/Dong_Hoi_Airport
FUK,https://en.wikipedia.org/wiki/Fukuoka_Airport
FKS,https://en.wikipedia.org/wiki/Fukushima_Airport
FOC,https://en.wikipedia.org/wiki/Fuzhou_Changle_International_Airport
PUS,https://en.wikipedia.org/wiki/Gimhae_International_Airport
MPH,https://en.wikipedia.org/wiki/Godofredo_P._Ramos_Airport
HKD,https://en.wikipedia.org/wiki/Hakodate_Airport
HNA,https://en.wikipedia.org/wiki/Hanamaki_Airport
HGH,https://en.wikipedia.org/wiki/Hangzhou_Xiaoshan_International_Airport
HIJ,https://en.wikipedia.org/wiki/Hiroshima_Airport
IBR,https://en.wikipedia.org/wiki/Ibaraki_Airport
CJU,https://en.wikipedia.org/wiki/Jeju_International_Airport
KOJ,https://en.wikipedia.org/wiki/Kagoshima_Airport
KLO,https://en.wikipedia.org/wiki/Kalibo_International_Airport
KKJ,https://en.wikipedia.org/wiki/Kitakyushu_Airport
UKB,https://en.wikipedia.org/wiki/Kobe_Airport
KMQ,https://en.wikipedia.org/wiki/Komatsu_Airport
BKI,https://en.wikipedia.org/wiki/Kota_Kinabalu_International_Airport
KUL,https://en.wikipedia.org/wiki/Kuala_Lumpur_International_Airport
KMJ,https://en.wikipedia.org/wiki/Kumamoto_Airport
KCZ,https://en.wikipedia.org/wiki/K%C5%8Dchi_Airport
MFM,https://en.wikipedia.org/wiki/Macau_International_Airport
CEB,https://en.wikipedia.org/wiki/Mactan%E2%80%93Cebu_International_Airport
MYJ,https://en.wikipedia.org/wiki/Matsuyama_Airport
KMI,https://en.wikipedia.org/wiki/Miyazaki_Airport
MWX,https://en.wikipedia.org/wiki/Muan_International_Airport
OKA,https://en.wikipedia.org/wiki/Naha_Airport
NKG,https://en.wikipedia.org/wiki/Nanjing_Lukou_International_Airport
CTS,https://en.wikipedia.org/wiki/New_Chitose_Airport
ISG,https://en.wikipedia.org/wiki/New_Ishigaki_Airport
DPS,https://en.wikipedia.org/wiki/Ngurah_Rai_International_Airport
KIJ,https://en.wikipedia.org/wiki/Niigata_Airport
NGB,https://en.wikipedia.org/wiki/Ningbo_Lishe_International_Airport
HAN,https://en.wikipedia.org/wiki/Noi_Bai_International_Airport
OIT,https://en.wikipedia.org/wiki/Oita_Airport
OKJ,https://en.wikipedia.org/wiki/Okayama_Airport
PEN,https://en.wikipedia.org/wiki/Penang_International_Airport
PNH,https://en.wikipedia.org/wiki/Phnom_Penh_International_Airport
PQC,https://en.wikipedia.org/wiki/Phu_Quoc_International_Airport
HKT,https://en.wikipedia.org/wiki/Phuket_International_Airport
PPS,https://en.wikipedia.org/wiki/Puerto_Princesa_International_Airport
TAO,https://en.wikipedia.org/wiki/Qingdao_Jiaodong_International_Airport
ROR,https://en.wikipedia.org/wiki/Roman_Tmetuchl_International_Airport
HSG,https://en.wikipedia.org/wiki/Saga_Airport
SDJ,https://en.wikipedia.org/wiki/Sendai_Airport
SHE,https://en.wikipedia.org/wiki/Shenyang_Taoxian_International_Airport
SHI,https://en.wikipedia.org/wiki/Shimojishima_Airport
CGK,https://en.wikipedia.org/wiki/Soekarno%E2%80%93Hatta_International_Airport
TAK,https://en.wikipedia.org/wiki/Takamatsu_Airport
TSN,https://en.wikipedia.org/wiki/Tianjin_Binhai_International_Airport
TOY,https://en.wikipedia.org/wiki/Toyama_Airport
WUH,https://en.wikipedia.org/wiki/Wuhan_Tianhe_International_Airport
RGN,https://en.wikipedia.org/wiki/Yangon_International_Airport
YGJ,https://en.wikipedia.org/wiki/Yonago_Kitaro_Airport
CGO,https://en.wikipedia.org/wiki/Zhengzhou_Xinzheng_International_Airport
AAL,https://en.wikipedia.org/wiki/Aalborg_Airport
AAR,https://en.wikipedia.org/wiki/Aarhus_Airport
ABZ,https://en.wikipedia.org/wiki/Aberdeen_Airport
None,https://en.wikipedia.org/wiki/Abu_Dhabi_International_Airport
None,https://en.wikipedia.org/wiki/Agadir_Airport
AGA,https://en.wikipedia.org/wiki/Agadir%E2%80%93Al_Massira_Airport
PVK,https://en.wikipedia.org/wiki/Aktion_National_Airport
DWC,https://en.wikipedia.org/wiki/Al_Maktoum_International_Airport
NJF,https://en.wikipedia.org/wiki/Al_Najaf_International_Airport
ALC,https://en.wikipedia.org/wiki/Alicante%E2%80%93Elche_Miguel_Hern%C3%A1ndez_Airport
SID,https://en.wikipedia.org/wiki/Am%C3%ADlcar_Cabral_International_Airport
ESB,https://en.wikipedia.org/wiki/Ankara_Esenbo%C4%9Fa_Airport
AYT,https://en.wikipedia.org/wiki/Antalya_Airport
BVC,https://en.wikipedia.org/wiki/Aristides_Pereira_International_Airport
BGW,https://en.wikipedia.org/wiki/Baghdad_International_Airport
BJL,https://en.wikipedia.org/wiki/Banjul_International_Airport
BRI,https://en.wikipedia.org/wiki/Bari_Karol_Wojty%C5%82a_Airport
None,https://en.wikipedia.org/wiki/Bastia_%E2%80%93_Poretta_Airport
None,https://en.wikipedia.org/wiki/Beauvais_Airport
BEY,https://en.wikipedia.org/wiki/Beirut%E2%80%93Rafic_Hariri_International_Airport
BGO,https://en.wikipedia.org/wiki/Bergen_Airport,_Flesland
None,https://en.wikipedia.org/wiki/Biarritz_%E2%80%93_Anglet_%E2%80%93_Bayonne_Airport
BLL,https://en.wikipedia.org/wiki/Billund_Airport
BOO,https://en.wikipedia.org/wiki/Bod%C3%B8_Airport
BLQ,https://en.wikipedia.org/wiki/Bologna_Guglielmo_Marconi_Airport
BZO,https://en.wikipedia.org/wiki/Bolzano_Airport
RNN,https://en.wikipedia.org/wiki/Bornholm_Airport
BRS,https://en.wikipedia.org/wiki/Bristol_Airport
BUD,https://en.wikipedia.org/wiki/Budapest_Ferenc_Liszt_International_Airport
BOJ,https://en.wikipedia.org/wiki/Burgas_Airport
CAG,https://en.wikipedia.org/wiki/Cagliari_Elmas_Airport
CTA,https://en.wikipedia.org/wiki/Catania%E2%80%93Fontanarossa_Airport
CHQ,https://en.wikipedia.org/wiki/Chania_International_Airport
RMO,https://en.wikipedia.org/wiki/Chi%C8%99in%C4%83u_International_Airport
CFU,https://en.wikipedia.org/wiki/Corfu_International_Airport
DLM,https://en.wikipedia.org/wiki/Dalaman_Airport
None,https://en.wikipedia.org/wiki/David_Ben_Gurion_Airport
DUS,https://en.wikipedia.org/wiki/D%C3%BCsseldorf_Airport
EIN,https://en.wikipedia.org/wiki/Eindhoven_Airport
NBE,https://en.wikipedia.org/wiki/Enfidha%E2%80%93Hammamet_International_Airport
EBL,https://en.wikipedia.org/wiki/Erbil_International_Airport
BSL,https://en.wikipedia.org/wiki/EuroAirport_Basel_Mulhouse_Freiburg
FLR,https://en.wikipedia.org/wiki/Florence_Airport
FUE,https://en.wikipedia.org/wiki/Fuerteventura_Airport
None,https://en.wikipedia.org/wiki/Gazipa%C5%9Fa_Airport
GDN,https://en.wikipedia.org/wiki/Gda%C5%84sk_Lech_Wa%C5%82%C4%99sa_Airport
GOA,https://en.wikipedia.org/wiki/Genoa_Cristoforo_Colombo_Airport
LPA,https://en.wikipedia.org/wiki/Gran_Canaria_Airport
GOT,https://en.wikipedia.org/wiki/G%C3%B6teborg_Landvetter_Airport
HAM,https://en.wikipedia.org/wiki/Hamburg_Airport
HAJ,https://en.wikipedia.org/wiki/Hannover_Airport
None,https://en.wikipedia.org/wiki/Harstad/Narvik_Airport,_Evenes
None,https://en.wikipedia.org/wiki/Henri_Coand%C4%83_International_Airport
None,https://en.wikipedia.org/wiki/Heraklion_International_Airport
HRG,https://en.wikipedia.org/wiki/Hurghada_International_Airport
IBZ,https://en.wikipedia.org/wiki/Ibiza_Airport
INN,https://en.wikipedia.org/wiki/Innsbruck_Airport
None,https://en.wikipedia.org/wiki/Istanbul_Sabiha_G%C3%B6k%C3%A7en_International_Airport
None,https://en.wikipedia.org/wiki/John_Paul_II_International_Airport_Krak%C3%B3w%E2%80%93Balice
KLX,https://en.wikipedia.org/wiki/Kalamata_International_Airport
SFJ,https://en.wikipedia.org/wiki/Kangerlussuaq_Airport
KSD,https://en.wikipedia.org/wiki/Karlstad_Airport
KUN,https://en.wikipedia.org/wiki/Kaunas_Airport
KVA,https://en.wikipedia.org/wiki/Kavala_International_Airport
KRN,https://en.wikipedia.org/wiki/Kiruna_Airport
KTT,https://en.wikipedia.org/wiki/Kittil%C3%A4_Airport
KYA,https://en.wikipedia.org/wiki/Konya_Airport
KGS,https://en.wikipedia.org/wiki/Kos_International_Airport
None,https://en.wikipedia.org/wiki/Kristiansand_Airport,_Kjevik
ACE,https://en.wikipedia.org/wiki/Lanzarote_Airport
LCA,https://en.wikipedia.org/wiki/Larnaca_International_Airport
LBA,https://en.wikipedia.org/wiki/Leeds_Bradford_Airport
LXS,https://en.wikipedia.org/wiki/Lemnos_International_Airport
None,https://en.wikipedia.org/wiki/Linate_Airport
LJU,https://en.wikipedia.org/wiki/Ljubljana_Airport
LUX,https://en.wikipedia.org/wiki/Luxembourg_Airport
LYS,https://en.wikipedia.org/wiki/Lyon%E2%80%93Saint-Exup%C3%A9ry_Airport
MLA,https://en.wikipedia.org/wiki/Malta_International_Airport
MRS,https://en.wikipedia.org/wiki/Marseille_Provence_Airport
KRP,https://en.wikipedia.org/wiki/Midtjyllands_Airport
BJV,https://en.wikipedia.org/wiki/Milas%E2%80%93Bodrum_Airport
None,https://en.wikipedia.org/wiki/Montpellier_%E2%80%93_M%C3%A9diterran%C3%A9e_Airport
MPL,https://en.wikipedia.org/wiki/Montpellier%E2%80%93M%C3%A9diterran%C3%A9e_Airport
UAK,https://en.wikipedia.org/wiki/Narsarsuaq_Airport
OLB,https://en.wikipedia.org/wiki/Olbia_Costa_Smeralda_Airport
None,https://en.wikipedia.org/wiki/Olbia_%E2%80%93_Costa_Smeralda_Airport
None,https://en.wikipedia.org/wiki/Orio_al_Serio_International_Airport
PLQ,https://en.wikipedia.org/wiki/Palanga_International_Airport
PSA,https://en.wikipedia.org/wiki/Pisa_International_Airport
TGD,https://en.wikipedia.org/wiki/Podgorica_Airport
None,https://en.wikipedia.org/wiki/Pozna%C5%84-%C5%81awica_Airport
None,https://en.wikipedia.org/wiki/Pristina_International_Airport_Adem_Jashari
PUY,https://en.wikipedia.org/wiki/Pula_Airport
RHO,https://en.wikipedia.org/wiki/Rhodes_International_Airport
RIX,https://en.wikipedia.org/wiki/Riga_International_Airport
RVN,https://en.wikipedia.org/wiki/Rovaniemi_Airport
SAW,https://en.wikipedia.org/wiki/Sabiha_G%C3%B6k%C3%A7en_International_Airport
SZG,https://en.wikipedia.org/wiki/Salzburg_Airport
TRF,https://en.wikipedia.org/wiki/Sandefjord_Airport,_Torp
None,https://en.wikipedia.org/wiki/Santorini_(Thira)_International_Airport
None,https://en.wikipedia.org/wiki/Sarajevo_Airport
SJJ,https://en.wikipedia.org/wiki/Sarajevo_International_Airport
None,https://en.wikipedia.org/wiki/Scandinavian_Mountains_Airport
SVQ,https://en.wikipedia.org/wiki/Seville_Airport
SSH,https://en.wikipedia.org/wiki/Sharm_El_Sheikh_International_Airport
JSH,https://en.wikipedia.org/wiki/Sitia_Public_Airport
JSI,https://en.wikipedia.org/wiki/Skiathos_International_Airport
None,https://en.wikipedia.org/wiki/Sofia_Airport
SPX,https://en.wikipedia.org/wiki/Sphinx_International_Airport
SPU,https://en.wikipedia.org/wiki/Split_Airport
None,https://en.wikipedia.org/wiki/Stansted_Airport
SVG,https://en.wikipedia.org/wiki/Stavanger_Airport
None,https://en.wikipedia.org/wiki/Stavanger_Airport,_Sola
STR,https://en.wikipedia.org/wiki/Stuttgart_Airport
SGD,https://en.wikipedia.org/wiki/S%C3%B8nderborg_Airport
TLL,https://en.wikipedia.org/wiki/Tallinn_Airport
None,https://en.wikipedia.org/wiki/Tangier_Airport
TFS,https://en.wikipedia.org/wiki/Tenerife_South_Airport
SKG,https://en.wikipedia.org/wiki/Thessaloniki_Airport
None,https://en.wikipedia.org/wiki/Tirana_International_Airport
TIA,https://en.wikipedia.org/wiki/Tirana_International_Airport_N%C3%ABn%C3%AB_Tereza
TIV,https://en.wikipedia.org/wiki/Tivat_Airport
TLS,https://en.wikipedia.org/wiki/Toulouse%E2%80%93Blagnac_Airport
TSF,https://en.wikipedia.org/wiki/Treviso_Airport
TOS,https://en.wikipedia.org/wiki/Troms%C3%B8_Airport
TRD,https://en.wikipedia.org/wiki/Trondheim_Airport
TRN,https://en.wikipedia.org/wiki/Turin_Airport
TKU,https://en.wikipedia.org/wiki/Turku_Airport
VLC,https://en.wikipedia.org/wiki/Valencia_Airport
VAR,https://en.wikipedia.org/wiki/Varna_Airport
FAE,https://en.wikipedia.org/wiki/V%C3%A1gar_Airport
WMI,https://en.wikipedia.org/wiki/Warsaw_Modlin_Airport
WRO,https://en.wikipedia.org/wiki/Wroc%C5%82aw_Airport
ZAD,https://en.wikipedia.org/wiki/Zadar_Airport
ZTH,https://en.wikipedia.org/wiki/Zakynthos_International_Airport
AES,https://en.wikipedia.org/wiki/%C3%85lesund_Airport,_Vigra
OSD,https://en.wikipedia.org/wiki/%C3%85re_%C3%96stersund_Airport
ADB,https://en.wikipedia.org/wiki/%C4%B0zmir_Adnan_Menderes_Airport
None,https://en.wikipedia.org/wiki/Minneapolis%E2%88%92Saint_Paul_International_Airport
ELM,https://en.wikipedia.org/wiki/Elmira_Corning_Regional_Airport
TOL,https://en.wikipedia.org/wiki/Toledo_Express_Airport
None,https://en.wikipedia.org/wiki/Bob_Hope_Airport
None,https://en.wikipedia.org/wiki/Boise_International_Airport
None,https://en.wikipedia.org/wiki/Honolulu_International_Airport
DGO,https://en.wikipedia.org/wiki/Durango_International_Airport
None,https://en.wikipedia.org/wiki/Baltimore/Washington_International_Thurgood_Marshall_Airport
HRO,https://en.wikipedia.org/wiki/Boone_County_Airport_(Arkansas)
None,https://en.wikipedia.org/wiki/Chicago_Midway_International_Airport
HOT,https://en.wikipedia.org/wiki/Memorial_Field_Airport
ELD,https://en.wikipedia.org/wiki/South_Arkansas_Regional_Airport_at_Goodwin_Field
None,https://en.wikipedia.org/wiki/Baltimore-Washington_International_Airport
None,https://en.wikipedia.org/wiki/Trenton-Mercer_Airport
PSO,https://en.wikipedia.org/wiki/Antonio_Nari%C3%B1o_Airport
NVA,https://en.wikipedia.org/wiki/Benito_Salas_Airport
PTX,https://en.wikipedia.org/wiki/Contador_Airport
UIB,https://en.wikipedia.org/wiki/El_Cara%C3%B1o_Airport
None,https://en.wikipedia.org/wiki/Enrique_Olaya_Herrera_Airport
GPI,https://en.wikipedia.org/wiki/Guapi_Airport
FLA,https://en.wikipedia.org/wiki/Gustavo_Artunduaga_Paredes_Airport
ADZ,https://en.wikipedia.org/wiki/Gustavo_Rojas_Pinilla_International_Airport
BSC,https://en.wikipedia.org/wiki/Jos%C3%A9_Celestino_Mutis_Airport
TCO,https://en.wikipedia.org/wiki/La_Florida_Airport_(Colombia)
None,https://en.wikipedia.org/wiki/Madrid-Barajas_Airport
COG,https://en.wikipedia.org/wiki/Mandinga_Airport
BLB,https://en.wikipedia.org/wiki/Panam%C3%A1_Pac%C3%ADfico_International_Airport
NQU,https://en.wikipedia.org/wiki/Reyes_Murillo_Airport
IPI,https://en.wikipedia.org/wiki/San_Luis_Airport_(Colombia)
SMR,https://en.wikipedia.org/wiki/Sim%C3%B3n_Bol%C3%ADvar_International_Airport_(Colombia)
TBD,https://en.wikipedia.org/wiki/Timbiqui_Airport
PUU,https://en.wikipedia.org/wiki/Tres_de_Mayo_Airport
None,https://en.wikipedia.org/wiki/Vanguardia_Airport
None,https://en.wikipedia.org/wiki/Salisbury%E2%80%93Ocean_City%E2%80%93Wicomico_Regional_Airport
ART,https://en.wikipedia.org/wiki/Watertown_International_Airport
None,https://en.wikipedia.org/wiki/Fort_Lauderdale_Hollywood_International_Airport
MSL,https://en.wikipedia.org/wiki/Northwest_Alabama_Regional_Airport
ALA,https://en.wikipedia.org/wiki/Almaty_International_Airport
ASB,https://en.wikipedia.org/wiki/A%C5%9Fgabat_International_Airport
IXB,https://en.wikipedia.org/wiki/Bagdogra_Airport
BAH,https://en.wikipedia.org/wiki/Bahrain_International_Airport
CMB,https://en.wikipedia.org/wiki/Bandaranaike_International_Airport
PKX,https://en.wikipedia.org/wiki/Beijing_Daxing_International_Airport
BBI,https://en.wikipedia.org/wiki/Biju_Patnaik_Airport
BFV,https://en.wikipedia.org/wiki/Buriram_Airport
CSX,https://en.wikipedia.org/wiki/Changsha_Huanghua_International_Airport
LKO,https://en.wikipedia.org/wiki/Chaudhary_Charan_Singh_International_Airport
MAA,https://en.wikipedia.org/wiki/Chennai_International_Airport
CEI,https://en.wikipedia.org/wiki/Chiang_Rai_International_Airport
UBN,https://en.wikipedia.org/wiki/Chinggis_Khaan_International_Airport
COK,https://en.wikipedia.org/wiki/Cochin_International_Airport
DLU,https://en.wikipedia.org/wiki/Dali_Fengyi_Airport
GAY,https://en.wikipedia.org/wiki/Gaya_Airport
KWE,https://en.wikipedia.org/wiki/Guiyang_Longdongbao_International_Airport
HAK,https://en.wikipedia.org/wiki/Haikou_Meilan_International_Airport
HDY,https://en.wikipedia.org/wiki/Hat_Yai_International_Airport
HFE,https://en.wikipedia.org/wiki/Hefei_Xinqiao_International_Airport
IKA,https://en.wikipedia.org/wiki/Imam_Khomeini_International_Airport
IKT,https://en.wikipedia.org/wiki/International_Airport_Irkutsk
None,https://en.wikipedia.org/wiki/Islam_Karimov_Tashkent_International_Airport
SWA,https://en.wikipedia.org/wiki/Jieyang_Chaoshan_International_Airport
TNA,https://en.wikipedia.org/wiki/Jinan_Yaoqiang_International_Airport
NBO,https://en.wikipedia.org/wiki/Jomo_Kenyatta_International_Airport
KHH,https://en.wikipedia.org/wiki/Kaohsiung_International_Airport
BLR,https://en.wikipedia.org/wiki/Kempegowda_International_Airport
KHV,https://en.wikipedia.org/wiki/Khabarovsk_Novy_Airport
KKC,https://en.wikipedia.org/wiki/Khon_Kaen_Airport
RUH,https://en.wikipedia.org/wiki/King_Khalid_International_Airport
None,https://en.wikipedia.org/wiki/Ko_Mai_Si
SVX,https://en.wikipedia.org/wiki/Koltsovo_International_Airport
KBV,https://en.wikipedia.org/wiki/Krabi_International_Airport
KJA,https://en.wikipedia.org/wiki/Krasnoyarsk_International_Airport
KMG,https://en.wikipedia.org/wiki/Kunming_Changshui_International_Airport
KWI,https://en.wikipedia.org/wiki/Kuwait_International_Airport
NOU,https://en.wikipedia.org/wiki/La_Tontouta_International_Airport
LPT,https://en.wikipedia.org/wiki/Lampang_Airport
LHW,https://en.wikipedia.org/wiki/Lanzhou_Zhongchuan_International_Airport
LJG,https://en.wikipedia.org/wiki/Lijiang_Sanyi_International_Airport
LPQ,https://en.wikipedia.org/wiki/Luang_Prabang_International_Airport
MDL,https://en.wikipedia.org/wiki/Mandalay_International_Airport
MCT,https://en.wikipedia.org/wiki/Muscat_International_Airport
KHN,https://en.wikipedia.org/wiki/Nanchang_Changbei_International_Airport
NNG,https://en.wikipedia.org/wiki/Nanning_Wuxu_International_Airport
NAW,https://en.wikipedia.org/wiki/Narathiwat_Airport
CCU,https://en.wikipedia.org/wiki/Netaji_Subhas_Chandra_Bose_International_Airport
None,https://en.wikipedia.org/wiki/Paro_Airport
PER,https://en.wikipedia.org/wiki/Perth_Airport
LED,https://en.wikipedia.org/wiki/Pulkovo_Airport
PNQ,https://en.wikipedia.org/wiki/Pune_Airport
JJN,https://en.wikipedia.org/wiki/Quanzhou_Jinjiang_International_Airport
HYD,https://en.wikipedia.org/wiki/Rajiv_Gandhi_International_Airport
RUN,https://en.wikipedia.org/wiki/Roland_Garros_Airport
USM,https://en.wikipedia.org/wiki/Samui_Airport
None,https://en.wikipedia.org/wiki/Sardar_Vallabhbhai_Patel_International_Airport
SHJ,https://en.wikipedia.org/wiki/Sharjah_International_Airport
SAI,https://en.wikipedia.org/wiki/Siem_Reap%E2%80%93Angkor_International_Airport
KOS,https://en.wikipedia.org/wiki/Sihanouk_International_Airport
ATQ,https://en.wikipedia.org/wiki/Sri_Guru_Ram_Das_Ji_International_Airport
THS,https://en.wikipedia.org/wiki/Sukhothai_Airport
STV,https://en.wikipedia.org/wiki/Surat_Airport
URT,https://en.wikipedia.org/wiki/Surat_Thani_International_Airport
TYN,https://en.wikipedia.org/wiki/Taiyuan_Wusu_International_Airport
TAS,https://en.wikipedia.org/wiki/Tashkent_International_Airport
OVB,https://en.wikipedia.org/wiki/Tolmachevo_Airport
TDX,https://en.wikipedia.org/wiki/Trat_Airport
KTM,https://en.wikipedia.org/wiki/Tribhuvan_International_Airport
UBP,https://en.wikipedia.org/wiki/Ubon_Ratchathani_Airport
None,https://en.wikipedia.org/wiki/Udon_Thani_Airport
UTH,https://en.wikipedia.org/wiki/Udon_Thani_International_Airport
MLE,https://en.wikipedia.org/wiki/Velana_International_Airport
VVO,https://en.wikipedia.org/wiki/Vladivostok_International_Airport
VTE,https://en.wikipedia.org/wiki/Wattay_International_Airport
WNZ,https://en.wikipedia.org/wiki/Wenzhou_Longwan_International_Airport
XIY,https://en.wikipedia.org/wiki/Xi%27an_Xianyang_International_Airport
YNT,https://en.wikipedia.org/wiki/Yantai_Penglai_International_Airport
None,https://en.wikipedia.org/wiki/Yuncheng_Zhangxiao_Airport
None,https://en.wikipedia.org/wiki/%C3%9Cr%C3%BCmqi_Diwopu_International_Airport
PEW,https://en.wikipedia.org/wiki/Bacha_Khan_International_Airport
BHV,https://en.wikipedia.org/wiki/Bahawalpur_Airport
SKZ,https://en.wikipedia.org/wiki/Begum_Nusrat_Bhutto_International_Airport
DAM,https://en.wikipedia.org/wiki/Damascus_International_Airport
LYP,https://en.wikipedia.org/wiki/Faisalabad_International_Airport
GYD,https://en.wikipedia.org/wiki/Heydar_Aliyev_International_Airport
DMM,https://en.wikipedia.org/wiki/King_Fahd_International_Airport
None,https://en.wikipedia.org/wiki/Lahore_International_Airport
MHD,https://en.wikipedia.org/wiki/Mashhad_Shahid_Hasheminejad_International_Airport
MUX,https://en.wikipedia.org/wiki/Multan_International_Airport
GWD,https://en.wikipedia.org/wiki/New_Gwadar_International_Airport
None,https://en.wikipedia.org/wiki/Peshawar_International_Airport
MED,https://en.wikipedia.org/wiki/Prince_Mohammad_bin_Abdulaziz_International_Airport
UET,https://en.wikipedia.org/wiki/Quetta_International_Airport
None,https://en.wikipedia.org/wiki/Skardu_Airport
TUK,https://en.wikipedia.org/wiki/Turbat_International_Airport
ADE,https://en.wikipedia.org/wiki/Aden_International_Airport
AGR,https://en.wikipedia.org/wiki/Agra_Airport
AVT,https://en.wikipedia.org/wiki/Amravati_Airport
None,https://en.wikipedia.org/wiki/Amsterdam_Schiphol_Airport
IXU,https://en.wikipedia.org/wiki/Aurangabad_Airport
AYJ,https://en.wikipedia.org/wiki/Ayodhya_Airport
None,https://en.wikipedia.org/wiki/Ayodhya_International_Airport
BEK,https://en.wikipedia.org/wiki/Bareilly_Airport
IXG,https://en.wikipedia.org/wiki/Belgaum_Airport
BHU,https://en.wikipedia.org/wiki/Bhavnagar_Airport
BHJ,https://en.wikipedia.org/wiki/Bhuj_Airport
IXR,https://en.wikipedia.org/wiki/Birsa_Munda_Airport
None,https://en.wikipedia.org/wiki/Calicut_International_Airport
IXC,https://en.wikipedia.org/wiki/Chandigarh_Airport
None,https://en.wikipedia.org/wiki/Chaudhary_Charan_Singh_Airport
CJB,https://en.wikipedia.org/wiki/Coimbatore_International_Airport
GOI,https://en.wikipedia.org/wiki/Dabolim_Airport
DBR,https://en.wikipedia.org/wiki/Darbhanga_Airport
DED,https://en.wikipedia.org/wiki/Dehradun_Airport
DGH,https://en.wikipedia.org/wiki/Deoghar_Airport
IDR,https://en.wikipedia.org/wiki/Devi_Ahilya_Bai_Holkar_Airport
DIB,https://en.wikipedia.org/wiki/Dibrugarh_Airport
DIU,https://en.wikipedia.org/wiki/Diu_Airport
HGI,https://en.wikipedia.org/wiki/Donyi_Polo_Airport,_Itanagar
NAG,https://en.wikipedia.org/wiki/Dr._Babasaheb_Ambedkar_International_Airport
EBB,https://en.wikipedia.org/wiki/Entebbe_International_Airport
FJR,https://en.wikipedia.org/wiki/Fujairah_International_Airport
GOP,https://en.wikipedia.org/wiki/Gorakhpur_Airport
GWL,https://en.wikipedia.org/wiki/Gwalior_Airport
HDO,https://en.wikipedia.org/wiki/Hindon_Airport
HBX,https://en.wikipedia.org/wiki/Hubli_Airport
None,https://en.wikipedia.org/wiki/Imphal_Airport
JLR,https://en.wikipedia.org/wiki/Jabalpur_Airport
JAI,https://en.wikipedia.org/wiki/Jaipur_International_Airport
JSA,https://en.wikipedia.org/wiki/Jaisalmer_Airport
JLG,https://en.wikipedia.org/wiki/Jalgaon_Airport
IXJ,https://en.wikipedia.org/wiki/Jammu_Airport
JGA,https://en.wikipedia.org/wiki/Jamnagar_Airport
PAT,https://en.wikipedia.org/wiki/Jay_Prakash_Narayan_Airport
None,https://en.wikipedia.org/wiki/Jharsuguda_Airport
JDH,https://en.wikipedia.org/wiki/Jodhpur_Airport
None,https://en.wikipedia.org/wiki/Jolly_Grant_Airport
DAR,https://en.wikipedia.org/wiki/Julius_Nyerere_International_Airport
IXY,https://en.wikipedia.org/wiki/Kandla_Airport
CNN,https://en.wikipedia.org/wiki/Kannur_International_Airport
KNU,https://en.wikipedia.org/wiki/Kanpur_Airport
RDP,https://en.wikipedia.org/wiki/Kazi_Nazrul_Islam_Airport
IXK,https://en.wikipedia.org/wiki/Keshod_Airport
KLH,https://en.wikipedia.org/wiki/Kolhapur_Airport
IXL,https://en.wikipedia.org/wiki/Kushok_Bakula_Rimpochee_Airport
VNS,https://en.wikipedia.org/wiki/Lal_Bahadur_Shastri_Airport
GAU,https://en.wikipedia.org/wiki/Lokpriya_Gopinath_Bordoloi_International_Airport
IXM,https://en.wikipedia.org/wiki/Madurai_Airport
UDR,https://en.wikipedia.org/wiki/Maharana_Pratap_Airport
IXE,https://en.wikipedia.org/wiki/Mangalore_International_Airport
GOX,https://en.wikipedia.org/wiki/Manohar_International_Airport
None,https://en.wikipedia.org/wiki/Netaji_Subhash_Chandra_Bose_International_Airport
PBH,https://en.wikipedia.org/wiki/Paro_International_Airport
PBD,https://en.wikipedia.org/wiki/Porbandar_Airport
IXD,https://en.wikipedia.org/wiki/Prayagraj_Airport
BHO,https://en.wikipedia.org/wiki/Raja_Bhoj_Airport
RJA,https://en.wikipedia.org/wiki/Rajahmundry_Airport
HSR,https://en.wikipedia.org/wiki/Rajkot_International_Airport
RKT,https://en.wikipedia.org/wiki/Ras_Al_Khaimah_International_Airport
SEZ,https://en.wikipedia.org/wiki/Seychelles_International_Airport
IXS,https://en.wikipedia.org/wiki/Silchar_Airport
MRU,https://en.wikipedia.org/wiki/Sir_Seewoosagur_Ramgoolam_International_Airport
None,https://en.wikipedia.org/wiki/Sri_Guru_Ram_Dass_Jee_International_Airport
SXR,https://en.wikipedia.org/wiki/Srinagar_Airport
None,https://en.wikipedia.org/wiki/Srinagar_International_Airport
None,https://en.wikipedia.org/wiki/Surat_International_Airport
RPR,https://en.wikipedia.org/wiki/Swami_Vivekananda_Airport
TRV,https://en.wikipedia.org/wiki/Thiruvananthapuram_International_Airport
TRZ,https://en.wikipedia.org/wiki/Tiruchirappalli_International_Airport
TIR,https://en.wikipedia.org/wiki/Tirupati_Airport
BDQ,https://en.wikipedia.org/wiki/Vadodara_Airport
IXZ,https://en.wikipedia.org/wiki/Veer_Savarkar_International_Airport
VGA,https://en.wikipedia.org/wiki/Vijayawada_Airport
VTZ,https://en.wikipedia.org/wiki/Visakhapatnam_Airport
BEF,https://en.wikipedia.org/wiki/Bluefields_Airport
RNI,https://en.wikipedia.org/wiki/Corn_Island_Airport
PUZ,https://en.wikipedia.org/wiki/Puerto_Cabezas_Airport
None,https://en.wikipedia.org/wiki/Arthur_Napoleon_Raymond_Robinson_International_Airport
BVA,https://en.wikipedia.org/wiki/Beauvais%E2%80%93Till%C3%A9_Airport
EMA,https://en.wikipedia.org/wiki/East_Midlands_Airport
GRO,https://en.wikipedia.org/wiki/Girona%E2%80%93Costa_Brava_Airport
JER,https://en.wikipedia.org/wiki/Jersey_Airport
None,https://en.wikipedia.org/wiki/Keflavik_International_Airport
LPL,https://en.wikipedia.org/wiki/Liverpool_John_Lennon_Airport
STN,https://en.wikipedia.org/wiki/London_Stansted_Airport
LTN,https://en.wikipedia.org/wiki/Luton_Airport
None,https://en.wikipedia.org/wiki/Malta_Airport
MAH,https://en.wikipedia.org/wiki/Menorca_Airport
PFO,https://en.wikipedia.org/wiki/Paphos_International_Airport
PDV,https://en.wikipedia.org/wiki/Plovdiv_Airport
None,https://en.wikipedia.org/wiki/Prague_Airport
REU,https://en.wikipedia.org/wiki/Reus_Airport
SOU,https://en.wikipedia.org/wiki/Southampton_Airport
None,https://en.wikipedia.org/wiki/Adler-Sochi_International_Airport
AMD,https://en.wikipedia.org/wiki/Ahmedabad_Airport
None,https://en.wikipedia.org/wiki/Atlanta_International_Airport
None,https://en.wikipedia.org/wiki/Borg_El_Arab_Airport
HBE,https://en.wikipedia.org/wiki/Borg_El_Arab_International_Airport
BBU,https://en.wikipedia.org/wiki/Bucharest_B%C4%83neasa_Aurel_Vlaicu_International_Airport
None,https://en.wikipedia.org/wiki/Carthage_Airport
CGN,https://en.wikipedia.org/wiki/Cologne_Bonn_Airport
DBB,https://en.wikipedia.org/wiki/El_Alamein_International_Airport
None,https://en.wikipedia.org/wiki/Hazret_Sultan_International_Airport
ALG,https://en.wikipedia.org/wiki/Houari_Boumediene_Airport
KBL,https://en.wikipedia.org/wiki/Kabul_International_Airport
None,https://en.wikipedia.org/wiki/Koltsovo_Airport
KNO,https://en.wikipedia.org/wiki/Kualanamu_International_Airport
KUT,https://en.wikipedia.org/wiki/Kutaisi_International_Airport
LEJ,https://en.wikipedia.org/wiki/Leipzig/Halle_Airport
FRU,https://en.wikipedia.org/wiki/Manas_International_Airport
MSQ,https://en.wikipedia.org/wiki/Minsk_National_Airport
DME,https://en.wikipedia.org/wiki/Moscow_Domodedovo_Airport
JMK,https://en.wikipedia.org/wiki/Mykonos_Airport
NUE,https://en.wikipedia.org/wiki/Nuremberg_Airport
NQZ,https://en.wikipedia.org/wiki/Nursultan_Nazarbayev_International_Airport
ZYL,https://en.wikipedia.org/wiki/Osmani_International_Airport
PZU,https://en.wikipedia.org/wiki/Port_Sudan_New_International_Airport
ELQ,https://en.wikipedia.org/wiki/Prince_Naif_bin_Abdulaziz_International_Airport
GBB,https://en.wikipedia.org/wiki/Qabala_International_Airport
SLL,https://en.wikipedia.org/wiki/Salalah_International_Airport
SKD,https://en.wikipedia.org/wiki/Samarkand_International_Airport
CGP,https://en.wikipedia.org/wiki/Shah_Amanat_International_Airport
None,https://en.wikipedia.org/wiki/Shahjalal_International_Airport
SKT,https://en.wikipedia.org/wiki/Sialkot_International_Airport
HMB,https://en.wikipedia.org/wiki/Sohag_International_Airport
TBS,https://en.wikipedia.org/wiki/Tbilisi_International_Airport
TZX,https://en.wikipedia.org/wiki/Trabzon_Airport
None,https://en.wikipedia.org/wiki/Trivandrum_International_Airport
MCX,https://en.wikipedia.org/wiki/Uytash_Airport
VKO,https://en.wikipedia.org/wiki/Vnukovo_International_Airport
EVN,https://en.wikipedia.org/wiki/Zvartnots_International_Airport
None,https://en.wikipedia.org/wiki/Z%C3%BCrich_Airport
CAY,https://en.wikipedia.org/wiki/Cayenne_%E2%80%93_F%C3%A9lix_Ebou%C3%A9_Airport
None,https://en.wikipedia.org/wiki/Jose_Maria_Cordova_International_Airport
None,https://en.wikipedia.org/wiki/Madrid_Barajas_Airport
None,https://en.wikipedia.org/wiki/Paris_Orly_Airport
None,https://en.wikipedia.org/wiki/King_Abdul_Aziz_International_Airport
None,https://en.wikipedia.org/wiki/Prince_Mohammad_bin_Abdulaziz_Airport
None,https://en.wikipedia.org/wiki/Quetta_Airport
KDU,https://en.wikipedia.org/wiki/Skardu_International_Airport
None,https://en.wikipedia.org/wiki/Tehran_Imam_Khomeini_International_Airport
JNU,https://en.wikipedia.org/wiki/Juneau_International_Airport
KTN,https://en.wikipedia.org/wiki/Ketchikan_International_Airport
EAT,https://en.wikipedia.org/wiki/Pangborn_Memorial_Airport
None,https://en.wikipedia.org/wiki/Philip_S.W._Goldson_International_Airport
PUW,https://en.wikipedia.org/wiki/Pullman%E2%80%93Moscow_Regional_Airport
SIT,https://en.wikipedia.org/wiki/Sitka_Rocky_Gutierrez_Airport
ALW,https://en.wikipedia.org/wiki/Walla_Walla_Regional_Airport
YKM,https://en.wikipedia.org/wiki/Yakima_Air_Terminal
OUD,https://en.wikipedia.org/wiki/Angads_Airport
DSS,https://en.wikipedia.org/wiki/Blaise_Diagne_International_Airport
None,https://en.wikipedia.org/wiki/Bordeaux_Airport
BES,https://en.wikipedia.org/wiki/Brest_Bretagne_Airport
CRL,https://en.wikipedia.org/wiki/Brussels_South_Charleroi_Airport
OTP,https://en.wikipedia.org/wiki/Bucharest_Henri_Coand%C4%83_International_Airport
None,https://en.wikipedia.org/wiki/Bucharest_Otopeni_Airport
VXE,https://en.wikipedia.org/wiki/Ces%C3%A1ria_%C3%89vora_Airport
XCR,https://en.wikipedia.org/wiki/Ch%C3%A2lons_Vatry_Airport
None,https://en.wikipedia.org/wiki/Ciampino%E2%80%93G._B._Pastine_International_Airport
VIL,https://en.wikipedia.org/wiki/Dakhla_Airport
DLE,https://en.wikipedia.org/wiki/Dole%E2%80%93Jura_Airport
None,https://en.wikipedia.org/wiki/EuroAirport_Basel%E2%80%93Mulhouse%E2%80%93Freiburg
None,https://en.wikipedia.org/wiki/Fes%E2%80%93Sa%C3%AFss_Airport
None,https://en.wikipedia.org/wiki/Frankfurt%E2%80%93Hahn_Airport
FEZ,https://en.wikipedia.org/wiki/F%C3%A8s%E2%80%93Sa%C3%AFs_Airport
None,https://en.wikipedia.org/wiki/La_Rochelle_Airport
LIL,https://en.wikipedia.org/wiki/Lille_Airport
None,https://en.wikipedia.org/wiki/Limoges_Airport
SEN,https://en.wikipedia.org/wiki/London_Southend_Airport
ERH,https://en.wikipedia.org/wiki/Moulay_Ali_Cherif_Airport
RAI,https://en.wikipedia.org/wiki/Nelson_Mandela_International_Airport
FNI,https://en.wikipedia.org/wiki/N%C3%AEmes%E2%80%93Al%C3%A8s%E2%80%93Camargue%E2%80%93C%C3%A9vennes_Airport
PGF,https://en.wikipedia.org/wiki/Perpignan%E2%80%93Rivesaltes_Airport
None,https://en.wikipedia.org/wiki/Prince_Mohammad_Bin_Abdulaziz_Airport
RNS,https://en.wikipedia.org/wiki/Rennes%E2%80%93Saint-Jacques_Airport
RTM,https://en.wikipedia.org/wiki/Rotterdam_The_Hague_Airport
TTU,https://en.wikipedia.org/wiki/Sania_Ramel_Airport
SDR,https://en.wikipedia.org/wiki/Santander_Airport
SXB,https://en.wikipedia.org/wiki/Strasbourg_Airport
TNG,https://en.wikipedia.org/wiki/Tangier_Ibn_Battouta_Airport
TFN,https://en.wikipedia.org/wiki/Tenerife_North%E2%80%93Ciudad_de_La_Laguna_Airport
TUF,https://en.wikipedia.org/wiki/Tours_Val_de_Loire_Airport
NRN,https://en.wikipedia.org/wiki/Weeze_Airport
ZAZ,https://en.wikipedia.org/wiki/Zaragoza_Airport
None,https://en.wikipedia.org/wiki/Awang_Airport
BCD,https://en.wikipedia.org/wiki/Bacolod%E2%80%93Silay_Airport
BXU,https://en.wikipedia.org/wiki/Bancasi_Airport
BSO,https://en.wikipedia.org/wiki/Basco_Airport
DRP,https://en.wikipedia.org/wiki/Bicol_International_Airport
CYP,https://en.wikipedia.org/wiki/Calbayog_Airport
CRM,https://en.wikipedia.org/wiki/Catarman_National_Airport
CYZ,https://en.wikipedia.org/wiki/Cauayan_Airport
TAC,https://en.wikipedia.org/wiki/Daniel_Z._Romualdez_Airport
DPL,https://en.wikipedia.org/wiki/Dipolog_Airport
ENI,https://en.wikipedia.org/wiki/El_Nido_Airport
None,https://en.wikipedia.org/wiki/Evelio_Javier_Airport
USU,https://en.wikipedia.org/wiki/Francisco_B._Reyes_Airport
DVO,https://en.wikipedia.org/wiki/Francisco_Bangoy_International_Airport
GES,https://en.wikipedia.org/wiki/General_Santos_International_Airport
ILO,https://en.wikipedia.org/wiki/Iloilo_International_Airport
OZC,https://en.wikipedia.org/wiki/Labo_Airport
CGY,https://en.wikipedia.org/wiki/Laguindingan_Airport
LAO,https://en.wikipedia.org/wiki/Laoag_International_Airport
WNP,https://en.wikipedia.org/wiki/Naga_Airport
PAG,https://en.wikipedia.org/wiki/Pagadian_Airport
POM,https://en.wikipedia.org/wiki/Port_Moresby_International_Airport
RXS,https://en.wikipedia.org/wiki/Roxas_Airport
SJI,https://en.wikipedia.org/wiki/San_Jose_Airport_(Mindoro)
IAO,https://en.wikipedia.org/wiki/Sayak_Airport
DGT,https://en.wikipedia.org/wiki/Sibulan_Airport
TUG,https://en.wikipedia.org/wiki/Tuguegarao_Airport
VRC,https://en.wikipedia.org/wiki/Virac_Airport
YNY,https://en.wikipedia.org/wiki/Yangyang_International_Airport
ZAM,https://en.wikipedia.org/wiki/Zamboanga_International_Airport
None,https://en.wikipedia.org/wiki/Moncton_International_Airport
YZV,https://en.wikipedia.org/wiki/Sept-%C3%8Eles_Airport
CUK,https://en.wikipedia.org/wiki/Caye_Caulker_Airport
CYC,https://en.wikipedia.org/wiki/Caye_Chapel_Airport
CZH,https://en.wikipedia.org/wiki/Corozal_Airport
DGA,https://en.wikipedia.org/wiki/Dangriga_Airport
SPR,https://en.wikipedia.org/wiki/John_Greif_II_Airport
PLJ,https://en.wikipedia.org/wiki/Placencia_Airport
PND,https://en.wikipedia.org/wiki/Punta_Gorda_Airport_(Belize)
None,https://en.wikipedia.org/wiki/San_Pedro_Airport
None,https://en.wikipedia.org/wiki/Agadir-Al_Massira_Airport
LEI,https://en.wikipedia.org/wiki/Almer%C3%ADa_Airport
BVE,https://en.wikipedia.org/wiki/Brive%E2%80%93Souillac_Airport
None,https://en.wikipedia.org/wiki/Cancun_Airport
CCF,https://en.wikipedia.org/wiki/Carcassonne_Airport
CDT,https://en.wikipedia.org/wiki/Castell%C3%B3n%E2%80%93Costa_Azahar_Airport
CFE,https://en.wikipedia.org/wiki/Clermont-Ferrand_Auvergne_Airport
None,https://en.wikipedia.org/wiki/Copernicus_Airport_Wroc%C5%82aw
DJE,https://en.wikipedia.org/wiki/Djerba%E2%80%93Zarzis_International_Airport
None,https://en.wikipedia.org/wiki/Falcone_Borsellino_Airport
None,https://en.wikipedia.org/wiki/Josep_Tarradellas_Barcelona-El_Prat_Airport
FKB,https://en.wikipedia.org/wiki/Karlsruhe/Baden-Baden_Airport
None,https://en.wikipedia.org/wiki/La_Rochelle_%E2%80%93_%C3%8Ele_de_R%C3%A9_Airport
None,https://en.wikipedia.org/wiki/Lyon-Saint_Exup%C3%A9ry_Airport
MST,https://en.wikipedia.org/wiki/Maastricht_Aachen_Airport
None,https://en.wikipedia.org/wiki/Marrakech_Airport
FMM,https://en.wikipedia.org/wiki/Memmingen_Airport
BGY,https://en.wikipedia.org/wiki/Milan_Bergamo_Airport
MIR,https://en.wikipedia.org/wiki/Monastir_Habib_Bourguiba_International_Airport
NDR,https://en.wikipedia.org/wiki/Nador_International_Airport
None,https://en.wikipedia.org/wiki/Nikola_Tesla_International_Airport
None,https://en.wikipedia.org/wiki/Olbia_Airport
None,https://en.wikipedia.org/wiki/Ponta_Delgada_Airport
PXO,https://en.wikipedia.org/wiki/Porto_Santo_Airport
RMU,https://en.wikipedia.org/wiki/Regi%C3%B3n_de_Murcia_International_Airport
None,https://en.wikipedia.org/wiki/Riga_Airport
RDZ,https://en.wikipedia.org/wiki/Rodez%E2%80%93Aveyron_Airport
None,https://en.wikipedia.org/wiki/Sal_Airport
None,https://en.wikipedia.org/wiki/Trapani_Airport
None,https://en.wikipedia.org/wiki/Verona_Airport
