"iata","icao","latitude","longitude","name","wikipedia_url","outdegree"
"ABR","KABR","45.448330","-98.422780","Aberdeen, South Dakota","https://en.wikipedia.org/wiki/Aberdeen_Regional_Airport",0
"ABS","HEBL","22.375917","31.611639","Abu Simbel , Egypt","https://en.wikipedia.org/wiki/Abu_Simbel_Airport",2
"ABT","OEBA","20.296110","41.634170","Al-Bahah","https://en.wikipedia.org/wiki/Al-Baha_Domestic_Airport",3
"ABV","DNAA","9.006670","7.263060","Abuja","https://en.wikipedia.org/wiki/Nnamdi_Azikiwe_International_Airport",48
"ABX","YMAY","-36.068330","146.958330","Albury Wodonga","https://en.wikipedia.org/wiki/Albury_Airport",3
"ABY","KABY","31.535560","-84.194440","Albany, Georgia","https://en.wikipedia.org/wiki/Southwest_Georgia_Regional_Airport",0
"ABZ","EGPD","57.202500","-2.198060","Aberdeen","https://en.wikipedia.org/wiki/Aberdeen_Airport",30
"ACA","MMAA","16.756028","-99.751611","Acapulco , Guerrero , Mexico","https://en.wikipedia.org/wiki/Acapulco_International_Airport",9
"ACC","DGAA","5.604667","-0.167389","Accra , Greater Accra","https://en.wikipedia.org/wiki/Kotoka_International_Airport",37
"ACD","SKAD","8.500000","-77.274440","","https://en.wikipedia.org/wiki/Alcides_Fern%C3%A1ndez_Airport",1
"ACE","GCRR","28.945560","-13.605280","Lanzarote","https://en.wikipedia.org/wiki/Lanzarote_Airport",105
"ACF","ZWAL","40.430000","81.270000","Aral , Xinjiang , China","https://en.wikipedia.org/wiki/Aral_Talim_Airport",16
"ACH","LSZR","47.485528","9.561111","St. Gallen , Switzerland Lake Constance Liechtenstein","https://en.wikipedia.org/wiki/St._Gallen%E2%80%93Altenrhein_Airport",14
"ACI","EGJA","49.706670","-2.214440","Alderney","https://en.wikipedia.org/wiki/Alderney_Airport",0
"ACJ","VCCA","8.301670","80.428610","","https://en.wikipedia.org/wiki/Anuradhapura_Airport",2
"ACK","KACK","41.252889","-70.059000","Reliant Air [ a ]","https://en.wikipedia.org/wiki/Nantucket_Memorial_Airport",14
"ACP","OITM","37.347972","46.127889","Bonab , East Azerbaijan","https://en.wikipedia.org/wiki/Sahand_Airport",1
"ACR","SKAC","-0.600830","-72.398060","Araracuara , Colombia","https://en.wikipedia.org/wiki/Araracuara_Airport",2
"ACV","KACV","40.977780","-124.108330","Humboldt County, California","https://en.wikipedia.org/wiki/Arcata%E2%80%93Eureka_Airport",0
"ACX","ZUYI","25.088330","104.958610","Xingyi, Guizhou , China","https://en.wikipedia.org/wiki/Xingyi_Wanfenglin_Airport",24
"ACY","KACY","39.457500","-74.577220","Global Crossing Airlines","https://en.wikipedia.org/wiki/Atlantic_City_International_Airport",0
"ACZ","OIZB","31.098330","61.543890","","https://en.wikipedia.org/wiki/Zabol_Airport",2
"ADD","HAAB","8.977780","38.799440","Addis Ababa , Ethiopia","https://en.wikipedia.org/wiki/Addis_Ababa_Bole_International_Airport",152
"ADE","OYAA","12.829440","45.028890","Aden","https://en.wikipedia.org/wiki/Aden_International_Airport",15
"ADF","LTCP","37.731670","38.468890","Adıyaman","https://en.wikipedia.org/wiki/Ad%C4%B1yaman_Airport",3
"ADK","PADK","51.878060","-176.646110","Adak Island , Alaska","https://en.wikipedia.org/wiki/Adak_Airport",0
"ADL","YPAD","-34.945000","138.530560","Qantas","https://en.wikipedia.org/wiki/Adelaide_Airport",38
"ADQ","PADQ","57.749720","-152.493890","Kodiak, Alaska","https://en.wikipedia.org/wiki/Kodiak_Airport",0
"ADU","OITL","38.325560","48.424170","Ardabil","https://en.wikipedia.org/wiki/Ardabil_Airport",5
"ADZ","SKSP","12.583330","-81.711110","","https://en.wikipedia.org/wiki/Gustavo_Rojas_Pinilla_International_Airport",8
"AEA","NGTB","0.490830","173.828610","Abemama","https://en.wikipedia.org/wiki/Abemama_Airport",1
"AEB","ZGBS","23.719440","106.959170","Baise , Guangxi","https://en.wikipedia.org/wiki/Baise_Bama_Airport",4
"AEP","SABE","-34.558890","-58.416390","Buenos Aires , Argentina","https://en.wikipedia.org/wiki/Aeroparque_Jorge_Newbery",60
"AER","URSS","43.450000","39.956670","Sochi , Krasnodar Krai , Russia","https://en.wikipedia.org/wiki/Sochi_International_Airport",101
"AES","ENAL","62.562500","6.119720","Ålesund , Norway","https://en.wikipedia.org/wiki/%C3%85lesund_Airport,_Vigra",11
"AET","PFAL","66.551940","-152.622220","Allakaket, Alaska","https://en.wikipedia.org/wiki/Allakaket_Airport",3
"AEU","OIBA","25.875560","55.032780","Abu Musa , Hormozgan","https://en.wikipedia.org/wiki/Abu_Musa_Airport",1
"AEX","KAEX","31.327500","-92.548610","Alexandria, Louisiana","https://en.wikipedia.org/wiki/Alexandria_International_Airport_(Louisiana)",0
"AEY","BIAR","65.661110","-18.072220","Akureyri and Norðurland eystra , Iceland","https://en.wikipedia.org/wiki/Akureyri_Airport",9
"AFA","SAMR","-34.588060","-68.402780","San Rafael , Argentina","https://en.wikipedia.org/wiki/San_Rafael_Airport_(Argentina)",1
"AFE","PAFE","56.961390","-133.910280","Kake, Alaska","https://en.wikipedia.org/wiki/Kake_Airport",0
"AFL","SBAT","-9.866390","-56.105000","Alta Floresta","https://en.wikipedia.org/wiki/Alta_Floresta_Airport",1
"AFZ","OIMS","36.168083","57.595183","Sabzevar , Razavi Khorasan","https://en.wikipedia.org/wiki/Sabzevar_Airport",1
"AGA","GMAD","30.325000","-9.413060","Agadir , Souss-Massa , Morocco","https://en.wikipedia.org/wiki/Agadir%E2%80%93Al_Massira_Airport",68
"AGM","BGAM","65.612220","-37.618330","Tasiilaq , Greenland","https://en.wikipedia.org/wiki/Tasiilaq_Heliport",5
"AGN","PAGN","57.503610","-134.585000","Angoon, Alaska","https://en.wikipedia.org/wiki/Angoon_Seaplane_Base",1
"AGP","LEMG","36.675000","-4.499170","Málaga and the Costa del Sol","https://en.wikipedia.org/wiki/M%C3%A1laga_Airport",175
"AGR","VIAG","27.161831","77.970726","Agra","https://en.wikipedia.org/wiki/Agra_Airport",4
"AGS","KAGS","33.370000","-81.964440","Augusta, Georgia","https://en.wikipedia.org/wiki/Augusta_Regional_Airport",0
"AGT","SGES","-25.455560","-54.843610","Ciudad del Este","https://en.wikipedia.org/wiki/Guaran%C3%AD_International_Airport",1
"AGU","MMAS","21.705560","-102.317780","Aguascalientes , Aguascalientes , Mexico","https://en.wikipedia.org/wiki/Aguascalientes_International_Airport",10
"AGV","SVAC","9.553330","-69.237500","Acarigua , Venezuela","https://en.wikipedia.org/wiki/Oswaldo_Guevara_Mujica_Airport",2
"AGX","VOAT","10.828060","72.178890","Lakshadweep","https://en.wikipedia.org/wiki/Agatti_Airport",4
"AHB","OEAB","18.240280","42.656670","Abha / Khamis Mushait","https://en.wikipedia.org/wiki/Abha_International_Airport",19
"AHI","WAPA","-3.333330","128.916670","Amahai Masohi [ 1 ]","https://en.wikipedia.org/wiki/Amahai_Airport",2
"AHO","LIEA","40.631110","8.288610","Alghero","https://en.wikipedia.org/wiki/Alghero%E2%80%93Fertilia_Airport",33
"AHU","GMTA","35.176940","-3.839440","Al Hoceima , Morocco","https://en.wikipedia.org/wiki/Cherif_Al_Idrissi_Airport",8
"AIA","KAIA","42.053330","-102.803890","Alliance, Nebraska","https://en.wikipedia.org/wiki/Alliance_Municipal_Airport",0
"AIP","VIAX","31.433060","75.760560","Jalandhar , Hoshiarpur","https://en.wikipedia.org/wiki/Adampur_Airport",3
"AIR","SSOU","-10.185560","-59.457780","Aripuanã","https://en.wikipedia.org/wiki/Aripuan%C3%A3_Airport",2
"AIT","NCAI","-18.830830","-159.764170","Aitutaki","https://en.wikipedia.org/wiki/Aitutaki_Airport",2
"AIU","NCAT","-19.967780","-158.120000","","https://en.wikipedia.org/wiki/Enua_Airport",2
"AJA","LFKJ","41.923890","8.802500","Ajaccio , France","https://en.wikipedia.org/wiki/Ajaccio_Napoleon_Bonaparte_Airport",29
"AJI","LTCO","39.654440","43.027220","","https://en.wikipedia.org/wiki/A%C4%9Fr%C4%B1_Airport",4
"AJK","OIHR","34.138060","49.847220","Arak , Markazi","https://en.wikipedia.org/wiki/Arak_Airport",1
"AJL","VELP","23.838442","92.620358","Aizawl","https://en.wikipedia.org/wiki/Lengpui_Airport",8
"AJN","FMCV","-12.131670","44.430280","","https://en.wikipedia.org/wiki/Ouani_Airport",2
"AJR","ESNX","65.590280","19.281940","","https://en.wikipedia.org/wiki/Arvidsjaur_Airport",8
"AJY","DRZA","16.965997","8.000114","","https://en.wikipedia.org/wiki/Mano_Dayak_International_Airport",1
"AKA","ZLAK","32.756944","108.874530","Ankang , Shaanxi , China","https://en.wikipedia.org/wiki/Ankang_Fuqiang_Airport",10
"AKB","PAAK","52.220560","-174.206110","Atka, Alaska","https://en.wikipedia.org/wiki/Atka_Airport",1
"AKF","HLKF","24.177780","23.313890","Al Jawf, Libya","https://en.wikipedia.org/wiki/Kufra_Airport",0
"AKJ","RJEC","43.670830","142.447500","Asahikawa , Hokkaidō , Japan","https://en.wikipedia.org/wiki/Asahikawa_Airport",6
"AKL","NZAA","-37.008060","174.791670","Qantas","https://en.wikipedia.org/wiki/Auckland_Airport",65
"AKN","PAKN","58.676390","-156.648610","King Salmon, Alaska","https://en.wikipedia.org/wiki/King_Salmon_Airport",0
"AKP","PAKP","68.133610","-151.743330","Anaktuvuk Pass, Alaska","https://en.wikipedia.org/wiki/Anaktuvuk_Pass_Airport",0
"AKR","DNAK","7.248610","5.301390","","https://en.wikipedia.org/wiki/Akure_Airport",2
"AKS","AGGA","-8.697780","160.680830","","https://en.wikipedia.org/wiki/Auki_Gwaunaru%27u_Airport",2
"AKU","ZWAK","41.262500","80.291670","Aksu , Xinjiang","https://en.wikipedia.org/wiki/Aksu_Hongqipo_Airport",33
"AKV","CYKO","60.818610","-78.148610","","https://en.wikipedia.org/wiki/Akulivik_Airport",0
"AKW","OIAG","30.744440","49.676940","","https://en.wikipedia.org/wiki/Aghajari_Airport",2
"AKX","UATT","50.245830","57.206670","Aktobe","https://en.wikipedia.org/wiki/Aktobe_International_Airport",14
"AKY","VYSW","20.132780","92.872500","","https://en.wikipedia.org/wiki/Sittwe_Airport",4
"ALA","UAAA","43.355280","77.044720","SCAT Airlines","https://en.wikipedia.org/wiki/Almaty_International_Airport",79
"ALB","KALB","42.749170","-73.801940","Capital District Mohawk Valley Upper Hudson Valley Southern Adirondacks Catskills Western New England","https://en.wikipedia.org/wiki/Albany_International_Airport",0
"ALC","LEAL","38.282220","-0.558060","easyJet Norwegian Air Shuttle Ryanair Vueling","https://en.wikipedia.org/wiki/Alicante%E2%80%93Elche_Miguel_Hern%C3%A1ndez_Airport",152
"ALF","ENAT","69.976110","23.371670","Alta , Norway","https://en.wikipedia.org/wiki/Alta_Airport",13
"ALG","DAAG","","","Algiers","https://en.wikipedia.org/wiki/Houari_Boumediene_Airport",93
"ALH","YABA","-34.943330","117.808890","Albany, Western Australia , Australia","https://en.wikipedia.org/wiki/Albany_Airport_(Western_Australia)",1
"ALO","KALO","42.556940","-92.400280","Waterloo, Iowa","https://en.wikipedia.org/wiki/Waterloo_Regional_Airport",0
"ALP","OSAP","36.180560","37.224170","Aleppo , Syria","https://en.wikipedia.org/wiki/Aleppo_International_Airport",7
"ALS","KALS","37.435000","-105.866390","San Luis Valley , Southern Colorado, Northern New Mexico","https://en.wikipedia.org/wiki/San_Luis_Valley_Regional_Airport",0
"AMA","KAMA","35.219440","-101.705830","Amarillo, Texas","https://en.wikipedia.org/wiki/Rick_Husband_Amarillo_International_Airport",0
"AMD","VAAH","23.077220","72.634720","Air India","https://en.wikipedia.org/wiki/Ahmedabad_Airport",62
"AMH","HAAM","6.039720","37.590280","Arba Minch , Ethiopia","https://en.wikipedia.org/wiki/Arba_Minch_Airport",1
"AMM","OJAI","31.722500","35.993330","Amman","https://en.wikipedia.org/wiki/Queen_Alia_International_Airport",100
"AMQ","WAPP","-3.710264","128.089136","Ambon","https://en.wikipedia.org/wiki/Pattimura_Airport",15
"AMS","EHAM","52.300000","4.765000","Greater Amsterdam","https://en.wikipedia.org/wiki/Amsterdam_Airport_Schiphol",300
"ANA","DNAN","6.270260","6.877610","Onitsha Awka Nnewi Ekwulobia Ihiala Otuocha Anambra","https://en.wikipedia.org/wiki/Anambra_International_Cargo_Airport",2
"ANC","PANC","61.174170","-149.998330","Anchorage metropolitan area","https://en.wikipedia.org/wiki/Ted_Stevens_Anchorage_International_Airport",53
"ANF","SCFA","-23.444440","-70.445000","Antofagasta , Chile","https://en.wikipedia.org/wiki/Andr%C3%A9s_Sabella_G%C3%A1lvez_International_Airport",5
"ANI","PANI","61.581670","-159.543060","Aniak, Alaska","https://en.wikipedia.org/wiki/Aniak_Airport",0
"ANR","EBAW","51.189440","4.460280","TUI fly Belgium","https://en.wikipedia.org/wiki/Antwerp_International_Airport",10
"ANU","TAPA","17.136670","-61.793060","St. John's, Antigua and Barbuda","https://en.wikipedia.org/wiki/V._C._Bird_International_Airport",36
"AOE","LTBY","39.810000","30.519440","Eskişehir","https://en.wikipedia.org/wiki/Hasan_Polatkan_Airport",2
"AOG","ZYAS","41.104720","122.855830","Anshan , Liaoning","https://en.wikipedia.org/wiki/Anshan_Teng%27ao_Airport",2
"AOI","LIPY","43.616110","13.362220","Ancona , Italy","https://en.wikipedia.org/wiki/Marche_Airport",14
"AOJ","RJSA","40.733330","140.688610","Aomori , Northern Tōhoku region","https://en.wikipedia.org/wiki/Aomori_Airport",7
"AOK","LGKP","35.420560","27.146670","","https://en.wikipedia.org/wiki/Karpathos_Island_National_Airport",23
"AOO","KAOO","40.296390","-78.320000","Altoona, Pennsylvania","https://en.wikipedia.org/wiki/Altoona%E2%80%93Blair_County_Airport",0
"AOQ","BGAG","72.886940","-55.596110","Aappilattoq , Greenland","https://en.wikipedia.org/wiki/Aappilattoq_Heliport_(Avannaata)",1
"AOR","WMKA","6.194440","100.400830","Alor Setar","https://en.wikipedia.org/wiki/Sultan_Abdul_Halim_Airport",3
"APF","KAPF","26.152500","-81.775560","Naples, Florida , U.S.","https://en.wikipedia.org/wiki/Naples_Airport_(Florida)",0
"APL","FQNP","-15.105611","39.281800","Nampula","https://en.wikipedia.org/wiki/Nampula_Airport",9
"APN","KAPN","45.078060","-83.560280","18,400","https://en.wikipedia.org/wiki/Alpena_County_Regional_Airport",1
"APW","NSFA","-13.829720","-172.008330","Apia , Upolu Island , Samoa","https://en.wikipedia.org/wiki/Faleolo_International_Airport",6
"AQA","SBAQ","-21.811940","-48.133060","Araraquara","https://en.wikipedia.org/wiki/Araraquara_Airport",1
"AQG","ZSAQ","30.582220","117.050280","","https://en.wikipedia.org/wiki/Anqing_Tianzhushan_Airport",7
"AQI","OEPA","28.335222","46.124944","Qaisumah , Hafar al-Batin","https://en.wikipedia.org/wiki/Al_Qaisumah/Hafr_Al_Batin_Airport",5
"AQJ","OJAQ","29.611619","35.018067","Royal Jordanian","https://en.wikipedia.org/wiki/King_Hussein_International_Airport",3
"AQP","SPQU","-16.340280","-71.566670","LATAM Perú","https://en.wikipedia.org/wiki/Rodr%C3%ADguez_Ball%C3%B3n_International_Airport",2
"ARC","PARC","68.114720","-145.579440","Arctic Village, Alaska","https://en.wikipedia.org/wiki/Arctic_Village_Airport",0
"ARD","WATM","-8.131670","124.597500","","https://en.wikipedia.org/wiki/Alor_Island_Airport",1
"ARH","ULAA","64.600000","40.716670","Arkhangelsk","https://en.wikipedia.org/wiki/Talagi_Airport",8
"ARI","SCAR","-18.348610","-70.338890","Arica , Arica y Parinacota Region , Chile","https://en.wikipedia.org/wiki/Chacalluta_International_Airport",5
"ARK","HTAR","-3.366670","36.621940","","https://en.wikipedia.org/wiki/Arusha_Airport",14
"ARM","YARM","-30.528330","151.616670","Armidale , New South Wales , Australia","https://en.wikipedia.org/wiki/Armidale_Airport",2
"ARN","ESSA","59.651940","17.918610","Metropolitan Stockholm","https://en.wikipedia.org/wiki/Stockholm_Arlanda_Airport",206
"ART","KART","43.991940","-76.020560","Watertown, New York","https://en.wikipedia.org/wiki/Watertown_International_Airport",0
"ARU","SBAU","-21.144170","-50.426390","Araçatuba","https://en.wikipedia.org/wiki/Ara%C3%A7atuba_Airport",4
"ARW","LRAR","46.176670","21.261940","Arad , Romania","https://en.wikipedia.org/wiki/Arad_International_Airport",1
"ASB","UTAA","37.986940","58.360830","Ashgabat , Arkadag , Änew","https://en.wikipedia.org/wiki/A%C5%9Fgabat_International_Airport",24
"ASF","URWA","46.283330","48.006278","Astrakhan","https://en.wikipedia.org/wiki/Narimanovo_Airport",7
"ASI","FHAW","-7.969440","-14.393890","","https://en.wikipedia.org/wiki/RAF_Ascension_Island",3
"ASJ","RJKA","28.430830","129.712500","Amami Ōshima (Amami Island), Japan","https://en.wikipedia.org/wiki/Amami_Airport",11
"ASM","HHAS","15.291853","38.910667","Asmara , Eritrea","https://en.wikipedia.org/wiki/Asmara_International_Airport",5
"ASO","HASO","10.018330","34.586110","Asosa , Ethiopia","https://en.wikipedia.org/wiki/Asosa_Airport",1
"ASP","YBAS","-23.806940","133.902220","Alice Springs, Northern Territory","https://en.wikipedia.org/wiki/Alice_Springs_Airport",12
"ASR","LTAU","38.770280","35.495280","Kayseri , Turkey","https://en.wikipedia.org/wiki/Erkilet_International_Airport",24
"ASU","SGAS","-25.239720","-57.519170","Asunción","https://en.wikipedia.org/wiki/Silvio_Pettirossi_International_Airport",21
"ASV","HKAM","-2.642220","37.250000","Amboseli, Kenya","https://en.wikipedia.org/wiki/Amboseli_Airport",2
"ASW","HESN","23.964170","32.819720","Aswan , Egypt","https://en.wikipedia.org/wiki/Aswan_International_Airport",2
"ATD","AGAT","-8.873330","161.011390","","https://en.wikipedia.org/wiki/Uru_Harbour_Airport",0
"ATH","LGAV","37.936390","23.947220","Athens","https://en.wikipedia.org/wiki/Athens_International_Airport",188
"ATL","KATL","33.636670","-84.428060","Metro Atlanta","https://en.wikipedia.org/wiki/Hartsfield%E2%80%93Jackson_Atlanta_International_Airport",250
"ATM","SBHT","-3.250830","-52.252220","Altamira","https://en.wikipedia.org/wiki/Altamira_Airport",1
"ATQ","VIAR","31.707780","74.799170","Air India Alliance Air","https://en.wikipedia.org/wiki/Sri_Guru_Ram_Das_Ji_International_Airport",21
"ATW","KATW","44.258060","-88.519170","Appleton, Wisconsin / Fox Cities","https://en.wikipedia.org/wiki/Appleton_International_Airport",22
"ATY","KATY","44.913890","-97.154720","Watertown, South Dakota , U.S.","https://en.wikipedia.org/wiki/Watertown_Regional_Airport",3
"ATZ","HEAT","27.046390","31.011940","Assiut (or Asyut), Egypt","https://en.wikipedia.org/wiki/Assiut_Airport",8
"AUA","TNCA","12.501390","-70.015280","Aerosucre","https://en.wikipedia.org/wiki/Queen_Beatrix_International_Airport",35
"AUC","SKUC","7.068610","-70.734720","Arauca , Colombia","https://en.wikipedia.org/wiki/Santiago_P%C3%A9rez_Quiroz_Airport",4
"AUE","NONE","28.900000","33.200000","Abu Rudeis","https://en.wikipedia.org/wiki/Abu_Rudeis_Airport",1
"AUH","OMAA","24.433060","54.651110","Abu Dhabi","https://en.wikipedia.org/wiki/Zayed_International_Airport",163
"AUU","YAUR","-13.356333","141.720917","","https://en.wikipedia.org/wiki/Aurukun_Airport",3
"AUY","NVVA","-20.249170","169.771390","Anatom (Aneityum), Taféa , Vanuatu","https://en.wikipedia.org/wiki/Anatom_Airport",2
"AVA","ZUAS","26.260560","105.873060","","https://en.wikipedia.org/wiki/Anshun_Huangguoshu_Airport",2
"AVL","KAVL","35.436110","-82.541670","Asheville, North Carolina","https://en.wikipedia.org/wiki/Asheville_Regional_Airport",27
"AVP","KAVP","41.338330","-75.723330","Wilkes-Barre – Scranton - Wyoming Valley","https://en.wikipedia.org/wiki/Wilkes-Barre/Scranton_International_Airport",7
"AVT","VAAM","20.813330","77.717780","Amravati","https://en.wikipedia.org/wiki/Amravati_Airport",1
"AVV","YMAV","-38.040560","144.470830","Melbourne Geelong","https://en.wikipedia.org/wiki/Avalon_Airport",0
"AWB","AYAW","-8.014330","142.751000","","https://en.wikipedia.org/wiki/Awaba_Airport",2
"AWZ","OIAW","31.337500","48.761940","Ahvaz , Khuzestan","https://en.wikipedia.org/wiki/Qasem_Soleimani_International_Airport",25
"AXA","TQPF","18.204720","-63.055000","The Valley (capital)","https://en.wikipedia.org/wiki/Clayton_J._Lloyd_International_Airport",39
"AXD","LGAL","40.855869","25.956264","Alexandroupoli","https://en.wikipedia.org/wiki/Alexandroupoli_Airport",4
"AXF","ZBAL","38.748310","105.588580","Bayanhot , Alxa Left Banner , Inner Mongolia , China","https://en.wikipedia.org/wiki/Alxa_Left_Banner_Bayanhot_Airport",1
"AXJ","RJDA","32.482220","130.158890","Amakusa","https://en.wikipedia.org/wiki/Amakusa_Airfield",2
"AXM","SKAR","4.452780","-75.766110","Armenia, Colombia","https://en.wikipedia.org/wiki/El_Ed%C3%A9n_International_Airport",3
"AXP","MYAP","22.441940","-73.970830","Spring Point , Acklins Island , Bahamas","https://en.wikipedia.org/wiki/Spring_Point_Airport",2
"AXT","RJSK","39.615560","140.218610","Akita, Akita , Japan","https://en.wikipedia.org/wiki/Akita_Airport",8
"AXU","HAAX","14.136940","38.776110","Axum , Ethiopia","https://en.wikipedia.org/wiki/Axum_Airport",4
"AXX","KAXX","36.422000","-105.289905","Angel Fire, New Mexico , US","https://en.wikipedia.org/wiki/Angel_Fire_Airport",1
"AYJ","VEAY","26.748034","82.150781","Ayodhya , Faizabad","https://en.wikipedia.org/wiki/Ayodhya_Airport",9
"AYN","ZHAY","36.133890","114.343890","Anyang , Henan , China","https://en.wikipedia.org/wiki/Anyang_Airport",0
"AYP","SPHO","-13.154170","-74.204170","","https://en.wikipedia.org/wiki/Coronel_FAP_Alfredo_Mend%C3%ADvil_Duarte_Airport",2
"AYT","LTAI","36.900280","30.792780","Turkish Airlines","https://en.wikipedia.org/wiki/Antalya_Airport",234
"AYW","WASA","-1.159720","132.465280","","https://en.wikipedia.org/wiki/Ayawasi_Airport",0
"AYX","SPAY","-10.729170","-73.766670","Atalaya , Ucayali Region , Peru","https://en.wikipedia.org/wiki/Tnte._Gral._Gerardo_P%C3%A9rez_Pinedo_Airport",1
"AZA","KIWA","33.307780","-111.655560","Phoenix metropolitan area","https://en.wikipedia.org/wiki/Mesa_Gateway_Airport",42
"AZD","OIYY","31.905000","54.276390","Yazd","https://en.wikipedia.org/wiki/Shahid_Sadooghi_Airport",12
"AZH","VEAH","26.153330","83.118330","Azamgarh","https://en.wikipedia.org/wiki/Azamgarh_Airport",1
"AZN","UTFA","40.727780","72.293890","Andizhan","https://en.wikipedia.org/wiki/Andizhan_Airport",5
"AZO","KAZO","42.235000","-85.551940","Kalamazoo / Battle Creek , Michigan","https://en.wikipedia.org/wiki/Kalamazoo/Battle_Creek_International_Airport",2
"AZR","DAUA","","","Adrar , Algeria","https://en.wikipedia.org/wiki/Touat-Cheikh_Sidi_Mohamed_Belkebir_Airport",7
"AZS","MDCY","19.270000","-69.737500","Samaná","https://en.wikipedia.org/wiki/Saman%C3%A1_El_Catey_International_Airport",5
"BAH","OBBI","26.270830","50.633610","Bahrain","https://en.wikipedia.org/wiki/Bahrain_International_Airport",78
"BAL","LTCJ","37.932220","41.116390","Batman, Turkey","https://en.wikipedia.org/wiki/Batman_Airport",3
"BAQ","SKBQ","10.889440","-74.780560","Aerosucre Avianca","https://en.wikipedia.org/wiki/Ernesto_Cortissoz_International_Airport",17
"BAR","ZJQH","19.140560","110.458890","Qionghai , Hainan","https://en.wikipedia.org/wiki/Qionghai_Bo%27ao_International_Airport",7
"BAS","AGGE","-6.992500","155.888330","Among other centres, Nila rural training centre -Shortland Island","https://en.wikipedia.org/wiki/Balalae_Airport",3
"BAT","SNBA","-20.585560","-48.595830","Barretos","https://en.wikipedia.org/wiki/Barretos_Airport",1
"BAV","ZBOW","40.559720","109.996670","Baotou","https://en.wikipedia.org/wiki/Baotou_Donghe_International_Airport",28
"BAX","UNBB","53.363330","83.541670","Barnaul , Altai Krai","https://en.wikipedia.org/wiki/Barnaul_Airport",14
"BAY","LRBM","47.658330","23.466390","Baia Mare , Romania","https://en.wikipedia.org/wiki/Maramure%C8%99_Airport",2
"BBA","SCBA","-45.916110","-71.687500","","https://en.wikipedia.org/wiki/Balmaceda_Airport",3
"BBG","NGTU","3.086390","172.811390","","https://en.wikipedia.org/wiki/Butaritari_Airport",2
"BBI","VEBS","20.244440","85.817780","Bhubaneswar","https://en.wikipedia.org/wiki/Biju_Patnaik_Airport",33
"BBL","YLLE","-27.408330","141.808330","Ballera gas plant , Queensland , Australia","https://en.wikipedia.org/wiki/Ballera_Airport",2
"BBN","WBGZ","3.736940","115.469440","Bario , Sarawak , Malaysia","https://en.wikipedia.org/wiki/Bario_Airport",6
"BBQ","TAPB","17.623559","-61.798421","Barbuda , Antigua and Barbuda","https://en.wikipedia.org/wiki/Burton%E2%80%93Nibbs_International_Airport",3
"BBU","LRBS","44.503610","26.103610","Bucharest","https://en.wikipedia.org/wiki/Bucharest_B%C4%83neasa_Aurel_Vlaicu_International_Airport",12
"BCA","MUBA","20.365280","-74.506110","Baracoa , Guantánamo, Cuba","https://en.wikipedia.org/wiki/Gustavo_Rizo_Airport",1
"BCD","RPVB","10.776390","123.015280","Metro Bacolod","https://en.wikipedia.org/wiki/Bacolod%E2%80%93Silay_Airport",3
"BCH","WPEC","-8.485000","126.398890","Baucau , East Timor","https://en.wikipedia.org/wiki/Baucau_Airport",0
"BCI","YBAR","-23.561583","145.303472","","https://en.wikipedia.org/wiki/Barcaldine_Airport",2
"BCM","LRBC","","","Bacău , Romania","https://en.wikipedia.org/wiki/George_Enescu_International_Airport",12
"BCN","LEBL","41.296940","2.078330","EasyJet Ryanair","https://en.wikipedia.org/wiki/Josep_Tarradellas_Barcelona%E2%80%93El_Prat_Airport",233
"BCT","KBCT","26.378610","-80.107780","Greater Miami","https://en.wikipedia.org/wiki/Boca_Raton_Airport",0
"BCU","DNBC","10.483330","9.744440","Bauchi","https://en.wikipedia.org/wiki/Bauchi_State_Airport",1
"BDA","TXKF","32.364170","-64.678610","Bermuda","https://en.wikipedia.org/wiki/L.F._Wade_International_Airport",23
"BDB","YBUD","-24.903890","152.318610","Bundaberg , Queensland , Australia","https://en.wikipedia.org/wiki/Bundaberg_Airport",2
"BDD","YBAU","-10.150000","142.175000","","https://en.wikipedia.org/wiki/Badu_Island_Airport",0
"BDH","OIBL","26.532000","54.824847","Bandar Lengeh , Iran","https://en.wikipedia.org/wiki/Bandar_Lengeh_Airport",2
"BDI","FSSB","-3.723610","55.206110","","https://en.wikipedia.org/wiki/Bird_Island_Airport",1
"BDJ","WAOO","-3.442220","114.762500","Banjarmasin","https://en.wikipedia.org/wiki/Syamsudin_Noor_Airport",13
"BDL","KBDL","41.939170","-72.683330","State of Connecticut , Western Massachusetts","https://en.wikipedia.org/wiki/Bradley_International_Airport",48
"BDO","WICC","-6.900560","107.576390","West Java (excluding the Jabodetabek area)","https://en.wikipedia.org/wiki/Husein_Sastranegara_Airport",2
"BDP","VNCG","26.570560","88.079440","Bhadrapur, Nepal","https://en.wikipedia.org/wiki/Bhadrapur_Airport",3
"BDQ","VABO","22.329440","73.219440","IndiGo","https://en.wikipedia.org/wiki/Vadodara_Airport",6
"BDS","LIBR","40.657500","17.946940","Ryanair","https://en.wikipedia.org/wiki/Brindisi_Airport",44
"BEB","EGPL","57.481110","-7.362780","Benbecula","https://en.wikipedia.org/wiki/Benbecula_Airport",2
"BEF","MNBL","11.990830","-83.774170","Bluefields , Nicaragua","https://en.wikipedia.org/wiki/Bluefields_Airport",3
"BEG","LYBE","44.819440","20.306940","Belgrade","https://en.wikipedia.org/wiki/Belgrade_Nikola_Tesla_Airport",119
"BEJ","WAQT","2.155280","117.432220","Tanjung Redeb","https://en.wikipedia.org/wiki/Kalimarau_Airport",7
"BEK","VIBY","28.422220","79.450830","Bareilly","https://en.wikipedia.org/wiki/Bareilly_Airport",2
"BEL","SBBE","-1.384720","-48.478890","Belém","https://en.wikipedia.org/wiki/Bel%C3%A9m/Val-de-Cans_International_Airport",29
"BEM","GMMD","32.400000","-6.316670","Beni Mellal","https://en.wikipedia.org/wiki/Beni_Mellal_Airport",3
"BEN","HLLB","32.097220","20.269440","Benghazi , Libya","https://en.wikipedia.org/wiki/Benina_International_Airport",15
"BER","EDDB","52.366670","13.503330","Berlin-Brandenburg Metropolitan Region","https://en.wikipedia.org/wiki/Berlin_Brandenburg_Airport",169
"BES","LFRB","48.447220","-4.421670","Brest, France","https://en.wikipedia.org/wiki/Brest_Bretagne_Airport",37
"BET","PABE","60.778610","-161.837220","Bethel, Alaska","https://en.wikipedia.org/wiki/Bethel_Airport",0
"BEU","YBIE","-24.346110","139.460000","","https://en.wikipedia.org/wiki/Bedourie_Airport",8
"BEW","FQBR","-19.796390","34.907500","Beira","https://en.wikipedia.org/wiki/Beira_Airport",7
"BEY","OLBA","33.821110","35.488330","Beirut , Lebanon","https://en.wikipedia.org/wiki/Beirut%E2%80%93Rafic_Hariri_International_Airport",68
"BFD","KBFD","41.803060","-78.640000","Bradford, Pennsylvania","https://en.wikipedia.org/wiki/Bradford_Regional_Airport",0
"BFF","KBFF","41.873890","-103.595560","Scottsbluff, Nebraska","https://en.wikipedia.org/wiki/Western_Nebraska_Regional_Airport",0
"BFI","KBFI","47.530000","-122.301940","Seattle metropolitan area","https://en.wikipedia.org/wiki/Boeing_Field",5
"BFJ","ZUBJ","27.266670","105.479170","Bijie , Guizhou , China","https://en.wikipedia.org/wiki/Bijie_Feixiong_Airport",9
"BFL","KBFL","35.433890","-119.057780","Greater Bakersfield metropolitan area","https://en.wikipedia.org/wiki/Meadows_Field_Airport",0
"BFS","EGAA","54.657500","-6.215830","easyJet Jet2.com Ryanair [ 1 ] TUI Airways","https://en.wikipedia.org/wiki/Belfast_International_Airport",71
"BFV","VTUO","15.229440","103.251110","Buriram Surin","https://en.wikipedia.org/wiki/Buriram_Airport",2
"BFX","FKKU","5.536670","10.354440","","https://en.wikipedia.org/wiki/Bafoussam_Airport",1
"BGA","SKBG","7.126390","-73.184720","Bucaramanga","https://en.wikipedia.org/wiki/Palonegro_International_Airport",14
"BGF","FEFF","4.398475","18.518786","Bangui","https://en.wikipedia.org/wiki/Bangui_M%27Poko_International_Airport",6
"BGG","LTCU","38.861110","40.592500","Bingöl , Turkey","https://en.wikipedia.org/wiki/Bing%C3%B6l_Airport",3
"BGI","TBPB","13.074720","-59.492500","Barbados","https://en.wikipedia.org/wiki/Grantley_Adams_International_Airport",43
"BGM","KBGM","42.208610","-75.979720","Binghamton, New York , United States","https://en.wikipedia.org/wiki/Greater_Binghamton_Airport",0
"BGO","ENBR","60.293610","5.218060","Bergen Air Transport Bristow Norway CHC Helikopter Service Scandinavian Airlines","https://en.wikipedia.org/wiki/Bergen_Airport,_Flesland",70
"BGR","KBGR","44.807220","-68.828060","Bangor, Maine , Central & Northern Maine","https://en.wikipedia.org/wiki/Bangor_International_Airport",16
"BGS","UNKB","58.380000","97.473330","","https://en.wikipedia.org/wiki/Boguchany_Airport",3
"BGW","ORBI","33.262500","44.234440","","https://en.wikipedia.org/wiki/Baghdad_International_Airport",48
"BGY","LIME","45.668890","9.700280","Milan metropolitan area","https://en.wikipedia.org/wiki/Milan_Bergamo_Airport",148
"BHD","EGAC","54.618060","-5.872500","Belfast and surrounding cities","https://en.wikipedia.org/wiki/George_Best_Belfast_City_Airport",24
"BHE","NZWB","-41.518330","173.870280","","https://en.wikipedia.org/wiki/Woodbourne_Airport",4
"BHH","OEBH","19.984170","42.620830","Bisha","https://en.wikipedia.org/wiki/Bisha_Domestic_Airport",4
"BHI","SAZB","-38.724720","-62.169170","Bahía Blanca , Argentina","https://en.wikipedia.org/wiki/Comandante_Espora_Airport",9
"BHJ","VABJ","23.287780","69.670280","Bhuj","https://en.wikipedia.org/wiki/Bhuj_Airport",3
"BHK","UTSB","39.775000","64.483330","Bukhara","https://en.wikipedia.org/wiki/Bukhara_International_Airport",9
"BHM","KBHM","33.563890","-86.752220","Birmingham, Alabama","https://en.wikipedia.org/wiki/Birmingham%E2%80%93Shuttlesworth_International_Airport",22
"BHP","VNBJ","27.147500","87.050830","Nepal Airlines Tara Air","https://en.wikipedia.org/wiki/Bhojpur_Airport",2
"BHQ","YBHI","-32.001670","141.471670","","https://en.wikipedia.org/wiki/Broken_Hill_Airport",5
"BHR","VNBP","27.678060","84.429440","Bharatpur, Nepal","https://en.wikipedia.org/wiki/Bharatpur_Airport",4
"BHU","VABV","21.752220","72.185280","Bhavnagar","https://en.wikipedia.org/wiki/Bhavnagar_Airport",2
"BHV","OPBW","29.348060","71.717780","Bahawalpur District , Punjab","https://en.wikipedia.org/wiki/Bahawalpur_Airport",0
"BHX","EGBB","52.453890","-1.748060","West Midlands conurbation , City of Coventry , Shropshire , Warwickshire and Worcestershire","https://en.wikipedia.org/wiki/Birmingham_Airport",140
"BHY","ZGBH","21.539440","109.293890","Beihai , Guangxi","https://en.wikipedia.org/wiki/Beihai_Fucheng_Airport",26
"BIA","LFKB","42.550000","9.484720","Bastia","https://en.wikipedia.org/wiki/Bastia%E2%80%93Poretta_Airport",36
"BIB","HCMB","3.092670","43.617830","Baidoa","https://en.wikipedia.org/wiki/Baidoa_Airport",1
"BIH","KBIH","37.373060","-118.363610","Bishop, California","https://en.wikipedia.org/wiki/Eastern_Sierra_Regional_Airport",0
"BII","NONE","11.522780","165.566940","Enyu, Bikini Atoll , Marshall Islands","https://en.wikipedia.org/wiki/Bikini_Atoll_Airport",3
"BIK","WABB","-1.190000","136.107500","Biak and the surrounding areas of Yendidori, Adoki, Mandon and Saba","https://en.wikipedia.org/wiki/Frans_Kaisiepo_International_Airport",7
"BIL","KBIL","45.807780","-108.542780","Billings , Montana , United States","https://en.wikipedia.org/wiki/Billings_Logan_International_Airport",0
"BIM","MYBS","25.700000","-79.264720","","https://en.wikipedia.org/wiki/South_Bimini_Airport",3
"BIO","LEBB","43.301110","-2.910560","Bilbao metropolitan area","https://en.wikipedia.org/wiki/Bilbao_Airport",74
"BIQ","LFBZ","43.468330","-1.523330","","https://en.wikipedia.org/wiki/Biarritz_Pays_Basque_Airport",24
"BIR","VNVT","26.481390","87.263890","Buddha Air Shree Airlines Saurya Airlines Yeti airlines","https://en.wikipedia.org/wiki/Biratnagar_Airport",4
"BIS","KBIS","46.772780","-100.745830","Bismarck, North Dakota","https://en.wikipedia.org/wiki/Bismarck_Municipal_Airport",7
"BIU","BIBD","65.641670","-23.545830","Bíldudalur , Tálknafjörður and Patreksfjörður , Iceland","https://en.wikipedia.org/wiki/B%C3%ADldudalur_Airport",1
"BJA","DAAE","","","Bejaia","https://en.wikipedia.org/wiki/Abane_Ramdane_Airport",9
"BJB","OIMN","37.493060","57.308330","Bojnord , North Khorasan","https://en.wikipedia.org/wiki/Bojnord_Airport",1
"BJC","KBJC","39.908890","-105.117220","Denver, Colorado","https://en.wikipedia.org/wiki/Rocky_Mountain_Metropolitan_Airport",4
"BJF","ENBS","70.600280","29.692780","Båtsfjord","https://en.wikipedia.org/wiki/B%C3%A5tsfjord_Airport",9
"BJH","VNBG","29.538890","81.185280","Bajhang District , Nepal","https://en.wikipedia.org/wiki/Bajhang_Airport",1
"BJI","KBJI","47.510830","-94.934720","Bemidji, Minnesota","https://en.wikipedia.org/wiki/Bemidji_Regional_Airport",0
"BJM","HBBA","-3.323890","29.318610","Bujumbura , Burundi","https://en.wikipedia.org/wiki/Melchior_Ndadaye_International_Airport",8
"BJR","HABD","11.608060","37.321390","Bahir Dar , Ethiopia","https://en.wikipedia.org/wiki/Bahir_Dar_Airport",2
"BJT","NONE","6.429170","79.994720","Bentota","https://en.wikipedia.org/wiki/Bentota_River_Airport",1
"BJU","VNBR","29.500000","81.667000","Bajura , Nepal","https://en.wikipedia.org/wiki/Bajura_Airport",3
"BJV","LTFE","37.250560","27.664170","Milas / Bodrum","https://en.wikipedia.org/wiki/Milas%E2%80%93Bodrum_Airport",85
"BJX","MMLO","20.993330","-101.480830","Volaris","https://en.wikipedia.org/wiki/Baj%C3%ADo_International_Airport",22
"BJZ","LEBZ","38.891390","-6.821390","Badajoz and Mérida","https://en.wikipedia.org/wiki/Badajoz_Airport",5
"BKA","UNIB","61.676670","96.355000","Baykit","https://en.wikipedia.org/wiki/Baykit_Airport",3
"BKB","VIBK","28.070560","73.206940","Bikaner","https://en.wikipedia.org/wiki/Bikaner_Airport",1
"BKC","PABL","65.981670","-161.149170","Buckland, Alaska","https://en.wikipedia.org/wiki/Buckland_Airport",2
"BKI","WBKK","5.944720","116.058610","Greater Kota Kinabalu (also West Coast and Interior divisions of Sabah)","https://en.wikipedia.org/wiki/Kota_Kinabalu_International_Airport",34
"BKK","VTBS","13.692500","100.750000","Cathay Pacific China Airlines China Southern Airlines EVA Air","https://en.wikipedia.org/wiki/Suvarnabhumi_Airport",162
"BKM","WBGQ","3.988610","115.618890","Bakelalan , Sarawak , Malaysia","https://en.wikipedia.org/wiki/Ba%27kelalan_Airport",3
"BKN","NONE","39.481390","54.362780","Balkanabat , Turkmenistan","https://en.wikipedia.org/wiki/Balkanabat_Airport",5
"BKO","GABS","12.537780","-7.943060","","https://en.wikipedia.org/wiki/Modibo_Keita_International_Airport",22
"BKQ","YBCK","-24.431670","145.429720","","https://en.wikipedia.org/wiki/Blackall_Airport",2
"BKS","WIGG","-3.861940","102.336670","Bengkulu City , Indonesia","https://en.wikipedia.org/wiki/Fatmawati_Soekarno_Airport",6
"BKW","KBKW","37.787220","-81.124170","Raleigh County , West Virginia","https://en.wikipedia.org/wiki/Raleigh_County_Memorial_Airport",0
"BKY","FZMA","-2.308330","28.808610","Bukavu , DR Congo","https://en.wikipedia.org/wiki/Kavumu_Airport",4
"BKZ","HTBU","-1.330560","31.819440","","https://en.wikipedia.org/wiki/Bukoba_Airport",3
"BLA","SVBC","10.107220","-64.689170","Barcelona, Venezuela","https://en.wikipedia.org/wiki/General_Jos%C3%A9_Antonio_Anzo%C3%A1tegui_International_Airport",2
"BLB","MPPA","8.915000","-79.599440","Panama City","https://en.wikipedia.org/wiki/Panam%C3%A1_Pac%C3%ADfico_International_Airport",12
"BLE","ESSD","60.421940","15.515000","","https://en.wikipedia.org/wiki/Dala_Airport",3
"BLJ","DABT","","","Batna","https://en.wikipedia.org/wiki/Most%C3%A9pha_Ben_Boulaid_Airport",5
"BLL","EKBI","55.740280","9.151940","Southern Denmark","https://en.wikipedia.org/wiki/Billund_Airport",40
"BLQ","LIPE","44.535444","11.288667","Bologna , Italy","https://en.wikipedia.org/wiki/Bologna_Guglielmo_Marconi_Airport",102
"BLR","VOBL","13.198890","77.705560","Bengaluru","https://en.wikipedia.org/wiki/Kempegowda_International_Airport",116
"BLV","KBLV","38.545280","-89.835280","Greater St. Louis","https://en.wikipedia.org/wiki/MidAmerica_St._Louis_Airport",0
"BLW","HCMN","4.766670","45.238890","Beledweyne , Somalia","https://en.wikipedia.org/wiki/Beledweyne_Airport",0
"BLZ","FWCL","-15.681110","34.971670","Blantyre, Malawi","https://en.wikipedia.org/wiki/Chileka_International_Airport",6
"BMA","ESSB","59.354440","17.939720","Stockholm metropolitan area","https://en.wikipedia.org/wiki/Stockholm_Bromma_Airport",1
"BMB","FZFU","2.182780","22.481670","Bumba","https://en.wikipedia.org/wiki/Bumba_Airport",2
"BME","YBRM","-17.949720","122.227780","","https://en.wikipedia.org/wiki/Broome_International_Airport",14
"BMI","KBMI","40.477220","-88.915830","Bloomington / Normal , Illinois","https://en.wikipedia.org/wiki/Central_Illinois_Regional_Airport",6
"BMO","VYBM","24.270830","97.246940","Bhamo (Banmaw), Myanmar","https://en.wikipedia.org/wiki/Bhamo_Airport",1
"BMU","WADB","-8.539720","118.687220","Bima , West Nusa Tenggara , Indonesia","https://en.wikipedia.org/wiki/Sultan_Muhammad_Salahudin_Airport",4
"BMV","VVBM","12.668060","108.120000","","https://en.wikipedia.org/wiki/Buon_Ma_Thuot_Airport",7
"BNA","KBNA","36.126670","-86.681940","Nashville metropolitan area","https://en.wikipedia.org/wiki/Nashville_International_Airport",118
"BNB","FZGN","-0.286670","20.883330","Boende , Democratic Republic of the Congo","https://en.wikipedia.org/wiki/Boende_Airport",2
"BNC","FZNP","0.575000","29.473890","Beni, Democratic Republic of the Congo","https://en.wikipedia.org/wiki/Beni_Airport",7
"BND","OIKB","27.218060","56.377780","Iran Air Karun Airlines","https://en.wikipedia.org/wiki/Bandar_Abbas_International_Airport",20
"BNE","YBBN","-27.383330","153.118330","South East Queensland","https://en.wikipedia.org/wiki/Brisbane_Airport",101
"BNI","DNBE","6.316670","5.600000","Benin City , Nigeria","https://en.wikipedia.org/wiki/Benin_Airport",3
"BNK","YBNA","-28.833330","153.561670","","https://en.wikipedia.org/wiki/Ballina_Byron_Gateway_Airport",3
"BNN","ENBN","65.461110","12.217500","Brønnøysund , Norway","https://en.wikipedia.org/wiki/Br%C3%B8nn%C3%B8ysund_Airport",6
"BNX","LQBK","44.936110","17.299170","Banja Luka, Bosnia and Herzegovina","https://en.wikipedia.org/wiki/Banja_Luka_International_Airport",12
"BNY","AGGB","-11.301670","159.798060","","https://en.wikipedia.org/wiki/Anua_Airport",2
"BOC","MPBO","9.340830","-82.250000","Bocas del Toro , Isla Colón , Panama","https://en.wikipedia.org/wiki/Bocas_del_Toro_%22Isla_Col%C3%B3n%22_International_Airport",2
"BOD","LFBD","44.828330","-0.715560","Bordeaux","https://en.wikipedia.org/wiki/Bordeaux%E2%80%93M%C3%A9rignac_Airport",0
"BOG","SKBO","4.701390","-74.146940","Bogotá","https://en.wikipedia.org/wiki/El_Dorado_International_Airport",111
"BOH","EGHH","50.780000","-1.842500","Jet2.com [ 1 ] Ryanair TUI Airways","https://en.wikipedia.org/wiki/Bournemouth_Airport",0
"BOI","KBOI","43.564440","-116.222780","Alaska Airlines [ 1 ]","https://en.wikipedia.org/wiki/Boise_Airport",29
"BOJ","LBBG","42.570280","27.515280","Burgas","https://en.wikipedia.org/wiki/Burgas_Airport",67
"BOM","VABB","19.088610","72.868060","Mumbai Metropolitan Region","https://en.wikipedia.org/wiki/Chhatrapati_Shivaji_Maharaj_International_Airport",139
"BON","TNCB","12.131110","-68.268610","Divi Divi Air","https://en.wikipedia.org/wiki/Flamingo_International_Airport",11
"BOO","ENBO","67.269170","14.365280","Bodø , Norway","https://en.wikipedia.org/wiki/Bod%C3%B8_Airport",28
"BOR","VLBK","20.323890","100.165560","Bokeo Province","https://en.wikipedia.org/wiki/Bokeo_International_Airport",2
"BOS","KBOS","42.363060","-71.006390","JetBlue","https://en.wikipedia.org/wiki/Logan_International_Airport",0
"BOX","YBRL","-16.068060","136.300280","Borroloola","https://en.wikipedia.org/wiki/Borroloola_Airport",0
"BOY","DFOO","11.160133","-4.330867","Bobo Dioulasso , Burkina Faso","https://en.wikipedia.org/wiki/Bobo_Dioulasso_Airport",2
"BPA","RPVW","11.674170","125.467780","Borongan","https://en.wikipedia.org/wiki/Borongan_Airport",1
"BPE","ZBDH","39.666390","119.058890","Qinhuangdao , Hebei","https://en.wikipedia.org/wiki/Qinhuangdao_Beidaihe_Airport",10
"BPG","SBBW","-15.861390","-52.388890","Barra do Garças","https://en.wikipedia.org/wiki/Barra_do_Gar%C3%A7as_Airport",2
"BPH","RPMF","8.195830","126.321940","Bislig","https://en.wikipedia.org/wiki/Bislig_Airport",0
"BPL","ZWBL","44.895000","82.299720","Bole / Alashankou / Shuanghe , Xinjiang , China","https://en.wikipedia.org/wiki/Bole_Alashankou_Airport",12
"BPN","WALL","-1.268330","116.894440","Balikpapan","https://en.wikipedia.org/wiki/Sultan_Aji_Muhammad_Sulaiman_Sepinggan_Airport",23
"BPX","ZUBD","30.553610","97.108610","Qamdo , Tibet A.R. , China","https://en.wikipedia.org/wiki/Qamdo_Bamda_Airport",5
"BQB","YBLN","-33.687220","115.400280","Busselton","https://en.wikipedia.org/wiki/Busselton_Margaret_River_Airport",13
"BQG","UHNB","52.380560","140.448610","Bogorodskoye","https://en.wikipedia.org/wiki/Bogorodskoye_Airport",2
"BQK","KBQK","31.258890","-81.466390","Brunswick, Georgia","https://en.wikipedia.org/wiki/Brunswick_Golden_Isles_Airport",0
"BQL","YBOU","-22.912500","139.900830","","https://en.wikipedia.org/wiki/Boulia_Airport",8
"BQN","TJBQ","18.495000","-67.129440","Aguadilla, Puerto Rico","https://en.wikipedia.org/wiki/Rafael_Hern%C3%A1ndez_Airport",5
"BQS","UHBB","50.425000","127.413330","Blagoveshchensk","https://en.wikipedia.org/wiki/Ignatyevo_Airport",21
"BQT","UMBB","52.108330","23.898060","Belavia","https://en.wikipedia.org/wiki/Brest_Airport",3
"BQU","TVSB","12.988330","-61.261940","Bequia","https://en.wikipedia.org/wiki/J._F._Mitchell_Airport",0
"BQW","YBGO","-20.148330","127.973330","","https://en.wikipedia.org/wiki/Balgo_Hill_Airport",0
"BRA","SNBR","-12.079170","-45.009440","Barreiras","https://en.wikipedia.org/wiki/Barreiras_Airport",2
"BRC","SAZS","-41.151110","-71.157500","San Carlos de Bariloche","https://en.wikipedia.org/wiki/San_Carlos_de_Bariloche_Airport",21
"BRD","KBRD","46.402220","-94.135560","Brainerd, Minnesota","https://en.wikipedia.org/wiki/Brainerd_Lakes_Regional_Airport",0
"BRE","EDDW","53.047500","8.786670","Bremen , Germany","https://en.wikipedia.org/wiki/Bremen_Airport",28
"BRG","WAMO","2.649722","125.423750","Siau Tagulandang Biaro Islands Regency","https://en.wikipedia.org/wiki/Taman_Bung_Karno_Airport",2
"BRI","LIBD","41.138856","16.760594","Ryanair Volotea","https://en.wikipedia.org/wiki/Bari_Karol_Wojty%C5%82a_Airport",105
"BRL","KBRL","40.783060","-91.125560","Burlington, Iowa","https://en.wikipedia.org/wiki/Southeast_Iowa_Regional_Airport",0
"BRM","SVBM","10.042780","-69.358330","","https://en.wikipedia.org/wiki/Jacinto_Lara_International_Airport",5
"BRN","LSZB","46.912220","7.499170","Bern Fribourg","https://en.wikipedia.org/wiki/Bern_Airport",15
"BRO","KBRO","25.906940","-97.425830","Brownsville / South Padre Island , Texas","https://en.wikipedia.org/wiki/Brownsville/South_Padre_Island_International_Airport",3
"BRQ","LKTB","49.151390","16.694440","Brno","https://en.wikipedia.org/wiki/Brno-Tu%C5%99any_Airport",42
"BRS","EGGD","51.382780","-2.719170","easyJet Jet2.com [ 1 ] Ryanair TUI Airways","https://en.wikipedia.org/wiki/Bristol_Airport",126
"BRT","YBTI","-11.769170","130.619720","Bathurst Island , Northern Territory","https://en.wikipedia.org/wiki/Bathurst_Island_Airport",1
"BRU","EBBR","50.901390","4.484440","TUI fly Belgium","https://en.wikipedia.org/wiki/Brussels_Airport",200
"BRW","PABR","71.285560","-156.766110","","https://en.wikipedia.org/wiki/Wiley_Post%E2%80%93Will_Rogers_Memorial_Airport",0
"BSA","HCMF","11.275560","49.150000","Bosaso , Puntland , Somalia","https://en.wikipedia.org/wiki/Bosaso_Airport",8
"BSB","SBBR","-15.871110","-47.918610","Brasília","https://en.wikipedia.org/wiki/Bras%C3%ADlia_International_Airport",50
"BSC","SKBS","6.202780","-77.394440","Bahía Solano , Colombia","https://en.wikipedia.org/wiki/Jos%C3%A9_Celestino_Mutis_Airport",3
"BSD","ZPBS","25.053330","99.168330","Baoshan, Yunnan","https://en.wikipedia.org/wiki/Baoshan_Yunrui_Airport",3
"BSG","FGBT","1.905560","9.805560","","https://en.wikipedia.org/wiki/Bata_Airport",2
"BSK","DAUB","34.801670","5.741670","Biskra","https://en.wikipedia.org/wiki/Biskra_Airport",5
"BSL","LFSB","47.590000","7.529170","Basel Mulhouse Freiburg im Breisgau","https://en.wikipedia.org/wiki/EuroAirport_Basel_Mulhouse_Freiburg",114
"BSO","RPUO","20.451390","121.980000","Batanes","https://en.wikipedia.org/wiki/Basco_Airport",6
"BSR","ORMM","30.548889","47.662472","Basra , Iraq","https://en.wikipedia.org/wiki/Basra_International_Airport",14
"BSX","VYPN","16.815280","94.780000","","https://en.wikipedia.org/wiki/Pathein_Airport",2
"BTC","VCCB","7.705280","81.677780","Batticaloa","https://en.wikipedia.org/wiki/Batticaloa_International_Airport",3
"BTH","WIDD","1.120830","104.118610","Batam","https://en.wikipedia.org/wiki/Hang_Nadim_International_Airport",25
"BTI","PABA","","","","https://en.wikipedia.org/wiki/Barter_Island_LRRS_Airport",0
"BTJ","WITT","5.523330","95.420280","Banda Aceh","https://en.wikipedia.org/wiki/Sultan_Iskandar_Muda_International_Airport",9
"BTK","UIBB","56.370000","101.698330","Bratsk","https://en.wikipedia.org/wiki/Bratsk_Airport",3
"BTM","KBTM","45.954720","-112.497500","Butte, Montana","https://en.wikipedia.org/wiki/Bert_Mooney_Airport",2
"BTS","LZIB","48.170000","17.212780","Ryanair Smartwings Slovakia","https://en.wikipedia.org/wiki/Bratislava_Airport",69
"BTT","PABT","66.913890","-151.529170","Bettles, Alaska","https://en.wikipedia.org/wiki/Bettles_Airport",3
"BTU","WBGB","3.124170","113.019720","Bintulu Division , Sarawak , East Malaysia","https://en.wikipedia.org/wiki/Bintulu_Airport",6
"BTV","KBTV","44.471940","-73.153330","City of Burlington , State of Vermont , and Southern Quebec","https://en.wikipedia.org/wiki/Patrick_Leahy_Burlington_International_Airport",18
"BUA","AYBK","-5.422220","154.672500","Buka Island , Papua New Guinea","https://en.wikipedia.org/wiki/Buka_Airport",3
"BUC","YBKT","-17.749170","139.536390","","https://en.wikipedia.org/wiki/Burketown_Airport",5
"BUD","LHBP","47.439440","19.261940","Budapest metropolitan area","https://en.wikipedia.org/wiki/Budapest_Ferenc_Liszt_International_Airport",162
"BUF","KBUF","42.940560","-78.732220","Buffalo–Niagara Falls metropolitan area Golden Horseshoe","https://en.wikipedia.org/wiki/Buffalo_Niagara_International_Airport",30
"BUG","FNBG","-12.608330","13.402780","Benguela , Angola","https://en.wikipedia.org/wiki/Benguela_Airport",0
"BUI","WAJB","-3.684660","138.680030","","https://en.wikipedia.org/wiki/Bokondini_Airport",1
"BUJ","DAAD","","","Bou Saada , Algeria","https://en.wikipedia.org/wiki/Bou_Saada_Airport",3
"BUL","AYBU","-7.216110","146.649440","","https://en.wikipedia.org/wiki/Bulolo_Airport",0
"BUN","SKBU","3.819440","-76.993060","Buenaventura, Colombia","https://en.wikipedia.org/wiki/Gerardo_Tobar_L%C3%B3pez_Airport",2
"BUP","VIBT","30.270000","74.755560","Bathinda","https://en.wikipedia.org/wiki/Bathinda_Airport",3
"BUQ","FVJN","-20.017431","28.617869","Bulawayo","https://en.wikipedia.org/wiki/Joshua_Mqabuko_Nkomo_International_Airport",5
"BUR","KBUR","34.200560","-118.358610","Northern Greater Los Angeles area","https://en.wikipedia.org/wiki/Hollywood_Burbank_Airport",38
"BUS","UGSB","41.610280","41.599440","Georgian Airways","https://en.wikipedia.org/wiki/Batumi_International_Airport",31
"BUT","VQBT","27.562780","90.746390","Jakar , Bhutan","https://en.wikipedia.org/wiki/Bathpalathang_Airport",1
"BUU","WIJB","-1.542500","102.182780","Muara Bungo","https://en.wikipedia.org/wiki/Muara_Bungo_Airport",3
"BUW","WAWB","-5.516670","122.550000","Baubau","https://en.wikipedia.org/wiki/Betoambari_Airport",2
"BUX","FZKA","1.565830","30.220830","","https://en.wikipedia.org/wiki/Bunia_Airport",7
"BUZ","OIBB","28.944811","50.834636","Bushehr","https://en.wikipedia.org/wiki/Bushehr_Airport",9
"BVA","LFOB","49.454440","2.112780","Ryanair [ 1 ]","https://en.wikipedia.org/wiki/Beauvais%E2%80%93Till%C3%A9_Airport",85
"BVC","GVBA","16.137500","-22.889400","Sal Rei","https://en.wikipedia.org/wiki/Aristides_Pereira_International_Airport",35
"BVE","LFSL","45.039720","1.485560","Brive-la-Gaillarde , France","https://en.wikipedia.org/wiki/Brive%E2%80%93Souillac_Airport",10
"BVG","ENBV","70.871390","29.034170","","https://en.wikipedia.org/wiki/Berlev%C3%A5g_Airport",5
"BVH","SBVH","-12.694440","-60.098330","Vilhena","https://en.wikipedia.org/wiki/Vilhena_Airport",2
"BVI","YBDV","-25.890778","139.344306","Birdsville, Queensland , Australia","https://en.wikipedia.org/wiki/Birdsville_Airport",8
"BVJ","USDB","70.315280","68.333610","Bovanenkovo gas field , Yamalo-Nenets Autonomous Okrug , Russia","https://en.wikipedia.org/wiki/Bovanenkovo_Airport",21
"BVS","SNVS","-1.636390","-50.443330","Breves","https://en.wikipedia.org/wiki/Breves_Airport",3
"BWA","VNBW","27.505560","83.416110","","https://en.wikipedia.org/wiki/Gautam_Buddha_Airport",5
"BWI","KBWI","39.175280","-76.668330","Baltimore metropolitan area Washington, D.C. metropolitan area South Central Pennsylvania","https://en.wikipedia.org/wiki/Baltimore/Washington_International_Airport",91
"BWK","LDSB","43.285830","16.679720","Brač , Croatia","https://en.wikipedia.org/wiki/Bra%C4%8D_Airport",9
"BWN","WBSB","4.945280","114.933610","Brunei Darussalam","https://en.wikipedia.org/wiki/Brunei_International_Airport",24
"BWT","YWYY","-40.998890","145.731110","Burnie , Tasmania","https://en.wikipedia.org/wiki/Burnie_Airport",4
"BWX","WADY","-8.310000","114.340280","Banyuwangi","https://en.wikipedia.org/wiki/Banyuwangi_Airport",1
"BXB","WASO","-2.550000","133.416670","Teluk Bintuni","https://en.wikipedia.org/wiki/Babo_Airport",4
"BXD","WAKE","-7.175830","139.583060","","https://en.wikipedia.org/wiki/Bade_Airport",0
"BXG","YBDG","-36.739440","144.329720","","https://en.wikipedia.org/wiki/Bendigo_Airport_(Victoria)",1
"BXH","UAAH","46.893890","75.005280","Balkhash","https://en.wikipedia.org/wiki/Balkhash_Airport",2
"BXR","OIKM","29.084169","58.450042","","https://en.wikipedia.org/wiki/Bam_Airport",1
"BXU","RPME","8.951390","125.478060","Butuan","https://en.wikipedia.org/wiki/Bancasi_Airport",2
"BYC","SLYA","-21.961110","-63.651940","Yacuíba","https://en.wikipedia.org/wiki/Yacuiba_Airport",1
"BYK","DIBK","7.738890","-5.073610","","https://en.wikipedia.org/wiki/Bouak%C3%A9_Airport",2
"BYO","SBDB","-21.247220","-56.452500","Bonito","https://en.wikipedia.org/wiki/Bonito_Airport",4
"BYP","YBRY","-22.673890","119.166110","Barimunya , Western Australia , Australia","https://en.wikipedia.org/wiki/Barimunya_Airport",0
"BZE","MZBZ","17.539170","-88.308330","Belize City","https://en.wikipedia.org/wiki/Philip_S._W._Goldson_International_Airport",33
"BZN","KBZN","45.777000","-111.152000","Bozeman, Montana","https://en.wikipedia.org/wiki/Bozeman_Yellowstone_International_Airport",27
"BZO","LIPB","46.460280","11.326390","Bolzano , Italy","https://en.wikipedia.org/wiki/Bolzano_Airport",22
"BZR","LFMU","43.323330","3.353330","Béziers","https://en.wikipedia.org/wiki/B%C3%A9ziers_Cap_d%27Agde_Airport",10
"BZV","FCBB","-4.251670","15.253060","Brazzaville","https://en.wikipedia.org/wiki/Maya-Maya_Airport",18
"BZX","ZUBZ","31.738000","106.645000","Bazhong , Sichuan , China","https://en.wikipedia.org/wiki/Bazhong_Enyang_Airport",20
"BZZ","EGVN","51.750000","-1.583610","","https://en.wikipedia.org/wiki/RAF_Brize_Norton",0
"CAB","FNCA","","","Cabinda , Angola","https://en.wikipedia.org/wiki/Cabinda_Airport",2
"CAC","SBCA","-25.002220","-53.501940","Cascavel","https://en.wikipedia.org/wiki/Cascavel_Airport",6
"CAE","KCAE","33.938890","-81.119440","Columbia, South Carolina , U.S.","https://en.wikipedia.org/wiki/Columbia_Metropolitan_Airport",14
"CAF","SWCA","-4.871390","-66.897500","Carauari","https://en.wikipedia.org/wiki/Carauari_Airport",2
"CAG","LIEE","39.251469","9.054283","Ryanair Volotea","https://en.wikipedia.org/wiki/Cagliari_Elmas_Airport",63
"CAH","VVCM","9.175560","105.179440","Cà Mau","https://en.wikipedia.org/wiki/Ca_Mau_Airport",1
"CAI","HECA","30.121940","31.405560","Greater Cairo","https://en.wikipedia.org/wiki/Cairo_International_Airport",158
"CAJ","SVCN","6.231940","-62.854170","Canaima National Park","https://en.wikipedia.org/wiki/Canaima_Airport",1
"CAK","KCAK","40.915000","-81.443670","Akron , Canton , Cleveland and Massillon, Ohio","https://en.wikipedia.org/wiki/Akron%E2%80%93Canton_Airport",25
"CAL","EGEC","55.437500","-5.688060","Campbeltown","https://en.wikipedia.org/wiki/Campbeltown_Airport",1
"CAN","ZGGG","23.392500","113.298890","China Eastern Airlines","https://en.wikipedia.org/wiki/Guangzhou_Baiyun_International_Airport",0
"CAP","MTCH","19.733060","-72.194720","Cap-Haïtien , Haiti","https://en.wikipedia.org/wiki/Cap-Ha%C3%AFtien_International_Airport",0
"CAQ","SKCU","7.968060","-75.198060","","https://en.wikipedia.org/wiki/Juan_H._White_Airport",1
"CAU","SNRU","-8.284440","-36.010830","Caruaru","https://en.wikipedia.org/wiki/Caruaru_Airport",1
"CAY","SOCA","4.819720","-52.361940","Cayenne , French Guiana","https://en.wikipedia.org/wiki/Cayenne_%E2%80%93_F%C3%A9lix_Ebou%C3%A9_Airport",14
"CBB","SLCB","-17.420830","-66.176940","Cochabamba , Bolivia","https://en.wikipedia.org/wiki/Jorge_Wilstermann_International_Airport",11
"CBL","SVCB","8.122220","-63.536110","Ciudad Bolívar , Venezuela","https://en.wikipedia.org/wiki/Tom%C3%A1s_de_Heres_Airport",3
"CBO","RPMC","7.165280","124.209720","Bangsamoro mainland","https://en.wikipedia.org/wiki/Cotabato_Airport",5
"CBQ","DNCA","4.975830","8.347220","Calabar , Nigeria","https://en.wikipedia.org/wiki/Margaret_Ekpo_International_Airport",2
"CBR","YSCB","-35.306940","149.195000","Canberra","https://en.wikipedia.org/wiki/Canberra_Airport",13
"CBT","FNCT","-12.479170","13.487500","Catumbela","https://en.wikipedia.org/wiki/Catumbela_Airport",4
"CCC","MUCC","22.461110","-78.328610","","https://en.wikipedia.org/wiki/Jardines_del_Rey_Airport",14
"CCE","HECP","30.075830","31.833330","","https://en.wikipedia.org/wiki/Capital_International_Airport_(Egypt)",2
"CCF","LFMK","43.215830","2.308610","Carcassonne , France","https://en.wikipedia.org/wiki/Carcassonne_Airport",11
"CCJ","VOCL","11.136110","75.955000","Kozhikode","https://en.wikipedia.org/wiki/Kozhikode_International_Airport",23
"CCL","YCCA","-26.771110","150.616670","Chinchilla , Queensland , Australia","https://en.wikipedia.org/wiki/Chinchilla_Airport",0
"CCP","SCIE","","","Concepción , Chile","https://en.wikipedia.org/wiki/Carriel_Sur_International_Airport",10
"CCR","KCCR","37.989720","-122.056940","Contra Costa County, California","https://en.wikipedia.org/wiki/Buchanan_Field_Airport",0
"CCS","SVMI","10.603060","-66.990560","Caracas , Venezuela","https://en.wikipedia.org/wiki/Sim%C3%B3n_Bol%C3%ADvar_International_Airport_(Venezuela)",44
"CCU","VECC","22.654720","88.446670","Air India","https://en.wikipedia.org/wiki/Netaji_Subhas_Chandra_Bose_International_Airport",69
"CCV","NVSF","-16.265000","167.924440","Craig Cove , Ambrym Island , Malampa , Vanuatu","https://en.wikipedia.org/wiki/Craig_Cove_Airport",1
"CDB","PACD","55.205280","-162.724440","Cold Bay, Alaska","https://en.wikipedia.org/wiki/Cold_Bay_Airport",0
"CDC","KCDC","37.700830","-113.098890","Cedar City, Utah","https://en.wikipedia.org/wiki/Cedar_City_Regional_Airport",0
"CDE","ZBCD","41.122500","118.073890","Chengde","https://en.wikipedia.org/wiki/Chengde_Puning_Airport",6
"CDG","LFPG","49.009720","2.547780","Paris metropolitan area","https://en.wikipedia.org/wiki/Charles_de_Gaulle_Airport",303
"CDR","KCDR","42.837500","-103.095280","Chadron, Nebraska","https://en.wikipedia.org/wiki/Chadron_Municipal_Airport",0
"CDT","LECH","40.209720","0.069720","Castellón de la Plana","https://en.wikipedia.org/wiki/Castell%C3%B3n%E2%80%93Costa_Azahar_Airport",15
"CDV","PACV","60.491670","-145.477500","Cordova, Alaska","https://en.wikipedia.org/wiki/Merle_K._(Mudhole)_Smith_Airport",0
"CEB","RPVM","10.307220","123.978890","Metro Cebu","https://en.wikipedia.org/wiki/Mactan%E2%80%93Cebu_International_Airport",45
"CEC","KCEC","41.780280","-124.236670","Crescent City, California","https://en.wikipedia.org/wiki/Del_Norte_County_Airport",2
"CED","YCDU","-32.130560","133.709720","","https://en.wikipedia.org/wiki/Ceduna_Airport",1
"CEE","ULWC","59.278330","38.022500","Cherepovets","https://en.wikipedia.org/wiki/Cherepovets_Airport",14
"CEI","VTCT","19.952220","99.882780","Chiang Rai Phayao","https://en.wikipedia.org/wiki/Chiang_Rai_International_Airport",3
"CEK","USCC","55.305000","61.505000","Ural Airlines Yamal Airlines","https://en.wikipedia.org/wiki/Chelyabinsk_Airport",26
"CEM","PACE","65.573890","-144.780830","Central, Alaska","https://en.wikipedia.org/wiki/Central_Airport",0
"CEN","MMCN","27.392500","-109.833060","Ciudad Obregón , Sonora , Mexico","https://en.wikipedia.org/wiki/Ciudad_Obreg%C3%B3n_International_Airport",9
"CEZ","KCEZ","37.303060","-108.628060","Cortez, Colorado","https://en.wikipedia.org/wiki/Cortez_Municipal_Airport",0
"CFB","SBCB","-22.920830","-42.071390","Cabo Frio","https://en.wikipedia.org/wiki/Cabo_Frio_International_Airport",1
"CFE","LFLC","45.785830","3.162500","","https://en.wikipedia.org/wiki/Clermont-Ferrand_Auvergne_Airport",9
"CFG","MUCF","22.150000","-80.397500","Cienfuegos , Cuba","https://en.wikipedia.org/wiki/Jaime_Gonz%C3%A1lez_Airport",1
"CFK","DAOI","","","Chlef , Algeria","https://en.wikipedia.org/wiki/Chlef_International_Airport",3
"CFN","EIDL","","","County Donegal","https://en.wikipedia.org/wiki/Donegal_Airport",2
"CFR","LFRK","49.173330","-0.450000","Caen , France","https://en.wikipedia.org/wiki/Caen%E2%80%93Carpiquet_Airport",13
"CFS","YCFS","-30.320000","153.116670","","https://en.wikipedia.org/wiki/Coffs_Harbour_Airport",4
"CFU","LGKR","39.601940","19.911670","Aegean Airlines Ryanair","https://en.wikipedia.org/wiki/Corfu_International_Airport",125
"CGD","ZGCD","28.918890","111.640000","Changde , Hunan","https://en.wikipedia.org/wiki/Changde_Taohuayuan_Airport",12
"CGH","SBSP","-23.626110","-46.656390","Azul Brazilian Airlines","https://en.wikipedia.org/wiki/S%C3%A3o_Paulo%E2%80%93Congonhas_Airport",40
"CGI","KCGI","37.225280","-89.570830","Cape Girardeau, Missouri","https://en.wikipedia.org/wiki/Cape_Girardeau_Regional_Airport",0
"CGK","WIII","-6.125560","106.655830","Jakarta metropolitan area","https://en.wikipedia.org/wiki/Soekarno%E2%80%93Hatta_International_Airport",102
"CGM","RPMH","9.253610","124.706940","Camiguin","https://en.wikipedia.org/wiki/Camiguin_Airport",1
"CGN","EDDK","50.865830","7.142780","Cologne Bonn Region","https://en.wikipedia.org/wiki/Cologne_Bonn_Airport",110
"CGO","ZHCC","34.519720","113.840830","Shenzhen Airlines","https://en.wikipedia.org/wiki/Zhengzhou_Xinzheng_International_Airport",110
"CGP","VGEG","","","Air Astra Novoair US-Bangla Airlines","https://en.wikipedia.org/wiki/Shah_Amanat_International_Airport",15
"CGQ","ZYCC","43.996110","125.685280","Changchun Jilin City","https://en.wikipedia.org/wiki/Changchun_Longjia_International_Airport",85
"CGR","SBCG","-20.469440","-54.670280","Campo Grande","https://en.wikipedia.org/wiki/Campo_Grande_International_Airport",11
"CGY","RPMY","8.612500","124.457220","Northern Mindanao (except Misamis Occidental )","https://en.wikipedia.org/wiki/Laguindingan_Airport",4
"CHA","KCHA","35.035280","-85.203890","Chattanooga, Tennessee","https://en.wikipedia.org/wiki/Chattanooga_Metropolitan_Airport",0
"CHC","NZCH","-43.489440","172.532220","Christchurch","https://en.wikipedia.org/wiki/Christchurch_Airport",27
"CHG","ZYCY","41.538060","120.435000","Chaoyang , Liaoning","https://en.wikipedia.org/wiki/Chaoyang_Airport",2
"CHH","SPPY","-6.201390","-77.856940","Chachapoyas","https://en.wikipedia.org/wiki/Chachapoyas_Airport",2
"CHO","KCHO","38.138610","-78.452780","Charlottesville, Virginia","https://en.wikipedia.org/wiki/Charlottesville%E2%80%93Albemarle_Airport",5
"CHQ","LGSA","35.531670","24.149720","Aegean Airlines Ryanair","https://en.wikipedia.org/wiki/Chania_International_Airport",89
"CHS","KCHS","32.898610","-80.040560","Charleston","https://en.wikipedia.org/wiki/Charleston_International_Airport",56
"CHT","NZCI","-43.810000","-176.457220","","https://en.wikipedia.org/wiki/Chatham_Islands_/_Tuuta_Airport",4
"CHX","MPCH","9.458890","-82.548610","Changuinola , Panama","https://en.wikipedia.org/wiki/Changuinola_%22Capit%C3%A1n_Manuel_Ni%C3%B1o%22_International_Airport",2
"CHY","AGGC","-6.711940","156.396110","","https://en.wikipedia.org/wiki/Choiseul_Bay_Airport",2
"CID","KCID","41.884694","-91.710806","Cedar Rapids / Iowa City","https://en.wikipedia.org/wiki/Eastern_Iowa_Airport",19
"CIF","ZBCF","42.154860","118.834620","Chifeng , Inner Mongolia , China","https://en.wikipedia.org/wiki/Chifeng_Yulong_Airport",31
"CIH","ZBCZ","36.247500","113.126000","Changzhi , Shanxi , China","https://en.wikipedia.org/wiki/Changzhi_Wangcun_Airport",15
"CIJ","SLCO","-11.040280","-68.783330","Cobija , Bolivia","https://en.wikipedia.org/wiki/Captain_An%C3%ADbal_Arab_Airport",4
"CIK","PACI","66.645000","-143.740000","Chalkyitsik, Alaska","https://en.wikipedia.org/wiki/Chalkyitsik_Airport",3
"CIT","UAII","42.365000","69.476110","Şymkent","https://en.wikipedia.org/wiki/%C5%9Eymkent_International_Airport",33
"CIU","KCIU","46.250830","-84.472500","Sault Ste. Marie, Michigan","https://en.wikipedia.org/wiki/Chippewa_County_International_Airport",0
"CIW","TVSC","12.699170","-61.342500","Canouan","https://en.wikipedia.org/wiki/Canouan_Airport",0
"CIX","SPHI","-6.787500","-79.827780","","https://en.wikipedia.org/wiki/FAP_Captain_Jos%C3%A9_Abelardo_Qui%C3%B1ones_Gonz%C3%A1lez_International_Airport",4
"CIY","LICB","36.991667","14.606944","Comiso , Ragusa , Vittoria , Gela","https://en.wikipedia.org/wiki/Comiso_Airport",8
"CIZ","SWKO","-4.134170","-63.132500","Coari","https://en.wikipedia.org/wiki/Coari_Airport",2
"CJA","SPJR","-7.140280","-78.488890","Cajamarca , Peru","https://en.wikipedia.org/wiki/Mayor_General_FAP_Armando_Revoredo_Iglesias_Airport",1
"CJB","VOCB","11.026670","77.041670","IndiGo [ 1 ]","https://en.wikipedia.org/wiki/Coimbatore_International_Airport",15
"CJC","SCCF","-22.497220","-68.906940","Calama , Chile","https://en.wikipedia.org/wiki/El_Loa_Airport",3
"CJF","YCWA","-22.966670","118.802220","","https://en.wikipedia.org/wiki/Coondewanna_Airport",0
"CJJ","RKTU","36.716390","127.499170","Eastar Jet T'way Air","https://en.wikipedia.org/wiki/Cheongju_International_Airport",24
"CJL","OPCH","35.881670","71.798060","Chitral , Khyber-Pakhtunkhwa","https://en.wikipedia.org/wiki/Chitral_Airport",1
"CJM","VTSE","10.711200","99.361706","Chumphon","https://en.wikipedia.org/wiki/Chumphon_Airport",1
"CJN","WICN","-7.720000","108.488610","Pangandaran","https://en.wikipedia.org/wiki/Cijulang_Nusawiru_Airport",2
"CJS","MMCS","31.636390","-106.428610","El Paso-Juarez transborder agglomeration","https://en.wikipedia.org/wiki/Ciudad_Ju%C3%A1rez_International_Airport",13
"CJU","RKPC","33.511390","126.493060","Asiana Airlines Korean Air","https://en.wikipedia.org/wiki/Jeju_International_Airport",39
"CKB","KCKB","39.296670","-80.228060","Clarksburg / Fairmont, West Virginia","https://en.wikipedia.org/wiki/North_Central_West_Virginia_Airport",5
"CKG","ZUCK","29.719170","106.641670","Air China Shandong Airlines Tianjin Airlines XiamenAir [ 2 ]","https://en.wikipedia.org/wiki/Chongqing_Jiangbei_International_Airport",0
"CKI","YCKI","-11.165000","132.483330","Minjilang , Northern Territory , Australia","https://en.wikipedia.org/wiki/Croker_Island_Airport",2
"CKS","SBCJ","-6.117780","-50.003330","Carajás ( Parauapebas )","https://en.wikipedia.org/wiki/Caraj%C3%A1s_Airport",4
"CKT","OIMC","36.501110","61.065000","","https://en.wikipedia.org/wiki/Sarakhs_Airport",1
"CKW","YCHK","-22.355560","119.652220","","https://en.wikipedia.org/wiki/Graeme_Rowley_Aerodrome",7
"CKY","GUCY","9.576889","-13.611961","Conakry , Guinea","https://en.wikipedia.org/wiki/Ahmed_S%C3%A9kou_Tour%C3%A9_International_Airport",18
"CKZ","LTBH","40.137722","26.426778","Çanakkale","https://en.wikipedia.org/wiki/%C3%87anakkale_Airport",1
"CLD","KCRQ","","","Northern San Diego County","https://en.wikipedia.org/wiki/McClellan%E2%80%93Palomar_Airport",8
"CLE","KCLE","41.411670","-81.849720","Greater Cleveland Northeast Ohio","https://en.wikipedia.org/wiki/Cleveland_Hopkins_International_Airport",41
"CLJ","LRCL","","","Cluj County , Romania","https://en.wikipedia.org/wiki/Cluj_International_Airport",49
"CLO","SKCL","3.541670","-76.381940","Aerosucre","https://en.wikipedia.org/wiki/Alfonso_Bonilla_Arag%C3%B3n_International_Airport",33
"CLQ","MMIA","19.276940","-103.577220","Cuauhtémoc , Colima , Mexico","https://en.wikipedia.org/wiki/Colima_Airport",2
"CLT","KCLT","35.213890","-80.943060","Charlotte metropolitan area","https://en.wikipedia.org/wiki/Charlotte_Douglas_International_Airport",194
"CLV","SBCN","-17.725000","-48.606390","Caldas Novas","https://en.wikipedia.org/wiki/Caldas_Novas_Airport",3
"CLY","LFKC","42.525000","8.790000","Calvi , Corsica , France","https://en.wikipedia.org/wiki/Calvi%E2%80%93Sainte-Catherine_Airport",30
"CMA","YCMU","-28.030000","145.622220","","https://en.wikipedia.org/wiki/Cunnamulla_Airport",4
"CMB","VCBI","7.181110","79.883610","Colombo","https://en.wikipedia.org/wiki/Bandaranaike_International_Airport",67
"CME","MMCE","18.653610","-91.798890","Ciudad del Carmen , Campeche , Mexico","https://en.wikipedia.org/wiki/Ciudad_del_Carmen_International_Airport",1
"CMF","LFLB","45.640000","5.881110","Chambéry , France","https://en.wikipedia.org/wiki/Chamb%C3%A9ry_Airport",15
"CMH","KCMH","39.998060","-82.891940","Columbus metropolitan area","https://en.wikipedia.org/wiki/John_Glenn_Columbus_International_Airport",48
"CMI","KCMI","40.039170","-88.278060","Champaign–Urbana metropolitan area","https://en.wikipedia.org/wiki/University_of_Illinois_Willard_Airport",0
"CMJ","RCCM","23.213060","119.417500","Cimei , Penghu , Taiwan (ROC)","https://en.wikipedia.org/wiki/Qimei_Airport",2
"CMN","GMMN","33.367220","-7.589720","Casablanca , Morocco","https://en.wikipedia.org/wiki/Mohammed_V_International_Airport",111
"CMU","AYCH","-6.024170","144.970280","","https://en.wikipedia.org/wiki/Chimbu_Airport",1
"CMW","MUCM","21.420280","-77.847500","Camagüey , Cuba","https://en.wikipedia.org/wiki/Ignacio_Agramonte_International_Airport",8
"CMX","KCMX","47.168330","-88.489170","Hancock / Houghton (also Calumet , Laurium and Lake Linden )","https://en.wikipedia.org/wiki/Houghton_County_Memorial_Airport",0
"CNC","YCCT","-10.050139","143.071250","","https://en.wikipedia.org/wiki/Coconut_Island_Airport",4
"CND","LRCK","","","Constanța","https://en.wikipedia.org/wiki/Mihail_Kog%C4%83lniceanu_International_Airport",4
"CNF","SBCF","-19.624440","-43.971940","Gol Transportes Aéreos","https://en.wikipedia.org/wiki/Belo_Horizonte_International_Airport",71
"CNJ","YCCY","-20.665280","140.506390","","https://en.wikipedia.org/wiki/Cloncurry_Airport",4
"CNM","KCNM","32.337500","-104.263330","Carlsbad, New Mexico","https://en.wikipedia.org/wiki/Cavern_City_Air_Terminal",0
"CNN","VOKN","11.920000","75.550000","IndiGo","https://en.wikipedia.org/wiki/Kannur_International_Airport",20
"CNP","BGCO","70.743060","-22.650560","Ittoqqortoormiit","https://en.wikipedia.org/wiki/Nerlerit_Inaat_Airport",3
"CNQ","SARC","-27.449170","-58.758610","Corrientes , Corrientes Province , Argentina","https://en.wikipedia.org/wiki/Doctor_Fernando_Piragine_Niveyro_International_Airport",1
"CNS","YBCS","-16.885830","145.755280","Cairns","https://en.wikipedia.org/wiki/Cairns_Airport",48
"CNX","VTCC","18.766670","98.962500","Thai Airways International","https://en.wikipedia.org/wiki/Chiang_Mai_International_Airport",33
"CNY","KCNY","38.755000","-109.754720","Moab , Utah","https://en.wikipedia.org/wiki/Canyonlands_Regional_Airport",2
"COD","KCOD","44.520280","-109.023890","Cody, Wyoming","https://en.wikipedia.org/wiki/Yellowstone_Regional_Airport",0
"COG","SKCD","5.072220","-76.676390","Condoto , Colombia","https://en.wikipedia.org/wiki/Mandinga_Airport",2
"COH","VECO","26.331110","89.468330","Cooch Behar and Alipurduar","https://en.wikipedia.org/wiki/Cooch_Behar_Airport",1
"COK","VOCI","10.153333","76.388164","Air India","https://en.wikipedia.org/wiki/Cochin_International_Airport",39
"COL","EGEL","56.601940","-6.617780","Coll","https://en.wikipedia.org/wiki/Coll_Airport",0
"COR","SACO","-31.310000","-64.208330","Córdoba","https://en.wikipedia.org/wiki/Ingeniero_Aeron%C3%A1utico_Ambrosio_L.V._Taravella_International_Airport",35
"COS","KCOS","38.805830","-104.700830","Colorado Springs, Colorado","https://en.wikipedia.org/wiki/Colorado_Springs_Airport",19
"COU","KCOU","38.818060","-92.219720","Mid Missouri ( Columbia / Jefferson City )","https://en.wikipedia.org/wiki/Columbia_Regional_Airport",0
"COV","LTDB","36.896940","35.067500","Mersin , Adana , Osmaniye","https://en.wikipedia.org/wiki/%C3%87ukurova_International_Airport",28
"CPB","SKCA","8.630560","-77.351390","","https://en.wikipedia.org/wiki/Capurgan%C3%A1_Airport",1
"CPC","SAZY","-40.075000","-71.136110","San Martín de los Andes , Argentina","https://en.wikipedia.org/wiki/Aviador_Carlos_Campos_Airport",3
"CPD","YCBP","-29.040000","134.721670","","https://en.wikipedia.org/wiki/Coober_Pedy_Airport",1
"CPE","MMCP","19.816670","-90.500280","Campeche , Campeche , Mexico","https://en.wikipedia.org/wiki/Campeche_International_Airport",2
"CPH","EKCH","55.618060","12.656110","Air Greenland Finnair [ 1 ]","https://en.wikipedia.org/wiki/Copenhagen_Airport",220
"CPO","SCAT","-27.261110","-70.779170","Copiapó , Chile","https://en.wikipedia.org/wiki/Desierto_de_Atacama_Airport",1
"CPR","KCPR","42.908060","-106.464440","Casper, Wyoming","https://en.wikipedia.org/wiki/Casper%E2%80%93Natrona_County_International_Airport",0
"CPT","FACT","-33.969440","18.597220","South African Airways","https://en.wikipedia.org/wiki/Cape_Town_International_Airport",48
"CPV","SBKG","-7.269170","-35.895000","Campina Grande","https://en.wikipedia.org/wiki/Campina_Grande_Airport",8
"CPX","TJCP","18.313330","-65.304440","Isla de Culebra, Puerto Rico","https://en.wikipedia.org/wiki/Benjam%C3%ADn_Rivera_Noriega_Airport",0
"CQD","OIFS","32.297220","50.842220","","https://en.wikipedia.org/wiki/Shahrekord_Shahid_Estaki_International_Airport",3
"CQW","ZUWL","29.465830","107.692220","Wulong District , Chongqing , China","https://en.wikipedia.org/wiki/Chongqing_Xiann%C3%BCshan_Airport",3
"CRA","LRCV","","","Wizz Air","https://en.wikipedia.org/wiki/Craiova_International_Airport",17
"CRC","SKGO","4.761110","-75.955560","Cartago , Colombia","https://en.wikipedia.org/wiki/Santa_Ana_Airport_(Colombia)",1
"CRD","SAVC","-45.785280","-67.465560","Comodoro Rivadavia , Argentina","https://en.wikipedia.org/wiki/General_Enrique_Mosconi_International_Airport",13
"CRI","MYCI","22.745560","-74.182220","","https://en.wikipedia.org/wiki/Colonel_Hill_Airport",2
"CRK","RPLC","15.185830","120.559720","Metro Clark","https://en.wikipedia.org/wiki/Clark_International_Airport",24
"CRM","RPVF","12.502500","124.635830","Catarman","https://en.wikipedia.org/wiki/Catarman_National_Airport",2
"CRP","KCRP","27.770280","-97.501110","Corpus Christi, Texas","https://en.wikipedia.org/wiki/Corpus_Christi_International_Airport",3
"CRU","TGPZ","12.476940","-61.472220","","https://en.wikipedia.org/wiki/Lauriston_Airport",0
"CRV","LIBC","38.997220","17.080280","Crotone","https://en.wikipedia.org/wiki/Crotone_Airport",6
"CRW","KCRW","38.375830","-81.593060","Charleston, West Virginia","https://en.wikipedia.org/wiki/Yeager_Airport",8
"CRZ","UTAV","38.930830","63.563890","","https://en.wikipedia.org/wiki/T%C3%BCrkmenabat_International_Airport",4
"CSG","KCSG","32.516390","-84.938890","Columbus, Georgia , U.S.","https://en.wikipedia.org/wiki/Columbus_Airport_(Georgia)",1
"CSK","GOGS","12.410000","-16.746110","Cap Skirring , Senegal","https://en.wikipedia.org/wiki/Cap_Skirring_Airport",2
"CSW","MMSL","22.947500","-109.936940","Los Cabos , Baja California Sur , Mexico","https://en.wikipedia.org/wiki/Cabo_San_Lucas_International_Airport",7
"CSX","ZGHA","28.196670","113.220830","China Southern Airlines Hainan Airlines","https://en.wikipedia.org/wiki/Changsha_Huanghua_International_Airport",123
"CSY","UWKS","","","Cheboksary","https://en.wikipedia.org/wiki/Cheboksary_International_Airport",7
"CTA","LICC","","","Ryanair Wizz Air","https://en.wikipedia.org/wiki/Catania%E2%80%93Fontanarossa_Airport",96
"CTC","SANC","-28.593060","-65.750830","Catamarca , Catamarca Province , Argentina","https://en.wikipedia.org/wiki/Coronel_Felipe_Varela_International_Airport",2
"CTD","MPCE","7.987500","-80.409720","Chitré , Panama","https://en.wikipedia.org/wiki/Chitr%C3%A9_Alonso_Valderrama_Airport",0
"CTG","SKCG","10.442500","-75.513060","Cartagena, Colombia","https://en.wikipedia.org/wiki/Rafael_N%C3%BA%C3%B1ez_International_Airport",34
"CTL","YBCV","-26.412333","146.262167","","https://en.wikipedia.org/wiki/Charleville_Airport",9
"CTM","MMCM","18.504667","-88.326847","Chetumal , Quintana Roo , Mexico","https://en.wikipedia.org/wiki/Chetumal_International_Airport",3
"CTN","YCKN","-15.444720","145.184440","Cooktown , Queensland , Australia","https://en.wikipedia.org/wiki/Cooktown_Airport",1
"CTS","RJCC","42.775280","141.692500","All Nippon Airways Japan Airlines","https://en.wikipedia.org/wiki/New_Chitose_Airport",54
"CTU","ZUUU","30.578330","103.946940","China Eastern Airlines China Southern Airlines","https://en.wikipedia.org/wiki/Chengdu_Shuangliu_International_Airport",0
"CUA","MMDA","25.053890","-111.615000","Ciudad Constitución , Baja California Sur , Mexico","https://en.wikipedia.org/wiki/Ciudad_Constituci%C3%B3n_Airport",2
"CUC","SKCC","7.927500","-72.511670","Cúcuta","https://en.wikipedia.org/wiki/Camilo_Daza_International_Airport",9
"CUE","SECU","-2.889440","-78.984720","Cuenca , Ecuador","https://en.wikipedia.org/wiki/Mariscal_Lamar_International_Airport",3
"CUK","MZCK","17.734720","-88.033330","Caye Caulker","https://en.wikipedia.org/wiki/Caye_Caulker_Airport",3
"CUL","MMCL","24.764440","-107.474440","Volaris","https://en.wikipedia.org/wiki/Culiac%C3%A1n_International_Airport",12
"CUM","SVCU","10.450000","-64.130560","Cumaná , Venezuela","https://en.wikipedia.org/wiki/Antonio_Jos%C3%A9_de_Sucre_Airport",0
"CUN","MMUN","21.036670","-86.876940","Volaris Magnicharters","https://en.wikipedia.org/wiki/Canc%C3%BAn_International_Airport",134
"CUQ","YCOE","-13.761940","143.116670","Coen, Queensland","https://en.wikipedia.org/wiki/Coen_Airport",0
"CUR","TNCC","12.188890","-68.959720","Curaçao","https://en.wikipedia.org/wiki/Cura%C3%A7ao_International_Airport",27
"CUU","MMCU","28.702780","-105.961670","Chihuahua City, Chihuahua , Mexico","https://en.wikipedia.org/wiki/Chihuahua_International_Airport",16
"CUZ","SPZO","-13.535560","-71.943610","LATAM Airlines Perú","https://en.wikipedia.org/wiki/Alejandro_Velasco_Astete_International_Airport",7
"CVG","KCVG","39.048890","-84.667780","Cincinnati metropolitan area","https://en.wikipedia.org/wiki/Cincinnati/Northern_Kentucky_International_Airport",61
"CVM","MMCV","23.703890","-98.956390","Ciudad Victoria , Tamaulipas , Mexico","https://en.wikipedia.org/wiki/Ciudad_Victoria_International_Airport",1
"CVU","LPCR","39.670830","-31.112780","Vila do Corvo","https://en.wikipedia.org/wiki/Corvo_Airport",4
"CWA","KCWA","44.777780","-89.665830","Kronenwetter, Wisconsin Stevens Point, Wisconsin Wausau, Wisconsin","https://en.wikipedia.org/wiki/Central_Wisconsin_Airport",2
"CWB","SBCT","-25.531670","-49.176110","Azul Brazilian Airlines","https://en.wikipedia.org/wiki/Afonso_Pena_International_Airport",27
"CWJ","ZPCW","23.271390","99.368060","Cangyuan , Yunnan","https://en.wikipedia.org/wiki/Cangyuan_Washan_Airport",2
"CWK","VECT","25.167694","80.935800","Chitrakoot","https://en.wikipedia.org/wiki/Chitrakoot_Airport",1
"CWL","EGFF","51.396670","-3.343330","Cardiff","https://en.wikipedia.org/wiki/Cardiff_Airport",31
"CXC","NONE","61.582780","-144.428060","","https://en.wikipedia.org/wiki/Chitina_Airport",1
"CXH","CYHC","49.294440","-123.111390","Vancouver , British Columbia","https://en.wikipedia.org/wiki/Vancouver_Harbour_Flight_Centre",14
"CXI","PLCH","1.986110","-157.349720","Kiritimati","https://en.wikipedia.org/wiki/Cassidy_International_Airport",5
"CXJ","SBCX","-29.198060","-51.186670","Caxias do Sul","https://en.wikipedia.org/wiki/Caxias_do_Sul_Airport",6
"CXR","VVCR","11.998060","109.219440","Nha Trang","https://en.wikipedia.org/wiki/Cam_Ranh_International_Airport",62
"CYB","MWCB","19.686940","-79.882780","","https://en.wikipedia.org/wiki/Charles_Kirkconnell_International_Airport",3
"CYC","MZCP","17.683330","-88.044440","Caye Chapel","https://en.wikipedia.org/wiki/Caye_Chapel_Airport",2
"CYI","RCKU","23.463060","120.390560","","https://en.wikipedia.org/wiki/Chiayi_Airport",2
"CYM","NONE","57.515000","-134.946110","Chatham, Alaska","https://en.wikipedia.org/wiki/Chatham_Seaplane_Base",0
"CYO","MUCL","21.616110","-81.545560","Cayo Largo del Sur , Cuba","https://en.wikipedia.org/wiki/Vilo_Acu%C3%B1a_Airport",1
"CYP","RPVC","12.072780","124.545000","Calbayog","https://en.wikipedia.org/wiki/Calbayog_Airport",2
"CYS","KCYS","","","Cheyenne, Wyoming","https://en.wikipedia.org/wiki/Cheyenne_Regional_Airport",0
"CYZ","RPUY","16.930000","121.753060","Cauayan","https://en.wikipedia.org/wiki/Cauayan_Airport",3
"CZH","MZCZ","18.381940","-88.411110","Corozal , Belize","https://en.wikipedia.org/wiki/Corozal_Airport",10
"CZJ","NONE","9.447220","-78.575000","Corazón de Jesús , Narganá","https://en.wikipedia.org/wiki/Coraz%C3%B3n_de_Jes%C3%BAs_Airport",0
"CZL","DABC","36.283330","6.616670","Constantine","https://en.wikipedia.org/wiki/Mohamed_Boudiaf_International_Airport",28
"CZM","MMCZ","20.515000","-86.928890","Cozumel , Quintana Roo , Mexico","https://en.wikipedia.org/wiki/Cozumel_International_Airport",14
"CZR","UIAR","56.913330","118.270000","","https://en.wikipedia.org/wiki/Chara_Airport",1
"CZS","SBCZ","-7.599440","-72.769440","Cruzeiro do Sul","https://en.wikipedia.org/wiki/Cruzeiro_do_Sul_International_Airport",1
"CZU","SKCZ","9.333330","-75.285000","Corozal , Sincelejo","https://en.wikipedia.org/wiki/Las_Brujas_Airport_(Colombia)",3
"CZX","ZSCG","31.912780","119.782220","Changzhou","https://en.wikipedia.org/wiki/Changzhou_Benniu_International_Airport",37
"DAB","KDAB","29.184720","-81.060560","Daytona Beach, Florida","https://en.wikipedia.org/wiki/Daytona_Beach_International_Airport",9
"DAC","VGHS","","","Dhaka","https://en.wikipedia.org/wiki/Hazrat_Shahjalal_International_Airport",46
"DAD","VVDN","16.043890","108.199440","Da Nang","https://en.wikipedia.org/wiki/Da_Nang_International_Airport",49
"DAL","KDAL","32.847220","-96.851670","Dallas–Fort Worth metroplex","https://en.wikipedia.org/wiki/Dallas_Love_Field",85
"DAM","OSDI","33.411390","36.515560","Damascus , Syria","https://en.wikipedia.org/wiki/Damascus_International_Airport",15
"DAR","HTDA","-6.878060","39.202780","","https://en.wikipedia.org/wiki/Julius_Nyerere_International_Airport",57
"DAU","AYDU","-9.086670","143.207780","Daru , Western Province , Papua New Guinea","https://en.wikipedia.org/wiki/Daru_Airport",7
"DAV","MPDA","8.391670","-82.434440","Air Panama , Copa Airlines","https://en.wikipedia.org/wiki/Enrique_Malek_International_Airport",4
"DAY","KDAY","39.902220","-84.219440","","https://en.wikipedia.org/wiki/Dayton_International_Airport",12
"DBB","HEAL","30.924440","28.461390","El Alamein","https://en.wikipedia.org/wiki/El_Alamein_International_Airport",8
"DBC","ZYBA","45.505280","123.019720","Baicheng , Jilin","https://en.wikipedia.org/wiki/Baicheng_Chang%27an_Airport",6
"DBQ","KDBQ","42.401940","-90.709440","Dubuque, Iowa","https://en.wikipedia.org/wiki/Dubuque_Regional_Airport",0
"DBR","VEDH","26.194720","85.917500","Darbhanga","https://en.wikipedia.org/wiki/Darbhanga_Airport",5
"DBV","LDDU","42.561390","18.268330","Dubrovnik-Neretva County","https://en.wikipedia.org/wiki/Dubrovnik_Airport",79
"DCA","KDCA","38.852220","-77.037780","Washington, D.C. metro area","https://en.wikipedia.org/wiki/Ronald_Reagan_Washington_National_Airport",111
"DCF","TDCF","15.336670","-61.392220","Roseau , Dominica","https://en.wikipedia.org/wiki/Canefield_Airport",18
"DCM","LFCK","43.555000","2.290560","Castres / Mazamet","https://en.wikipedia.org/wiki/Castres%E2%80%93Mazamet_Airport",1
"DCY","ZUDC","29.323060","100.053330","Daocheng , Sichuan , China","https://en.wikipedia.org/wiki/Daocheng_Yading_Airport",3
"DDC","KDDC","37.763060","-99.965560","Southwest Kansas","https://en.wikipedia.org/wiki/Dodge_City_Regional_Airport",0
"DDD","VRMU","2.667220","72.892780","Dhaalu Atoll , Maldives","https://en.wikipedia.org/wiki/Dhaalu_Airport",2
"DDG","ZYDD","40.025951","124.286906","Dandong , Liaoning","https://en.wikipedia.org/wiki/Dandong_Langtou_Airport",7
"DEB","LHDC","47.488890","21.615280","Debrecen , Hungary","https://en.wikipedia.org/wiki/Debrecen_International_Airport",9
"DEC","KDEC","39.834440","-88.865560","Decatur, Illinois","https://en.wikipedia.org/wiki/Decatur_Airport",0
"DED","VIDN","30.189720","78.180280","Dehradun","https://en.wikipedia.org/wiki/Dehradun_Airport",20
"DEE","UHSM","43.961110","145.684440","Yuzhno-Kurilsk , Russia","https://en.wikipedia.org/wiki/Yuzhno-Kurilsk_Mendeleyevo_Airport",1
"DEF","OIAD","32.434440","48.397639","Dezful , Khuzestan","https://en.wikipedia.org/wiki/Dezful_Airport",2
"DEI","FSSD","-3.801390","55.666670","Denis Island , Seychelles","https://en.wikipedia.org/wiki/Denis_Island_Airport",1
"DEL","VIDP","28.568610","77.112220","National Capital Region (NCR)","https://en.wikipedia.org/wiki/Indira_Gandhi_International_Airport",160
"DEM","HADD","8.554170","34.858330","Dembidolo","https://en.wikipedia.org/wiki/Dembidolo_Airport",2
"DES","FSDR","-5.695830","53.654170","","https://en.wikipedia.org/wiki/Desroches_Airport",1
"DEX","WAVD","-4.853996","139.485673","Dekai","https://en.wikipedia.org/wiki/Nop_Goliat_Dekai_Airport",2
"DFW","KDFW","32.896940","-97.038060","Dallas–Fort Worth metroplex North Texas","https://en.wikipedia.org/wiki/Dallas_Fort_Worth_International_Airport",0
"DGA","MZPB","","","Dangriga , Belize","https://en.wikipedia.org/wiki/Dangriga_Airport",4
"DGH","VEDO","24.444720","86.702500","Deoghar","https://en.wikipedia.org/wiki/Deoghar_Airport",6
"DGO","MMDO","24.124170","-104.531390","Durango , Durango , Mexico","https://en.wikipedia.org/wiki/Durango_International_Airport",6
"DGT","RPVD","9.334170","123.301110","Dumaguete","https://en.wikipedia.org/wiki/Sibulan_Airport",5
"DHB","NONE","48.616667","-123.002777","Deer Harbor, Washington","https://en.wikipedia.org/wiki/Deer_Harbor_Sea_Plane_Base",2
"DHI","VNDH","28.753330","80.581940","","https://en.wikipedia.org/wiki/Dhangadhi_Airport",5
"DHM","VIGG","32.165000","76.263330","Kangra","https://en.wikipedia.org/wiki/Kangra_Airport",4
"DHN","KDHN","31.321110","-85.449440","Dothan , Alabama","https://en.wikipedia.org/wiki/Dothan_Regional_Airport",0
"DHX","WARD","-7.761672","111.951521","Kediri","https://en.wikipedia.org/wiki/Dhoho_Airport",2
"DIB","VEMN","27.483664","95.016833","Dibrugarh","https://en.wikipedia.org/wiki/Dibrugarh_Airport",10
"DIE","FMNA","-12.349170","49.291670","Antsiranana , Madagascar","https://en.wikipedia.org/wiki/Arrachart_Airport",5
"DIG","ZPDQ","27.793330","99.677333","","https://en.wikipedia.org/wiki/Diqing_Shangri-La_Airport",7
"DIK","KDIK","46.797220","-102.801940","Dickinson, North Dakota","https://en.wikipedia.org/wiki/Dickinson_Theodore_Roosevelt_Regional_Airport",0
"DIL","WPDL","-8.546390","125.524720","Dili , Timor-Leste","https://en.wikipedia.org/wiki/Presidente_Nicolau_Lobato_International_Airport",15
"DIQ","SNDV","-20.181940","-44.870000","Divinópolis","https://en.wikipedia.org/wiki/Divin%C3%B3polis_Airport",2
"DIU","VADU","20.713000","70.925000","Diu","https://en.wikipedia.org/wiki/Diu_Airport",4
"DIY","LTCC","37.893890","40.200830","","https://en.wikipedia.org/wiki/Diyarbak%C4%B1r_Airport",16
"DJB","WIJJ","-1.638060","103.644440","Jambi City","https://en.wikipedia.org/wiki/Sultan_Thaha_Airport",9
"DJG","DAAJ","","","Djanet , Algeria","https://en.wikipedia.org/wiki/Djanet_Inedbirene_Airport",5
"DJJ","WAJJ","-2.576940","140.516110","Jayapura","https://en.wikipedia.org/wiki/Dortheys_Hiyo_Eluay_International_Airport",16
"DKA","DNKT","13.006940","7.659720","Katsina , Nigeria","https://en.wikipedia.org/wiki/Katsina_Airport",2
"DLA","FKKD","4.005830","9.719440","Douala , Cameroon","https://en.wikipedia.org/wiki/Douala_International_Airport",26
"DLC","ZYTL","38.965560","121.538330","Dalian","https://en.wikipedia.org/wiki/Dalian_Zhoushuizi_International_Airport",128
"DLE","LFGJ","47.042780","5.435000","Besançon Dijon Dole","https://en.wikipedia.org/wiki/Dole%E2%80%93Jura_Airport",4
"DLG","PADL","59.044720","-158.505560","Dillingham, Alaska","https://en.wikipedia.org/wiki/Dillingham_Airport",0
"DLH","KDLH","46.842220","-92.193610","Duluth, Minnesota and Superior, Wisconsin ( Twin Ports )","https://en.wikipedia.org/wiki/Duluth_International_Airport",0
"DLI","VVDL","11.750560","108.373610","Da Lat","https://en.wikipedia.org/wiki/Lien_Khuong_International_Airport",9
"DLM","LTBS","36.714720","28.792780","Dalaman & Muğla province","https://en.wikipedia.org/wiki/Dalaman_Airport",65
"DLU","ZPDL","25.651110","100.318330","Dali , Yunnan","https://en.wikipedia.org/wiki/Dali_Fengyi_Airport",31
"DLZ","ZMDZ","43.608610","104.366940","Dalanzadgad , Ömnögovi Province , Mongolia","https://en.wikipedia.org/wiki/Dalanzadgad_Airport",1
"DMB","UADD","42.853610","71.303610","Taraz , Kazakhstan","https://en.wikipedia.org/wiki/Taraz_Airport",9
"DMD","YDMG","-17.940000","138.821670","Doomadgee, Queensland","https://en.wikipedia.org/wiki/Doomadgee_Airport",5
"DME","UUDD","55.408610","37.906110","IrAero NordStar Yamal Airlines","https://en.wikipedia.org/wiki/Moscow_Domodedovo_Airport",81
"DMK","VTBD","13.912500","100.606670","Bangkok Metropolitan Region","https://en.wikipedia.org/wiki/Don_Mueang_International_Airport",113
"DMM","OEDF","26.471194","49.798583","The entire Eastern Province","https://en.wikipedia.org/wiki/King_Fahd_International_Airport",69
"DMU","VEMR","25.883890","93.771110","Chümoukedima – Dimapur , Kohima","https://en.wikipedia.org/wiki/Dimapur_Airport",4
"DND","EGPN","56.452500","-3.025830","Loganair","https://en.wikipedia.org/wiki/Dundee_Airport",3
"DNH","ZLDH","40.161940","94.812220","Dunhuang , Gansu","https://en.wikipedia.org/wiki/Dunhuang_Mogao_International_Airport",22
"DNZ","LTAY","37.785560","29.701110","Denizli","https://en.wikipedia.org/wiki/Denizli_%C3%87ardak_Airport",3
"DOB","WAPD","-5.771670","134.212500","Dobo","https://en.wikipedia.org/wiki/Rar_Gwamar_Airport",3
"DOD","HTDO","-6.170280","35.749440","","https://en.wikipedia.org/wiki/Dodoma_Airport",2
"DOG","HSDN","19.153610","30.430000","Dongola , Sudan","https://en.wikipedia.org/wiki/Dongola_Airport",2
"DOH","OTHH","25.273060","51.608060","Qatar","https://en.wikipedia.org/wiki/Hamad_International_Airport",206
"DOM","TDPD","15.546940","-61.300000","Marigot and Roseau .","https://en.wikipedia.org/wiki/Douglas%E2%80%93Charles_Airport",14
"DOP","VNDP","28.985830","82.819170","Dolpa District and Thuli Bheri","https://en.wikipedia.org/wiki/Dolpa_Airport",1
"DOU","SBDO","-22.200560","-54.925560","Dourados","https://en.wikipedia.org/wiki/Dourados_Airport",1
"DOY","ZSDY","37.510280","118.784440","Dongying , Shandong , China","https://en.wikipedia.org/wiki/Dongying_Shengli_Airport",18
"DPL","RPMG","8.601390","123.341940","Dipolog","https://en.wikipedia.org/wiki/Dipolog_Airport",3
"DPO","YDPO","-41.169720","146.430280","Devonport, Tasmania , Australia","https://en.wikipedia.org/wiki/Devonport_Airport",3
"DPS","WADD","-8.748060","115.167500","Jetstar Virgin Australia","https://en.wikipedia.org/wiki/Ngurah_Rai_International_Airport",61
"DQA","ZYDQ","46.746390","125.132220","Daqing , Heilongjiang , China","https://en.wikipedia.org/wiki/Daqing_Sartu_Airport",12
"DQM","OODQ","19.500000","57.643060","Duqm , Oman","https://en.wikipedia.org/wiki/Duqm_Airport",2
"DRG","PADE","66.069440","-162.766390","Deering, Alaska","https://en.wikipedia.org/wiki/Deering_Airport",0
"DRK","MRDK","8.718890","-83.641670","Bahía Drake , Costa Rica","https://en.wikipedia.org/wiki/Bah%C3%ADa_Drake_Airport",3
"DRO","KDRO","37.151390","-107.753890","Durango, Colorado","https://en.wikipedia.org/wiki/Durango%E2%80%93La_Plata_County_Airport",0
"DRP","RPLK","13.112220","123.677220","Legazpi","https://en.wikipedia.org/wiki/Bicol_International_Airport",3
"DRS","EDDC","","","Dresden , Germany","https://en.wikipedia.org/wiki/Dresden_Airport",12
"DRV","VRMD","5.156670","73.130560","Baa Atoll , Maldives","https://en.wikipedia.org/wiki/Dharavandhoo_Airport",5
"DRW","YPDN","-12.414720","130.876670","Qantas","https://en.wikipedia.org/wiki/Darwin_International_Airport",34
"DSI","KDTS","30.400000","-86.471390","Destin, Florida","https://en.wikipedia.org/wiki/Destin_Executive_Airport",0
"DSM","KDSM","41.533890","-93.663060","Des Moines metropolitan area","https://en.wikipedia.org/wiki/Des_Moines_International_Airport",36
"DSN","ZBDS","39.493890","109.862220","Ordos , Inner Mongolia","https://en.wikipedia.org/wiki/Ordos_Ejin_Horo_International_Airport",49
"DSO","ZKSD","39.747333","127.474611","Hamhung , North Korea","https://en.wikipedia.org/wiki/Sondok_Airport",2
"DSY","VDDS","10.915000","103.224000","Botum Sakor","https://en.wikipedia.org/wiki/Dara_Sakor_International_Airport",1
"DTM","EDLW","51.518330","7.612220","Wizz Air","https://en.wikipedia.org/wiki/Dortmund_Airport",38
"DTU","ZYDU","48.445000","126.133000","Wudalianchi , Heilongjiang , China","https://en.wikipedia.org/wiki/Wudalianchi_Dedu_Airport",3
"DTW","KDTW","42.212500","-83.353330","Detroit–Windsor Northwest Ohio","https://en.wikipedia.org/wiki/Detroit_Metropolitan_Airport",134
"DUB","EIDW","53.421390","-6.270000","Dublin","https://en.wikipedia.org/wiki/Dublin_Airport",203
"DUD","NZDN","-45.928060","170.198330","Dunedin","https://en.wikipedia.org/wiki/Dunedin_Airport",4
"DUE","FNDU","","","Dundo","https://en.wikipedia.org/wiki/Dundo_Airport",2
"DUJ","KDUJ","41.178330","-78.898610","DuBois , Clearfield County, Pennsylvania","https://en.wikipedia.org/wiki/DuBois_Regional_Airport",0
"DUR","FALE","-29.616700","31.108300","FlySafair","https://en.wikipedia.org/wiki/King_Shaka_International_Airport",14
"DUS","EDDL","51.289440","6.766670","Rhine-Ruhr","https://en.wikipedia.org/wiki/D%C3%BCsseldorf_Airport",188
"DUT","PADU","53.898890","-166.545000","Unalaska, Alaska","https://en.wikipedia.org/wiki/Unalaska_Airport",7
"DVL","KDVL","48.114440","-98.908330","Devils Lake, North Dakota","https://en.wikipedia.org/wiki/Devils_Lake_Regional_Airport",0
"DVO","RPMD","7.125280","125.645830","Metro Davao","https://en.wikipedia.org/wiki/Francisco_Bangoy_International_Airport",16
"DWC","OMDW","24.888278","55.160378","Emirate of Dubai","https://en.wikipedia.org/wiki/Al_Maktoum_International_Airport",35
"DWD","OEDM","24.449720","44.121110","Dawadmi (Al Dawadmi)","https://en.wikipedia.org/wiki/Dawadmi_Domestic_Airport",2
"DXB","OMDB","25.252780","55.364440","Emirate of Dubai","https://en.wikipedia.org/wiki/Dubai_International_Airport",317
"DXJ","ZGXX","28.497200","109.521800","Xiangxi , Hunan , China","https://en.wikipedia.org/wiki/Xiangxi_Biancheng_Airport",12
"DXR","KDXR","41.371670","-73.482220","Greater Danbury","https://en.wikipedia.org/wiki/Danbury_Municipal_Airport",0
"DYG","ZGDY","29.103060","110.443330","Zhangjiajie","https://en.wikipedia.org/wiki/Zhangjiajie_Hehua_International_Airport",38
"BTR","KBTR","30.532780","-91.150000","Baton Rouge, Louisiana , U.S.","https://en.wikipedia.org/wiki/Baton_Rouge_Metropolitan_Airport",0
"BVB","SBBV","2.841390","-60.692220","Boa Vista","https://en.wikipedia.org/wiki/Boa_Vista_International_Airport",2
"BZG","EPBY","53.096670","17.977780","Bydgoszcz , Poland","https://en.wikipedia.org/wiki/Bydgoszcz_Ignacy_Jan_Paderewski_Airport",9
"CBH","DAOR","31.654667","-2.261194","","https://en.wikipedia.org/wiki/Boudghene_Ben_Ali_Lotfi_Airport",4
"CDP","VOCP","14.510000","78.772780","Kadapa","https://en.wikipedia.org/wiki/Kadapa_Airport",3
"CGB","SBCY","-15.650000","-56.117500","Azul Linhas Aéreas Brasileiras","https://en.wikipedia.org/wiki/Marechal_Rondon_International_Airport",22
"CIA","LIRA","41.799440","12.597220","Rome metropolitan area / Vatican City / Ciampino","https://en.wikipedia.org/wiki/Rome_Ciampino_Airport",34
"CJZ","SJZA","-6.882780","-38.615830","Cajazeiras","https://en.wikipedia.org/wiki/Cajazeiras_Airport",1
"CMG","SBCR","-19.011940","-57.671390","Corumbá","https://en.wikipedia.org/wiki/Corumb%C3%A1_International_Airport",3
"COO","DBBB","6.355830","2.385000","Cotonou and Porto-Novo , Benin","https://en.wikipedia.org/wiki/Cadjehoun_Airport",23
"CRL","EBCI","50.460000","4.452780","Wizz Air","https://en.wikipedia.org/wiki/Brussels_South_Charleroi_Airport",135
"CUF","LIMZ","44.546940","7.623060","Cuneo and Turin","https://en.wikipedia.org/wiki/Cuneo_International_Airport",4
"CYA","MTCA","18.271110","-73.788330","Les Cayes , Haiti","https://en.wikipedia.org/wiki/Antoine-Simon_Airport",0
"DAT","ZBDT","40.060280","113.481940","Datong , Shanxi , China","https://en.wikipedia.org/wiki/Datong_Yungang_International_Airport",23
"DEN","KDEN","39.861670","-104.673060","Denver metropolitan area Front Range Urban Corridor","https://en.wikipedia.org/wiki/Denver_International_Airport",237
"DJE","DTTJ","33.875000","10.775280","","https://en.wikipedia.org/wiki/Djerba%E2%80%93Zarzis_International_Airport",52
"DNP","VNDG","28.110830","82.294170","Dang District and Tulsipur","https://en.wikipedia.org/wiki/Dang_Airport",1
"DYU","UTDD","38.535000","68.818060","Dushanbe","https://en.wikipedia.org/wiki/Dushanbe_International_Airport",41
"DZA","FMCZ","-12.804720","45.281110","Air Austral","https://en.wikipedia.org/wiki/Dzaoudzi%E2%80%93Pamandzi_International_Airport",12
"DZH","ZUDA","31.040000","107.440000","Dazhou , Sichuan","https://en.wikipedia.org/wiki/Dazhou_Jinya_Airport",32
"EAA","PAEG","64.778060","-141.149720","Eagle, Alaska","https://en.wikipedia.org/wiki/Eagle_Airport",1
"EAL","NONE","9.320560","166.845560","Elenak, Kwajalein Atoll , Marshall Islands","https://en.wikipedia.org/wiki/Elenak_Airport",4
"EAM","OENG","17.611390","44.419170","","https://en.wikipedia.org/wiki/Najran_Regional_Airport",4
"EAR","KEAR","40.726940","-99.006670","Kearney, Nebraska","https://en.wikipedia.org/wiki/Kearney_Regional_Airport",0
"EAS","LESO","43.356390","-1.790560","San Sebastián","https://en.wikipedia.org/wiki/San_Sebasti%C3%A1n_Airport",11
"EAT","KEAT","47.398060","-120.205830","Wenatchee, Washington","https://en.wikipedia.org/wiki/Pangborn_Memorial_Airport",0
"EAU","KEAU","44.865830","-91.484170","Eau Claire, Wisconsin","https://en.wikipedia.org/wiki/Chippewa_Valley_Regional_Airport",0
"EBA","LIRJ","42.760280","10.239440","Marina di Campo","https://en.wikipedia.org/wiki/Marina_di_Campo_Airport",7
"EBB","HUEN","0.044720","32.443060","Entebbe , Kampala , Mukono","https://en.wikipedia.org/wiki/Entebbe_International_Airport",45
"EBD","HSOB","13.153060","30.232500","","https://en.wikipedia.org/wiki/El_Obeid_Airport",1
"EBH","DAOY","","","El Bayadh , Algeria","https://en.wikipedia.org/wiki/El_Bayadh_Airport",3
"EBJ","EKEB","55.525830","8.553330","Esbjerg , Denmark","https://en.wikipedia.org/wiki/Esbjerg_Airport",2
"EBL","ORER","36.237500","43.963060","Erbil , Kurdistan Region , Iraq","https://en.wikipedia.org/wiki/Erbil_International_Airport",37
"ECN","LCEN","35.159720","33.500000","Northern Cyprus","https://en.wikipedia.org/wiki/Ercan_International_Airport",14
"ECP","KECP","30.358330","-85.795560","Panama City Panama City Beach","https://en.wikipedia.org/wiki/Northwest_Florida_Beaches_International_Airport",18
"EDC","KEDC","","","Austin, Texas","https://en.wikipedia.org/wiki/Austin_Executive_Airport",0
"EDI","EGPH","55.950000","-3.372500","Edinburgh","https://en.wikipedia.org/wiki/Edinburgh_Airport",158
"EDL","HKEL","0.404440","35.238890","Eldoret","https://en.wikipedia.org/wiki/Eldoret_International_Airport",5
"EDR","YPMP","-14.896670","141.609440","","https://en.wikipedia.org/wiki/Edward_River_Airport",2
"EFL","LGKF","38.120000","20.500280","Cephalonia , Greece","https://en.wikipedia.org/wiki/Kefalonia_International_Airport",40
"EGC","LFBE","44.824440","0.520560","Bergerac, Dordogne , France","https://en.wikipedia.org/wiki/Bergerac_Dordogne_P%C3%A9rigord_Airport",10
"EGE","KEGE","39.642500","-106.917780","Vail and Eagle County, Colorado","https://en.wikipedia.org/wiki/Eagle_County_Regional_Airport",0
"EGM","AGGS","-8.578330","157.875280","","https://en.wikipedia.org/wiki/Seghe_Airport",3
"EGN","HSGN","13.483330","22.466670","Geneina , Sudan","https://en.wikipedia.org/wiki/Geneina_Airport",1
"EGO","UUOB","50.643330","36.590000","Belgorod","https://en.wikipedia.org/wiki/Belgorod_International_Airport",18
"EGS","BIEG","65.283330","-14.401390","Egilsstaðir and Austurland , Iceland","https://en.wikipedia.org/wiki/Egilssta%C3%B0ir_Airport",1
"EHU","ZHEC","30.342856","115.029611","Ezhou Huanggang Huangshi","https://en.wikipedia.org/wiki/Ezhou_Huahu_International_Airport",9
"EIN","EHEH","51.450000","5.374440","Transavia TUI fly Netherlands","https://en.wikipedia.org/wiki/Eindhoven_Airport",76
"EIS","TUPJ","18.445560","-64.543060","British Virgin Islands","https://en.wikipedia.org/wiki/Terrance_B._Lettsome_International_Airport",39
"EJA","SKEJ","7.024440","-73.806940","","https://en.wikipedia.org/wiki/Yarigu%C3%ADes_Airport",1
"EJH","OEWJ","26.198330","36.476110","Al Wajh","https://en.wikipedia.org/wiki/Al_Wajh_Domestic_Airport",2
"EKO","KEKO","40.825000","-115.791670","Elko, Nevada","https://en.wikipedia.org/wiki/Elko_Regional_Airport",0
"EKS","UHSK","49.191940","142.081670","Shakhtyorsk , Uglegorsky District","https://en.wikipedia.org/wiki/Shakhtyorsk_Airport",2
"ELC","YELD","-12.020000","135.570000","","https://en.wikipedia.org/wiki/Elcho_Island_Airport",3
"ELD","KELD","33.221110","-92.813330","El Dorado, Arkansas","https://en.wikipedia.org/wiki/South_Arkansas_Regional_Airport_at_Goodwin_Field",0
"ELE","NONE","8.106940","-77.726390","El Real de Santa María , Panama","https://en.wikipedia.org/wiki/El_Real_Airport",0
"ELF","HSFS","13.614720","25.324440","El Fasher , Sudan","https://en.wikipedia.org/wiki/El_Fasher_Airport",2
"ELG","DAUE","","","El Menia , Algeria","https://en.wikipedia.org/wiki/El_Golea_Airport",3
"ELH","MYEH","25.475000","-76.683610","","https://en.wikipedia.org/wiki/North_Eleuthera_Airport",7
"ELI","PFEL","64.615000","-162.270560","Elim, Alaska","https://en.wikipedia.org/wiki/Elim_Airport",0
"ELM","KELM","42.160000","-76.891670","Elmira, New York , Corning, New York","https://en.wikipedia.org/wiki/Elmira_Corning_Regional_Airport",5
"ELP","KELP","31.807220","-106.377500","El Paso, Texas , U.S. Las Cruces, New Mexico , U.S. Ciudad Juárez, Chihuahua , Mexico","https://en.wikipedia.org/wiki/El_Paso_International_Airport",17
"ELQ","OEGS","26.302780","43.773890","Al-Qassim Province","https://en.wikipedia.org/wiki/Prince_Naif_bin_Abdulaziz_International_Airport",20
"ELS","FAEL","-33.035000","27.821390","East London , South Africa","https://en.wikipedia.org/wiki/King_Phalo_Airport",3
"ELU","DAUO","","","El Oued , Algeria","https://en.wikipedia.org/wiki/Guemar_Airport",3
"ELV","PAEL","58.195280","-136.347500","Elfin Cove, Alaska","https://en.wikipedia.org/wiki/Elfin_Cove_Seaplane_Base",1
"EMD","YEML","-23.567500","148.179170","Emerald, Queensland , Australia","https://en.wikipedia.org/wiki/Emerald_Airport",2
"EMN","GQNI","16.621940","-7.316390","Néma , Mauritania","https://en.wikipedia.org/wiki/N%C3%A9ma_Airport",1
"ENA","PAEN","60.573330","-151.244720","Kenai, Alaska","https://en.wikipedia.org/wiki/Kenai_Municipal_Airport",0
"ENE","WATE","-8.849170","121.660560","Ende , Indonesia","https://en.wikipedia.org/wiki/H._Hasan_Aroeboesman_Airport",3
"ENG","WIGE","-5.305361","102.189056","Enggano","https://en.wikipedia.org/wiki/Enggano_Airport",1
"ENH","ZHES","30.320280","109.485000","Enshi City , Hubei","https://en.wikipedia.org/wiki/Enshi_Xujiaping_Airport",25
"ENI","NONE","11.201940","119.416940","El Nido","https://en.wikipedia.org/wiki/El_Nido_Airport",6
"ENT","PKMA","11.340830","162.327830","","https://en.wikipedia.org/wiki/Enewetak_Auxiliary_Airfield",0
"ENU","DNEN","6.473890","7.561110","Enugu , Awgu , Abakaliki , Awka , Umuahia ; (Onitsha),( Nnewi),(Owerri), Aba, Okigwe, Nsukka, Orlu, Afikpo and Arochukwu, Parts of Cross River, Benue and Kogi States of Nigeria. Nigeria","https://en.wikipedia.org/wiki/Akanu_Ibiam_International_Airport",3
"ENY","ZLYA","36.476390","109.465280","Yan'an , Shaanxi , China","https://en.wikipedia.org/wiki/Yan%27an_Nanniwan_Airport",19
"EOH","SKMD","6.219720","-75.590280","Medellín Metropolitan Area","https://en.wikipedia.org/wiki/Olaya_Herrera_Airport",28
"EOI","EGED","59.190560","-2.772220","Eday","https://en.wikipedia.org/wiki/Eday_Airport",0
"EPU","EEPU","58.418890","24.472780","Pärnu , Estonia","https://en.wikipedia.org/wiki/P%C3%A4rnu_Airport",2
"EQS","SAVE","-42.906722","-71.146670","Esquel","https://en.wikipedia.org/wiki/Esquel_Airport",2
"ERC","LTCD","39.710000","39.526940","","https://en.wikipedia.org/wiki/Erzincan_Airport",3
"ERF","EDDE","50.979720","10.958060","Erfurt and Weimar","https://en.wikipedia.org/wiki/Erfurt%E2%80%93Weimar_Airport",5
"ERH","GMFK","31.947500","-4.398330","","https://en.wikipedia.org/wiki/Moulay_Ali_Cherif_Airport",4
"ERI","KERI","42.083060","-80.181940","Erie, Pennsylvania","https://en.wikipedia.org/wiki/Erie_International_Airport",3
"ERL","ZBER","43.426670","112.098330","Erenhot , Inner Mongolia","https://en.wikipedia.org/wiki/Erenhot_Saiwusu_International_Airport",5
"ERN","SWEI","-6.637500","-69.879720","Eirunepé","https://en.wikipedia.org/wiki/Eirunep%C3%A9_Airport",2
"ERZ","LTCE","39.955280","41.169170","Erzurum , Turkey","https://en.wikipedia.org/wiki/Erzurum_Airport",7
"ESB","LTAC","40.128060","32.995000","Ankara , Turkey","https://en.wikipedia.org/wiki/Ankara_Esenbo%C4%9Fa_Airport",91
"ESD","KORS","48.708060","-122.910560","","https://en.wikipedia.org/wiki/Orcas_Island_Airport",0
"ESE","MMES","31.795280","-116.602500","Ensenada , Baja California , Mexico","https://en.wikipedia.org/wiki/Ensenada_Airport",2
"ESL","URWI","46.373890","44.330830","","https://en.wikipedia.org/wiki/Elista_Airport",3
"ESU","GMMI","31.397500","-9.681670","Essaouira , Morocco","https://en.wikipedia.org/wiki/Essaouira-Mogador_Airport",13
"ETM","LLER","29.723694","35.011417","Eilat , Israel","https://en.wikipedia.org/wiki/Ramon_Airport",5
"ETR","SERO","-3.435280","-79.977780","Machala","https://en.wikipedia.org/wiki/Santa_Rosa_International_Airport",2
"ETZ","LFJL","48.978330","6.246670","Metz and Nancy , France","https://en.wikipedia.org/wiki/Metz%E2%80%93Nancy%E2%80%93Lorraine_Airport",6
"EUA","NFTE","-21.377220","-174.957780","ʻEua , Tonga","https://en.wikipedia.org/wiki/%CA%BBEua_Airport",1
"EUG","KEUG","44.123060","-123.218610","","https://en.wikipedia.org/wiki/Eugene_Airport",17
"EUN","GMML","27.151670","-13.219170","Laayoune","https://en.wikipedia.org/wiki/Hassan_I_Airport",5
"EVG","ESND","62.047780","14.422780","","https://en.wikipedia.org/wiki/H%C3%A4rjedalen_Sveg_Airport",2
"EVN","UDYZ","40.147220","44.395830","Yerevan","https://en.wikipedia.org/wiki/Zvartnots_International_Airport",93
"EVV","KEVV","38.038330","-87.530830","Evansville metropolitan area","https://en.wikipedia.org/wiki/Evansville_Regional_Airport",8
"EWB","KEWB","41.676110","-70.956940","","https://en.wikipedia.org/wiki/New_Bedford_Regional_Airport",2
"EWE","WAKG","-5.492559","138.085491","Agats","https://en.wikipedia.org/wiki/Ewer_Airport",2
"EWI","WAYE","-3.925830","136.378060","Enarotali","https://en.wikipedia.org/wiki/Enarotali_Airport",3
"EWN","KEWN","35.073060","-77.043060","250,000","https://en.wikipedia.org/wiki/Coastal_Carolina_Regional_Airport",3
"EWR","KEWR","40.692500","-74.168610","New York metropolitan area North Jersey","https://en.wikipedia.org/wiki/Newark_Liberty_International_Airport",187
"EXI","NONE","58.420560","-135.449170","Excursion Inlet, Alaska","https://en.wikipedia.org/wiki/Excursion_Inlet_Seaplane_Base",1
"EXT","EGTE","50.734440","-3.413890","TUI Airways","https://en.wikipedia.org/wiki/Exeter_Airport",27
"EYK","USHQ","63.683060","66.683060","Beloyarsky, Khanty-Mansi Autonomous Okrug","https://en.wikipedia.org/wiki/Beloyarsk_Airport",6
"EYP","SKYP","5.319440","-72.383890","","https://en.wikipedia.org/wiki/El_Alcarav%C3%A1n_Airport",0
"EYW","KEYW","24.556110","-81.759440","Key West, Florida","https://en.wikipedia.org/wiki/Key_West_International_Airport",24
"EZS","LTCA","38.606670","39.291390","Elazığ , Turkey","https://en.wikipedia.org/wiki/Elaz%C4%B1%C4%9F_Airport",9
"FAE","EKVG","62.063610","-7.277220","","https://en.wikipedia.org/wiki/V%C3%A1gar_Airport",23
"FAI","PAFA","64.815000","-147.856390","Fairbanks, Alaska","https://en.wikipedia.org/wiki/Fairbanks_International_Airport",37
"FAO","LPFR","37.014440","-7.965830","easyJet [ 1 ] Ryanair","https://en.wikipedia.org/wiki/Faro_Airport",100
"FAR","KFAR","46.920560","-96.815560","Fargo, North Dakota and Moorhead, Minnesota ( Fargo–Moorhead )","https://en.wikipedia.org/wiki/Hector_International_Airport",0
"FAT","KFAT","36.776670","-119.718890","Fresno , San Joaquin Valley , Yosemite National Park , Sequoia National Park , Kings Canyon National Park","https://en.wikipedia.org/wiki/Fresno_Yosemite_International_Airport",17
"FAY","KFAY","34.991110","-78.880280","Fayetteville metropolitan area and southeastern North Carolina","https://en.wikipedia.org/wiki/Fayetteville_Regional_Airport",0
"FBM","FZQA","-11.591333","27.530978","Lubumbashi","https://en.wikipedia.org/wiki/Lubumbashi_International_Airport",14
"FBS","NONE","48.537220","-123.009720","Friday Harbor, Washington","https://en.wikipedia.org/wiki/Friday_Harbor_Seaplane_Base",2
"FCA","KGPI","48.310560","-114.256110","Kalispell, Montana","https://en.wikipedia.org/wiki/Glacier_Park_International_Airport",18
"FCO","LIRF","41.800280","12.238890","Rome metropolitan area Vatican City","https://en.wikipedia.org/wiki/Rome_Fiumicino_Airport",244
"FDF","TFFF","14.592220","-60.996390","Air Caraïbes Air Antilles Express","https://en.wikipedia.org/wiki/Martinique_Aim%C3%A9_C%C3%A9saire_International_Airport",24
"FDH","EDNY","47.671390","9.511390","Friedrichshafen , Germany Lake Constance Liechtenstein","https://en.wikipedia.org/wiki/Friedrichshafen_Airport",15
"FEG","UTFF","40.358890","71.745000","Fergana","https://en.wikipedia.org/wiki/Fergana_International_Airport",10
"FEN","SBFN","-3.854720","-32.428330","Fernando de Noronha","https://en.wikipedia.org/wiki/Fernando_de_Noronha_Airport",2
"FEZ","GMFF","33.927220","-4.978060","Fez, Morocco","https://en.wikipedia.org/wiki/F%C3%A8s%E2%80%93Sa%C3%AFs_Airport",43
"FIE","EGEF","59.534720","-1.628610","","https://en.wikipedia.org/wiki/Fair_Isle_Airport",2
"FIH","FZAA","-4.385750","15.444569","","https://en.wikipedia.org/wiki/N%27djili_Airport",34
"FIN","AYFI","-6.622292","147.854114","","https://en.wikipedia.org/wiki/Finschhafen_Airport",0
"FIZ","YFTZ","-18.180830","125.560830","","https://en.wikipedia.org/wiki/Fitzroy_Crossing_Airport",2
"FKB","EDSB","","","Ryanair","https://en.wikipedia.org/wiki/Karlsruhe/Baden-Baden_Airport",41
"FKI","FZIC","0.481670","25.338060","Kisangani , Democratic Republic of the Congo","https://en.wikipedia.org/wiki/Kisangani_Bangoka_International_Airport",5
"FKQ","WASF","-2.928610","132.088610","Fakfak","https://en.wikipedia.org/wiki/Siboru_Airport",6
"FKS","RJSF","37.227500","140.428060","Sukagawa , Fukushima , Japan","https://en.wikipedia.org/wiki/Fukushima_Airport",3
"FLA","SKFL","1.588890","-75.563890","","https://en.wikipedia.org/wiki/Gustavo_Artunduaga_Paredes_Airport",4
"FLG","KFLG","35.137780","-111.674440","Flagstaff, Arizona","https://en.wikipedia.org/wiki/Flagstaff_Pulliam_Airport",2
"FLL","KFLL","26.072500","-80.152780","JetBlue","https://en.wikipedia.org/wiki/Fort_Lauderdale%E2%80%93Hollywood_International_Airport",154
"FLN","SBFL","-27.670280","-48.552500","Azul Brazilian Airlines Gol Transportes Aéreos","https://en.wikipedia.org/wiki/Herc%C3%ADlio_Luz_International_Airport",29
"FLO","KFLO","34.185280","-79.723890","Florence, South Carolina","https://en.wikipedia.org/wiki/Florence_Regional_Airport",0
"FLR","LIRQ","43.810000","11.203890","Volotea Vueling","https://en.wikipedia.org/wiki/Florence_Airport",42
"FLS","YFLI","-40.091390","147.992780","Flinders Island","https://en.wikipedia.org/wiki/Flinders_Island_Airport",3
"FLW","LPFL","39.458060","-31.132220","Santa Cruz das Flores , Azores , Portugal","https://en.wikipedia.org/wiki/Flores_Airport",4
"FLZ","WIMS","1.555830","98.888890","Sibolga , North Sumatra , Indonesia","https://en.wikipedia.org/wiki/Ferdinand_Lumban_Tobing_Airport",4
"FMA","SARF","-26.212500","-58.227780","Formosa , Argentina","https://en.wikipedia.org/wiki/Formosa_International_Airport",1
"FMI","FZRF","-5.875000","29.250000","","https://en.wikipedia.org/wiki/Kalemie_Airport",7
"FMM","EDJA","47.992500","10.243610","Ryanair Wizz Air","https://en.wikipedia.org/wiki/Memmingen_Airport",65
"FMN","KFMN","36.741110","-108.230000","","https://en.wikipedia.org/wiki/Four_Corners_Regional_Airport",0
"FMO","EDDG","52.136110","7.685830","Münster and Osnabrück","https://en.wikipedia.org/wiki/M%C3%BCnster_Osnabr%C3%BCck_Airport",18
"FNA","GFLL","8.616444","-13.195489","Freetown and the entire Sierra Leone","https://en.wikipedia.org/wiki/Freetown_International_Airport",15
"FNC","LPMA","32.694170","-16.778060","TAP Air Portugal","https://en.wikipedia.org/wiki/Madeira_Airport",84
"FNI","LFTW","43.757500","4.416390","Nîmes , Gard, France","https://en.wikipedia.org/wiki/N%C3%AEmes%E2%80%93Al%C3%A8s%E2%80%93Camargue%E2%80%93C%C3%A9vennes_Airport",6
"FNJ","ZKPY","39.223890","125.670000","Pyongyang , North Korea","https://en.wikipedia.org/wiki/Pyongyang_International_Airport",7
"FNR","PANR","58.254440","-134.897780","Funter Bay, Alaska","https://en.wikipedia.org/wiki/Funter_Bay_Seaplane_Base",0
"FOC","ZSFZ","25.935000","119.663330","Fuzhou","https://en.wikipedia.org/wiki/Fuzhou_Changle_International_Airport",99
"FOD","KFOD","42.551110","-94.191940","Fort Dodge, Iowa","https://en.wikipedia.org/wiki/Fort_Dodge_Regional_Airport",0
"FOG","LIBF","41.432780","15.535000","Foggia , Italy","https://en.wikipedia.org/wiki/Foggia_Gino_Lisa_Airport",7
"FON","MRAN","10.469440","-84.578890","La Fortuna , Costa Rica","https://en.wikipedia.org/wiki/La_Fortuna_Arenal_Airport",4
"FOR","SBFZ","-3.775830","-38.532220","Fortaleza","https://en.wikipedia.org/wiki/Fortaleza_Airport",30
"FPO","MYGF","26.558610","-78.695560","Freeport, The Bahamas","https://en.wikipedia.org/wiki/Grand_Bahama_International_Airport",9
"FRA","EDDF","50.033330","8.570560","Frankfurt Rhine-Main","https://en.wikipedia.org/wiki/Frankfurt_Airport",309
"FRC","SIMK","-20.592220","-47.383060","Franca","https://en.wikipedia.org/wiki/Franca_Airport",1
"FRD","KFHR","48.521940","-123.024440","Friday Harbor, Washington","https://en.wikipedia.org/wiki/Friday_Harbor_Airport",0
"FRE","AGGF","-8.107220","159.577500","","https://en.wikipedia.org/wiki/Fera_Airport",2
"FRK","FSSF","-4.583330","55.945560","","https://en.wikipedia.org/wiki/Fr%C3%A9gate_Island_Airport",0
"FRL","LIPK","44.195000","12.070280","Forlì","https://en.wikipedia.org/wiki/Forl%C3%AC_Airport",9
"FRO","ENFL","61.583610","5.024720","Florø , Norway","https://en.wikipedia.org/wiki/Flor%C3%B8_Airport",5
"FRS","MGMM","16.913890","-89.866390","TAG Airlines","https://en.wikipedia.org/wiki/Mundo_Maya_International_Airport",3
"FRU","UCFM","43.061390","74.477500","Bishkek","https://en.wikipedia.org/wiki/Manas_International_Airport",46
"FSC","LFKF","41.502220","9.096670","Figari","https://en.wikipedia.org/wiki/Figari%E2%80%93Sud_Corse_Airport",37
"FSD","KFSD","43.581940","-96.741940","Sioux Falls, South Dakota","https://en.wikipedia.org/wiki/Sioux_Falls_Regional_Airport",0
"FSZ","RJNS","34.796110","138.189440","Hamamatsu and Shizuoka","https://en.wikipedia.org/wiki/Shizuoka_Airport",8
"FTE","SAWC","-50.280250","-72.053194","El Calafate, Santa Cruz","https://en.wikipedia.org/wiki/Comandante_Armando_Tola_International_Airport",11
"FTI","NSFQ","-14.216110","-169.423610","Ta'u Island","https://en.wikipedia.org/wiki/Fitiuta_Airport",1
"FUE","GCFV","28.452780","-13.863890","Fuerteventura","https://en.wikipedia.org/wiki/Fuerteventura_Airport",98
"FUJ","RJFE","32.666390","128.832780","Gotō","https://en.wikipedia.org/wiki/Fukue_Airport",2
"FUK","RJFF","33.584440","130.451670","All Nippon Airways Japan Airlines","https://en.wikipedia.org/wiki/Fukuoka_Airport",52
"FUN","NGFU","-8.525000","179.196390","","https://en.wikipedia.org/wiki/Funafuti_International_Airport",2
"FUO","ZGFS","23.082500","113.070830","Pearl River Delta","https://en.wikipedia.org/wiki/Foshan_Shadi_Airport",15
"FUT","NLWF","-14.311390","-178.066110","Vele ( Futuna Island , Wallis and Futuna , France )","https://en.wikipedia.org/wiki/Pointe_Vele_Airport",1
"FVM","VRMR","-0.309440","73.432500","Fuvahmulah , Gnaviyani Atoll , Maldives","https://en.wikipedia.org/wiki/Fuvahmulah_Airport",0
"FWA","KFWA","40.978330","-85.195280","Fort Wayne, Indiana","https://en.wikipedia.org/wiki/Fort_Wayne_International_Airport",13
"FXE","KFXE","","","","https://en.wikipedia.org/wiki/Fort_Lauderdale_Executive_Airport",0
"FYJ","ZYFY","48.199494","134.366447","Fuyuan , Heilongjiang","https://en.wikipedia.org/wiki/Fuyuan_Dongji_Airport",5
"FYN","ZWFY","46.801110","89.538330","","https://en.wikipedia.org/wiki/Fuyun_Koktokay_Airport",6
"FYU","PFYU","66.572500","-145.246390","Fort Yukon, Alaska","https://en.wikipedia.org/wiki/Fort_Yukon_Airport",0
"FZL","UBBF","39.594400","47.196600","Fuzuli","https://en.wikipedia.org/wiki/Fuzuli_International_Airport",1
"GAJ","RJSC","38.411940","140.371110","Yamagata","https://en.wikipedia.org/wiki/Yamagata_Airport",4
"GAL","PAGA","64.736110","-156.937500","Galena, Alaska","https://en.wikipedia.org/wiki/Edward_G._Pitka_Sr._Airport",6
"GAM","PAGM","63.766670","-171.732780","Gambell, Alaska","https://en.wikipedia.org/wiki/Gambell_Airport",0
"GAN","VRMG","-0.693330","73.155560","Addu City , Maldives","https://en.wikipedia.org/wiki/Gan_International_Airport",6
"GAQ","GAGO","16.248330","0.005560","","https://en.wikipedia.org/wiki/Gao_International_Airport",2
"GAU","VEGT","26.106110","91.585830","Alliance Air Drukair FlyBig IndiGo","https://en.wikipedia.org/wiki/Lokpriya_Gopinath_Bordoloi_International_Airport",34
"GAY","VEGY","24.744440","84.951110","Gaya Ji","https://en.wikipedia.org/wiki/Gaya_Airport",8
"GBB","UBBQ","40.826670","47.712500","Qabala","https://en.wikipedia.org/wiki/Qabala_International_Airport",1
"GBE","FBSK","-24.555280","25.918330","Gaborone","https://en.wikipedia.org/wiki/Sir_Seretse_Khama_International_Airport",10
"GBI","VOGB","","","Kalaburagi","https://en.wikipedia.org/wiki/Kalaburagi_Airport",2
"GBL","YGBI","-11.650000","133.381670","","https://en.wikipedia.org/wiki/South_Goulburn_Island_Airport",2
"GBT","OING","36.909389","54.401333","Gorgan , Golestan","https://en.wikipedia.org/wiki/Gorgan_Airport",11
"GCC","KGCC","44.348890","-105.539440","Gillette, Wyoming","https://en.wikipedia.org/wiki/Gillette%E2%80%93Campbell_County_Airport",0
"GCH","OIAH","30.337500","50.828060","Gachsaran , Iran","https://en.wikipedia.org/wiki/Gachsaran_Airport",1
"GCI","EGJB","49.434720","-2.601940","Guernsey","https://en.wikipedia.org/wiki/Guernsey_Airport",22
"GCM","MWCR","19.292500","-81.359170","","https://en.wikipedia.org/wiki/Owen_Roberts_International_Airport",29
"GDB","VAGD","21.522000","80.010000","Gondia","https://en.wikipedia.org/wiki/Gondia_Airport",2
"GDE","HAGO","5.935280","43.578610","Gode , Ethiopia","https://en.wikipedia.org/wiki/Gode_Airport",3
"GDL","MMGL","20.521670","-103.311110","Aeromexico","https://en.wikipedia.org/wiki/Guadalajara_International_Airport",61
"GDN","EPGD","54.377500","18.466110","6,714,149","https://en.wikipedia.org/wiki/Gda%C5%84sk_Lech_Wa%C5%82%C4%99sa_Airport",88
"GDQ","HAGN","12.519720","37.433890","Gondar , Ethiopia","https://en.wikipedia.org/wiki/Gondar_Airport",3
"GDT","MBGT","21.444440","-71.142220","","https://en.wikipedia.org/wiki/JAGS_McCartney_International_Airport",1
"GDX","UHMM","59.911110","150.720560","Magadan","https://en.wikipedia.org/wiki/Sokol_Airport",18
"GEB","WAMJ","-0.079737","129.457881","","https://en.wikipedia.org/wiki/Gebe_Airport",2
"GEG","KGEG","47.620000","-117.533890","Inland Northwest (primarily Spokane–Coeur d'Alene area )","https://en.wikipedia.org/wiki/Spokane_International_Airport",22
"GEL","SBNM","-28.281670","-54.168330","Santo Ângelo","https://en.wikipedia.org/wiki/Santo_%C3%82ngelo_Airport",3
"GEO","SYCJ","6.498330","-58.253890","Georgetown, Guyana","https://en.wikipedia.org/wiki/Cheddi_Jagan_International_Airport",17
"GER","MUNG","21.834720","-82.783890","Nueva Gerona , Cuba","https://en.wikipedia.org/wiki/Rafael_Cabrera_Mustelier_Airport",1
"GES","RPMR","6.057780","125.095830","Sarangani and South Cotabato","https://en.wikipedia.org/wiki/General_Santos_International_Airport",4
"GET","YGEL","-28.796390","114.706110","Geraldton","https://en.wikipedia.org/wiki/Geraldton_Airport",0
"GEV","ESNG","67.133060","20.812220","Gällivare and Malmberget","https://en.wikipedia.org/wiki/G%C3%A4llivare_Lapland_Airport",2
"GFF","YGTH","-34.251670","146.066670","Griffith, New South Wales , Australia","https://en.wikipedia.org/wiki/Griffith_Airport",2
"GFK","KGFK","47.949170","-97.176110","","https://en.wikipedia.org/wiki/Grand_Forks_International_Airport",0
"GGF","SNYA","-1.479170","-52.578060","Almeirim","https://en.wikipedia.org/wiki/Almeirim_Airport",2
"GGJ","SSGY","-24.079720","-54.188060","Guaíra","https://en.wikipedia.org/wiki/Gua%C3%ADra_Airport",1
"GGR","HCMW","8.460830","48.572220","Garowe","https://en.wikipedia.org/wiki/Garowe_Airport",16
"GGT","MYEF","23.563330","-75.873060","Great Exuma , Bahamas","https://en.wikipedia.org/wiki/Exuma_International_Airport",8
"GHA","DAUG","","","Ghardaïa , Algeria","https://en.wikipedia.org/wiki/Noum%C3%A9rat_%E2%80%93_Moufdi_Zakaria_Airport",6
"GHB","MYEM","25.284720","-76.331110","","https://en.wikipedia.org/wiki/Governor%27s_Harbour_Airport",4
"GHC","MYBG","25.738330","-77.840000","Great Harbour Cay , Berry Islands , Bahamas","https://en.wikipedia.org/wiki/Great_Harbour_Cay_Airport",1
"GHS","WALE","-0.203767","115.759892","Melak , West Kutai Regency , East Kalimantan , Indonesia","https://en.wikipedia.org/wiki/West_Kutai_Melalan_Airport",3
"GHT","HLGT","25.138890","10.144440","","https://en.wikipedia.org/wiki/Ghat_Airport",1
"GHV","LRBV","45.701670","25.520000","Brașov","https://en.wikipedia.org/wiki/Bra%C8%99ov-Ghimbav_International_Airport",13
"GIB","LXGB","36.151110","-5.349720","Gibraltar ( UK ), and Campo de Gibraltar (Spain) [ 1 ]","https://en.wikipedia.org/wiki/Gibraltar_International_Airport",5
"GIC","YBOI","-9.232780","142.218330","Boigu Island , Queensland , Australia","https://en.wikipedia.org/wiki/Boigu_Island_Airport",2
"GIG","SBGL","-22.810000","-43.250560","Gol Linhas Aéreas","https://en.wikipedia.org/wiki/Rio_de_Janeiro/Gale%C3%A3o_International_Airport",55
"GIL","OPGT","35.918610","74.333610","Gilgit -15100, Gilgit-Baltistan , Pakistan","https://en.wikipedia.org/wiki/Gilgit_Airport",2
"GIR","SKGI","4.276390","-74.796110","Girardot , Colombia","https://en.wikipedia.org/wiki/Santiago_Vila_Airport",1
"GIS","NZGS","-38.663330","177.978330","","https://en.wikipedia.org/wiki/Gisborne_Airport",6
"GIT","HTGE","-2.742322","31.706756","","https://en.wikipedia.org/wiki/Geita_Airport",2
"GIU","VCCS","7.955889","80.728111","Dambulla","https://en.wikipedia.org/wiki/Sigiriya_Airport",5
"GJA","MHNJ","16.445280","-85.906670","","https://en.wikipedia.org/wiki/Guanaja_Airport",2
"GJL","DAAV","36.794440","5.873610","Jijel","https://en.wikipedia.org/wiki/Jijel_Ferhat_Abbas_Airport",2
"GJR","BIGJ","65.994440","-21.329170","Árneshreppur , Iceland","https://en.wikipedia.org/wiki/Gj%C3%B6gur_Airport",1
"GJT","KGJT","39.122500","-108.526670","548,878","https://en.wikipedia.org/wiki/Grand_Junction_Regional_Airport",0
"GKA","AYGA","-6.081689","145.391881","","https://en.wikipedia.org/wiki/Goroka_Airport",3
"GKK","VRMO","0.730830","73.433060","Huvadhu Atoll , Maldives","https://en.wikipedia.org/wiki/Kooddoo_Airport",3
"GKN","PAGK","62.155000","-145.454440","Gulkana, Alaska","https://en.wikipedia.org/wiki/Gulkana_Airport",3
"GLA","EGPF","55.871940","-4.433060","easyJet Jet2.com TUI Airways","https://en.wikipedia.org/wiki/Glasgow_Airport",90
"GLK","HCMR","6.780830","47.454440","Galkayo , Somalia","https://en.wikipedia.org/wiki/Abdullahi_Yusuf_Airport",2
"GLN","GMAG","29.016670","-10.067780","","https://en.wikipedia.org/wiki/Guelmim_Airport",4
"GLT","YGLA","-23.869720","151.222780","Gladstone, Queensland , Australia","https://en.wikipedia.org/wiki/Gladstone_Airport",1
"GLU","VQGP","26.886218","90.463057","","https://en.wikipedia.org/wiki/Gelephu_Airport",2
"GLV","PAGL","64.550560","-163.007220","Golovin, Alaska","https://en.wikipedia.org/wiki/Golovin_Airport",0
"GLX","WAEG","1.837220","127.785560","Galela","https://en.wikipedia.org/wiki/Gamar_Malamo_Airport",0
"GMA","FZFK","3.235280","19.770830","","https://en.wikipedia.org/wiki/Gemena_Airport",3
"GMB","HAGM","8.128610","34.563060","Gambela, Ethiopia","https://en.wikipedia.org/wiki/Gambela_Airport",1
"GME","UMGG","52.526940","31.016670","Gomel","https://en.wikipedia.org/wiki/Gomel_Airport",5
"GMP","RKSS","37.558060","126.790560","T'way Air","https://en.wikipedia.org/wiki/Gimpo_International_Airport",15
"GMQ","ZLGL","34.421720","100.301510","Golog , Qinghai , China","https://en.wikipedia.org/wiki/Golog_Maqin_Airport",2
"GMZ","GCGM","28.029720","-17.214720","La Gomera","https://en.wikipedia.org/wiki/La_Gomera_Airport",2
"GNB","LFLS","45.363060","5.329440","Grenoble , France","https://en.wikipedia.org/wiki/Alpes%E2%80%93Is%C3%A8re_Airport",21
"GND","TGPY","12.004170","-61.786110","St George's","https://en.wikipedia.org/wiki/Maurice_Bishop_International_Airport",18
"GNJ","UBBG","40.737780","46.317500","Ganja","https://en.wikipedia.org/wiki/Ganja_International_Airport",6
"GNM","SNGI","-14.208060","-42.746110","Guanambi","https://en.wikipedia.org/wiki/Guanambi_Airport",3
"GNS","WIMB","1.166110","97.704440","Gunungsitoli","https://en.wikipedia.org/wiki/Binaka_Airport",3
"GNV","KGNV","29.690000","-82.271670","Gainesville, Florida","https://en.wikipedia.org/wiki/Gainesville_Regional_Airport",0
"GNY","LTCS","37.450000","38.900000","Şanlıurfa , Turkey","https://en.wikipedia.org/wiki/%C5%9Eanl%C4%B1urfa_GAP_Airport",6
"GOA","LIMJ","44.413330","8.837500","Genoa","https://en.wikipedia.org/wiki/Genoa_Cristoforo_Colombo_Airport",25
"GOB","HAGB","7.118060","40.045830","Robe , Goba","https://en.wikipedia.org/wiki/Robe_Airport",1
"GOH","BGGH","64.190830","-51.678060","Nuuk , Greenland","https://en.wikipedia.org/wiki/Nuuk_Airport",14
"GOJ","UWGG","56.230000","43.786670","Nizhny Novgorod","https://en.wikipedia.org/wiki/Strigino_International_Airport",22
"GOM","FZNA","-1.670856","29.238403","Goma","https://en.wikipedia.org/wiki/Goma_International_Airport",14
"GOP","VEGK","26.739440","83.449440","Gorakhpur","https://en.wikipedia.org/wiki/Gorakhpur_Airport",5
"GOQ","ZLGM","36.400560","94.786110","Golmud , Qinghai , China","https://en.wikipedia.org/wiki/Golmud_Airport",5
"GOT","ESGG","57.660000","12.291110","Scandinavian Airlines","https://en.wikipedia.org/wiki/G%C3%B6teborg_Landvetter_Airport",88
"GOU","FKKR","9.335830","13.370000","Garoua , Cameroon","https://en.wikipedia.org/wiki/Garoua_International_Airport",2
"GOV","YPGV","-12.270000","136.818330","Gove Peninsula , Northern Territory , Australia","https://en.wikipedia.org/wiki/Gove_Airport",9
"GOX","VOGA","15.732200","73.868000","Goa","https://en.wikipedia.org/wiki/Manohar_International_Airport",29
"GOY","UNIT","64.333330","100.433330","","https://en.wikipedia.org/wiki/Tura_Airport",1
"GPA","LGRX","38.151110","21.425560","Patras and Pyrgos , Greece","https://en.wikipedia.org/wiki/Patras_Araxos_Airport",18
"GPB","SSGG","-25.388060","-51.521670","Guarapuava","https://en.wikipedia.org/wiki/Guarapuava_Airport",1
"GPI","SKGP","2.570830","-77.897780","Guapi , Colombia","https://en.wikipedia.org/wiki/Guapi_Airport",2
"GPN","YGPT","-11.399170","130.425280","Melville Island , Australia","https://en.wikipedia.org/wiki/Garden_Point_Airport",1
"GPS","SEGS","-0.453890","-90.265830","Baltra , Galápagos Islands , Ecuador","https://en.wikipedia.org/wiki/Seymour_Airport",2
"GPT","KGPT","30.407220","-89.070000","Gulfport–Biloxi metropolitan area","https://en.wikipedia.org/wiki/Gulfport%E2%80%93Biloxi_International_Airport",0
"GRB","KGRB","44.484720","-88.129720","Green Bay metropolitan area","https://en.wikipedia.org/wiki/Green_Bay%E2%80%93Austin_Straubel_International_Airport",0
"GRI","KGRI","40.967500","-98.309720","Grand Island, Nebraska","https://en.wikipedia.org/wiki/Central_Nebraska_Regional_Airport",0
"GRJ","FAGG","-34.006670","22.380830","George , Garden Route District Municipality , South Africa","https://en.wikipedia.org/wiki/George_Airport",5
"GRO","LEGE","41.900830","2.760560","Girona , the Costa Brava and Barcelona , Catalonia , Spain","https://en.wikipedia.org/wiki/Girona%E2%80%93Costa_Brava_Airport",52
"GRQ","EHGG","53.125000","6.583330","Groningen","https://en.wikipedia.org/wiki/Groningen_Airport_Eelde",14
"GRU","SBGR","-23.435560","-46.473060","Azul Brazilian Airlines","https://en.wikipedia.org/wiki/S%C3%A3o_Paulo/Guarulhos_International_Airport",114
"GRV","URMG","43.388200","45.699683","Grozny , Chechnya , Russia","https://en.wikipedia.org/wiki/Kadyrov_Grozny_International_Airport",10
"GRW","LPGR","39.092220","-28.029440","","https://en.wikipedia.org/wiki/Graciosa_Airport",2
"GRX","LEGR","37.188610","-3.777220","Granada","https://en.wikipedia.org/wiki/Federico_Garc%C3%ADa_Lorca_Granada_Airport",10
"GRY","BIGR","66.545830","-18.016670","Grímsey , Iceland","https://en.wikipedia.org/wiki/Gr%C3%ADmsey_Airport",1
"GRZ","LOWG","","","Graz","https://en.wikipedia.org/wiki/Graz_Airport",26
"GSI","SOGS","4.284720","-54.377780","Grand-Santi , French Guiana","https://en.wikipedia.org/wiki/Grand-Santi_Airport",3
"GSM","OIKQ","26.754639","55.902353","Qeshm , Hormozgan","https://en.wikipedia.org/wiki/Qeshm_International_Airport",14
"GSO","KGSO","36.097780","-79.937220","Greensboro, High Point, and Winston-Salem, North Carolina","https://en.wikipedia.org/wiki/Piedmont_Triad_International_Airport",17
"GSP","KGSP","34.895560","-82.218890","Upstate South Carolina","https://en.wikipedia.org/wiki/Greenville%E2%80%93Spartanburg_International_Airport",30
"GST","PAGS","58.425280","-135.707500","Gustavus, Alaska","https://en.wikipedia.org/wiki/Gustavus_Airport",0
"GSV","UWSG","51.712780","46.171110","Saratov","https://en.wikipedia.org/wiki/Saratov_Gagarin_Airport",12
"GTE","YGTE","-13.975000","136.460000","Groote Eylandt , Northern Territory , Australia","https://en.wikipedia.org/wiki/Groote_Eylandt_Airport",3
"GTF","KGTF","47.482780","-111.370560","Great Falls, Montana","https://en.wikipedia.org/wiki/Great_Falls_International_Airport",0
"GTR","KGTR","33.448330","-88.591390","Columbus , Starkville , West Point","https://en.wikipedia.org/wiki/Golden_Triangle_Regional_Airport",0
"GTS","YTGT","-20.548330","130.350000","","https://en.wikipedia.org/wiki/The_Granites_Airport",5
"GUA","MGGT","14.581670","-90.526670","Guatemala City , Guatemala","https://en.wikipedia.org/wiki/La_Aurora_International_Airport",34
"GUB","MMGR","28.025830","-114.023890","Guerrero Negro , Baja California Sur , Mexico","https://en.wikipedia.org/wiki/Guerrero_Negro_Airport",4
"GUC","KGUC","38.533890","-106.933060","Gunnison, Colorado","https://en.wikipedia.org/wiki/Gunnison%E2%80%93Crested_Butte_Regional_Airport",4
"GUF","KJKA","30.289720","-87.671670","Gulf Shores, Alabama","https://en.wikipedia.org/wiki/Jack_Edwards_Airport",8
"GUM","PGUM","13.485000","144.797500","Guam","https://en.wikipedia.org/wiki/Antonio_B._Won_Pat_International_Airport",19
"GUO","","5.317600","45.985600","Airlines and destinations","https://en.wikipedia.org/wiki/Guriel_Airport",1
"GUR","AYGN","-10.311390","150.333610","Alotau , Milne Bay Province , Papua New Guinea","https://en.wikipedia.org/wiki/Gurney_Airport",3
"GUW","UATG","47.121940","51.821390","Air Astana SCAT Airlines FlyArystan","https://en.wikipedia.org/wiki/Atyrau_Airport",18
"GVA","LSGG","46.237560","6.109210","Grand Genève","https://en.wikipedia.org/wiki/Geneva_Airport",155
"GVR","SBGV","-18.896110","-41.983330","Governador Valadares","https://en.wikipedia.org/wiki/Governador_Valadares_Airport",1
"GWD","OPGW","25.297500","62.500830","Gwadar , Pakistan","https://en.wikipedia.org/wiki/New_Gwadar_International_Airport",0
"GWL","VIGR","26.293330","78.227780","Gwalior","https://en.wikipedia.org/wiki/Gwalior_Airport",4
"GWT","EDXW","54.913330","8.340560","Sylt , Germany","https://en.wikipedia.org/wiki/Sylt_Airport",9
"GXF","OYSY","15.966110","48.788060","Seiyun","https://en.wikipedia.org/wiki/Seiyun_Airport",3
"GXH","ZLXH","34.810560","102.644720","Hezuo and Xiahe","https://en.wikipedia.org/wiki/Gannan_Xiahe_Airport",3
"GYA","SLGM","-10.888890","-65.380560","Guayaramerín , Bolivia","https://en.wikipedia.org/wiki/Guayaramer%C3%ADn_Airport",2
"GYD","UBBB","40.467500","50.046670","Baku","https://en.wikipedia.org/wiki/Heydar_Aliyev_International_Airport",89
"GYE","SEGU","-2.157500","-79.883610","Guayaquil , Ecuador","https://en.wikipedia.org/wiki/Jos%C3%A9_Joaqu%C3%ADn_de_Olmedo_International_Airport",21
"GYM","MMGM","27.968890","-110.925000","Guaymas , Sonora , Mexico","https://en.wikipedia.org/wiki/Guaymas_International_Airport",2
"GYN","SBGO","-16.632500","-49.221110","Goiânia","https://en.wikipedia.org/wiki/Goi%C3%A2nia_International_Airport",17
"GYS","ZUGU","32.391110","105.701940","Guangyuan , Sichuan , China","https://en.wikipedia.org/wiki/Guangyuan_Panlong_Airport",17
"GYU","ZLGY","36.076110","106.218060","Guyuan , Ningxia , China","https://en.wikipedia.org/wiki/Guyuan_Liupanshan_Airport",8
"GZG","ZUGZ","31.757500","99.554170","Garzê County , Sichuan , China","https://en.wikipedia.org/wiki/Garze_Gesar_Airport",1
"GZO","AGGN","-8.098610","156.864170","","https://en.wikipedia.org/wiki/Nusatupe_Airport",6
"GZP","LTFG","36.298890","32.300000","Gazipaşa , Antalya Province , Turkey","https://en.wikipedia.org/wiki/Gazipa%C5%9Fa%E2%80%93Alanya_Airport",24
"GZT","LTAJ","36.947780","37.478890","Gaziantep , Turkey","https://en.wikipedia.org/wiki/Gaziantep_O%C4%9Fuzeli_Airport",20
"HAA","ENHK","70.486670","22.139720","Hasvik","https://en.wikipedia.org/wiki/Hasvik_Airport",2
"HAC","RJTH","33.115000","139.785830","Hachijōjima , Japan","https://en.wikipedia.org/wiki/Hachijojima_Airport",3
"HAD","ESMT","56.690830","12.820000","","https://en.wikipedia.org/wiki/Halmstad_Airport",2
"HAJ","EDDV","52.460214","9.683522","Corendon Airlines Europe Eurowings TUI fly Deutschland","https://en.wikipedia.org/wiki/Hannover_Airport",71
"HAK","ZJHK","19.934720","110.458890","Haikou","https://en.wikipedia.org/wiki/Haikou_Meilan_International_Airport",145
"HAM","EDDH","53.630280","9.991110","Condor Eurowings Ryanair Wizz Air","https://en.wikipedia.org/wiki/Hamburg_Airport",125
"HAN","VVNB","21.213890","105.803060","Hanoi Capital Region","https://en.wikipedia.org/wiki/Noi_Bai_International_Airport",88
"HAQ","VRMH","6.744170","73.170280","Northern Maldive Atolls","https://en.wikipedia.org/wiki/Hanimaadhoo_International_Airport",6
"HAS","OEHL","27.437780","41.686110","Ha'il (Hail)","https://en.wikipedia.org/wiki/%E1%B8%A4a%27il_Regional_Airport",7
"HAU","ENHD","59.343330","5.212500","Haugesund , Norway","https://en.wikipedia.org/wiki/Haugesund_Airport",8
"HAV","MUHA","22.989170","-82.409170","Havana","https://en.wikipedia.org/wiki/Jos%C3%A9_Mart%C3%AD_International_Airport",39
"HAY","SKAG","8.247220","-73.581940","Aguachica","https://en.wikipedia.org/wiki/Hacaritama_Airport",1
"HBA","YMHB","-42.836670","147.510000","Hobart","https://en.wikipedia.org/wiki/Hobart_Airport",9
"HBE","HEBA","30.917780","29.696390","Alexandria Nile Delta","https://en.wikipedia.org/wiki/Borg_El_Arab_International_Airport",24
"HBX","VOHB","15.361670","75.084720","Hubballi , Dharwad","https://en.wikipedia.org/wiki/Hubli_Airport",5
"HCJ","ZGHC","24.783890","107.699720","Hechi , Guangxi","https://en.wikipedia.org/wiki/Hechi_Jinchengjiang_Airport",2
"HCQ","YHLC","-18.233060","127.668890","","https://en.wikipedia.org/wiki/Halls_Creek_Airport",4
"HCZ","ZGCZ","25.750560","112.845830","Chenzhou , Hunan , China","https://en.wikipedia.org/wiki/Chenzhou_Beihu_Airport",11
"HDF","EDAH","53.878610","14.152220","Usedom","https://en.wikipedia.org/wiki/Heringsdorf_Airport",6
"HDG","ZBHD","36.523890","114.430000","Handan , Hebei","https://en.wikipedia.org/wiki/Handan_Airport",17
"HDK","VRBK","6.631110","73.066670","Northern Maldive Atolls","https://en.wikipedia.org/wiki/Kulhudhuffushi_Airport",3
"HDM","OIHH","34.869170","48.552500","Hamadan","https://en.wikipedia.org/wiki/Hamadan_International_Airport",3
"HDN","KHDN","40.481110","-107.217780","Steamboat Springs , Hayden , Craig","https://en.wikipedia.org/wiki/Yampa_Valley_Airport",16
"HDO","VIDX","28.705790","77.342137","National Capital Region (NCR)","https://en.wikipedia.org/wiki/Hindon_Airport",15
"HDY","VTSS","6.933060","100.392780","Hat Yai","https://en.wikipedia.org/wiki/Hat_Yai_International_Airport",9
"HEH","VYHH","20.746940","96.791940","Heho , Myanmar","https://en.wikipedia.org/wiki/Heho_Airport",12
"HEK","ZYHE","50.172220","127.308610","Heihe , Heilongjiang , China","https://en.wikipedia.org/wiki/Heihe_Aihui_Airport",7
"HEL","EFHK","60.317220","24.963330","Helsinki metropolitan area","https://en.wikipedia.org/wiki/Helsinki_Airport",144
"HER","LGIR","35.339720","25.180280","Aegean Airlines (Seasonal) Animawings (Seasonal, from 3 June 2025)","https://en.wikipedia.org/wiki/Heraklion_International_Airport_%22Nikos_Kazantzakis%22",149
"HET","ZBHH","40.851422","111.824103","Hohhot","https://en.wikipedia.org/wiki/Hohhot_Baita_International_Airport",72
"HFA","LLHA","32.809440","35.043060","Haifa , Israel","https://en.wikipedia.org/wiki/Uri_Michaeli_Haifa_International_Airport",4
"HFE","ZSOF","31.986670","116.975000","China Eastern Airlines","https://en.wikipedia.org/wiki/Hefei_Xinqiao_International_Airport",70
"HFN","BIHN","64.295560","-15.227220","","https://en.wikipedia.org/wiki/Hornafj%C3%B6r%C3%B0ur_Airport",1
"HFS","ESOH","60.025000","13.580560","","https://en.wikipedia.org/wiki/Hagfors_Airport",2
"HFT","ENHF","70.679720","23.668610","Hammerfest","https://en.wikipedia.org/wiki/Hammerfest_Airport",11
"HGA","HCMH","9.518330","44.088890","Hargeisa , Somaliland","https://en.wikipedia.org/wiki/Hargeisa_Airport",0
"HGD","YHUG","-20.812500","144.224440","Hughenden, Queensland","https://en.wikipedia.org/wiki/Hughenden_Airport",4
"HGH","ZSHC","30.237111","120.431944","Air China China Eastern Airlines China Southern Airlines Hainan Airlines Sichuan Airlines","https://en.wikipedia.org/wiki/Hangzhou_Xiaoshan_International_Airport",150
"HGI","VEHO","26.970000","93.664720","Itanagar","https://en.wikipedia.org/wiki/Donyi_Polo_Airport,_Itanagar",5
"HGN","VTCH","19.301110","97.974720","Mae Hong Son","https://en.wikipedia.org/wiki/Mae_Hong_Son_Airport",1
"HGO","DIKO","9.387220","-5.556670","Korhogo","https://en.wikipedia.org/wiki/Korhogo_Airport",1
"HGR","KHGR","39.708610","-77.726390","Hagerstown, Maryland","https://en.wikipedia.org/wiki/Hagerstown_Regional_Airport",0
"HGU","AYMH","-5.826789","144.295861","Mount Hagen","https://en.wikipedia.org/wiki/Mount_Hagen_Airport",9
"HHH","KHXD","32.224440","-80.697500","Hilton Head Island, South Carolina","https://en.wikipedia.org/wiki/Hilton_Head_Airport",0
"HHN","EDFH","49.948330","7.264170","Frankfurt Rhine-Main","https://en.wikipedia.org/wiki/Hahn_Airport",48
"HHQ","VTPH","12.636110","99.951390","Prachuap Khiri Khan Phetchaburi","https://en.wikipedia.org/wiki/Hua_Hin_Airport",1
"HHR","KHHR","33.922780","-118.335280","","https://en.wikipedia.org/wiki/Hawthorne_Municipal_Airport_(California)",3
"HIB","KHIB","47.386670","-92.838890","Hibbing, Minnesota","https://en.wikipedia.org/wiki/Range_Regional_Airport",0
"HID","YHID","-10.585560","142.292780","","https://en.wikipedia.org/wiki/Horn_Island_Airport",16
"HIJ","RJOA","34.436110","132.919440","Hiroshima Prefecture","https://en.wikipedia.org/wiki/Hiroshima_Airport",12
"HIN","RKPS","35.088542","128.070369","Sacheon Jinju","https://en.wikipedia.org/wiki/Sacheon_Airport",2
"HIR","AGGH","-9.428060","160.054720","","https://en.wikipedia.org/wiki/Honiara_International_Airport",22
"HJJ","ZGCJ","27.441390","109.699720","Huaihua","https://en.wikipedia.org/wiki/Huaihua_Zhijiang_Airport",11
"HJR","VEKO","24.817220","79.918610","Khajuraho , Chhatarpur","https://en.wikipedia.org/wiki/Khajuraho_Airport",4
"HKD","RJCH","41.770000","140.821940","Hakodate , Hokkaido , Japan","https://en.wikipedia.org/wiki/Hakodate_Airport",8
"HKG","VHHH","22.308890","113.914440","Air China Cebu Pacific China Airlines China Eastern Airlines EVA Air Korean Air Philippine Airlines Singapore Airlines Thai Airways International","https://en.wikipedia.org/wiki/Hong_Kong_International_Airport",155
"HKK","NZHK","-42.713610","170.985280","","https://en.wikipedia.org/wiki/Hokitika_Airport",1
"HKN","AYHK","-5.462169","150.404944","","https://en.wikipedia.org/wiki/Hoskins_Airport",3
"HKT","VTSP","8.113060","98.316670","Thai Airways International","https://en.wikipedia.org/wiki/Phuket_International_Airport",114
"HLA","FALA","-25.938610","27.926110","Johannesburg","https://en.wikipedia.org/wiki/Lanseria_International_Airport",3
"HLD","ZBLA","49.205000","119.825000","Hailar District , Hulunbuir , Inner Mongolia","https://en.wikipedia.org/wiki/Hulunbuir_Hailar_Airport",34
"HLE","FHSH","-15.959170","-5.645830","","https://en.wikipedia.org/wiki/Saint_Helena_Airport",3
"HLH","ZBUL","46.196670","122.005000","Ulanhot , Inner Mongolia","https://en.wikipedia.org/wiki/Ulanhot_Yilelite_Airport",22
"HLN","KHLN","46.606670","-111.982780","Helena, Montana","https://en.wikipedia.org/wiki/Helena_Regional_Airport",0
"HLP","WIHH","-6.266390","106.891110","Susi Air","https://en.wikipedia.org/wiki/Halim_Perdanakusuma_International_Airport",16
"HLZ","NZHN","-37.866670","175.331940","","https://en.wikipedia.org/wiki/Hamilton_Airport_(New_Zealand)",10
"HMA","USHH","61.028330","69.086670","Khanty-Mansiysk","https://en.wikipedia.org/wiki/Khanty-Mansiysk_Airport",17
"HME","DAUH","","","Hassi Messaoud , Algeria","https://en.wikipedia.org/wiki/Oued_Irara%E2%80%93Krim_Belkacem_Airport",8
"HMI","ZWHM","42.842500","93.669440","","https://en.wikipedia.org/wiki/Hami_Yizhou_Airport",15
"HMO","MMHO","29.095830","-111.047780","TAR","https://en.wikipedia.org/wiki/Hermosillo_International_Airport",16
"HMS","WAGB","-1.024720","114.927780","North Barito Regency","https://en.wikipedia.org/wiki/Haji_Muhammad_Sidik_Airport",1
"HMV","ESUT","65.806110","15.082780","","https://en.wikipedia.org/wiki/Hemavan_Airport",3
"HNA","RJSI","39.428610","141.135280","Hanamaki , Morioka , Iwate Prefecture","https://en.wikipedia.org/wiki/Hanamaki_Airport",6
"HND","RJTT","35.553330","139.781110","Greater Tokyo Area","https://en.wikipedia.org/wiki/Haneda_Airport",102
"HNH","PAOH","58.096110","-135.409720","Hoonah, Alaska","https://en.wikipedia.org/wiki/Hoonah_Airport",1
"HNL","PHNL","21.318610","-157.922500","Oahu","https://en.wikipedia.org/wiki/Daniel_K._Inouye_International_Airport",61
"HNM","PHHN","20.795560","-156.014440","Hana, Hawaii","https://en.wikipedia.org/wiki/Hana_Airport",0
"HNS","PAHN","59.243890","-135.523610","Haines, Alaska","https://en.wikipedia.org/wiki/Haines_Airport",2
"HNY","ZGHY","26.723890","112.618330","Hengyang , Hunan , China","https://en.wikipedia.org/wiki/Hengyang_Nanyue_Airport",28
"HOB","KHOB","32.687500","-103.216940","","https://en.wikipedia.org/wiki/Lea_County_Regional_Airport",0
"HOF","OEAH","25.285280","49.485000","Al-Ahsa Governorate","https://en.wikipedia.org/wiki/Al-Ahsa_International_Airport",3
"HOG","MUHG","20.778890","-76.312220","Holguín","https://en.wikipedia.org/wiki/Frank_Pa%C3%ADs_Airport",11
"HOK","YHOO","-18.336670","130.643330","","https://en.wikipedia.org/wiki/Hooker_Creek_Airport",0
"HOM","PAHO","59.645560","-151.476670","Homer, Alaska","https://en.wikipedia.org/wiki/Homer_Airport",4
"HOR","LPHR","38.520000","-28.716390","Horta","https://en.wikipedia.org/wiki/Horta_Airport",5
"HOT","KHOT","34.478060","-93.096110","Hot Springs, Arkansas","https://en.wikipedia.org/wiki/Memorial_Field_Airport",0
"HOU","KHOU","29.645560","-95.278890","Greater Houston","https://en.wikipedia.org/wiki/William_P._Hobby_Airport",79
"HPA","NFTL","-19.776670","-174.341110","","https://en.wikipedia.org/wiki/Lifuka_Island_Airport",1
"HPG","ZHSN","31.633610","110.338060","Shennongjia , Hubei","https://en.wikipedia.org/wiki/Shennongjia_Hongping_Airport",1
"HPH","VVCI","20.819170","106.724720","Hai Phong","https://en.wikipedia.org/wiki/Cat_Bi_International_Airport",15
"DYR","UHMA","64.735000","177.741670","Anadyr","https://en.wikipedia.org/wiki/Ugolny_Airport",9
"EDO","LTFD","39.554440","27.013610","","https://en.wikipedia.org/wiki/Bal%C4%B1kesir_Koca_Seyit_Airport",6
"EMA","EGNX","52.833000","-1.333000","East Midlands","https://en.wikipedia.org/wiki/East_Midlands_Airport",0
"ESC","KESC","45.722780","-87.093610","Escanaba, Michigan","https://en.wikipedia.org/wiki/Delta_County_Airport",0
"EZE","SAEZ","-34.822220","-58.535830","Buenos Aires metropolitan area","https://en.wikipedia.org/wiki/Ministro_Pistarini_International_Airport",60
"FJR","OMFJ","25.112220","56.324170","","https://en.wikipedia.org/wiki/Fujairah_International_Airport",4
"FNT","KFNT","42.965560","-83.743330","396,000","https://en.wikipedia.org/wiki/Bishop_International_Airport",13
"FUG","ZSFY","32.881940","115.734440","","https://en.wikipedia.org/wiki/Fuyang_Airport",17
"GBZ","NZGB","-36.241390","175.471940","","https://en.wikipedia.org/wiki/Great_Barrier_Aerodrome",6
"GGB","SWHP","-14.019720","-52.151940","Água Boa","https://en.wikipedia.org/wiki/%C3%81gua_Boa_Airport",1
"GLF","MRGF","8.653890","-83.181940","Golfito , Costa Rica","https://en.wikipedia.org/wiki/Golfito_Airport",2
"GOI","VAGO","15.380830","73.831390","Air India Express IndiGo","https://en.wikipedia.org/wiki/Dabolim_Airport",23
"GRR","KGRR","42.880830","-85.522780","Grand Rapids, Michigan , US","https://en.wikipedia.org/wiki/Gerald_R._Ford_International_Airport",39
"GUP","KGUP","35.511110","-108.789440","Gallup, New Mexico","https://en.wikipedia.org/wiki/Gallup_Municipal_Airport",0
"HAH","FMCH","-11.536670","43.271390","Moroni","https://en.wikipedia.org/wiki/Prince_Said_Ibrahim_International_Airport",8
"HDS","FAHS","-24.354720","31.050280","","https://en.wikipedia.org/wiki/Air_Force_Base_Hoedspruit",2
"HIA","ZSSH","33.790560","119.125000","Huai'an","https://en.wikipedia.org/wiki/Huai%27an_Lianshui_International_Airport",31
"HQL","ZWTK","37.662710","75.292270","Tashkurgan","https://en.wikipedia.org/wiki/Tashkurgan_Khunjerab_Airport",2
"HQQ","ZHQQ","35.870830","114.461940","Anyang , Henan , China","https://en.wikipedia.org/wiki/Anyang_Hongqiqu_Airport",6
"HRB","ZYHB","45.623403","126.250328","China Eastern Airlines Sichuan Airlines","https://en.wikipedia.org/wiki/Harbin_Taiping_International_Airport",127
"HRE","FVRG","-17.931806","31.092847","Harare , Zimbabwe","https://en.wikipedia.org/wiki/Robert_Gabriel_Mugabe_International_Airport",19
"HRF","VRAH","6.980560","72.895830","Hoarafushi (Haa Alif Atoll) , Haa Alif Atoll , Maldives","https://en.wikipedia.org/wiki/Hoarafushi_Airport",3
"HRG","HEGN","27.178060","33.799170","Air Cairo","https://en.wikipedia.org/wiki/Hurghada_International_Airport",130
"HRI","VCRI","6.288890","81.123610","Southern Province","https://en.wikipedia.org/wiki/Mattala_Rajapaksa_International_Airport",22
"HRL","KHRL","26.227220","-97.655000","Harlingen, Texas","https://en.wikipedia.org/wiki/Valley_International_Airport",9
"HRM","DAFH","","","Hassi R'Mel , Algeria","https://en.wikipedia.org/wiki/Hassi_R%27Mel_Airport",1
"HRO","KHRO","36.261390","-93.154720","Harrison, Arkansas","https://en.wikipedia.org/wiki/Boone_County_Airport_(Arkansas)",0
"HSA","UAIT","43.311110","68.550280","Türkistan , Kazakhstan","https://en.wikipedia.org/wiki/%C3%84ziret_S%C5%ABltan_International_Airport",10
"HSC","ZGSG","24.978610","113.421110","Shaoguan , Guangdong , China","https://en.wikipedia.org/wiki/Shaoguan_Danxia_Airport",7
"HSF","ZYSD","44.453890","130.843890","Suifenhe , Heilongjiang , China","https://en.wikipedia.org/wiki/Suifenhe_Dongning_Airport",0
"HSG","RJFS","33.149720","130.302220","Fukuoka–Kitakyushu metropolitan area","https://en.wikipedia.org/wiki/Saga_Airport",4
"HSL","PAHL","65.701940","-156.387220","Huslia, Alaska","https://en.wikipedia.org/wiki/Huslia_Airport",5
"HSN","ZSZS","29.934170","122.362220","Zhoushan , Zhejiang","https://en.wikipedia.org/wiki/Zhoushan_Putuoshan_International_Airport",29
"HSR","VAHS","22.388060","71.028330","Rajkot","https://en.wikipedia.org/wiki/Rajkot_International_Airport",7
"HSS","VIHR","29.179170","75.755280","","https://en.wikipedia.org/wiki/Hisar_Airport",2
"HSV","KHSV","34.637220","-86.775000","Huntsville, Alabama","https://en.wikipedia.org/wiki/Huntsville_International_Airport",15
"HTA","UIAA","52.026670","113.305000","Chita","https://en.wikipedia.org/wiki/Chita-Kadala_International_Airport",18
"HTG","UOHH","71.968330","102.486670","","https://en.wikipedia.org/wiki/Khatanga_Airport",1
"HTI","YBHM","-20.358060","148.951670","","https://en.wikipedia.org/wiki/Hamilton_Island_Airport",3
"HTN","ZWTN","37.038610","79.865000","Hotan , Hotan Prefecture , Xinjiang , China","https://en.wikipedia.org/wiki/Hotan_Kungang_Airport",21
"HTS","KHTS","38.366940","-82.558610","Huntington–Ashland metropolitan area","https://en.wikipedia.org/wiki/Tri-State_Airport",7
"HTT","ZLHX","38.197500","90.841670","Mangnai","https://en.wikipedia.org/wiki/Haixi_Huatugou_Airport",3
"HUE","HAHU","13.830280","36.881670","Humera , Ethiopia","https://en.wikipedia.org/wiki/Humera_Airport",1
"HUG","MGHT","15.316670","-91.505560","Huehuetenango , Guatemala","https://en.wikipedia.org/wiki/Huehuetenango_Airport",1
"HUI","VVPB","16.401670","107.702780","Huế","https://en.wikipedia.org/wiki/Phu_Bai_International_Airport",3
"HUN","RCYU","24.023060","121.617780","","https://en.wikipedia.org/wiki/Hualien_Airport",4
"HUO","ZBHZ","45.487220","119.407220","Holingol , Inner Mongolia , China","https://en.wikipedia.org/wiki/Holingol_Huolinhe_Airport",3
"HUS","PAHU","66.039170","-154.264720","Hughes, Alaska","https://en.wikipedia.org/wiki/Hughes_Airport_(Alaska)",5
"HUU","SPNC","-9.879170","-76.205560","Huánuco","https://en.wikipedia.org/wiki/Alf%C3%A9rez_FAP_David_Figueroa_Fernandini_Airport",3
"HUX","MMBT","15.775280","-96.262500","Huatulco , Oaxaca , Mexico","https://en.wikipedia.org/wiki/Bah%C3%ADas_de_Huatulco_International_Airport",12
"HUY","EGNJ","53.574440","-0.350830","Lincolnshire , East Riding of Yorkshire and Kingston upon Hull","https://en.wikipedia.org/wiki/Humberside_Airport",5
"HUZ","ZGHZ","23.048330","114.600280","Huizhou , Guangdong , China","https://en.wikipedia.org/wiki/Huizhou_Pingtan_Airport",43
"HVB","YHBA","-25.320560","152.881670","Hervey Bay , Queensland , Australia","https://en.wikipedia.org/wiki/Hervey_Bay_Airport",5
"HVD","ZMKD","47.961390","91.625830","","https://en.wikipedia.org/wiki/Khovd_Airport",1
"HVN","KHVN","41.263890","-72.886670","New Haven , Connecticut , and the New York metropolitan area","https://en.wikipedia.org/wiki/Tweed_New_Haven_Airport",34
"HWN","FVWN","-18.629170","27.020830","Hwange National Park","https://en.wikipedia.org/wiki/Hwange_National_Park_Airport",0
"HXD","ZLDL","37.125000","97.268610","","https://en.wikipedia.org/wiki/Haixi_Delingha_Airport",3
"HYA","KHYA","41.669440","-70.280280","Hyannis, Massachusetts","https://en.wikipedia.org/wiki/Cape_Cod_Gateway_Airport",8
"HYD","VOHS","17.230000","78.431940","Air India","https://en.wikipedia.org/wiki/Rajiv_Gandhi_International_Airport",102
"HYN","ZSLQ","28.562220","121.428610","Taizhou, Zhejiang","https://en.wikipedia.org/wiki/Taizhou_Luqiao_Airport",27
"HYS","KHYS","38.842220","-99.273060","Hays, Kansas","https://en.wikipedia.org/wiki/Hays_Regional_Airport",0
"HZG","ZLHZ","33.136670","107.202220","Hanzhong","https://en.wikipedia.org/wiki/Hanzhong_Chenggu_Airport",14
"IAA","UOII","67.436670","86.621670","Igarka","https://en.wikipedia.org/wiki/Igarka_Airport",7
"IAD","KIAD","38.944440","-77.455830","Washington, D.C. metropolitan area","https://en.wikipedia.org/wiki/Dulles_International_Airport",165
"IAG","KIAG","43.107220","-78.946110","Buffalo–Niagara Falls metropolitan area","https://en.wikipedia.org/wiki/Niagara_Falls_International_Airport",4
"IAH","KIAH","29.984440","-95.341390","Greater Houston","https://en.wikipedia.org/wiki/George_Bush_Intercontinental_Airport",187
"IAL","SNSS","-16.208330","-42.321940","Salinas","https://en.wikipedia.org/wiki/Salinas_Airport_(Brazil)",1
"IAM","DAUZ","","","In Amenas , Algeria","https://en.wikipedia.org/wiki/In_Amenas_Airport",4
"IAN","PAIK","66.975830","-160.436670","","https://en.wikipedia.org/wiki/Bob_Baker_Memorial_Airport",0
"IAO","RPNS","9.858890","126.013890","Siargao","https://en.wikipedia.org/wiki/Sayak_Airport",4
"IAR","UUDL","57.560667","40.157369","Yaroslavl","https://en.wikipedia.org/wiki/Tunoshna_Airport",6
"IAS","LRIA","","","Wizz Air","https://en.wikipedia.org/wiki/Ia%C8%99i_International_Airport",30
"IAX","WAMS","5.562220","126.581390","Miangas","https://en.wikipedia.org/wiki/Miangas_Airport",2
"IBA","DNIB","7.359720","3.975830","Ibadan , Oyo , Nigeria","https://en.wikipedia.org/wiki/Ibadan_Airport",2
"IBE","SKIB","4.421390","-75.133330","","https://en.wikipedia.org/wiki/Perales_Airport",2
"IBR","RJAH","36.181670","140.414720","Mito , Japan","https://en.wikipedia.org/wiki/Ibaraki_Airport",8
"IBZ","LEIB","38.872780","1.375830","Vueling","https://en.wikipedia.org/wiki/Ibiza_Airport",104
"ICC","SVIE","10.794440","-63.980560","Isla de Coche , Venezuela","https://en.wikipedia.org/wiki/Andr%C3%A9s_Miguel_Salazar_Marcano_Airport",3
"ICI","NFCI","-17.743060","-179.341940","Cicia , Lau Islands , Eastern Division , Fiji","https://en.wikipedia.org/wiki/Cicia_Airport",1
"ICN","RKSI","37.463330","126.440000","Jeju Air","https://en.wikipedia.org/wiki/Incheon_International_Airport",172
"ICT","KICT","37.650000","-97.433060","South Central Kansas ( Wichita / Hutchinson, Kansas )","https://en.wikipedia.org/wiki/Wichita_Dwight_D._Eisenhower_National_Airport",0
"IDA","KIDA","43.517220","-112.058330","Idaho Falls, Idaho","https://en.wikipedia.org/wiki/Idaho_Falls_Regional_Airport",12
"IEG","EPZG","","","Zielona Góra , Poland","https://en.wikipedia.org/wiki/Zielona_G%C3%B3ra_Airport",3
"IFJ","BIIS","66.058060","-23.135280","Ísafjörður , Iceland","https://en.wikipedia.org/wiki/%C3%8Dsafj%C3%B6r%C3%B0ur_Airport",1
"IFN","OIFM","32.750830","51.861110","Asa Jet Iran Air Karun Airlines Pars Air Qeshm Air","https://en.wikipedia.org/wiki/Isfahan_Shahid_Beheshti_International_Airport",32
"IFU","VREI","5.713890","73.030560","","https://en.wikipedia.org/wiki/Ifuru_Airport",2
"IGA","MYIG","20.975000","-73.666940","","https://en.wikipedia.org/wiki/Inagua_Airport",2
"IGD","LTCT","","","Iğdır","https://en.wikipedia.org/wiki/I%C4%9Fd%C4%B1r_Airport",3
"IGR","SARI","-25.736110","-54.473610","Puerto Iguazú , Argentina","https://en.wikipedia.org/wiki/Cataratas_del_Iguaz%C3%BA_International_Airport",8
"IGT","URMS","43.319300","45.013000","Magas , Nazran","https://en.wikipedia.org/wiki/Magas_Airport",2
"IGU","SBFI","-25.600280","-54.485000","Foz do Iguaçu","https://en.wikipedia.org/wiki/Foz_do_Igua%C3%A7u_International_Airport",13
"IHR","OIZI","27.235830","60.720280","Iranshahr","https://en.wikipedia.org/wiki/Iranshahr_Airport",2
"IIL","OICI","33.586606","46.404842","cities of Ilam province","https://en.wikipedia.org/wiki/Ilam_Airport",2
"IJK","USII","56.833330","53.456670","Izevsk","https://en.wikipedia.org/wiki/Izhevsk_Airport",11
"IKA","OIIE","35.416110","51.152220","Tehran metropolitan area","https://en.wikipedia.org/wiki/Imam_Khomeini_International_Airport",51
"IKE","BGIA","70.498060","-51.303060","Ikerasak , Greenland","https://en.wikipedia.org/wiki/Ikerasak_Heliport",2
"IKG","UCFP","42.508060","78.407780","Asman Airlines","https://en.wikipedia.org/wiki/Karakol_International_Airport",2
"IKI","RJDB","33.749170","129.785830","Iki , Nagasaki","https://en.wikipedia.org/wiki/Iki_Airport",1
"IKO","PAKO","52.941670","-168.848890","Nikolski, Alaska","https://en.wikipedia.org/wiki/Nikolski_Air_Station",1
"IKT","UIII","52.268060","104.388890","Nordwind Airlines S7 Airlines Ural Airlines Yakutia Airlines","https://en.wikipedia.org/wiki/International_Airport_Irkutsk",60
"IKU","UCFL","42.585560","76.706940","Tamchy","https://en.wikipedia.org/wiki/Issyk-Kul_International_Airport",5
"ILG","KILG","39.678610","-75.606670","Wilmington, Delaware","https://en.wikipedia.org/wiki/Wilmington_Airport_(Delaware)",0
"ILI","PAIL","59.753890","-154.910830","Iliamna, Alaska","https://en.wikipedia.org/wiki/Iliamna_Airport",5
"ILM","KILM","34.270560","-77.902500","Wilmington, North Carolina","https://en.wikipedia.org/wiki/Wilmington_International_Airport",32
"ILO","RPVI","10.832780","122.493330","Metro Iloilo–Guimaras","https://en.wikipedia.org/wiki/Iloilo_International_Airport",15
"ILU","HKKL","","","Kilaguni, Kenya","https://en.wikipedia.org/wiki/Kilaguni_Airport",2
"IMF","VEIM","24.760000","93.896670","Imphal","https://en.wikipedia.org/wiki/Bir_Tikendrajit_International_Airport",14
"IMK","VNST","29.971110","81.818890","Simikot , Nepal","https://en.wikipedia.org/wiki/Simikot_Airport",2
"IMP","SBIZ","-5.530560","-47.458330","Imperatriz","https://en.wikipedia.org/wiki/Imperatriz_Airport",3
"IMQ","OITU","39.192500","44.925280","showt","https://en.wikipedia.org/wiki/Maku_International_Airport",1
"IMT","KIMT","45.818330","-88.114440","Iron Mountain / Kingsford, Michigan","https://en.wikipedia.org/wiki/Ford_Airport_(Iron_Mountain)",0
"INB","MZSV","","","Independence , Belize","https://en.wikipedia.org/wiki/Independence_Airport_(Belize)",9
"INC","ZLIC","38.321670","106.392500","Yinchuan , Ningxia","https://en.wikipedia.org/wiki/Yinchuan_Hedong_International_Airport",65
"IND","KIND","39.717220","-86.294440","Indianapolis","https://en.wikipedia.org/wiki/Indianapolis_International_Airport",52
"INH","FQIN","-23.876431","35.408544","Inhambane","https://en.wikipedia.org/wiki/Inhambane_Airport",2
"INI","LYNI","43.337220","21.853610","Air Serbia","https://en.wikipedia.org/wiki/Ni%C5%A1_Constantine_the_Great_Airport",16
"INL","KINL","48.565560","-93.402220","International Falls, Minnesota","https://en.wikipedia.org/wiki/Falls_International_Airport",0
"INN","LOWI","47.260280","11.343890","Innsbruck , Austria","https://en.wikipedia.org/wiki/Innsbruck_Airport",41
"INU","ANYN","-0.547458","166.919100","Nauru","https://en.wikipedia.org/wiki/Nauru_International_Airport",6
"INV","EGPE","57.542500","-4.047500","Loganair","https://en.wikipedia.org/wiki/Inverness_Airport",12
"INZ","DAUI","","","In Salah , Algeria","https://en.wikipedia.org/wiki/In_Salah_Airport",3
"IOA","LGIO","39.696390","20.822500","Ioannina","https://en.wikipedia.org/wiki/Ioannina_National_Airport",10
"IOM","EGNS","54.083330","-4.623330","Loganair","https://en.wikipedia.org/wiki/Isle_of_Man_Airport",11
"ION","FCOI","1.589440","18.045000","Impfondo , Republic of the Congo","https://en.wikipedia.org/wiki/Impfondo_Airport",0
"IOQ","BGIS","65.546670","-38.977780","Isortoq , Greenland","https://en.wikipedia.org/wiki/Isortoq_Heliport",1
"IOS","SBIL","-14.815000","-39.033330","Ilhéus","https://en.wikipedia.org/wiki/Ilh%C3%A9us_Jorge_Amado_Airport",5
"IOT","BGLL","71.239720","-53.555560","Illorsuit , Greenland","https://en.wikipedia.org/wiki/Illorsuit_Heliport",2
"IPC","SCIP","-27.164720","-109.421670","","https://en.wikipedia.org/wiki/Mataveri_International_Airport",1
"IPH","WMKI","4.569170","101.093060","Ipoh and southern Perak , Malaysia","https://en.wikipedia.org/wiki/Sultan_Azlan_Shah_Airport",2
"IPI","SKIP","0.862500","-77.670830","Ipiales , Colombia","https://en.wikipedia.org/wiki/San_Luis_Airport_(Colombia)",2
"IPL","KIPL","32.834170","-115.578610","Imperial / El Centro","https://en.wikipedia.org/wiki/Imperial_County_Airport",2
"IPN","SBIP","-19.470560","-42.488060","Ipatinga","https://en.wikipedia.org/wiki/Vale_do_A%C3%A7o_Regional_Airport",2
"IPT","KIPT","41.241670","-76.921670","Williamsport, Pennsylvania","https://en.wikipedia.org/wiki/Williamsport_Regional_Airport",1
"IQM","ZWCM","38.233610","85.465560","Qiemo Town , Xinjiang, China","https://en.wikipedia.org/wiki/Qiemo_Yudu_Airport",6
"IQQ","SCDA","-20.535560","-70.181390","Iquique , Chile","https://en.wikipedia.org/wiki/Diego_Aracena_International_Airport",6
"IRA","AGGK","-10.449440","161.898330","","https://en.wikipedia.org/wiki/Kirakira_Airport",1
"IRC","PACR","65.827780","-144.076110","Circle, Alaska","https://en.wikipedia.org/wiki/Circle_City_Airport",0
"IRG","YLHR","-12.786940","143.304720","","https://en.wikipedia.org/wiki/Lockhart_River_Airport",3
"IRI","HTIR","-7.669440","35.751390","Iringa","https://en.wikipedia.org/wiki/Iringa_Airport",2
"IRJ","SANL","-29.380560","-66.795830","La Rioja , Argentina","https://en.wikipedia.org/wiki/Capit%C3%A1n_Vicente_Almandos_Almonacid_Airport",2
"IRK","KIRK","40.093330","-92.545000","Kirksville, Missouri , US","https://en.wikipedia.org/wiki/Kirksville_Regional_Airport",0
"IRM","USHI","63.198610","64.439170","","https://en.wikipedia.org/wiki/Igrim_Airport",2
"IRP","FZJH","2.827780","27.587500","Isiro","https://en.wikipedia.org/wiki/Matari_Airport",7
"IRZ","SWTP","-0.428610","-64.993060","Santa Isabel do Rio Negro","https://en.wikipedia.org/wiki/Tapuruquara_Airport",2
"ISA","YBMA","-20.663890","139.488610","Mount Isa , Queensland , Australia","https://en.wikipedia.org/wiki/Mount_Isa_Airport",19
"ISB","OPIS","33.549083","72.825650","Islamabad-Rawalpindi region","https://en.wikipedia.org/wiki/Islamabad_International_Airport",40
"ISC","EGHE","49.913330","-6.291670","Isles of Scilly","https://en.wikipedia.org/wiki/St_Mary%27s_Airport,_Isles_of_Scilly",4
"ISE","LTFC","37.865000","30.381940","Isparta , Turkey","https://en.wikipedia.org/wiki/Isparta_S%C3%BCleyman_Demirel_Airport",1
"ISG","ROIG","24.396390","124.245000","Ishigaki , Yaeyama Islands","https://en.wikipedia.org/wiki/New_Ishigaki_Airport",11
"ISK","VAOZ","20.119440","73.913610","Nashik Metropolitan Region","https://en.wikipedia.org/wiki/Nashik_Airport",9
"ISP","KISP","40.795280","-73.100280","Long Island and New York metropolitan area","https://en.wikipedia.org/wiki/Long_Island_MacArthur_Airport",17
"IST","LTFM","41.262220","28.727780","Istanbul","https://en.wikipedia.org/wiki/Istanbul_Airport",369
"ISU","ORSU","35.560830","45.314440","Sulaymaniyah , Kurdistan Region , Iraq","https://en.wikipedia.org/wiki/Sulaimaniyah_International_Airport",9
"ITB","SBIH","-4.242220","-56.000830","Itaituba","https://en.wikipedia.org/wiki/Itaituba_Airport",1
"ITH","KITH","42.491390","-76.458610","Ithaca, New York","https://en.wikipedia.org/wiki/Ithaca_Tompkins_International_Airport",2
"ITM","RJOO","34.784440","135.439170","Keihanshin","https://en.wikipedia.org/wiki/Itami_Airport",32
"ITO","PHTO","19.720280","-155.048330","","https://en.wikipedia.org/wiki/Hilo_International_Airport",2
"IUE","NIUE","-19.078890","-169.925830","","https://en.wikipedia.org/wiki/Niue_International_Airport",1
"IUI","BGIN","73.202500","-56.011110","Innaarsuit , Greenland","https://en.wikipedia.org/wiki/Innaarsuit_Heliport",2
"IUP","SWYN","-7.172220","-59.838890","Apuí","https://en.wikipedia.org/wiki/Apu%C3%AD_Airport",2
"IVC","NZNV","-46.412220","168.312780","","https://en.wikipedia.org/wiki/Invercargill_Airport",3
"IVL","EFIV","68.610830","27.413890","Inari","https://en.wikipedia.org/wiki/Ivalo_Airport",12
"IVR","YIVL","-29.888330","151.144170","","https://en.wikipedia.org/wiki/Inverell_Airport",2
"IWA","UUBI","56.941670","40.933330","Ivanovo","https://en.wikipedia.org/wiki/Ivanovo_Yuzhny_Airport",5
"IWD","KIWD","46.527500","-90.131390","Ironwood, Michigan / Hurley, Wisconsin","https://en.wikipedia.org/wiki/Gogebic%E2%80%93Iron_County_Airport",0
"IWJ","RJOW","34.676390","131.790280","","https://en.wikipedia.org/wiki/Iwami_Airport",2
"IWK","RJOI","34.145000","132.244170","","https://en.wikipedia.org/wiki/Marine_Corps_Air_Station_Iwakuni",2
"IXA","VEAT","23.890000","91.242220","Agartala","https://en.wikipedia.org/wiki/Maharaja_Bir_Bikram_Airport",8
"IXB","VEBD","26.681110","88.328610","Siliguri","https://en.wikipedia.org/wiki/Bagdogra_Airport",14
"IXC","VICG","30.674720","76.790560","IndiGo [ 3 ]","https://en.wikipedia.org/wiki/Chandigarh_Airport",19
"IXD","VEAB","25.440000","81.733890","Prayagraj","https://en.wikipedia.org/wiki/Prayagraj_Airport",0
"IXE","VOML","12.961390","74.890000","Mangalore","https://en.wikipedia.org/wiki/Mangalore_International_Airport",15
"IXG","VOBM","15.859170","74.617500","Belgaum","https://en.wikipedia.org/wiki/Belgaum_Airport",6
"IXI","VELR","27.295560","94.097780","North Lakhimpur","https://en.wikipedia.org/wiki/Lilabari_Airport",4
"IXJ","VIJU","32.689170","74.837500","Jammu","https://en.wikipedia.org/wiki/Jammu_Airport",12
"IXK","VAKS","21.316940","70.270280","Junagadh , Keshod and Veraval","https://en.wikipedia.org/wiki/Keshod_Airport",3
"IXL","VILH","34.135830","77.545280","Leh","https://en.wikipedia.org/wiki/Kushok_Bakula_Rimpochee_Airport",5
"IXR","VERC","23.314170","85.321670","Ranchi Metropolitan Region","https://en.wikipedia.org/wiki/Birsa_Munda_Airport",13
"IXS","VEKU","24.913060","92.978610","Silchar","https://en.wikipedia.org/wiki/Silchar_Airport",5
"IXT","VEPG","28.068472","95.334528","Pasighat","https://en.wikipedia.org/wiki/Pasighat_Airport",2
"IXU","VAAU","19.862780","75.398060","Aurangabad","https://en.wikipedia.org/wiki/Aurangabad_Airport",7
"IXW","VEJS","22.813610","86.168060","Jamshedpur","https://en.wikipedia.org/wiki/Sonari_Airport",2
"IXX","VOBR","","","Bidar and Bengaluru","https://en.wikipedia.org/wiki/Bidar_Airport",1
"IXY","VAKE","23.112780","70.100280","Kandla , Gandhidham","https://en.wikipedia.org/wiki/Kandla_Airport",1
"IXZ","VOPB","11.641110","92.729720","Andaman and Nicobar Islands","https://en.wikipedia.org/wiki/Veer_Savarkar_International_Airport",8
"IZA","SBZM","-21.513060","-43.173060","Juiz de Fora","https://en.wikipedia.org/wiki/Zona_da_Mata_Regional_Airport",3
"IZO","RJOC","35.413610","132.890000","Shimane Prefecture and Tottori Prefecture","https://en.wikipedia.org/wiki/Izumo_Airport",7
"IZT","MMIT","16.446390","-95.093610","Istmo Region of Oaxaca , Mexico (including Juchitán , Salina Cruz , Tehuantepec , and Ixtepec","https://en.wikipedia.org/wiki/Ixtepec_Airport",2
"JAC","KJAC","43.607220","-110.737780","Jackson Hole","https://en.wikipedia.org/wiki/Jackson_Hole_Airport",13
"JAE","SPJE","-5.593060","-78.773610","Jaén , Cajamarca , Peru","https://en.wikipedia.org/wiki/Ja%C3%A9n_Airport",1
"JAF","VCCJ","9.792333","80.070083","Jaffna","https://en.wikipedia.org/wiki/Jaffna_International_Airport",5
"JAI","VIJP","26.824170","75.812220","Air India Express IndiGo","https://en.wikipedia.org/wiki/Jaipur_International_Airport",37
"JAN","KJAN","32.311110","-90.075830","Jackson metropolitan area","https://en.wikipedia.org/wiki/Jackson%E2%80%93Medgar_Wiley_Evers_International_Airport",10
"JAT","NONE","7.750000","168.977800","Jabot, Marshall Islands","https://en.wikipedia.org/wiki/Jabot_Airport",2
"JAU","SPJJ","-11.783330","-75.473610","","https://en.wikipedia.org/wiki/Francisco_Carle_Airport",1
"JAV","BGJN","69.243330","-51.057220","Ilulissat and Disko Bay , Greenland","https://en.wikipedia.org/wiki/Ilulissat_Airport",13
"JAW","SNAB","-7.586390","-40.535280","Araripina","https://en.wikipedia.org/wiki/Araripina_Airport",1
"JAX","KJAX","30.494170","-81.687780","Jacksonville metropolitan area","https://en.wikipedia.org/wiki/Jacksonville_International_Airport",53
"JBK","ZWQT","44.183000","89.594500","Changji , Xinjiang , China","https://en.wikipedia.org/wiki/Qitai_Jiangbulake_Airport",8
"JBQ","MDJB","18.572220","-69.985560","Santo Domingo","https://en.wikipedia.org/wiki/La_Isabela_International_Airport",8
"JBR","KJBR","35.831670","-90.646390","Jonesboro, Arkansas","https://en.wikipedia.org/wiki/Jonesboro_Municipal_Airport",2
"JCH","BGCH","68.817220","-51.174720","Qasigiannguit , Greenland","https://en.wikipedia.org/wiki/Qasigiannguit_Heliport",5
"JCK","YJLC","-20.668330","141.718610","","https://en.wikipedia.org/wiki/Julia_Creek_Airport",4
"JCL","LKCS","48.946390","14.428060","České Budějovice","https://en.wikipedia.org/wiki/%C4%8Cesk%C3%A9_Bud%C4%9Bjovice_Airport",6
"JCU","GECE","35.892500","-5.305830","Ceuta","https://en.wikipedia.org/wiki/Ceuta_Heliport",2
"JDH","VIJO","26.257220","73.051670","Jodhpur","https://en.wikipedia.org/wiki/Jodhpur_Airport",8
"JDO","SBJU","-7.219170","-39.269440","Juazeiro do Norte","https://en.wikipedia.org/wiki/Juazeiro_do_Norte_Airport",3
"JDZ","ZSJD","29.338610","117.175830","","https://en.wikipedia.org/wiki/Jingdezhen_Luojia_Airport",10
"JED","OEJN","21.679440","39.156670","Jeddah and Mecca , Saudi Arabia","https://en.wikipedia.org/wiki/King_Abdulaziz_International_Airport",238
"JEG","BGAA","68.721940","-52.784720","Aasiaat , Greenland","https://en.wikipedia.org/wiki/Aasiaat_Airport",9
"JEJ","NONE","7.565000","168.961670","Jeh, Ailinglaplap Atoll , Marshall Islands","https://en.wikipedia.org/wiki/Jeh_Airport",3
"JER","EGJJ","49.208060","-2.195280","Jersey","https://en.wikipedia.org/wiki/Jersey_Airport",29
"JFK","KJFK","40.639720","-73.778890","JetBlue Polar Air Cargo","https://en.wikipedia.org/wiki/John_F._Kennedy_International_Airport",203
"JFR","BGPT","62.014720","-49.670830","Paamiut , Greenland","https://en.wikipedia.org/wiki/Paamiut_Airport",1
"JGA","VAJM","22.465560","70.012500","Jamnagar","https://en.wikipedia.org/wiki/Jamnagar_Airport",1
"JGD","ZYJD","50.371390","124.117500","","https://en.wikipedia.org/wiki/Daxing%27anling_Oroqen_Airport",7
"JGN","ZLJQ","39.856940","98.341390","Jiayuguan and Jiuquan","https://en.wikipedia.org/wiki/Jiayuguan_Jiuquan_Airport",19
"JGO","BGGN","69.251390","-53.514720","Qeqertarsuaq , Greenland","https://en.wikipedia.org/wiki/Qeqertarsuaq_Heliport",3
"JGS","ZSGS","26.857500","114.737220","Ji'an , Jiangxi , China","https://en.wikipedia.org/wiki/Ji%27an_Jinggangshan_Airport",25
"JHB","WMKJ","1.640560","103.670280","Johor Bahru Iskandar Malaysia","https://en.wikipedia.org/wiki/Senai_International_Airport",19
"JHG","ZPJH","21.973914","100.759611","Xishuangbanna Dai Autonomous Prefecture","https://en.wikipedia.org/wiki/Xishuangbanna_Gasa_International_Airport",57
"JHM","PHJH","20.963060","-156.673060","Lahaina, Hawaii","https://en.wikipedia.org/wiki/Kapalua_Airport",1
"JIA","SWJN","-11.419440","-58.710000","Juína","https://en.wikipedia.org/wiki/Ju%C3%ADna_Airport",2
"JIB","HDAM","11.546258","43.159206","Djibouti","https://en.wikipedia.org/wiki/Djibouti%E2%80%93Ambouli_International_Airport",15
"JIC","ZLJC","38.541940","102.347780","Jinchang , Gansu","https://en.wikipedia.org/wiki/Jinchang_Jinchuan_Airport",8
"JIK","LGIK","37.682717","26.347061","Agios Kirykos","https://en.wikipedia.org/wiki/Ikaria_Island_National_Airport",4
"JIM","HAJM","7.665830","36.816390","Jimma , Ethiopia","https://en.wikipedia.org/wiki/Aba_Segud_Airport",2
"JIN","HUJI","0.452500","33.193060","Jinja, Uganda","https://en.wikipedia.org/wiki/Jinja_Airport",1
"JIO","WAPM","-8.140560","127.907220","Tiakur , Moa Island , Southwest Maluku Regency , Maluku , Indonesia","https://en.wikipedia.org/wiki/Jos_Orno_Imsula_Airport",1
"JIQ","ZUQJ","29.511800","108.835400","Qianjiang , Chongqing","https://en.wikipedia.org/wiki/Qianjiang_Wulingshan_Airport",3
"JIU","ZSJJ","29.476940","115.801110","Jiujiang","https://en.wikipedia.org/wiki/Jiujiang_Lushan_Airport",6
"JJD","SBJE","-2.906670","-40.358060","Jijoca de Jericoacoara","https://en.wikipedia.org/wiki/Comte._Ariston_Pessoa_Regional_Airport",3
"JJG","SBJA","-28.675280","-49.060280","Jaguaruna , Criciúma","https://en.wikipedia.org/wiki/Jaguaruna_Regional_Airport",1
"JJM","HKMK","","","Meru, Kenya","https://en.wikipedia.org/wiki/Mulika_Lodge_Airport",1
"JJN","ZSQZ","24.798890","118.589440","XiamenAir","https://en.wikipedia.org/wiki/Quanzhou_Jinjiang_International_Airport",73
"JJU","BGJH","60.715830","-46.029440","Qaqortoq , Greenland","https://en.wikipedia.org/wiki/Qaqortoq_Heliport",5
"JKG","ESGJ","57.758330","14.071670","","https://en.wikipedia.org/wiki/J%C3%B6nk%C3%B6ping_Airport",1
"JKH","LGHI","38.343060","26.140560","Chios , Greece","https://en.wikipedia.org/wiki/Chios_Island_National_Airport",6
"JKL","LGKY","36.963330","26.940560","","https://en.wikipedia.org/wiki/Kalymnos_Island_National_Airport",5
"JKR","VNJP","26.708610","85.922220","Buddha Air Yeti Airlines","https://en.wikipedia.org/wiki/Janakpur_Airport",2
"JLG","VAJL","20.961940","75.626670","Jalgaon","https://en.wikipedia.org/wiki/Jalgaon_Airport",5
"JLN","KJLN","37.151670","-94.498330","Joplin, Missouri , U.S.","https://en.wikipedia.org/wiki/Joplin_Regional_Airport",0
"JLR","VAJB","23.184720","80.058750","Jabalpur","https://en.wikipedia.org/wiki/Jabalpur_Airport",8
"JMA","SNJM","-20.259720","-42.183890","Manhuaçu","https://en.wikipedia.org/wiki/Manhua%C3%A7u_Airport",1
"JMK","LGMK","37.435128","25.348103","Mykonos","https://en.wikipedia.org/wiki/Mykonos_Airport",50
"JMS","KJMS","46.929720","-98.678330","Jamestown, North Dakota","https://en.wikipedia.org/wiki/Jamestown_Regional_Airport",0
"JMU","ZYJM","46.843330","130.465280","Jiamusi , Heilongjiang , China","https://en.wikipedia.org/wiki/Jiamusi_Dongjiao_Airport",18
"JNB","FAOR","-26.133330","28.250000","Johannesburg Pretoria","https://en.wikipedia.org/wiki/O._R._Tambo_International_Airport",93
"JNG","ZSJG","35.646940","116.744170","Jining , Shandong , China","https://en.wikipedia.org/wiki/Jining_Da%27an_Airport",29
"JNN","BGNN","60.140000","-45.231670","Nanortalik , Greenland","https://en.wikipedia.org/wiki/Nanortalik_Heliport",7
"JNS","BGNS","60.916670","-46.058610","Narsaq , Greenland","https://en.wikipedia.org/wiki/Narsaq_Heliport",2
"JNU","PAJN","58.355000","-134.576390","Juneau, Alaska","https://en.wikipedia.org/wiki/Juneau_International_Airport",20
"JNX","LGNX","37.081110","25.368060","","https://en.wikipedia.org/wiki/Naxos_Island_National_Airport",3
"JOE","EFJO","62.658890","29.624440","Joensuu","https://en.wikipedia.org/wiki/Joensuu_Airport",1
"JOG","WAHH","-7.788060","110.431670","Special Region of Yogyakarta","https://en.wikipedia.org/wiki/Adisutjipto_Airport",1
"JOI","SBJV","-26.223060","-48.797780","Joinville","https://en.wikipedia.org/wiki/Joinville-Lauro_Carneiro_de_Loyola_Airport",4
"JOK","UWKJ","56.705000","47.895000","Yoshkar-Ola , Mari El Republic , Russia","https://en.wikipedia.org/wiki/Yoshkar-Ola_Airport",2
"JOL","RPMJ","6.053610","121.011110","Sulu","https://en.wikipedia.org/wiki/Jolo_Airport",2
"JOS","DNJO","9.638890","8.870830","Jos , Nigeria","https://en.wikipedia.org/wiki/Yakubu_Gowon_Airport",2
"JPA","SBJP","-7.148330","-34.950280","João Pessoa","https://en.wikipedia.org/wiki/Presidente_Castro_Pinto_International_Airport",15
"JPE","SNEB","-3.019720","-47.316390","Paragominas","https://en.wikipedia.org/wiki/Paragominas_Airport",1
"JPO","SNTS","-7.037780","-37.257500","Patos","https://en.wikipedia.org/wiki/Patos_Airport",1
"JPR","SBJI","-10.870560","-61.846670","Ji-Paraná","https://en.wikipedia.org/wiki/Ji-Paran%C3%A1_Airport",2
"JQA","BGUQ","70.734170","-52.696110","Qaarsut and Uummannaq , Greenland","https://en.wikipedia.org/wiki/Qaarsut_Airport",2
"JRG","VEJH","21.913330","84.050280","Jharsuguda","https://en.wikipedia.org/wiki/Veer_Surendra_Sai_Airport",8
"JRH","VEJT","26.731670","94.175560","Jorhat , Golaghat","https://en.wikipedia.org/wiki/Jorhat_Airport",4
"JRT","SNRJ","-2.186670","-56.090280","Juruti","https://en.wikipedia.org/wiki/Juruti_Airport",6
"JSA","VIJR","26.880280","70.855000","Jaisalmer","https://en.wikipedia.org/wiki/Jaisalmer_Airport",4
"JSH","LGST","35.216108","26.101325","","https://en.wikipedia.org/wiki/Sitia_Public_Airport",8
"JSI","LGSK","39.177500","23.503675","","https://en.wikipedia.org/wiki/Skiathos_International_Airport",43
"JSJ","ZYJS","47.110000","132.660280","Jiansanjiang , Heilongjiang","https://en.wikipedia.org/wiki/Jiansanjiang_Shidi_Airport",4
"JSK","OIZJ","25.653610","57.799170","Jask , Hormozgan","https://en.wikipedia.org/wiki/Jask_Airport",2
"JST","KJST","40.315560","-78.834720","Johnstown, Pennsylvania","https://en.wikipedia.org/wiki/Johnstown%E2%80%93Cambria_County_Airport",0
"JSU","BGMQ","65.412500","-52.939440","Maniitsoq , Greenland","https://en.wikipedia.org/wiki/Maniitsoq_Airport",1
"JSY","LGSO","37.422780","24.950830","Syros Island , Greece","https://en.wikipedia.org/wiki/Syros_Island_National_Airport",2
"JTC","SBAE","-22.157780","-49.068330","Bauru","https://en.wikipedia.org/wiki/Bauru-Arealva_Airport",5
"JTR","LGSR","36.400830","25.478330","Santorini","https://en.wikipedia.org/wiki/Santorini_International_Airport",66
"JTY","LGPL","36.579886","26.375822","Astypalaia","https://en.wikipedia.org/wiki/Astypalaia_Island_National_Airport",5
"JUB","HJJJ","4.871940","31.601110","Juba","https://en.wikipedia.org/wiki/Juba_International_Airport",14
"JUH","ZSJH","30.740280","117.686670","Chizhou and Tongling","https://en.wikipedia.org/wiki/Chizhou_Jiuhuashan_Airport",10
"JUJ","SASJ","-24.388890","-65.100000","Jujuy , Argentina","https://en.wikipedia.org/wiki/Gobernador_Horacio_Guzm%C3%A1n_International_Airport",6
"JUK","BGUT","71.055280","-51.883610","Ukkusissat , Greenland","https://en.wikipedia.org/wiki/Ukkusissat_Heliport",1
"JUL","SPJL","-15.466670","-70.158330","","https://en.wikipedia.org/wiki/Inca_Manco_C%C3%A1pac_International_Airport",1
"JUM","VNJL","29.274170","82.193330","Jumla , Nepal","https://en.wikipedia.org/wiki/Jumla_Airport",2
"JUU","BGNQ","71.538610","-53.205000","Nuugaatsiaq , Greenland","https://en.wikipedia.org/wiki/Nuugaatsiaq_Heliport",2
"JUV","BGUK","72.790280","-56.130560","Upernavik , Greenland","https://en.wikipedia.org/wiki/Upernavik_Airport",10
"JUZ","ZSJU","28.965830","118.899440","Quzhou , Zhejiang , China","https://en.wikipedia.org/wiki/Quzhou_Airport",21
"JWN","OITZ","36.773639","48.359417","","https://en.wikipedia.org/wiki/Zanjan_Airport",5
"JXA","ZYJX","45.299720","131.179440","Jixi , Heilongjiang , China","https://en.wikipedia.org/wiki/Jixi_Xingkaihu_Airport",11
"JYR","OIKJ","28.726940","57.670280","Jiroft","https://en.wikipedia.org/wiki/Jiroft_Airport",2
"JYV","EFJY","62.400830","25.672780","Jyväskylä","https://en.wikipedia.org/wiki/Jyv%C3%A4skyl%C3%A4_Airport",1
"KAA","FLKS","-10.216670","31.133330","Kasama","https://en.wikipedia.org/wiki/Kasama_Airport",2
"KAB","FVKB","-16.519720","28.885000","","https://en.wikipedia.org/wiki/Kariba_Airport",2
"KAC","OSKL","37.020560","41.191390","Qamishli , Syria","https://en.wikipedia.org/wiki/Qamishli_Airport",2
"KAE","NONE","56.973060","-133.945560","Kake, Alaska","https://en.wikipedia.org/wiki/Kake_Seaplane_Base",3
"KAI","SYKA","5.177780","-59.487500","Kaieteur National Park , Guyana","https://en.wikipedia.org/wiki/Kaieteur_International_Airport",2
"KAJ","EFKI","64.284170","27.687500","","https://en.wikipedia.org/wiki/Kajaani_Airport",3
"KAL","PAKV","64.318890","-158.741390","Kaltag, Alaska","https://en.wikipedia.org/wiki/Kaltag_Airport",0
"KAN","DNKN","12.048610","8.522220","Kano , Nigeria","https://en.wikipedia.org/wiki/Mallam_Aminu_Kano_International_Airport",13
"KAO","EFKS","65.990280","29.231940","Kuusamo , Finland","https://en.wikipedia.org/wiki/Kuusamo_Airport",10
"KAT","NZKT","-35.070000","173.285280","","https://en.wikipedia.org/wiki/Kaitaia_Airport",2
"KAW","VYKT","10.049258","98.538006","Kawthaung","https://en.wikipedia.org/wiki/Kawthaung_Airport",3
"KAZ","WAEK","1.187220","127.895830","Tobelo","https://en.wikipedia.org/wiki/Kuabang_Airport",2
"KBC","NONE","66.273890","-145.824170","Birch Creek, Alaska","https://en.wikipedia.org/wiki/Birch_Creek_Airport",0
"KBH","NONE","-3.847000","32.686500","Kahama","https://en.wikipedia.org/wiki/Kahama_Airstrip",1
"KBL","OAKB","34.565830","69.213060","Kabul","https://en.wikipedia.org/wiki/Kabul_International_Airport",19
"KBR","WMKC","6.167256","102.292209","Kota Bharu , Kelantan and Besut , Terengganu","https://en.wikipedia.org/wiki/Sultan_Ismail_Petra_Airport",6
"KBU","WAOK","-3.295830","116.164170","Stagen, Kotabaru","https://en.wikipedia.org/wiki/Gusti_Syamsir_Alam_Airport",2
"KBV","VTSG","8.100830","98.984720","Krabi","https://en.wikipedia.org/wiki/Krabi_International_Airport",20
"KCA","ZWKC","41.718060","82.986940","Kuqa , Xinjiang , China","https://en.wikipedia.org/wiki/Kuqa_Qiuci_Airport",23
"KCH","WBGG","1.487083","110.341917","Kuching Metropolitan Area (also Kuching Division , Samarahan Division & Serian Division of Sarawak , Malaysia)","https://en.wikipedia.org/wiki/Kuching_International_Airport",17
"KCK","UIKK","57.772780","108.060830","","https://en.wikipedia.org/wiki/Kirensk_Airport",1
"KCM","LTCN","37.538890","36.953330","Kahramanmaraş , Turkey","https://en.wikipedia.org/wiki/Kahramanmara%C5%9F_Airport",3
"KCO","LTBQ","40.735028","30.083336","Kocaeli","https://en.wikipedia.org/wiki/Cengiz_Topel_Naval_Air_Station",1
"KCT","VCCK","5.993890","80.320560","","https://en.wikipedia.org/wiki/Koggala_Airport",4
"KCY","UNKM","56.175830","92.542780","Krasnoyarsk","https://en.wikipedia.org/wiki/Krasnoyarsk_Cheremshanka_Airport",8
"KDA","GODK","12.898330","-14.968060","Kolda , Senegal","https://en.wikipedia.org/wiki/Kolda_North_Airport",1
"KDH","OAKN","","","Southern Afghanistan","https://en.wikipedia.org/wiki/Kandahar_International_Airport",4
"KDI","WAWW","-4.081608","122.418231","Kendari","https://en.wikipedia.org/wiki/Haluoleo_Airport",4
"KDL","EEKA","58.990830","22.830830","Kärdla , Estonia","https://en.wikipedia.org/wiki/K%C3%A4rdla_Airport",1
"KDM","VRMT","0.488060","72.996940","Huvadhu Atoll , Maldives","https://en.wikipedia.org/wiki/Kaadedhdhoo_Airport",4
"KDO","VRMK","1.859170","73.521940","Haddhunmathi Atoll , Maldives","https://en.wikipedia.org/wiki/Kadhdhoo_Airport",0
"KDU","OPSD","35.335560","75.536110","Skardu","https://en.wikipedia.org/wiki/Skardu_International_Airport",4
"KDV","NFKD","-19.058060","178.156940","","https://en.wikipedia.org/wiki/Vunisea_Airport",2
"KEA","UTAE","37.823330","65.140000","Kerki","https://en.wikipedia.org/wiki/Kerki_International_Airport",1
"KEB","NONE","59.352220","-151.925280","","https://en.wikipedia.org/wiki/Nanwalek_Airport",1
"KEF","BIKF","63.985000","-22.605560","Greater Reykjavík Area","https://en.wikipedia.org/wiki/Keflav%C3%ADk_International_Airport",102
"KEH","NONE","47.754720","-122.259170","Kenmore, Washington","https://en.wikipedia.org/wiki/Kenmore_Air_Harbor",21
"KEJ","UNEE","55.271670","86.110000","Kemerovo","https://en.wikipedia.org/wiki/Alexei_Leonov_Kemerovo_International_Airport",10
"KEM","EFKE","65.779170","24.584720","","https://en.wikipedia.org/wiki/Kemi-Tornio_Airport",2
"KEO","DIOD","9.538890","-7.561110","Odienné","https://en.wikipedia.org/wiki/Odienn%C3%A9_Airport",2
"KEP","VNNG","28.103610","81.666940","Nepalgunj , Nepal","https://en.wikipedia.org/wiki/Nepalgunj_Airport",9
"KER","OIKK","30.274440","56.951110","Mahan Air","https://en.wikipedia.org/wiki/Ayatollah_Hashemi_Rafsanjani_Airport",11
"KET","VYKG","21.301670","99.636110","","https://en.wikipedia.org/wiki/Kengtung_Airport",2
"KEU","HKKE","","","Keekorok , Kenya","https://en.wikipedia.org/wiki/Keekorok_Airport",2
"KFG","YKKG","-17.431940","130.808060","Daguragu / Kalkarindji","https://en.wikipedia.org/wiki/Kalkgurung_Airport",0
"KFS","LTAL","41.316940","33.796110","Kastamonu","https://en.wikipedia.org/wiki/Kastamonu_Airport",1
"KGA","FZUA","-5.900000","22.469170","Kananga , Democratic Republic of the Congo","https://en.wikipedia.org/wiki/Kananga_Airport",3
"KGC","YKSC","-35.710083","137.524889","Kangaroo Island","https://en.wikipedia.org/wiki/Kingscote_Airport",1
"KGD","UMKK","54.890000","20.592500","Kaliningrad","https://en.wikipedia.org/wiki/Khrabrovo_Airport",28
"KGF","UAKK","49.671390","73.336390","FlyArystan","https://en.wikipedia.org/wiki/Sary-Arka_Airport",7
"KGG","GOTK","12.572220","-12.220280","","https://en.wikipedia.org/wiki/K%C3%A9dougou_Airport",0
"KGL","HRYR","-1.966390","30.133060","Kigali","https://en.wikipedia.org/wiki/Kigali_International_Airport",29
"KGQ","BGKS","72.381110","-55.536670","Kangersuatsiaq , Greenland","https://en.wikipedia.org/wiki/Kangersuatsiaq_Heliport",2
"KGS","LGKO","36.793336","27.091670","Aegean Airlines","https://en.wikipedia.org/wiki/Kos_International_Airport",84
"KHD","OICK","33.435830","48.281670","Khorramabad","https://en.wikipedia.org/wiki/Khorramabad_Airport",2
"KHG","ZWSH","39.543060","76.020000","Kashgar","https://en.wikipedia.org/wiki/Kashgar_Laining_International_Airport",40
"KHH","RCKH","22.576940","120.350000","China Airlines EVA Air Tigerair Taiwan","https://en.wikipedia.org/wiki/Kaohsiung_International_Airport",38
"KHI","OPKC","24.906670","67.160830","","https://en.wikipedia.org/wiki/Jinnah_International_Airport",37
"KHK","OIBQ","29.259440","50.323330","Kharg , Bushehr","https://en.wikipedia.org/wiki/Kharg_Airport",5
"KHM","VYKI","25.988330","95.674440","Khamti , Myanmar","https://en.wikipedia.org/wiki/Khamti_Airport",2
"KHN","ZSCN","28.865000","115.900000","Nanchang","https://en.wikipedia.org/wiki/Nanchang_Changbei_International_Airport",63
"KHQ","BGKQ","74.579440","-57.235560","Kullorsuaq , Greenland","https://en.wikipedia.org/wiki/Kullorsuaq_Heliport",2
"KHS","OOKB","26.170830","56.240560","Khasab , Oman","https://en.wikipedia.org/wiki/Khasab_Airport",1
"KHT","OAKS","","","Loya Paktia region [ 1 ]","https://en.wikipedia.org/wiki/Khost_International_Airport",4
"KHV","UHHH","48.528060","135.188330","Khabarovsk","https://en.wikipedia.org/wiki/Khabarovsk_Novy_Airport",45
"KHX","NONE","-0.719440","29.700000","Kihihi , Savannah Resort","https://en.wikipedia.org/wiki/Savannah_Airstrip",1
"KHY","OITK","38.427453","44.973575","","https://en.wikipedia.org/wiki/Khoy_Airport",1
"KIH","OIBK","26.526156","53.980211","Kish , Hormozgan","https://en.wikipedia.org/wiki/Kish_International_Airport",21
"KIJ","RJSN","37.955830","139.111670","Niigata Prefecture","https://en.wikipedia.org/wiki/Niigata_Airport",13
"KIK","ORKK","35.469440","44.348890","Kirkuk","https://en.wikipedia.org/wiki/Kirkuk_International_Airport",6
"KIM","FAKM","-28.801670","24.763610","","https://en.wikipedia.org/wiki/Kimberley_Airport",2
"KIN","MKJP","17.935560","-76.787500","Kingston, Jamaica","https://en.wikipedia.org/wiki/Norman_Manley_International_Airport",22
"KIR","EIKY","","","County Kerry , Ireland","https://en.wikipedia.org/wiki/Kerry_Airport",11
"KIS","HKKI","-0.086110","34.728890","","https://en.wikipedia.org/wiki/Kisumu_International_Airport",4
"KIT","LGKC","36.274258","23.016978","","https://en.wikipedia.org/wiki/Kithira_Island_National_Airport",1
"KIY","HTKI","-8.911110","39.508330","","https://en.wikipedia.org/wiki/Kilwa_Masoko_Airport",6
"KJA","UNKL","56.171670","92.493330","AirBridge Cargo Azur Air IrAero Pegas Fly S7 Airlines Ural Airlines","https://en.wikipedia.org/wiki/Krasnoyarsk_International_Airport",81
"KJB","VOKU","15.706110","78.160830","Kurnool","https://en.wikipedia.org/wiki/Kurnool_Airport",4
"KJH","ZUKJ","26.974170","107.980560","Kaili , Guizhou , China","https://en.wikipedia.org/wiki/Kaili_Huangping_Airport",7
"KJI","ZWKN","48.221110","86.998060","","https://en.wikipedia.org/wiki/Burqin_Kanas_Airport",6
"KJJ","HUKJ","0.200280","32.550000","","https://en.wikipedia.org/wiki/Kajjansi_Airfield",0
"KJT","WICA","-6.669167","108.191111","Greater Bandung Cirebon West Java Western part of Central Java","https://en.wikipedia.org/wiki/Kertajati_International_Airport",1
"KKA","PAKK","64.939440","-161.154170","Koyuk, Alaska","https://en.wikipedia.org/wiki/Koyuk_Alfred_Adams_Airport",0
"KKC","VTUK","16.466628","102.783661","Khon Kaen","https://en.wikipedia.org/wiki/Khon_Kaen_Airport",4
"KKE","NZKK","-35.262780","173.911940","","https://en.wikipedia.org/wiki/Kerikeri_Airport",1
"KKJ","RJFR","33.845560","131.035000","Kitakyushu and Fukuoka","https://en.wikipedia.org/wiki/Kitakyushu_Airport",0
"KKX","RJKI","28.321390","129.928060","","https://en.wikipedia.org/wiki/Kikai_Airport",2
"KLF","UUBC","54.546670","36.368890","","https://en.wikipedia.org/wiki/Kaluga_(Grabtsevo)_Airport",9
"KLH","VAKP","16.664720","74.289440","Kolhapur , Ichalkaranji","https://en.wikipedia.org/wiki/Kolhapur_Airport",6
"KLM","OINE","37.383278","55.452000","Kalaleh , Golestan Province","https://en.wikipedia.org/wiki/Kalaleh_Airport",1
"KLO","RPVK","11.679170","122.375830","Royal Air Philippines","https://en.wikipedia.org/wiki/Kalibo_International_Airport",6
"KLP","WAGF","-3.376390","112.536940","Kuala Pembuang , Seruyan Regency , Central Kalimantan , Indonesia","https://en.wikipedia.org/wiki/Seruyan_Kuala_Pembuang_Airport",2
"KLR","ESMQ","56.685280","16.287500","","https://en.wikipedia.org/wiki/Kalmar_Airport",2
"KLU","LOWK","","","Klagenfurt , Austria","https://en.wikipedia.org/wiki/Klagenfurt_Airport",8
"KLV","LKKV","50.203060","12.915000","","https://en.wikipedia.org/wiki/Karlovy_Vary_Airport",4
"KLW","PAKW","55.579170","-133.076110","Klawock, Alaska","https://en.wikipedia.org/wiki/Klawock_Airport",3
"KLX","LGKL","37.068330","22.025560","Aegean Airlines","https://en.wikipedia.org/wiki/Kalamata_International_Airport",31
"KMA","AYKM","-7.963610","145.771390","","https://en.wikipedia.org/wiki/Kerema_Airport",3
"KME","HRZA","-2.456390","28.909720","Cyangugu","https://en.wikipedia.org/wiki/Kamembe_Airport",1
"KMG","ZPPP","25.101940","102.929170","China Southern Airlines","https://en.wikipedia.org/wiki/Kunming_Changshui_International_Airport",158
"KMI","RJFM","31.877220","131.448610","Miyazaki Prefecture","https://en.wikipedia.org/wiki/Miyazaki_Airport",10
"KMN","FZSB","-8.728610","24.991390","Kamina , Democratic Republic of the Congo","https://en.wikipedia.org/wiki/Kamina_Airport",1
"KMQ","RJNK","36.393890","136.407500","Ishikawa Prefecture and Northern Fukui Prefecture","https://en.wikipedia.org/wiki/Komatsu_Airport",8
"KMU","HCMK","-0.389440","42.447500","Kismayo","https://en.wikipedia.org/wiki/Kismayo_Airport",2
"KMV","VYKL","23.188610","94.050830","","https://en.wikipedia.org/wiki/Kalaymyo_Airport",2
"KMW","UUBA","57.796670","41.020000","","https://en.wikipedia.org/wiki/Kostroma_Airport",3
"KND","FZOA","-2.919170","25.915280","Kindu , Democratic Republic of the Congo","https://en.wikipedia.org/wiki/Kindu_Airport",3
"KNG","WASK","-3.644440","133.695280","Kaimana , West Papua , Indonesia","https://en.wikipedia.org/wiki/Utarom_Airport",4
"KNH","RCBS","24.427780","118.359170","Kinmen","https://en.wikipedia.org/wiki/Kinmen_Airport",7
"KNK","PFKK","59.433060","-154.802500","Kokhanok, Alaska","https://en.wikipedia.org/wiki/Kokhanok_Airport",1
"KNO","WIMM","3.642220","98.885280","Medan metropolitan area","https://en.wikipedia.org/wiki/Kualanamu_International_Airport",28
"KNS","YKII","-39.877500","143.878330","King Island","https://en.wikipedia.org/wiki/King_Island_Airport",6
"KNU","VIKA","26.399462","80.426950","Kanpur","https://en.wikipedia.org/wiki/Kanpur_Airport",4
"KOA","PHKO","","","Island of Hawaii","https://en.wikipedia.org/wiki/Kona_International_Airport",22
"KOE","WATT","-10.171390","123.671110","Kupang","https://en.wikipedia.org/wiki/El_Tari_Airport",20
"KOI","EGPA","58.958060","-2.900560","Mainland, Orkney","https://en.wikipedia.org/wiki/Kirkwall_Airport",17
"KOJ","RJFK","31.803330","130.716940","Kagoshima","https://en.wikipedia.org/wiki/Kagoshima_Airport",22
"KOK","EFKK","63.720280","23.139170","Kokkola , Jakobstad","https://en.wikipedia.org/wiki/Kokkola-Pietarsaari_Airport",3
"KOO","FZRQ","-5.394440","26.990280","Kongolo , DR Congo","https://en.wikipedia.org/wiki/Kongolo_Airport",3
"KOP","VTUW","17.383890","104.643060","Nakhon Phanom","https://en.wikipedia.org/wiki/Nakhon_Phanom_Airport",1
"KOS","VDSV","10.580000","103.636940","","https://en.wikipedia.org/wiki/Sihanouk_International_Airport",6
"KOU","FOGK","-1.184440","12.441110","","https://en.wikipedia.org/wiki/Koulamoutou_Airport",1
"KOV","UACK","53.330000","69.596670","Kokshetau and Burabay National Park","https://en.wikipedia.org/wiki/Kokshetau_Airport",3
"KPO","RKTH","35.987780","129.420280","Pohang Gyeongju","https://en.wikipedia.org/wiki/Pohang_Gyeongju_Airport",2
"KPW","UHMK","67.846940","166.138890","Keperveyem , Chukotka Autonomous Okrug , Russia","https://en.wikipedia.org/wiki/Keperveyem_Airport",3
"KQA","PAUT","54.144720","-165.604170","Akutan, Alaska","https://en.wikipedia.org/wiki/Akutan_Airport",2
"KQH","VIKG","26.601390","74.814170","Kishangarh and Ajmer","https://en.wikipedia.org/wiki/Kishangarh_Airport",7
"KQT","UTDT","37.862220","68.862780","","https://en.wikipedia.org/wiki/Bokhtar_International_Airport",1
"KRB","YKMB","-17.455000","140.831670","","https://en.wikipedia.org/wiki/Karumba_Airport",5
"KRC","WIJI","-2.091110","101.462780","Sungai Penuh","https://en.wikipedia.org/wiki/Depati_Parbo_Airport",2
"KRF","ESNK","63.048610","17.768890","Kramfors , Sollefteå","https://en.wikipedia.org/wiki/H%C3%B6ga_Kusten_Airport",2
"KRK","EPKK","50.077780","19.784720","Buzz LOT Polish Airlines Wizz Air","https://en.wikipedia.org/wiki/Krak%C3%B3w_John_Paul_II_International_Airport",135
"KRL","ZWKL","41.616390","86.143060","Korla , Xinjiang , China","https://en.wikipedia.org/wiki/Korla_Licheng_Airport",37
"KRN","ESNQ","67.822220","20.336670","","https://en.wikipedia.org/wiki/Kiruna_Airport",4
"KRO","USUU","55.475000","65.416670","Kurgan , Kurgan Oblast","https://en.wikipedia.org/wiki/Kurgan_Airport",3
"KRP","EKKA","56.297500","9.124720","Karup, Denmark","https://en.wikipedia.org/wiki/Midtjyllands_Airport",1
"KRR","URKK","45.034720","39.170560","Krasnodar","https://en.wikipedia.org/wiki/Krasnodar_International_Airport",56
"KRS","ENCN","58.203890","8.085000","Kristiansand , Norway","https://en.wikipedia.org/wiki/Kristiansand_Airport",10
"KRT","HSSK","15.589440","32.553060","Khartoum","https://en.wikipedia.org/wiki/Khartoum_International_Airport",34
"KRW","UTAK","40.063330","53.007220","Turkmenistan Airlines","https://en.wikipedia.org/wiki/T%C3%BCrkmenba%C5%9Fy_International_Airport",5
"KRY","ZWKM","45.466390","84.952500","Karamay , Xinjiang , China","https://en.wikipedia.org/wiki/Karamay_Guhai_Airport",19
"KSA","PTSA","5.356940","162.958330","","https://en.wikipedia.org/wiki/Kosrae_International_Airport",6
"KSC","LZKZ","48.663060","21.241110","Košice , Slovakia","https://en.wikipedia.org/wiki/Ko%C5%A1ice_International_Airport",26
"KSD","ESOK","59.444720","13.337500","","https://en.wikipedia.org/wiki/Karlstad_Airport",4
"KSE","HUKS","0.190000","30.102500","Kasese , Uganda","https://en.wikipedia.org/wiki/Kasese_Airport",1
"KSF","EDVK","","","Kassel , Germany","https://en.wikipedia.org/wiki/Kassel_Airport",4
"KSH","OICC","34.345853","47.158128","Kermanshah","https://en.wikipedia.org/wiki/Kermanshah_Airport",9
"HPN","KHPN","41.066940","-73.707500","Hudson Valley , Western Connecticut , and New York metropolitan area","https://en.wikipedia.org/wiki/Westchester_County_Airport",30
"HTY","LTDA","36.362780","36.282220","Antakya and Iskenderun , Hatay Province , Turkey","https://en.wikipedia.org/wiki/Hatay_Airport",3
"HZA","ZSHZ","35.213330","115.736670","Heze , Shandong , China","https://en.wikipedia.org/wiki/Heze_Mudan_Airport",19
"IDR","VAID","22.721670","75.800830","Alliance Air Air India Express","https://en.wikipedia.org/wiki/Devi_Ahilya_Bai_Holkar_Airport",23
"ILY","EGPI","55.683330","-6.259720","Islay","https://en.wikipedia.org/wiki/Islay_Airport",1
"IQN","ZLQY","35.799720","107.602780","Qingyang , Gansu","https://en.wikipedia.org/wiki/Qingyang_Airport",10
"ITU","UHSI","45.256390","147.955830","Kurilsk , Iturup Island","https://en.wikipedia.org/wiki/Iturup_Airport",2
"IXM","VOMD","9.833610","78.089440","Madurai","https://en.wikipedia.org/wiki/Madurai_Airport",8
"JBD","UAFJ","40.944170","72.977780","Jalal-Abad","https://en.wikipedia.org/wiki/Jalal-Abad_Airport",1
"JHS","BGSS","66.951390","-53.729440","Sisimiut , Greenland","https://en.wikipedia.org/wiki/Sisimiut_Airport",3
"JMJ","ZPJM","22.415830","99.786390","Lancang , Yunnan","https://en.wikipedia.org/wiki/Lancang_Jingmai_Airport",3
"JRO","HTKJ","-3.429440","37.074440","Moshi , Kilimanjaro Region and Arusha , Arusha Region","https://en.wikipedia.org/wiki/Kilimanjaro_International_Airport",18
"JZH","ZUJZ","32.854170","103.685280","","https://en.wikipedia.org/wiki/Jiuzhai_Huanglong_Airport",2
"KCZ","RJOK","33.546110","133.669440","","https://en.wikipedia.org/wiki/K%C5%8Dchi_Airport",8
"KGP","USRK","62.190000","74.535000","Kogalym","https://en.wikipedia.org/wiki/Kogalym_International_Airport",4
"KIX","RJBB","34.430560","135.230280","Keihanshin","https://en.wikipedia.org/wiki/Kansai_International_Airport",91
"KMJ","RJFT","32.837220","130.855280","Kumamoto","https://en.wikipedia.org/wiki/Kumamoto_Airport",15
"KSL","HSKA","15.387220","36.328610","Kassala , Sudan","https://en.wikipedia.org/wiki/Kassala_Airport",2
"KSM","PASM","62.060830","-163.301940","","https://en.wikipedia.org/wiki/St._Mary%27s_Airport_(Alaska)",0
"KSN","UAUU","53.206940","63.550280","Kostanay","https://en.wikipedia.org/wiki/Kostanay_Airport",8
"KSQ","UTSK","38.803890","65.772500","Qarshi","https://en.wikipedia.org/wiki/Qarshi_Airport",6
"KSU","ENKB","63.111940","7.826110","Kristiansund , Norway","https://en.wikipedia.org/wiki/Kristiansund_Airport,_Kvernberget",5
"KSX","WATQ","-8.015778","127.200444","Wonreli","https://en.wikipedia.org/wiki/John_Becker_Airport",3
"KSY","LTCF","40.562222","43.115003","Kars , Turkey","https://en.wikipedia.org/wiki/Kars_Harakani_Airport",4
"KTA","YPKA","-20.712220","116.773330","","https://en.wikipedia.org/wiki/Karratha_Airport",5
"KTD","RORK","25.944720","131.326940","","https://en.wikipedia.org/wiki/Kitadaito_Airport",1
"KTF","NZTK","-40.816900","172.776000","","https://en.wikipedia.org/wiki/T%C4%81kaka_Aerodrome",3
"KTL","HKKT","","","Kitale, Kenya","https://en.wikipedia.org/wiki/Kitale_Airport",3
"KTM","VNKT","27.696390","85.358890","Kathmandu , Nepal","https://en.wikipedia.org/wiki/Tribhuvan_International_Airport",58
"KTN","PAKT","55.354170","-131.711110","Ketchikan, Alaska","https://en.wikipedia.org/wiki/Ketchikan_International_Airport",0
"KTR","YPTN","-14.521110","132.377780","","https://en.wikipedia.org/wiki/RAAF_Base_Tindal",9
"KTS","PFKT","65.331390","-166.465830","Brevig Mission, Alaska","https://en.wikipedia.org/wiki/Brevig_Mission_Airport",0
"KTT","EFKT","67.698610","24.848060","Kittilä , Lapland , Finland","https://en.wikipedia.org/wiki/Kittil%C3%A4_Airport",34
"KTW","EPKT","","","ASL Airlines Ireland Buzz Electra Airways Enter Air LOT Polish Airlines [ 1 ] Lufthansa Cargo [ 2 ] Ryanair Skyline Express Smartwings Poland Wizz Air","https://en.wikipedia.org/wiki/Katowice_Airport",102
"KUA","WMKD","3.769720","103.209440","Kuantan","https://en.wikipedia.org/wiki/Sultan_Haji_Ahmad_Shah_Airport",2
"KUF","UWWW","53.501670","50.155000","Samara , Tolyatti","https://en.wikipedia.org/wiki/Kurumoch_International_Airport",43
"KUG","YKUB","-10.226390","142.219440","","https://en.wikipedia.org/wiki/Kubin_Airport",3
"KUH","RJCK","43.040830","144.193060","","https://en.wikipedia.org/wiki/Kushiro_Airport",5
"KUL","WMKK","2.743330","101.698060","Greater Kuala Lumpur","https://en.wikipedia.org/wiki/Kuala_Lumpur_International_Airport",142
"KUM","RJFC","30.385560","130.659170","Yakushima , Japan","https://en.wikipedia.org/wiki/Yakushima_Airport",3
"KUO","EFKU","63.008610","27.794440","Kuopio , Finland","https://en.wikipedia.org/wiki/Kuopio_Airport",5
"KUS","BGKK","65.573610","-37.123610","Kulusuk , Greenland","https://en.wikipedia.org/wiki/Kulusuk_Airport",3
"KUT","UGKO","42.176390","42.482500","Wizz Air","https://en.wikipedia.org/wiki/Kutaisi_International_Airport",36
"KUU","VIBR","31.876670","77.154440","Kullu , Manali","https://en.wikipedia.org/wiki/Kullu%E2%80%93Manali_Airport",4
"KUV","RKJK","35.925961","126.615667","Gunsan","https://en.wikipedia.org/wiki/Gunsan_Airport",1
"KUZ","BGKM","65.863890","-36.995560","Kuummiit , Greenland","https://en.wikipedia.org/wiki/Kuummiit_Heliport",1
"KVA","LGKV","40.913330","24.619170","Kavala","https://en.wikipedia.org/wiki/Kavala_International_Airport",24
"KVG","AYKV","-2.579170","150.807780","","https://en.wikipedia.org/wiki/Kavieng_Airport",3
"KVL","PAVL","67.736110","-164.563610","","https://en.wikipedia.org/wiki/Kivalina_Airport",0
"KVM","UHMO","64.665280","170.414170","Markovo , Chukotka Autonomous Okrug , Russia","https://en.wikipedia.org/wiki/Markovo_Airport",1
"KVO","LYKV","43.818610","20.585280","Air Serbia","https://en.wikipedia.org/wiki/Morava_Airport",3
"KVX","USKK","58.503330","49.348330","Kirov","https://en.wikipedia.org/wiki/Pobedilovo_Airport",8
"KWA","PKWA","8.720000","167.731670","","https://en.wikipedia.org/wiki/Bucholz_Army_Airfield",18
"KWE","ZUGY","26.538610","106.800830","China Southern Airlines","https://en.wikipedia.org/wiki/Guiyang_Longdongbao_International_Airport",106
"KWI","OKKK","29.226670","47.980000","Kuwait City , Kuwait","https://en.wikipedia.org/wiki/Kuwait_International_Airport",116
"KWJ","RKJJ","35.126390","126.808890","","https://en.wikipedia.org/wiki/Gwangju_Airport",2
"KWL","ZGKL","25.219440","110.039440","Guilin","https://en.wikipedia.org/wiki/Guilin_Liangjiang_International_Airport",57
"KWM","YKOW","-15.485000","141.751670","","https://en.wikipedia.org/wiki/Kowanyama_Airport",2
"KWY","NONE","-1.960560","41.297500","Kiwayu , Lamu District , Coast Province , Kenya","https://en.wikipedia.org/wiki/Kiwayu_Airport",2
"KWZ","FZQM","-10.765830","25.505830","Kolwezi , DRC","https://en.wikipedia.org/wiki/Kolwezi_Airport",1
"KXB","WAWP","-4.341217","121.523983","Tanggetada, Kolaka , Southeast Sulawesi , Indonesia","https://en.wikipedia.org/wiki/Sangia_Nibandera_Airport",1
"KXF","NFNO","-17.345830","179.421940","Koro Island , Fiji","https://en.wikipedia.org/wiki/Koro_Airport",2
"KXK","UHKK","50.408330","136.933330","","https://en.wikipedia.org/wiki/Komsomolsk-on-Amur_Airport",1
"KXO","HUKI","","","Kisoro , Uganda","https://en.wikipedia.org/wiki/Kisoro_Airport",2
"BRR","EGPR","57.022780","-7.443060","","https://en.wikipedia.org/wiki/Barra_Airport",1
"DSS","GOBD","","","Dakar","https://en.wikipedia.org/wiki/Blaise_Diagne_International_Airport",56
"HMB","HESG","26.340280","31.738890","","https://en.wikipedia.org/wiki/Sohag_International_Airport",15
"KOW","ZSGZ","25.851670","114.776670","Ganzhou","https://en.wikipedia.org/wiki/Ganzhou_Huangjin_Airport",29
"MMH","KMMH","37.624170","-118.838890","Mammoth Lakes, California","https://en.wikipedia.org/wiki/Mammoth_Yosemite_Airport",2
"PGK","WIKK","-2.161940","106.138890","Sriwijaya Air","https://en.wikipedia.org/wiki/Depati_Amir_Airport",6
"SJL","SBUA","-0.148060","-66.985830","São Gabriel da Cachoeira","https://en.wikipedia.org/wiki/S%C3%A3o_Gabriel_da_Cachoeira_Airport",1
"UKE","VEUK","20.097780","83.183330","Bhawanipatna","https://en.wikipedia.org/wiki/Utkela_Airport",2
"WLS","NLWW","-13.238281","-176.199228","Mala'e ( Wallis Island , Wallis and Futuna )","https://en.wikipedia.org/wiki/Hihifo_Airport",3
"KYD","RCLY","22.029440","121.527220","Orchid Island","https://en.wikipedia.org/wiki/Lanyu_Airport",1
"KYP","VYKP","19.426390","93.534720","","https://en.wikipedia.org/wiki/Kyaukpyu_Airport",3
"KYS","GAKD","14.481110","-11.404440","","https://en.wikipedia.org/wiki/Kayes_Airport",1
"KYU","PFKU","64.875830","-157.730560","Koyukuk, Alaska","https://en.wikipedia.org/wiki/Koyukuk_Airport",0
"KYZ","UNKY","51.676072","94.405150","Kyzyl","https://en.wikipedia.org/wiki/Kyzyl_Airport",5
"KZI","LGKZ","40.286110","21.840830","","https://en.wikipedia.org/wiki/Kozani_National_Airport",2
"KZN","UWKD","55.606670","49.281670","Kazan , Russia","https://en.wikipedia.org/wiki/Kazan_International_Airport",79
"KZO","UAOO","44.706940","65.592500","Kyzylorda , Kazakhstan","https://en.wikipedia.org/wiki/Kyzylorda_Airport",3
"KZR","LTBZ","39.111390","30.130000","Kütahya , Afyonkarahisar , Uşak","https://en.wikipedia.org/wiki/Zafer_Airport",2
"KZS","LGKJ","36.141670","29.576376","Megisti , Kastellorizo","https://en.wikipedia.org/wiki/Kastellorizo_Airport",1
"LAD","FNLU","-8.858330","13.231110","","https://en.wikipedia.org/wiki/Quatro_de_Fevereiro_Airport",40
"LAE","AYNZ","-6.569720","146.726110","","https://en.wikipedia.org/wiki/Lae_Nadzab_Airport",11
"LAF","KLAF","40.412220","-86.936940","Lafayette, Indiana","https://en.wikipedia.org/wiki/Purdue_University_Airport",1
"LAH","WAEL","-0.637344","127.500750","Labuha","https://en.wikipedia.org/wiki/Oesman_Sadik_Airport",2
"LAK","CYKD","68.223330","-135.005560","","https://en.wikipedia.org/wiki/Aklavik/Freddie_Carmichael_Airport",1
"LAL","KLAL","27.988890","-82.018610","Lakeland, Florida","https://en.wikipedia.org/wiki/Lakeland_Linder_International_Airport",7
"LAN","KLAN","42.778639","-84.586194","Lansing, Michigan","https://en.wikipedia.org/wiki/Capital_Region_International_Airport",6
"LAO","RPLI","18.178060","120.531940","Laoag","https://en.wikipedia.org/wiki/Laoag_International_Airport",4
"LAP","MMLP","24.072500","-110.362220","Calafia Airlines","https://en.wikipedia.org/wiki/La_Paz_International_Airport",18
"LAQ","HLLQ","32.788610","21.964170","Bayda, Libya","https://en.wikipedia.org/wiki/Al_Abraq_International_Airport",0
"LAR","KLAR","41.311940","-105.675000","Laramie, Wyoming","https://en.wikipedia.org/wiki/Laramie_Regional_Airport",0
"LAS","KLAS","36.080000","-115.152220","Las Vegas Valley","https://en.wikipedia.org/wiki/Harry_Reid_International_Airport",173
"LAU","HKLU","","","Lamu","https://en.wikipedia.org/wiki/Manda_Airport",5
"LBA","EGNM","53.866110","-1.660830","West Yorkshire North Yorkshire","https://en.wikipedia.org/wiki/Leeds_Bradford_Airport",74
"LBB","KLBB","33.663610","-101.820560","Lubbock, Texas","https://en.wikipedia.org/wiki/Lubbock_Preston_Smith_International_Airport",8
"LBC","EDHL","53.805280","10.719170","Lübeck , Germany","https://en.wikipedia.org/wiki/L%C3%BCbeck_Airport",4
"LBD","UTDL","40.215280","69.694720","Khujand","https://en.wikipedia.org/wiki/Khujand_Airport",17
"LBE","KLBE","40.274720","-79.406670","Latrobe, Pennsylvania","https://en.wikipedia.org/wiki/Arnold_Palmer_Regional_Airport",0
"LBF","KLBF","41.126110","-100.683610","North Platte, Nebraska","https://en.wikipedia.org/wiki/North_Platte_Regional_Airport",0
"LBJ","WATO","-8.486670","119.889170","Labuan Bajo","https://en.wikipedia.org/wiki/Komodo_International_Airport",11
"LBL","KLBL","37.044170","-100.960000","Liberal, Kansas","https://en.wikipedia.org/wiki/Liberal_Mid-America_Regional_Airport",0
"LBP","NONE","3.202220","115.401940","Long Banga , Sarawak , Malaysia","https://en.wikipedia.org/wiki/Long_Banga_Airport",3
"LBR","SWLB","-7.278890","-64.769440","Lábrea","https://en.wikipedia.org/wiki/L%C3%A1brea_Airport",3
"LBS","NFNL","-16.466670","179.339720","Labasa , Vanua Levu , Fiji","https://en.wikipedia.org/wiki/Labasa_Airport",2
"LBU","WBKL","5.301670","115.248330","Labuan , Malaysia","https://en.wikipedia.org/wiki/Labuan_Airport",3
"LBV","FOOL","0.458610","9.412220","Libreville","https://en.wikipedia.org/wiki/L%C3%A9on-Mba_International_Airport",29
"LCA","LCLK","34.878890","33.630280","Wizz Air","https://en.wikipedia.org/wiki/Larnaca_International_Airport",0
"LCE","MHLC","15.742220","-86.852780","La Ceiba , Honduras","https://en.wikipedia.org/wiki/Golos%C3%B3n_International_Airport",6
"LCG","LECO","43.301940","-8.377220","A Coruña Galicia , Spain","https://en.wikipedia.org/wiki/A_Coru%C3%B1a_Airport",9
"LCH","KLCH","30.126110","-93.223330","Lake Charles, Louisiana","https://en.wikipedia.org/wiki/Lake_Charles_Regional_Airport",0
"LCJ","EPLL","","","Łódź","https://en.wikipedia.org/wiki/%C5%81%C3%B3d%C5%BA_W%C5%82adys%C5%82aw_Reymont_Airport",12
"LCK","KLCK","39.813890","-82.927780","Greater Columbus","https://en.wikipedia.org/wiki/Rickenbacker_International_Airport",12
"LCR","NONE","-1.456940","-72.801390","","https://en.wikipedia.org/wiki/La_Chorrera_Airport",2
"LDB","SBLO","-23.330280","-51.136670","Londrina","https://en.wikipedia.org/wiki/Londrina_Airport",6
"LDE","LFBT","43.185000","-0.001940","","https://en.wikipedia.org/wiki/Tarbes%E2%80%93Lourdes%E2%80%93Pyr%C3%A9n%C3%A9es_Airport",12
"LDH","YLHI","-31.538330","159.077220","Lord Howe Island Australia","https://en.wikipedia.org/wiki/Lord_Howe_Island_Airport",4
"LDN","VNLD","27.253060","86.670000","Lamidanda , Nepal","https://en.wikipedia.org/wiki/Lamidanda_Airport",1
"LDS","ZYLD","47.751940","129.018890","Yichun, Heilongjiang","https://en.wikipedia.org/wiki/Yichun_Lindu_Airport",8
"LDU","WBKD","5.033060","118.321110","Lahad Datu District","https://en.wikipedia.org/wiki/Lahad_Datu_Airport",2
"LDX","SOOM","5.483330","-54.034440","Saint-Laurent-du-Maroni , French Guiana","https://en.wikipedia.org/wiki/Saint-Laurent-du-Maroni_Airport",0
"LDY","EGAE","55.042780","-7.161940","Loganair","https://en.wikipedia.org/wiki/City_of_Derry_Airport",6
"LEB","KLEB","43.626110","-72.304170","Lebanon, New Hampshire","https://en.wikipedia.org/wiki/Lebanon_Municipal_Airport_(New_Hampshire)",0
"LEC","SBLE","-12.482220","-41.276940","Lençóis , Chapada Diamantina","https://en.wikipedia.org/wiki/Len%C3%A7%C3%B3is_Airport",1
"LED","ULLI","59.800280","30.262500","Saint Petersburg , Russia","https://en.wikipedia.org/wiki/Pulkovo_Airport",121
"LEI","LEAM","36.843890","-2.370000","Almería , Costa de Almería","https://en.wikipedia.org/wiki/Almer%C3%ADa_Airport",24
"LEJ","EDDP","51.423890","12.236390","Leipzig , Saxony Halle , Saxony-Anhalt","https://en.wikipedia.org/wiki/Leipzig/Halle_Airport",32
"LEL","YLEV","-12.498330","135.805000","","https://en.wikipedia.org/wiki/Lake_Evella_Airport",2
"LEN","LELN","42.588890","-5.655560","León , Castile and León , Spain","https://en.wikipedia.org/wiki/Le%C3%B3n_Airport",6
"LEQ","EGHC","50.102780","-5.670560","St Just in Penwith","https://en.wikipedia.org/wiki/Land%27s_End_Airport",0
"LET","SKLT","-4.194440","-69.943060","Leticia, Colombia","https://en.wikipedia.org/wiki/Alfredo_V%C3%A1squez_Cobo_International_Airport",5
"LEU","LESU","42.341390","1.404720","Andorra and La Seu d'Urgell , Catalonia , Spain","https://en.wikipedia.org/wiki/Andorra%E2%80%93La_Seu_d%27Urgell_Airport",2
"LEV","NFNB","-17.711110","178.758610","Levuka , Ovalau Island , Fiji","https://en.wikipedia.org/wiki/Levuka_Airfield",2
"LEX","KLEX","38.036390","-84.605830","Lexington , Kentucky","https://en.wikipedia.org/wiki/Blue_Grass_Airport",18
"LFM","OISR","27.372744","53.188794","Lamerd , Fars","https://en.wikipedia.org/wiki/Lamerd_International_Airport",5
"LFR","SVLF","8.238890","-72.270830","","https://en.wikipedia.org/wiki/La_Fr%C3%ADa_Airport",2
"LFT","KLFT","30.205280","-91.987500","Lafayette, Louisiana","https://en.wikipedia.org/wiki/Lafayette_Regional_Airport",0
"LFW","DXXX","6.165611","1.254511","Lomé","https://en.wikipedia.org/wiki/Lom%C3%A9%E2%80%93Tokoin_International_Airport",35
"LGA","KLGA","40.775000","-73.875000","New York metropolitan area","https://en.wikipedia.org/wiki/LaGuardia_Airport",91
"LGB","KLGB","33.817780","-118.151670","Greater Los Angeles","https://en.wikipedia.org/wiki/Long_Beach_Airport",21
"LGG","EBLG","50.636390","5.442780","Liège","https://en.wikipedia.org/wiki/Li%C3%A8ge_Airport",13
"LGI","MYLD","23.179170","-75.093610","Long Island , The Bahamas","https://en.wikipedia.org/wiki/Deadman%27s_Cay_Airport",3
"LGK","WMKL","6.333330","99.733330","Langkawi and Perlis","https://en.wikipedia.org/wiki/Langkawi_International_Airport",8
"LGL","WBGF","3.420972","115.153194","Long Lellang , Sarawak , Malaysia","https://en.wikipedia.org/wiki/Long_Lellang_Airport",3
"LGS","SAMM","-35.493330","-69.574170","Malargüe , Argentina","https://en.wikipedia.org/wiki/Comodoro_D._Ricardo_Salom%C3%B3n_Airport",6
"LGW","EGKK","51.148060","-0.190280","Greater London Urban Area","https://en.wikipedia.org/wiki/Gatwick_Airport",235
"LHE","OPLA","31.521390","74.403330","Lahore","https://en.wikipedia.org/wiki/Allama_Iqbal_International_Airport",29
"LHN","SNLN","-19.355280","-40.071390","Linhares","https://en.wikipedia.org/wiki/Linhares_Regional_Airport",1
"LHR","EGLL","51.477500","-0.461390","Greater London Urban Area","https://en.wikipedia.org/wiki/Heathrow_Airport",229
"LHW","ZLLL","36.515000","103.620000","China Eastern Airlines Hainan Airlines","https://en.wikipedia.org/wiki/Lanzhou_Zhongchuan_International_Airport",100
"LIH","PHLI","21.976110","-159.338890","Kauai","https://en.wikipedia.org/wiki/Lihue_Airport",17
"LIK","NONE","9.823330","169.308610","Likiep, Likiep Atoll , Marshall Islands","https://en.wikipedia.org/wiki/Likiep_Airport",2
"LIL","LFQQ","50.563330","3.086940","Lille , France","https://en.wikipedia.org/wiki/Lille_Airport",56
"LIM","SPJC","-12.021940","-77.114440","Aerosucre","https://en.wikipedia.org/wiki/Jorge_Ch%C3%A1vez_International_Airport",78
"LIN","LIML","45.449440","9.278330","ITA Airways","https://en.wikipedia.org/wiki/Milan_Linate_Airport",56
"LIO","MRLM","9.957780","-83.021940","Limón , Costa Rica","https://en.wikipedia.org/wiki/Lim%C3%B3n_International_Airport",2
"LIQ","FZGA","2.170830","21.497220","","https://en.wikipedia.org/wiki/Lisala_Airport",2
"LIS","LPPT","38.774170","-9.134170","Azores Airlines","https://en.wikipedia.org/wiki/Lisbon_Airport",174
"LIT","KLIT","34.730000","-92.220000","Little Rock","https://en.wikipedia.org/wiki/Clinton_National_Airport",20
"LIW","VYLK","","","","https://en.wikipedia.org/wiki/Loikaw_Airport",5
"LIX","FWLK","-12.075830","34.737220","Likoma Island","https://en.wikipedia.org/wiki/Likoma_Airport",2
"LJA","FZVA","-3.462500","23.615280","Lodja , DR Congo","https://en.wikipedia.org/wiki/Lodja_Airport",1
"LJG","ZPLJ","26.679170","100.245830","Lijiang , Yunnan","https://en.wikipedia.org/wiki/Lijiang_Sanyi_International_Airport",61
"LJU","LJLJ","","","Ljubljana , Slovenia","https://en.wikipedia.org/wiki/Ljubljana_Airport",33
"LKA","WATL","-8.274544","123.002328","","https://en.wikipedia.org/wiki/Gewayantana_Airport",1
"LKB","NFNK","-18.199170","-178.816940","Lakeba , Fiji","https://en.wikipedia.org/wiki/Lakeba_Airport",1
"LKE","NONE","47.628890","-122.338610","Seattle, Washington","https://en.wikipedia.org/wiki/Kenmore_Air_Harbor_Seaplane_Base",22
"LKG","HKLK","4.205000","34.345000","Lokichogio, Kenya","https://en.wikipedia.org/wiki/Lokichogio_Airport",3
"LKH","WBGL","3.313060","114.783060","Long Akah , Sarawak , Malaysia","https://en.wikipedia.org/wiki/Long_Akah_Airport",2
"LKI","WIML","2.416670","96.329170","","https://en.wikipedia.org/wiki/Lasikin_Airport",2
"LKM","WAMI","-0.960560","122.111940","","https://en.wikipedia.org/wiki/Raja_Loloda_Mokoagow_Airport",2
"LKN","ENLK","68.152500","13.609440","","https://en.wikipedia.org/wiki/Leknes_Airport",6
"LKO","VILK","26.760560","80.890280","IndiGo","https://en.wikipedia.org/wiki/Chaudhary_Charan_Singh_International_Airport",42
"LKY","HTLM","-3.376390","35.818060","Lake Manyara National Park","https://en.wikipedia.org/wiki/Lake_Manyara_Airport",9
"LLA","ESPA","65.543610","22.121940","Luleå","https://en.wikipedia.org/wiki/Lule%C3%A5_Airport",6
"LLB","ZULB","25.452500","107.961670","","https://en.wikipedia.org/wiki/Qiannan_Libo_Airport",3
"LLF","ZGLG","26.345560","111.612220","Yongzhou , Hunan","https://en.wikipedia.org/wiki/Yongzhou_Lingling_Airport",3
"LLI","HALL","11.973890","38.991110","Lalibela , Ethiopia","https://en.wikipedia.org/wiki/Lalibela_Airport",4
"LLJ","WIPB","-3.280000","102.917220","Lubuklinggau and Musi Rawas Regency","https://en.wikipedia.org/wiki/Silampari_Airport",1
"LLK","UBBL","38.758610","48.806390","Lankaran , Azerbaijan","https://en.wikipedia.org/wiki/Lankaran_International_Airport",1
"LLM","AGLM","-10.297780","166.328060","","https://en.wikipedia.org/wiki/Lomlom_Airport",1
"LLU","BGAP","60.464440","-45.569170","Alluitsup Paa , Greenland","https://en.wikipedia.org/wiki/Alluitsup_Paa_Heliport",3
"LLV","ZBLL","37.683330","111.142780","Lüliang , Shanxi , China","https://en.wikipedia.org/wiki/L%C3%BCliang_Dawu_Airport",14
"LMA","PAMH","63.886110","-152.301940","Lake Minchumina, Alaska","https://en.wikipedia.org/wiki/Minchumina_Airport",0
"LMC","SKNA","2.173610","-73.786110","La Macarena , Colombia","https://en.wikipedia.org/wiki/La_Macarena_Airport",2
"LML","NONE","8.921670","166.265560","Lae, Lae Atoll , Marshall Islands","https://en.wikipedia.org/wiki/Lae_Airport",2
"LMM","MMLM","25.685000","-109.080560","Los Mochis , Sinaloa , Mexico","https://en.wikipedia.org/wiki/Los_Mochis_International_Airport",10
"LMN","WBGJ","4.808060","115.010280","Limbang District","https://en.wikipedia.org/wiki/Limbang_Airport",4
"LMP","LICD","35.497780","12.618060","Lampedusa , Linosa , Italy","https://en.wikipedia.org/wiki/Lampedusa_Airport",17
"LMU","WIDL","2.964170","105.754440","Anambas Islands Regency","https://en.wikipedia.org/wiki/Letung_Airport",1
"LMV","VRGD","5.457400","73.370100","Naifaru , Lhaviyani Atoll , Maldives","https://en.wikipedia.org/wiki/Madivaru_Airport",0
"LMY","AYLM","","","","https://en.wikipedia.org/wiki/Lake_Murray_Airport",2
"LNB","NVSM","-16.584170","168.159170","Lamen Bay , Epi , Vanuatu","https://en.wikipedia.org/wiki/Lamen_Bay_Airport",1
"LNE","NVSO","-15.865560","168.171940","southern Pentecost Island , Vanuatu","https://en.wikipedia.org/wiki/Lonorore_Airport",2
"LNJ","ZPLC","23.738330","100.025000","Lincang , Yunnan","https://en.wikipedia.org/wiki/Lincang_Boshang_Airport",3
"LNK","KLNK","40.851110","-96.759170","Southeastern and central Nebraska","https://en.wikipedia.org/wiki/Lincoln_Airport_(Nebraska)",0
"LNL","ZLLN","33.788000","105.797000","Longnan , Gansu","https://en.wikipedia.org/wiki/Longnan_Chengxian_Airport",11
"LNS","KLNS","40.122220","-76.294440","Lancaster , Pennsylvania , U.S.","https://en.wikipedia.org/wiki/Lancaster_Airport_(Pennsylvania)",3
"LNU","WAQM","3.575280","116.619720","","https://en.wikipedia.org/wiki/Robert_Atty_Bessing_Airport",7
"LNV","AYKY","-3.042400","152.627900","","https://en.wikipedia.org/wiki/Lihir_Island_Airport",5
"LNY","PHNY","20.785560","-156.951390","Lanai","https://en.wikipedia.org/wiki/Lanai_Airport",0
"LNZ","LOWL","48.233330","14.187500","Linz , Austria","https://en.wikipedia.org/wiki/Linz_Airport",16
"LOD","NVSG","-15.306670","167.967220","Longana , Aoba Island , Vanuatu","https://en.wikipedia.org/wiki/Longana_Airport",2
"LOE","VTUL","17.439170","101.721940","Loei","https://en.wikipedia.org/wiki/Loei_Airport",1
"LOH","SECA","-3.995830","-79.372220","Loja , Ecuador","https://en.wikipedia.org/wiki/Ciudad_de_Catamayo_Airport",2
"LOK","HKLO","","","Lodwar , Kenya","https://en.wikipedia.org/wiki/Lodwar_Airport",3
"LOO","DAUL","","","Laghouat , Algeria","https://en.wikipedia.org/wiki/L%27Mekrareg_Airport",2
"LOP","WADL","-8.758060","116.276390","Lombok","https://en.wikipedia.org/wiki/Lombok_International_Airport",11
"LOV","MMMV","26.955830","-101.470000","Monclova , Coahuila , Mexico","https://en.wikipedia.org/wiki/Monclova_International_Airport",1
"LPA","GCLP","27.931940","-15.386670","Ryanair","https://en.wikipedia.org/wiki/Gran_Canaria_Airport",180
"LPB","SLLP","-16.513330","-68.192220","Boliviana de Aviación","https://en.wikipedia.org/wiki/El_Alto_International_Airport",14
"LPD","SKLP","-1.326390","-69.580560","La Pedrera , Colombia","https://en.wikipedia.org/wiki/La_Pedrera_Airport",1
"LPF","ZUPS","26.609417","104.979000","Liupanshui , Guizhou , China","https://en.wikipedia.org/wiki/Liupanshui_Yuezhao_Airport",3
"LPI","ESSL","58.408330","15.672780","","https://en.wikipedia.org/wiki/Link%C3%B6ping/Saab_Airport",3
"LPK","UUOL","52.703330","39.538330","","https://en.wikipedia.org/wiki/Lipetsk_Airport",7
"LPL","EGGP","53.333610","-2.849720","Liverpool City Region North West England North Wales","https://en.wikipedia.org/wiki/Liverpool_John_Lennon_Airport",70
"LPM","NVSL","-16.453890","167.823060","Malekoula , Vanuatu","https://en.wikipedia.org/wiki/Malekoula_Airport",1
"LPP","EFLP","61.045830","28.148610","Lappeenranta , Finland","https://en.wikipedia.org/wiki/Lappeenranta_Airport",1
"LPQ","VLLB","19.897220","102.160830","","https://en.wikipedia.org/wiki/Luang_Prabang_International_Airport",11
"LPS","NONE","48.516390","-122.918060","Lopez Island , Washington","https://en.wikipedia.org/wiki/Fishermans_Bay/LPS_Seaplane_Base",1
"LPT","VTCL","18.270933","99.504167","Lampang","https://en.wikipedia.org/wiki/Lampang_Airport",3
"LPU","WAQL","1.703610","114.970280","Long Apung , Malinau Regency , North Kalimantan , Indonesia","https://en.wikipedia.org/wiki/Long_Apung_Airport",3
"LPZ","SKSG","6.590280","-73.129170","San Gil , Colombia","https://en.wikipedia.org/wiki/Los_Pozos_Airport",2
"LQM","SKLG","-0.181940","-74.770830","Puerto Leguízamo , Colombia","https://en.wikipedia.org/wiki/Caucay%C3%A1_Airport",1
"LRD","KLRD","27.543890","-99.461670","Laredo, Texas","https://en.wikipedia.org/wiki/Laredo_International_Airport",4
"LRE","YLRE","-23.431390","144.278060","","https://en.wikipedia.org/wiki/Longreach_Airport",3
"LRM","MDLR","18.452220","-68.911110","La Romana , Dominican Republic","https://en.wikipedia.org/wiki/La_Romana_International_Airport",13
"LRR","OISL","27.673060","54.381390","","https://en.wikipedia.org/wiki/Larestan_Ayatollah_Ayatollahi_International_Airport",5
"LRS","LGLE","37.184720","26.800280","","https://en.wikipedia.org/wiki/Leros_Municipal_Airport",5
"LRT","LFRH","47.760560","-3.440000","Lorient , France","https://en.wikipedia.org/wiki/Lorient_South_Brittany_Airport",1
"LRU","KLRU","32.289440","-106.921940","Las Cruces, New Mexico","https://en.wikipedia.org/wiki/Las_Cruces_International_Airport",1
"LSA","AYKA","","","","https://en.wikipedia.org/wiki/Losuia_Airport",1
"LSC","SCSE","-29.916110","-71.199440","","https://en.wikipedia.org/wiki/La_Florida_Airport_(Chile)",5
"LSE","KLSE","43.879170","-91.256670","La Crosse, Wisconsin","https://en.wikipedia.org/wiki/La_Crosse_Regional_Airport",0
"LSH","VYLS","22.975830","97.752500","","https://en.wikipedia.org/wiki/Lashio_Airport",2
"LSI","EGPB","59.881390","-1.293890","Shetland","https://en.wikipedia.org/wiki/Sumburgh_Airport",10
"LSP","SVJC","11.780560","-70.150000","Punto Fijo","https://en.wikipedia.org/wiki/Josefa_Camejo_International_Airport",3
"LSR","WIMU","3.392000","97.864000","Kutacane","https://en.wikipedia.org/wiki/Alas_Leuser_Airport",1
"LST","YMLT","-41.545000","147.215000","Launceston","https://en.wikipedia.org/wiki/Launceston_Airport",11
"LSW","WITM","5.226670","96.950280","Lhokseumawe","https://en.wikipedia.org/wiki/Malikus_Saleh_Airport",1
"LTI","ZMAT","46.375830","96.219170","Altai City , Govi-Altai , Mongolia","https://en.wikipedia.org/wiki/Altai_Airport",1
"LTK","OSLK","35.400830","35.948610","Latakia , Syria","https://en.wikipedia.org/wiki/Latakia_International_Airport",8
"LTM","SYLT","3.372220","-59.790280","Lethem","https://en.wikipedia.org/wiki/Lethem_Airport",1
"LTN","EGGW","51.874720","-0.368330","","https://en.wikipedia.org/wiki/Luton_Airport",132
"LTO","MMLT","25.989170","-111.348330","Calafia Airlines","https://en.wikipedia.org/wiki/Loreto_International_Airport",8
"LUA","VNLK","27.687780","86.731390","Lukla , Nepal","https://en.wikipedia.org/wiki/Tenzing-Hillary_Airport",3
"LUC","NFNH","-16.748060","-179.666940","Laucala , Lau Islands , Northern Division , Fiji","https://en.wikipedia.org/wiki/Laucala_Airport",0
"LUH","VILD","30.854720","75.952500","Ludhiana","https://en.wikipedia.org/wiki/Ludhiana_Airport",1
"LUM","ZPMS","24.400000","98.533330","","https://en.wikipedia.org/wiki/Dehong_Mangshi_International_Airport",21
"LUN","FLKK","-15.331670","28.434170","Lusaka , Zambia","https://en.wikipedia.org/wiki/Kenneth_Kaunda_International_Airport",23
"LUO","FNUE","","","Luena","https://en.wikipedia.org/wiki/Luena_Airport",1
"LUP","PHLU","21.211110","-156.973610","Kalaupapa, Hawaii","https://en.wikipedia.org/wiki/Kalaupapa_Airport",2
"LUQ","SAOU","-33.275000","-66.351390","San Luis, Argentina","https://en.wikipedia.org/wiki/Brigadier_Mayor_C%C3%A9sar_Ra%C3%BAl_Ojeda_Airport",1
"LUR","PALU","68.875000","-166.111110","","https://en.wikipedia.org/wiki/Cape_Lisburne_LRRS_Airport",1
"LUV","WAPF","-5.760280","132.759440","Langgur, Tual","https://en.wikipedia.org/wiki/Karel_Sadsuitubun_Airport",3
"LUX","ELLX","49.623330","6.204440","Luxembourg City , Luxembourg","https://en.wikipedia.org/wiki/Luxembourg_Airport",111
"LUZ","EPLB","51.240278","22.713611","Lublin , Poland","https://en.wikipedia.org/wiki/Lublin_Airport",10
"LVP","OIBV","26.810280","53.356110","Lavan Island , Hormozgan","https://en.wikipedia.org/wiki/Lavan_Airport",4
"LWB","KLWB","37.858330","-80.399440","Lewisburg, West Virginia","https://en.wikipedia.org/wiki/Greenbrier_Valley_Airport",2
"LWE","WATW","-8.362500","123.438060","Lewoleba , East Nusa Tenggara , Indonesia","https://en.wikipedia.org/wiki/Wonopito_Airport",1
"LWK","EGET","60.191940","-1.243610","Lerwick","https://en.wikipedia.org/wiki/Tingwall_Airport",0
"LWS","KLWS","46.374440","-117.015280","Lewiston-Clarkston metropolitan area","https://en.wikipedia.org/wiki/Lewiston%E2%80%93Nez_Perce_County_Airport",0
"LWY","WBGW","4.849170","115.402780","Lawas","https://en.wikipedia.org/wiki/Lawas_Airport",4
"LXA","ZULS","29.297780","90.911940","Lhasa Shannan","https://en.wikipedia.org/wiki/Lhasa_Gonggar_International_Airport",49
"LXG","VLLN","20.960560","101.402500","","https://en.wikipedia.org/wiki/Louang_Namtha_Airport",1
"LXR","HELX","25.670830","32.706390","Luxor , Egypt","https://en.wikipedia.org/wiki/Luxor_International_Airport",26
"LXS","LGLM","39.917072","25.236308","Lemnos , Greece","https://en.wikipedia.org/wiki/Lemnos_International_Airport",14
"LYA","ZHLY","34.741110","112.388330","Luoyang , Henan , China","https://en.wikipedia.org/wiki/Luoyang_Beijiao_Airport",15
"LYB","MWCL","19.660000","-80.088890","","https://en.wikipedia.org/wiki/Edward_Bodden_Airfield",2
"LYC","ESNL","64.548060","18.716110","","https://en.wikipedia.org/wiki/Lycksele_Airport",3
"LYG","ZSLG","34.413060","119.177220","Lianyungang","https://en.wikipedia.org/wiki/Lianyungang_Huaguoshan_International_Airport",29
"LYH","KLYH","37.325280","-79.201110","Lynchburg, Virginia","https://en.wikipedia.org/wiki/Lynchburg_Regional_Airport",0
"LYI","ZSLY","35.046110","118.411670","Linyi , Shandong , China","https://en.wikipedia.org/wiki/Linyi_Qiyang_International_Airport",34
"LYP","OPFA","31.365000","72.994720","Faisalabad","https://en.wikipedia.org/wiki/Faisalabad_International_Airport",7
"LYR","ENSB","78.246110","15.465560","Longyearbyen , Svalbard , Norway","https://en.wikipedia.org/wiki/Svalbard_Airport",5
"LYS","LFLL","","","Air France easyJet Transavia France Twin Jet","https://en.wikipedia.org/wiki/Lyon%E2%80%93Saint-Exup%C3%A9ry_Airport",164
"LZH","ZGZH","24.207500","109.391110","Liuzhou , Guangxi","https://en.wikipedia.org/wiki/Liuzhou_Bailian_Airport",18
"LZN","RCFG","26.157417","119.956390","","https://en.wikipedia.org/wiki/Nangan_Airport",3
"LZO","ZULZ","29.030000","105.470000","Luzhou , Sichuan , China","https://en.wikipedia.org/wiki/Luzhou_Yunlong_Airport",36
"LZY","ZUNZ","29.303330","94.335280","Nyingchi","https://en.wikipedia.org/wiki/Nyingchi_Mainling_Airport",7
"MAA","VOMM","12.982220","80.163610","Air India","https://en.wikipedia.org/wiki/Chennai_International_Airport",73
"MAB","SBMA","-5.368060","-49.138060","Marabá","https://en.wikipedia.org/wiki/Marab%C3%A1_Airport",3
"MAD","LEMD","40.472220","-3.560830","Madrid metropolitan area","https://en.wikipedia.org/wiki/Madrid%E2%80%93Barajas_Airport",243
"MAF","KMAF","31.942500","-102.201940","Midland and Odessa, Texas","https://en.wikipedia.org/wiki/Midland_International_Air_and_Space_Port",0
"MAG","AYMD","-5.208330","145.783330","","https://en.wikipedia.org/wiki/Madang_Airport",5
"MAH","LEMH","39.862500","4.218610","Menorca","https://en.wikipedia.org/wiki/Menorca_Airport",80
"MAJ","PKMJ","7.064720","171.271940","Majuro","https://en.wikipedia.org/wiki/Marshall_Islands_International_Airport",0
"MAK","HSSM","9.558890","31.652220","Malakal , South Sudan","https://en.wikipedia.org/wiki/Malakal_Airport",1
"MAM","MMMA","25.770000","-97.525280","Brownsville–Matamoros","https://en.wikipedia.org/wiki/Matamoros_International_Airport",2
"MAN","EGCC","53.353890","-2.275000","Greater Manchester","https://en.wikipedia.org/wiki/Manchester_Airport",209
"MAO","SBEG","-3.041110","-60.050560","Azul Brazilian Airlines","https://en.wikipedia.org/wiki/Eduardo_Gomes_International_Airport",34
"MAQ","VTPM","16.699720","98.545000","Tak","https://en.wikipedia.org/wiki/Mae_Sot_Airport",1
"MAR","SVMC","10.558330","-71.727780","Conviasa","https://en.wikipedia.org/wiki/La_Chinita_International_Airport",7
"MAS","AYMO","-2.061940","147.424170","Lorengau, Manus Province","https://en.wikipedia.org/wiki/Momote_Airport",4
"MAY","MYAB","24.287780","-77.684720","","https://en.wikipedia.org/wiki/Clarence_A._Bain_Airport",1
"MBA","HKMO","-4.040000","39.590000","Mombasa","https://en.wikipedia.org/wiki/Moi_International_Airport",22
"MBE","RJEB","44.304170","143.404170","","https://en.wikipedia.org/wiki/Monbetsu_Airport",1
"MBJ","MKJS","18.503610","-77.913330","Montego Bay , Jamaica","https://en.wikipedia.org/wiki/Sangster_International_Airport",47
"MBL","KMBL","44.272500","-86.246940","Manistee, Michigan / Ludington, Michigan","https://en.wikipedia.org/wiki/Manistee_County_Blacker_Airport",1
"MBQ","HUMA","-0.555000","30.600000","Mbarara , Uganda","https://en.wikipedia.org/wiki/Mbarara_Airport",3
"MBS","KMBS","43.532780","-84.079720","Saginaw, Michigan Midland, Michigan Bay City, Michigan","https://en.wikipedia.org/wiki/MBS_International_Airport",0
"MBT","RPVJ","12.369440","123.629170","Masbate","https://en.wikipedia.org/wiki/Moises_R._Espinosa_Airport",2
"MBW","YMMB","-37.975830","145.102220","Melbourne","https://en.wikipedia.org/wiki/Moorabbin_Airport",2
"MBZ","SWMW","-3.371940","-57.724720","Maués","https://en.wikipedia.org/wiki/Mau%C3%A9s_Airport",1
"MCE","KMCE","37.284720","-120.513890","Merced, California","https://en.wikipedia.org/wiki/Merced_Regional_Airport",2
"MCI","KMCI","39.297500","-94.713890","Kansas City metropolitan area","https://en.wikipedia.org/wiki/Kansas_City_International_Airport",60
"MCJ","SKLM","11.232500","-72.488890","Maicao , Colombia","https://en.wikipedia.org/wiki/Jorge_Isaacs_Airport",0
"MCK","KMCK","40.206390","-100.592220","McCook, Nebraska","https://en.wikipedia.org/wiki/McCook_Ben_Nelson_Regional_Airport",0
"MCM","LNMC","43.726390","7.420560","Monaco","https://en.wikipedia.org/wiki/Monaco_Heliport",1
"MCN","KMCN","32.692780","-83.649170","Macon, Georgia and Warner Robins, Georgia","https://en.wikipedia.org/wiki/Middle_Georgia_Regional_Airport",0
"MCO","KMCO","28.429440","-81.308890","JetBlue","https://en.wikipedia.org/wiki/Orlando_International_Airport",180
"MCP","SBMQ","0.050560","-51.072220","Macapá","https://en.wikipedia.org/wiki/Macap%C3%A1_International_Airport",4
"MCT","OOMS","23.593330","58.284440","Muscat","https://en.wikipedia.org/wiki/Muscat_International_Airport",98
"MCV","YMHU","-16.445000","136.075000","","https://en.wikipedia.org/wiki/McArthur_River_Mine_Airport",1
"MCW","KMCW","43.157780","-93.331110","Mason City, Iowa","https://en.wikipedia.org/wiki/Mason_City_Municipal_Airport",0
"MCX","URML","42.816822","47.652294","Makhachkala","https://en.wikipedia.org/wiki/Uytash_Airport",34
"MCZ","SBMO","-9.517220","-35.783610","Maceió","https://en.wikipedia.org/wiki/Zumbi_dos_Palmares_International_Airport",23
"MDC","WAMM","1.549170","124.926390","Manado metropolitan area","https://en.wikipedia.org/wiki/Sam_Ratulangi_International_Airport",27
"MDE","SKRG","6.167220","-75.426670","Medellín Metropolitan Area","https://en.wikipedia.org/wiki/Jos%C3%A9_Mar%C3%ADa_C%C3%B3rdova_International_Airport",39
"MDG","ZYMD","44.524170","129.568890","Mudanjiang , Heilongjiang","https://en.wikipedia.org/wiki/Mudanjiang_Hailang_International_Airport",12
"MDK","FZEA","0.022500","18.288610","","https://en.wikipedia.org/wiki/Mbandaka_Airport",3
"MDL","VYMD","21.702220","95.978060","3 million passengers per year [ 3 ]","https://en.wikipedia.org/wiki/Mandalay_International_Airport",31
"MDQ","SAZM","-37.934170","-57.573610","Mar del Plata , Argentina","https://en.wikipedia.org/wiki/Astor_Piazzolla_International_Airport",10
"MDT","KMDT","40.193060","-76.763330","Harrisburg, Pennsylvania , U.S.","https://en.wikipedia.org/wiki/Harrisburg_International_Airport",17
"MDU","AYMN","-6.147739","143.657164","","https://en.wikipedia.org/wiki/Mendi_Airport",1
"MDW","KMDW","41.786110","-87.752500","Chicago metropolitan area","https://en.wikipedia.org/wiki/Midway_International_Airport",95
"MDZ","SAME","-32.831670","-68.792780","Mendoza , Argentina","https://en.wikipedia.org/wiki/Governor_Francisco_Gabrielli_International_Airport",0
"MEB","YMEN","-37.728060","144.901940","Melbourne","https://en.wikipedia.org/wiki/Essendon_Airport",2
"MEC","SEMT","-0.945830","-80.678610","","https://en.wikipedia.org/wiki/Eloy_Alfaro_International_Airport",2
"MED","OEMA","24.553330","39.705000","Medina","https://en.wikipedia.org/wiki/Prince_Mohammad_bin_Abdulaziz_International_Airport",105
"MEH","ENMH","71.028890","27.826390","Mehamn , Finnmark , Norway","https://en.wikipedia.org/wiki/Mehamn_Airport",5
"MEI","KMEI","32.332500","-88.751940","Meridian, Mississippi","https://en.wikipedia.org/wiki/Meridian_Regional_Airport",0
"MEL","YMML","-37.673330","144.843330","Melbourne","https://en.wikipedia.org/wiki/Melbourne_Airport",77
"MEM","KMEM","35.042500","-89.976670","Memphis metropolitan area","https://en.wikipedia.org/wiki/Memphis_International_Airport",38
"MEQ","WITC","4.043717","96.250836","","https://en.wikipedia.org/wiki/Cut_Nyak_Dhien_Airport",4
"MEU","SBMD","-0.889720","-52.602220","Monte Dourado ( Almeirim )","https://en.wikipedia.org/wiki/Monte_Dourado_Airport",2
"MEX","MMMX","19.436110","-99.071940","Magnicharters","https://en.wikipedia.org/wiki/Mexico_City_International_Airport",106
"MFA","HTMA","-7.913890","39.666670","Kilindoni","https://en.wikipedia.org/wiki/Mafia_Airport",5
"AAD","HCAD","6.095830","46.637500","Adado","https://en.wikipedia.org/wiki/Adado_Airport",1
"AAE","DABB","36.829170","7.813890","Annaba , Algeria","https://en.wikipedia.org/wiki/Rabah_Bitat_Airport",9
"AAL","EKYT","57.092780","9.849170","Aalborg , Denmark","https://en.wikipedia.org/wiki/Aalborg_Airport",19
"AAN","OMAL","24.261670","55.609170","Al Ain","https://en.wikipedia.org/wiki/Al_Ain_International_Airport",6
"AAP","WALS","-0.373610","117.255560","Samarinda","https://en.wikipedia.org/wiki/Aji_Pangeran_Tumenggung_Pranoto_International_Airport",7
"AAQ","URKA","45.002083","37.347306","Anapa","https://en.wikipedia.org/wiki/Anapa_Airport",24
"AAR","EKAH","56.304170","10.619170","Aarhus , Denmark","https://en.wikipedia.org/wiki/Aarhus_Airport",21
"AAS","NONE","-3.884720","139.310560","","https://en.wikipedia.org/wiki/Apalapsili_Airport",0
"AAT","ZWAT","47.750361","88.084444","Altay, Xinjiang","https://en.wikipedia.org/wiki/Altay_Xuedu_Airport",15
"AAX","SBAX","-19.563060","-46.960560","Araxá","https://en.wikipedia.org/wiki/Arax%C3%A1_Airport",3
"AAY","OYGD","16.193361","52.174194","Al-Ghaydah","https://en.wikipedia.org/wiki/Al_Ghaydah_Airport",1
"AAZ","MGQZ","14.865280","-91.502780","Quetzaltenango , Guatemala","https://en.wikipedia.org/wiki/Quetzaltenango_Airport",1
"ABA","UNAA","53.743330","91.385830","Abakan","https://en.wikipedia.org/wiki/Abakan_International_Airport",8
"ABB","DNAS","6.204170","6.665280","Lagos, Abuja, Kano","https://en.wikipedia.org/wiki/Asaba_International_Airport",3
"ABD","OIAA","30.365280","48.233060","Abadan , Khuzestan","https://en.wikipedia.org/wiki/Abadan_Ayatollah_Jami_International_Airport",5
"ABE","KABE","40.652333","-75.440472","Lehigh Valley","https://en.wikipedia.org/wiki/Lehigh_Valley_International_Airport",13
"ABF","NGAB","1.796390","173.040280","Abaiang , Kiribati","https://en.wikipedia.org/wiki/Abaiang_Airport",2
"ABJ","DIAP","5.261417","-3.925778","Abidjan","https://en.wikipedia.org/wiki/F%C3%A9lix-Houphou%C3%ABt-Boigny_International_Airport",43
"ABK","HAKD","6.732806","44.241556","Kebri Dahar","https://en.wikipedia.org/wiki/Kabri_Dar_Airport",1
"ABL","PAFM","67.106639","-157.857111","Ambler, Alaska","https://en.wikipedia.org/wiki/Ambler_Airport",0
"ABM","YNPE","-10.950830","142.459440","","https://en.wikipedia.org/wiki/Northern_Peninsula_Airport",2
"MFJ","NFMO","-18.566940","179.951110","Moala Island , Fiji","https://en.wikipedia.org/wiki/Moala_Airport",2
"MFK","RCMT","26.223890","120.002500","","https://en.wikipedia.org/wiki/Beigan_Airport",1
"MFM","VMMC","22.149440","113.591390","Pearl River Delta","https://en.wikipedia.org/wiki/Macau_International_Airport",41
"MFN","NZMF","-44.673330","167.923330","Milford Sound","https://en.wikipedia.org/wiki/Milford_Sound_Airport",0
"MFR","KMFR","42.374170","-122.873610","Rogue Valley","https://en.wikipedia.org/wiki/Rogue_Valley_International%E2%80%93Medford_Airport",13
"MFU","FLMF","-13.258890","31.936110","Mfuwe , Zambia","https://en.wikipedia.org/wiki/Mfuwe_Airport",5
"MGA","MNMG","12.141390","-86.168060","Managua","https://en.wikipedia.org/wiki/Augusto_C._Sandino_International_Airport",11
"MGB","YMTG","-37.747780","140.783610","Mount Gambier , the Limestone Coast region and neighbouring Victorian towns","https://en.wikipedia.org/wiki/Mount_Gambier_Airport",2
"MGF","SBMG","-23.476390","-52.017780","Maringá","https://en.wikipedia.org/wiki/Maring%C3%A1_Regional_Airport",5
"MGH","FAMG","-30.859440","30.343060","Margate","https://en.wikipedia.org/wiki/Margate_Airport",1
"MGM","KMGM","32.300560","-86.393890","Montgomery, Alabama","https://en.wikipedia.org/wiki/Montgomery_Regional_Airport",0
"MGQ","HCMM","2.013610","45.304720","Mogadishu , Somalia","https://en.wikipedia.org/wiki/Aden_Adde_International_Airport",24
"MGS","NCMG","-21.895830","-157.906670","","https://en.wikipedia.org/wiki/Mangaia_Airport",1
"MGT","YMGB","-12.094440","134.893610","","https://en.wikipedia.org/wiki/Milingimbi_Airport",3
"MGW","KMGW","39.642780","-79.916390","Morgantown, West Virginia","https://en.wikipedia.org/wiki/Morgantown_Municipal_Airport",2
"MGZ","VYME","12.439720","98.621390","Myeik","https://en.wikipedia.org/wiki/Myeik_Airport",2
"MHC","SCPQ","","","Dalcahue , Chile , Castro , Chile","https://en.wikipedia.org/wiki/Mocopulli_Airport",0
"MHD","OIMM","36.235000","59.640830","Iran Air Mahan Air Qeshm Air","https://en.wikipedia.org/wiki/Mashhad_Shahid_Hasheminejad_International_Airport",55
"MHG","EDFM","49.472500","8.514170","Mannheim , Baden-Württemberg , Germany","https://en.wikipedia.org/wiki/Mannheim_City_Airport",3
"MHH","MYAM","26.511390","-77.083610","Marsh Harbour , Abaco Islands , Bahamas","https://en.wikipedia.org/wiki/Marsh_Harbour_Airport",0
"MHK","KMHK","39.141110","-96.671670","Manhattan, Kansas","https://en.wikipedia.org/wiki/Manhattan_Regional_Airport",0
"MHT","KMHT","42.932500","-71.435560","1,272,689","https://en.wikipedia.org/wiki/Manchester%E2%80%93Boston_Regional_Airport",17
"MHX","NCMH","-10.380560","-160.999720","Rarotonga","https://en.wikipedia.org/wiki/Manihiki_Island_Airport",1
"MIA","KMIA","25.793330","-80.290560","Avianca LATAM Cargo Colombia LATAM Chile LATAM Perú Polar Air Cargo","https://en.wikipedia.org/wiki/Miami_International_Airport",202
"MID","MMMD","20.936940","-89.657780","Mérida , Yucatán , Mexico","https://en.wikipedia.org/wiki/M%C3%A9rida_International_Airport",23
"MIG","ZUMY","31.430000","104.739720","Mianyang , Sichuan","https://en.wikipedia.org/wiki/Mianyang_Nanjiao_Airport",35
"MII","SBML","-22.196940","-49.926390","Marília","https://en.wikipedia.org/wiki/Mar%C3%ADlia_Airport",1
"MIM","YMER","-36.908610","149.901390","Merimbula, New South Wales , Australia","https://en.wikipedia.org/wiki/Merimbula_Airport",3
"MIR","DTMB","35.758060","10.754720","Monastir, Tunisia","https://en.wikipedia.org/wiki/Monastir_Habib_Bourguiba_International_Airport",41
"MIS","AYMS","-10.689170","152.838060","Misima Island , Milne Bay Province , Papua New Guinea","https://en.wikipedia.org/wiki/Misima_Island_Airport",1
"MIU","DNMA","11.855560","13.081940","Maiduguri , Borno Nigeria","https://en.wikipedia.org/wiki/Maiduguri_International_Airport",5
"MJC","DIMN","7.272220","-7.587500","Man","https://en.wikipedia.org/wiki/Man_Airport",2
"MJE","NONE","8.163330","168.173890","Majkin, Namu Atoll , Marshall Islands","https://en.wikipedia.org/wiki/Majkin_Airport",3
"MJF","ENMS","65.783997","13.214914","Mosjøen","https://en.wikipedia.org/wiki/Mosj%C3%B8en_Airport",3
"MJI","HLLM","32.900000","13.283000","","https://en.wikipedia.org/wiki/Mitiga_International_Airport",27
"MJL","FOGM","-1.848060","11.057780","Mouila , Gabon","https://en.wikipedia.org/wiki/Mouila_Airport",1
"MJM","FZWA","-6.121110","23.568890","Mbuji Mayi","https://en.wikipedia.org/wiki/Mbuji_Mayi_Airport",4
"MJN","FMNM","-15.666940","46.351670","Mahajanga , Madagascar","https://en.wikipedia.org/wiki/Amborovy_Airport",3
"MJT","LGMT","39.056670","26.598330","Lesbos","https://en.wikipedia.org/wiki/Mytilene_International_Airport",20
"MJU","WAFJ","-2.586670","119.029170","Mamuju Regency , West Sulawesi , Sulawesi Island , Indonesia","https://en.wikipedia.org/wiki/Tampa_Padang_Airport",2
"MJZ","UERR","62.534440","114.022220","Mirny , Sakha Republic , Russia","https://en.wikipedia.org/wiki/Mirny_Airport",11
"MKE","KMKE","42.942889","-87.914440","Milwaukee metropolitan area","https://en.wikipedia.org/wiki/Milwaukee_Mitchell_International_Airport",36
"MKK","PHMK","21.152780","-157.096390","Molokai","https://en.wikipedia.org/wiki/Molokai_Airport",0
"MKM","WBGK","2.881940","112.043330","Mukah Division , Sarawak , East Malaysia","https://en.wikipedia.org/wiki/Mukah_Airport",5
"MKQ","WAKK","-8.520280","140.418330","Merauke","https://en.wikipedia.org/wiki/Mopah_International_Airport",5
"MKU","FOOK","0.579170","12.890280","","https://en.wikipedia.org/wiki/Makokou_Airport",1
"MKW","WAUU","-0.891670","134.049170","Manokwari","https://en.wikipedia.org/wiki/Rendani_Airport",6
"MKY","YBMK","-21.170830","149.182500","","https://en.wikipedia.org/wiki/Mackay_Airport",4
"MLA","LMML","35.857500","14.477500","","https://en.wikipedia.org/wiki/Malta_International_Airport",106
"MLB","KMLB","28.102780","-80.645280","Brevard County, Florida Greater Orlando","https://en.wikipedia.org/wiki/Melbourne_Orlando_International_Airport",0
"MLE","VRMM","4.191670","73.528890","Malé , Maldives","https://en.wikipedia.org/wiki/Velana_International_Airport",60
"MLG","WARA","","","Malang","https://en.wikipedia.org/wiki/Abdul_Rachman_Saleh_Airport",2
"MLI","KMLI","41.448610","-90.507500","Quad Cities, Eastern Iowa, Western Illinois","https://en.wikipedia.org/wiki/Quad_Cities_International_Airport",11
"MLM","MMMM","19.850000","-101.025560","Morelia , Michoacán , Mexico","https://en.wikipedia.org/wiki/General_Francisco_Mujica_International_Airport",18
"MLN","GEML","35.279720","-2.956390","Melilla","https://en.wikipedia.org/wiki/Melilla_Airport",11
"MLO","LGML","36.696900","24.476900","","https://en.wikipedia.org/wiki/Milos_Island_National_Airport",1
"MLU","KMLU","32.510830","-92.037780","Monroe, Louisiana","https://en.wikipedia.org/wiki/Monroe_Regional_Airport_(Louisiana)",0
"MLX","LTAT","38.435280","38.090830","","https://en.wikipedia.org/wiki/Malatya_Erha%C3%A7_Airport",7
"MLY","PAML","64.997500","-150.644170","Manley Hot Springs, Alaska","https://en.wikipedia.org/wiki/Manley_Hot_Springs_Airport",0
"MMB","RJCM","43.880560","144.164170","Okhotsk Subprefecture","https://en.wikipedia.org/wiki/Memanbetsu_Airport",6
"MMD","ROMD","25.846670","131.263610","","https://en.wikipedia.org/wiki/Minami-Daito_Airport",1
"MME","EGNV","","","Tees Valley , County Durham , and North Yorkshire","https://en.wikipedia.org/wiki/Teesside_International_Airport",9
"MMJ","RJAF","36.166670","137.922780","Matsumoto and Shiojiri, Nagano","https://en.wikipedia.org/wiki/Matsumoto_Airport",4
"MMK","ULMM","68.783800","32.755947","Murmansk , Russia","https://en.wikipedia.org/wiki/Murmansk_Airport",9
"MMO","GVMA","15.155560","-23.213900","Porto Inglês","https://en.wikipedia.org/wiki/Maio_Airport",2
"MMP","SKMP","9.259720","-74.437780","Santa Cruz de Mompox , Colombia","https://en.wikipedia.org/wiki/San_Bernardo_Airport",2
"MMX","ESMS","55.530000","13.371390","Malmö & Scania ( Sweden ) Copenhagen & Capital Region ( Denmark )","https://en.wikipedia.org/wiki/Malm%C3%B6_Airport",18
"MMY","ROMY","24.782780","125.295000","Miyakojima, Okinawa","https://en.wikipedia.org/wiki/Miyako_Airport",8
"MNA","WAMN","4.006940","126.672780","Melonguane , Talaud Islands Regency , North Sulawesi , Indonesia","https://en.wikipedia.org/wiki/Melangguane_Airport",2
"MNB","FZAG","-5.930830","12.351670","Muanda (Moanda), Democratic Republic of the Congo","https://en.wikipedia.org/wiki/Muanda_Airport",1
"MNC","FQNC","-14.488060","40.712220","Nacala , Mozambique","https://en.wikipedia.org/wiki/Nacala_Airport",1
"MNF","NFMA","-17.673060","177.098330","Mana Island , Fiji","https://en.wikipedia.org/wiki/Mana_Island_Airport",1
"MNG","YMGD","-12.056110","134.234170","Maningrida, Northern Territory , Australia","https://en.wikipedia.org/wiki/Maningrida_Airport",3
"MNI","TRPG","16.791390","-62.193330","Brades","https://en.wikipedia.org/wiki/John_A._Osborne_Airport",0
"MNL","RPLL","14.508330","121.019720","Greater Manila Area","https://en.wikipedia.org/wiki/Ninoy_Aquino_International_Airport",95
"MNS","FLMA","-11.138060","28.875000","Mansa, Zambia","https://en.wikipedia.org/wiki/Mansa_Airport",3
"MNT","NONE","65.148060","-149.368610","Minto, Alaska","https://en.wikipedia.org/wiki/Minto_Al_Wright_Airport",0
"MNU","VYMM","16.444747","97.660669","Mawlamyine","https://en.wikipedia.org/wiki/Mawlamyine_Airport",2
"MNX","SBMY","-5.811110","-61.278330","Manicoré","https://en.wikipedia.org/wiki/Manicor%C3%A9_Airport",1
"MNY","AGGO","-7.416110","155.565280","","https://en.wikipedia.org/wiki/Mono_Airport",2
"MOB","KMOB","30.691390","-88.242780","Mobile, Alabama","https://en.wikipedia.org/wiki/Mobile_Regional_Airport",5
"MOC","SBMK","-16.706110","-43.821940","Montes Claros","https://en.wikipedia.org/wiki/Montes_Claros_Airport",3
"MOF","WATC","-8.640856","122.236822","Maumere","https://en.wikipedia.org/wiki/Frans_Xavier_Seda_Airport",2
"MOG","VYMS","20.516670","99.256670","Monghsat","https://en.wikipedia.org/wiki/Monghsat_Airport",1
"MOH","WAFO","-2.203330","121.660280","Morowali , Central Sulawesi , Indonesia","https://en.wikipedia.org/wiki/Maleo_Airport",3
"MOI","NCMR","-19.843060","-157.703330","","https://en.wikipedia.org/wiki/Mitiaro_Airport",2
"KSJ","LGKS","35.421358","26.910047","","https://en.wikipedia.org/wiki/Kasos_Island_Public_Airport",3
"KUN","EYKA","54.963890","24.084720","Kaunas , Lithuania","https://en.wikipedia.org/wiki/Kaunas_Airport",32
"KYA","LTAN","37.979000","32.561861","","https://en.wikipedia.org/wiki/Konya_Airport",8
"LAX","KLAX","33.942500","-118.408060","Greater Los Angeles","https://en.wikipedia.org/wiki/Los_Angeles_International_Airport",195
"LCY","EGLC","51.505280","0.055280","London","https://en.wikipedia.org/wiki/London_City_Airport",33
"LFQ","ZBLF","36.131670","111.658060","Linfen , Shanxi , China","https://en.wikipedia.org/wiki/Linfen_Yaodu_Airport",21
"LIR","MRLB","10.593060","-85.545560","Liberia, Costa Rica","https://en.wikipedia.org/wiki/Guanacaste_Airport",28
"LLW","FWKI","-13.789170","33.780830","Lilongwe , Malawi","https://en.wikipedia.org/wiki/Kamuzu_International_Airport",13
"LOS","DNMM","6.577220","3.321110","Ikeja Lagos Lekki","https://en.wikipedia.org/wiki/Murtala_Muhammed_International_Airport",54
"LRV","SVRS","11.945830","-66.670830","Los Roques archipelago","https://en.wikipedia.org/wiki/Los_Roques_Airport",1
"LUW","WAFW","-1.038890","122.771940","Luwuk","https://en.wikipedia.org/wiki/Syukuran_Aminuddin_Amir_Airport",2
"LZG","ZULA","31.503660","106.035350","Langzhong , Sichuan , China","https://en.wikipedia.org/wiki/Langzhong_Gucheng_Airport",3
"MBI","HTMB","-8.919440","33.463890","","https://en.wikipedia.org/wiki/Mbeya_Airport",1
"MCY","YBSU","-26.603330","153.091670","Sunshine Coast, Queensland , Australia","https://en.wikipedia.org/wiki/Sunshine_Coast_Airport",9
"MFE","KMFE","26.175830","-98.238610","McAllen, Texas","https://en.wikipedia.org/wiki/McAllen_Miller_International_Airport",9
"MHQ","EFMA","60.121940","19.896390","Mariehamn","https://en.wikipedia.org/wiki/Mariehamn_Airport",3
"MKG","KMKG","43.167780","-86.235560","Muskegon, Michigan USA","https://en.wikipedia.org/wiki/Muskegon_County_Airport",0
"MOL","ENML","62.744720","7.262500","Molde , Norway","https://en.wikipedia.org/wiki/Molde_Airport",3
"MOO","YOOM","-28.100000","140.196670","","https://en.wikipedia.org/wiki/Moomba_Airport",3
"MOQ","FMMV","-20.284720","44.317500","Morondava","https://en.wikipedia.org/wiki/Morondava_Airport",1
"MOT","KMOT","48.257780","-101.278060","Minot, North Dakota , U.S.","https://en.wikipedia.org/wiki/Minot_International_Airport",5
"MOV","YMRB","-22.057611","148.076306","Moranbah, Queensland , Australia","https://en.wikipedia.org/wiki/Moranbah_Airport",2
"MPA","FYKM","-17.633330","24.180560","Katima Mulilo , Namibia","https://en.wikipedia.org/wiki/Katima_Mulilo_Airport",2
"MPC","WIPU","-2.550000","101.100000","Mukomuko","https://en.wikipedia.org/wiki/Mukomuko_Airport",2
"MPH","RPVE","11.924720","121.955000","Boracay","https://en.wikipedia.org/wiki/Godofredo_P._Ramos_Airport",11
"MPL","LFMT","43.576390","3.963060","Transavia France","https://en.wikipedia.org/wiki/Montpellier%E2%80%93M%C3%A9diterran%C3%A9e_Airport",38
"MPM","FQMA","-25.920830","32.572500","Maputo","https://en.wikipedia.org/wiki/Maputo_International_Airport",20
"MPN","EGYP","-51.822780","-58.447220","","https://en.wikipedia.org/wiki/RAF_Mount_Pleasant",3
"MPY","SOOA","3.657500","-54.037220","Maripasoula , French Guiana","https://en.wikipedia.org/wiki/Maripasoula_Airport",4
"MQF","USCM","53.393330","58.756670","Magnitogorsk","https://en.wikipedia.org/wiki/Magnitogorsk_International_Airport",6
"MQL","YMIA","-34.229170","142.085560","","https://en.wikipedia.org/wiki/Mildura_Airport",2
"MQM","LTCR","37.232780","40.640560","Mardin , Turkey","https://en.wikipedia.org/wiki/Mardin_Airport",4
"MQN","ENRA","66.363890","14.301670","Mo i Rana","https://en.wikipedia.org/wiki/Mo_i_Rana_Airport,_R%C3%B8ssvoll",4
"MQP","FAKN","-25.383330","31.105560","Mbombela , South Africa","https://en.wikipedia.org/wiki/Kruger_Mpumalanga_International_Airport",9
"MQS","TVSM","12.888060","-61.180280","SVG Air","https://en.wikipedia.org/wiki/Mustique_Airport",0
"MQX","HAMK","13.467220","39.533330","Mekelle , Ethiopia","https://en.wikipedia.org/wiki/Alula_Aba_Nega_Airport",4
"MRA","HLMS","32.325560","15.059720","","https://en.wikipedia.org/wiki/Misrata_Airport",10
"MRD","SVMD","8.582220","-71.161110","Mérida , Venezuela","https://en.wikipedia.org/wiki/Alberto_Carnevalli_Airport",1
"MRE","HKMS","","","Maasai Mara , Kenya","https://en.wikipedia.org/wiki/Mara_Serena_Airport",8
"MRU","FIMP","-20.430028","57.683022","Mauritius","https://en.wikipedia.org/wiki/Sir_Seewoosagur_Ramgoolam_International_Airport",40
"MRV","URMM","44.225000","43.081940","Cherkessk , Kislovodsk , Mineralnye Vody , Pyatigorsk , Yessentuki","https://en.wikipedia.org/wiki/Mineralnye_Vody_Airport",72
"MRX","OIAM","30.556192","49.151881","","https://en.wikipedia.org/wiki/Mahshahr_Airport",4
"MRY","KMRY","36.586940","-121.843060","Monterey County","https://en.wikipedia.org/wiki/Monterey_Regional_Airport",0
"MRZ","YMOR","-29.498890","149.844720","","https://en.wikipedia.org/wiki/Moree_Airport",1
"MSA","CZMD","53.441390","-91.762780","","https://en.wikipedia.org/wiki/Muskrat_Dam_Airport",3
"MSH","OOMA","20.675280","58.890280","","https://en.wikipedia.org/wiki/RAFO_Masirah",2
"MSJ","RJSM","40.705280","141.371940","","https://en.wikipedia.org/wiki/Misawa_Airport",3
"MSL","KMSL","34.745280","-87.610280","Florence, Alabama & Muscle Shoals, Alabama","https://en.wikipedia.org/wiki/Northwest_Alabama_Regional_Airport",0
"MSN","KMSN","43.140000","-89.337500","Madison, Wisconsin","https://en.wikipedia.org/wiki/Dane_County_Regional_Airport",19
"MSO","KMSO","46.916390","-114.090560","Missoula, Montana","https://en.wikipedia.org/wiki/Missoula_Montana_Airport",15
"MSP","KMSP","44.881940","-93.221670","Minneapolis–Saint Paul","https://en.wikipedia.org/wiki/Minneapolis%E2%80%93Saint_Paul_International_Airport",168
"MSQ","UMMS","53.882500","28.032500","Minsk , Belarus","https://en.wikipedia.org/wiki/Minsk_National_Airport",41
"MSR","LTCK","38.744720","41.653890","Muş , Turkey","https://en.wikipedia.org/wiki/Mu%C5%9F_Airport",4
"MST","EHBK","50.915830","5.776940","Corendon Dutch Airlines","https://en.wikipedia.org/wiki/Maastricht_Aachen_Airport",9
"MSU","FXMM","-29.462220","27.552500","Maseru , Lesotho","https://en.wikipedia.org/wiki/Moshoeshoe_I_International_Airport",1
"MSY","KMSY","29.993330","-90.258060","New Orleans metropolitan area","https://en.wikipedia.org/wiki/Louis_Armstrong_New_Orleans_International_Airport",61
"MTE","SNMA","-1.996670","-54.071390","Monte Alegre","https://en.wikipedia.org/wiki/Monte_Alegre_Airport",5
"MTJ","KMTJ","38.509794","-107.894242","","https://en.wikipedia.org/wiki/Montrose_Regional_Airport",10
"MTK","NGMN","3.374440","172.992220","Makin","https://en.wikipedia.org/wiki/Makin_Airport",1
"MTV","NVSA","-13.665830","167.711110","Mota Lava , Torba , Vanuatu","https://en.wikipedia.org/wiki/Mota_Lava_Airport",1
"MTY","MMMY","25.778330","-100.106390","TAR Aerolíneas","https://en.wikipedia.org/wiki/Monterrey_International_Airport",67
"MUA","AGGM","-8.327969","157.263092","","https://en.wikipedia.org/wiki/Munda_Airport",8
"MUB","FBMN","-19.972500","23.430560","Maun , Botswana","https://en.wikipedia.org/wiki/Maun_Airport",10
"MUC","EDDM","48.353890","11.786110","Munich Metropolitan Region Southern Bavaria And The Austrian States of Salzburg , Tyrol , Upper Austria , and Vorarlberg","https://en.wikipedia.org/wiki/Munich_Airport",247
"MUE","PHMU","20.001390","-155.668060","Kamuela, Hawaii","https://en.wikipedia.org/wiki/Waimea%E2%80%93Kohala_Airport",0
"MUH","HEMM","31.325000","27.222220","Mersa Matruh , Egypt","https://en.wikipedia.org/wiki/Marsa_Matruh_International_Airport",11
"MUK","NCMK","20.136670","157.344720","Airlines and destinations","https://en.wikipedia.org/wiki/Mauke_Airport",2
"MUN","SVMT","9.748610","-63.154170","","https://en.wikipedia.org/wiki/Jos%C3%A9_Tadeo_Monagas_International_Airport",6
"MUR","WBGM","4.177500","114.321940","Marudi , Sarawak","https://en.wikipedia.org/wiki/Marudi_Airport",6
"MUU","SIRI","-13.906110","-38.940000","Barra Grande (Maraú)","https://en.wikipedia.org/wiki/Barra_Grande_Airport",1
"MUW","DAOV","35.207780","0.147220","Mascara , Algeria","https://en.wikipedia.org/wiki/Ghriss_Airport",1
"MUX","OPMT","30.203330","71.419170","Multan","https://en.wikipedia.org/wiki/Multan_International_Airport",11
"MUZ","HTMU","-1.502780","33.802220","","https://en.wikipedia.org/wiki/Musoma_Airport",2
"MVB","FOON","-1.656110","13.438060","Franceville","https://en.wikipedia.org/wiki/M%27Vengue_El_Hadj_Omar_Bongo_Ondimba_International_Airport",2
"MVD","SUMU","-34.838330","-56.030830","Montevideo","https://en.wikipedia.org/wiki/Carrasco_International_Airport",19
"MVP","SKMU","1.256940","-70.233330","","https://en.wikipedia.org/wiki/Fabio_Alberto_Le%C3%B3n_Bentley_Airport",3
"MVQ","UMOO","53.955000","30.095000","Belavia","https://en.wikipedia.org/wiki/Mahilyow_Airport",2
"MVY","KMVY","41.393060","-70.614440","Martha's Vineyard","https://en.wikipedia.org/wiki/Martha%27s_Vineyard_Airport",13
"MWA","KMWA","37.755000","-89.011110","Marion, Illinois","https://en.wikipedia.org/wiki/Veterans_Airport_of_Southern_Illinois",0
"MWE","HSMN","18.443060","31.843060","Merowe","https://en.wikipedia.org/wiki/Merowe_Airport",1
"MWF","NVSN","-14.997220","168.081110","","https://en.wikipedia.org/wiki/Maewo-Naone_Airport",1
"MWK","WIDM","3.348119","106.258050","Anambas","https://en.wikipedia.org/wiki/Matak_Airport",1
"MWQ","VYMW","20.157780","94.972780","","https://en.wikipedia.org/wiki/Magway_Airport",2
"MWX","RKJB","34.991390","126.382780","Gwangju , Mokpo and Naju","https://en.wikipedia.org/wiki/Muan_International_Airport",16
"MWZ","HTMW","-2.444440","32.933330","Precision Air","https://en.wikipedia.org/wiki/Mwanza_Airport",14
"MXH","AYMR","-6.363330","143.238060","","https://en.wikipedia.org/wiki/Moro_Airport",3
"MXJ","DNMN","9.651390","6.461110","Minna , Nigeria","https://en.wikipedia.org/wiki/Minna_Airport",1
"MXP","LIMC","45.630000","8.723060","Amazon Air","https://en.wikipedia.org/wiki/Milan_Malpensa_Airport",212
"MXQ","SNCL","-13.389440","-38.910000","Morro de São Paulo ( Cairu )","https://en.wikipedia.org/wiki/Morro_de_S%C3%A3o_Paulo_Airport",1
"MXS","NSMA","-13.742220","-172.258330","Salelologa , Savai'i , Samoa","https://en.wikipedia.org/wiki/Maota_Airport",0
"MXV","ZMMN","49.663060","100.099170","","https://en.wikipedia.org/wiki/M%C3%B6r%C3%B6n_Airport",1
"MXX","ESKM","60.958610","14.511110","","https://en.wikipedia.org/wiki/Mora%E2%80%93Siljan_Airport",2
"MXY","PAMX","61.436940","-142.903610","McCarthy, Alaska","https://en.wikipedia.org/wiki/McCarthy_Airport",2
"MXZ","ZGMX","24.266390","116.104440","Meizhou , Guangdong , China","https://en.wikipedia.org/wiki/Meizhou_Meixian_Airport",5
"MYA","YMRY","-35.897780","150.144440","","https://en.wikipedia.org/wiki/Moruya_Airport",2
"MYD","HKML","-3.215000","40.100000","Malindi","https://en.wikipedia.org/wiki/Malindi_Airport",4
"MYG","MYMM","22.379440","-73.013610","","https://en.wikipedia.org/wiki/Mayaguana_Airport",3
"MYI","YMAE","-9.914720","144.054170","","https://en.wikipedia.org/wiki/Murray_Island_Airport",3
"MYJ","RJOM","33.827220","132.699720","Matsuyama","https://en.wikipedia.org/wiki/Matsuyama_Airport",11
"MYK","NONE","61.335560","-142.686670","May Creek, Alaska","https://en.wikipedia.org/wiki/May_Creek_Airport",1
"MYP","UTAM","37.606670","61.901390","","https://en.wikipedia.org/wiki/Mary_International_Airport",4
"MYQ","VOMY","","","Mysore","https://en.wikipedia.org/wiki/Mysore_Airport",2
"MYR","KMYR","33.679720","-78.928330","Myrtle Beach, South Carolina","https://en.wikipedia.org/wiki/Myrtle_Beach_International_Airport",61
"MYT","VYMK","25.383636","97.351919","Myitkyina","https://en.wikipedia.org/wiki/Myitkyina_Airport",5
"MYW","HTMT","-10.336110","40.181940","Mtwara","https://en.wikipedia.org/wiki/Mtwara_Airport",1
"MYY","WBGR","4.325280","113.988330","Miri , Sarawak","https://en.wikipedia.org/wiki/Miri_Airport",19
"MYZ","FWMY","-14.083330","34.919720","Monkey Bay","https://en.wikipedia.org/wiki/Monkey_Bay_Airport",1
"MZA","SPMF","-11.325000","-74.536110","","https://en.wikipedia.org/wiki/Mayor_Nancy_Flores_P%C3%A1ucar_Airport",1
"MZG","RCQC","23.566670","119.630000","Magong","https://en.wikipedia.org/wiki/Penghu_Airport",8
"MZI","GAMB","14.512780","-4.079440","Mopti , Mali","https://en.wikipedia.org/wiki/Mopti_Airport",2
"MZK","NGMK","2.050280","173.266670","Marakei","https://en.wikipedia.org/wiki/Marakei_Airport",2
"MZL","SKMZ","5.030000","-75.463890","Manizales , Colombia","https://en.wikipedia.org/wiki/La_Nubia_Airport",3
"MZO","MUMZ","20.288890","-77.086670","Manzanillo","https://en.wikipedia.org/wiki/Sierra_Maestra_Airport",0
"MZS","VIMB","28.819440","78.923330","Moradabad , Rampur","https://en.wikipedia.org/wiki/Moradabad_Airport",1
"MZT","MMMZ","23.161390","-106.266110","Mazatlán , Sinaloa , Mexico","https://en.wikipedia.org/wiki/Mazatl%C3%A1n_International_Airport",26
"MZV","WBMU","4.050560","114.809170","Gunung Mulu National Park , Sarawak , East Malaysia","https://en.wikipedia.org/wiki/Mulu_Airport",3
"NAA","YNBR","-30.319170","149.827220","","https://en.wikipedia.org/wiki/Narrabri_Airport",3
"NAG","VANP","21.092220","79.047220","IndiGo","https://en.wikipedia.org/wiki/Dr._Babasaheb_Ambedkar_International_Airport",16
"NAH","WAMH","3.683060","125.527780","Tahuna , Sangihe Islands , Indonesia","https://en.wikipedia.org/wiki/Naha_Airport_(Indonesia)",3
"NAJ","UBBN","39.188610","45.458330","Nakhchivan","https://en.wikipedia.org/wiki/Nakhchivan_International_Airport",5
"NAL","URMN","43.513330","43.638330","Nalchik","https://en.wikipedia.org/wiki/Nalchik_Airport",3
"NAN","NFFN","-17.755280","177.443330","Nadi","https://en.wikipedia.org/wiki/Nadi_International_Airport",44
"NAO","ZUNC","30.793890","106.159720","","https://en.wikipedia.org/wiki/Nanchong_Gaoping_Airport",16
"NAP","LIRN","","","easyJet Ryanair Volotea Wizz Air","https://en.wikipedia.org/wiki/Naples_International_Airport",152
"NAQ","BGQQ","77.488610","-69.388610","Qaanaaq , Greenland","https://en.wikipedia.org/wiki/Qaanaaq_Airport",5
"NAS","MYNN","25.038890","-77.466110","Nassau, Bahamas","https://en.wikipedia.org/wiki/Lynden_Pindling_International_Airport",56
"NAT","SBSG","-5.768890","-35.366390","Natal","https://en.wikipedia.org/wiki/Greater_Natal_International_Airport",21
"NAV","LTAZ","38.768890","34.526390","Nevşehir , Turkey","https://en.wikipedia.org/wiki/Nev%C5%9Fehir_Kapadokya_Airport",4
"NAW","VTSC","6.520000","101.743330","Narathiwat","https://en.wikipedia.org/wiki/Narathiwat_Airport",3
"NBC","UWKE","55.563330","52.095000","Nizhnekamsk , Naberezhnye Chelny , Yelabuga","https://en.wikipedia.org/wiki/Begishevo_Airport",9
"NBE","DTNH","36.075830","10.438610","","https://en.wikipedia.org/wiki/Enfidha%E2%80%93Hammamet_International_Airport",42
"NBO","HKJK","-1.318610","36.925830","Nairobi Metropolitan Region","https://en.wikipedia.org/wiki/Jomo_Kenyatta_International_Airport",77
"NBS","ZYBS","42.066390","127.606670","Baishan , Jilin","https://en.wikipedia.org/wiki/Baishan_Changbaishan_Airport",9
"NBX","WABI","-3.400763","135.396780","Nabire","https://en.wikipedia.org/wiki/Douw_Aturure_Airport",7
"NCA","MBNC","21.917500","-71.939440","","https://en.wikipedia.org/wiki/North_Caicos_Airport",1
"NCE","LFMN","43.665280","7.215000","Air France easyJet","https://en.wikipedia.org/wiki/Nice_C%C3%B4te_d%27Azur_Airport",137
"NCL","EGNT","55.038060","-1.689720","easyJet Jet2.com Ryanair TUI Airways","https://en.wikipedia.org/wiki/Newcastle_International_Airport",86
"NCU","UTNN","42.488330","59.623330","Nukus , Karakalpakstan , Uzbekistan","https://en.wikipedia.org/wiki/Nukus_Airport",7
"NDA","WAPC","-4.521670","129.903890","Bandanaira","https://en.wikipedia.org/wiki/Bandanaira_Airport",2
"NDB","GQPP","20.933060","-17.029720","Nouadhibou , Mauritania","https://en.wikipedia.org/wiki/Nouadhibou_International_Airport",4
"NDC","VAND","19.181940","77.318610","Nanded","https://en.wikipedia.org/wiki/Nanded_Airport",5
"NDG","ZYQQ","47.239720","123.918060","Qiqihar , Heilongjiang","https://en.wikipedia.org/wiki/Qiqihar_Sanjiazi_Airport",11
"NDJ","FTTJ","12.133610","15.033890","Chad","https://en.wikipedia.org/wiki/N%27Djamena_International_Airport",11
"NDR","GMMW","34.988890","-3.028330","Nador , Morocco","https://en.wikipedia.org/wiki/Nador_International_Airport",33
"NDY","EGES","59.250280","-2.576670","Sanday, Orkney","https://en.wikipedia.org/wiki/Sanday_Airport",0
"NEG","MKNG","18.340000","-78.338330","Negril , Jamaica","https://en.wikipedia.org/wiki/Negril_Aerodrome",1
"NEK","HANK","9.050000","36.600000","Nekemte , Ethiopia","https://en.wikipedia.org/wiki/Nekemte_Airport",1
"NER","UELL","56.913330","124.911670","Chulman and Neryungri","https://en.wikipedia.org/wiki/Chulman_Neryungri_Airport",7
"NEU","VLNK","20.611160","104.069833","","https://en.wikipedia.org/wiki/Nong_Khang_Airport",2
"NEV","TKPN","17.205560","-62.590000","","https://en.wikipedia.org/wiki/Vance_W._Amory_International_Airport",0
"NGB","ZSNB","29.826670","121.461940","China Eastern Airlines","https://en.wikipedia.org/wiki/Ningbo_Lishe_International_Airport",86
"NGE","FKKN","7.357139","13.559194","Ngaoundéré , Cameroon","https://en.wikipedia.org/wiki/Ngaound%C3%A9r%C3%A9_Airport",2
"NGI","NFNG","-18.115560","179.339720","Gau Island , Fiji","https://en.wikipedia.org/wiki/Gau_Airport",1
"NGK","UHSN","51.783890","143.141670","Nogliki","https://en.wikipedia.org/wiki/Nogliki_Airport",2
"NGO","RJGG","34.858330","136.805280","All Nippon Airways Japan Airlines Polar Air Cargo","https://en.wikipedia.org/wiki/Chubu_Centrair_International_Airport",55
"NGQ","ZUAL","32.108610","80.052780","Shiquanhe","https://en.wikipedia.org/wiki/Ngari_Gunsa_Airport",5
"NGS","RJFU","32.916940","129.913610","Nagasaki Prefecture","https://en.wikipedia.org/wiki/Nagasaki_Airport",11
"NIM","DRRN","13.481670","2.170280","Niamey , Niger","https://en.wikipedia.org/wiki/Diori_Hamani_International_Airport",18
"NIQ","BGNT","70.788890","-53.656110","Niaqornat , Greenland","https://en.wikipedia.org/wiki/Niaqornat_Heliport",1
"NJC","USNN","60.950000","76.483330","Nizhnevartovsk","https://en.wikipedia.org/wiki/Nizhnevartovsk_Airport",25
"NJF","ORNI","31.989720","44.404170","Najaf , Iraq","https://en.wikipedia.org/wiki/Al_Najaf_International_Airport",30
"NKC","GQNO","18.310000","-15.969720","Nouakchott","https://en.wikipedia.org/wiki/Nouakchott%E2%80%93Oumtounsy_International_Airport",16
"NKG","ZSNJ","31.742220","118.861940","China Eastern Airlines China Southern Airlines Juneyao Air Shenzhen Airlines","https://en.wikipedia.org/wiki/Nanjing_Lukou_International_Airport",114
"NKM","RJNA","35.255000","136.924440","Chūkyō metropolitan area","https://en.wikipedia.org/wiki/Nagoya_Airfield",9
"NKT","LTCV","37.363890","42.060000","Şırnak","https://en.wikipedia.org/wiki/%C5%9E%C4%B1rnak_%C5%9Eerafettin_El%C3%A7i_Airport",3
"NLA","FLSK","","","Ndola and Kitwe","https://en.wikipedia.org/wiki/Simon_Mwansa_Kapwepwe_International_Airport",9
"NLD","MMNL","27.443890","-99.570560","Laredo–Nuevo Laredo","https://en.wikipedia.org/wiki/Nuevo_Laredo_International_Airport",4
"NLF","YDNI","-9.577780","143.779170","","https://en.wikipedia.org/wiki/Darnley_Island_Airport",3
"NLH","ZPNL","27.543806","100.757389","Ninglang County , Yunnan","https://en.wikipedia.org/wiki/Ninglang_Luguhu_Airport",1
"NLI","UHNN","53.154170","140.651110","Nikolayevsk-on-Amur , Khabarovsk Krai , Russia","https://en.wikipedia.org/wiki/Nikolayevsk-on-Amur_Airport",1
"NLK","YSNF","-29.042500","167.938060","Norfolk Island","https://en.wikipedia.org/wiki/Norfolk_Island_Airport",2
"NLT","ZWNL","43.433060","83.380280","Xinyuan County , Xinjiang , China","https://en.wikipedia.org/wiki/Xinyuan_Nalati_Airport",4
"NLU","MMSM","19.756670","-99.015280","Aeromexico Connect","https://en.wikipedia.org/wiki/Felipe_%C3%81ngeles_International_Airport",54
"NMA","UTFN","40.984440","71.556670","Namangan","https://en.wikipedia.org/wiki/Namangan_Airport",14
"NMF","VRDA","5.822220","73.474720","Maafaru (Noonu Atoll) , Noonu Atoll , Maldives","https://en.wikipedia.org/wiki/Maafaru_International_Airport",3
"NNB","AGGT","-10.848060","162.454170","","https://en.wikipedia.org/wiki/Santa_Ana_Airport_(Solomon_Islands)",1
"NNG","ZGNN","22.608267","108.172442","Nanning","https://en.wikipedia.org/wiki/Nanning_Wuxu_International_Airport",78
"NNM","ULAM","67.640000","53.125000","Naryan-Mar","https://en.wikipedia.org/wiki/Naryan-Mar_Airport",11
"NNT","VTCN","18.807780","100.783330","Nan","https://en.wikipedia.org/wiki/Nan_Nakhon_Airport",1
"NNX","WAQA","4.136670","117.666940","Nunukan , North Kalimantan , Indonesia","https://en.wikipedia.org/wiki/Nunukan_Airport",1
"NNY","ZHNY","32.978330","112.613330","Nanyang, Henan , China","https://en.wikipedia.org/wiki/Nanyang_Jiangying_Airport",16
"NOB","MRNS","9.976390","-85.652780","Nosara , Costa Rica","https://en.wikipedia.org/wiki/Nosara_Airport",2
"NOC","EIKN","","","Connacht , Ireland","https://en.wikipedia.org/wiki/Ireland_West_Airport",19
"NOJ","USRO","63.183330","75.270000","Noyabrsk , Russia","https://en.wikipedia.org/wiki/Noyabrsk_Airport",16
"NON","NONE","49.670560","-124.932500","","https://en.wikipedia.org/wiki/Comox_Water_Aerodrome",1
"NOP","LTCM","42.015830","35.066390","Sinop , Turkey","https://en.wikipedia.org/wiki/Sinop_Airport",2
"NOS","FMNN","-13.311940","48.314720","","https://en.wikipedia.org/wiki/Fascene_Airport",10
"NOU","NWWW","-22.016390","166.216110","Nouméa","https://en.wikipedia.org/wiki/La_Tontouta_International_Airport",10
"NOV","FNHU","-12.808330","15.758330","Huambo","https://en.wikipedia.org/wiki/Albano_Machado_Airport",5
"NOZ","UNWW","53.810000","86.878330","Novokuznetsk","https://en.wikipedia.org/wiki/Spichenkovo_Airport",11
"NPE","NZNR","-39.468330","176.871670","Hastings, New Zealand and Napier, New Zealand","https://en.wikipedia.org/wiki/Hawke%27s_Bay_Airport",8
"NPL","NZNP","-39.008610","174.179170","","https://en.wikipedia.org/wiki/New_Plymouth_Airport",3
"NPY","HTMP","-6.355560","31.080560","","https://en.wikipedia.org/wiki/Mpanda_Airport",4
"NQN","SAZN","-38.948890","-68.155560","Neuquén , Argentina","https://en.wikipedia.org/wiki/Presidente_Per%C3%B3n_International_Airport",10
"NQU","SKNQ","5.709720","-77.262500","Nuquí , Colombia","https://en.wikipedia.org/wiki/Reyes_Murillo_Airport",3
"NQZ","UACC","51.021940","71.466940","FlyArystan","https://en.wikipedia.org/wiki/Nursultan_Nazarbayev_International_Airport",60
"NRA","YNAR","-34.702220","146.512220","","https://en.wikipedia.org/wiki/Narrandera_Airport",2
"NRE","WAPG","-3.855830","126.699720","","https://en.wikipedia.org/wiki/Namrole_Airport",1
"NRK","ESSP","58.586110","16.231670","","https://en.wikipedia.org/wiki/Norrk%C3%B6ping_Airport",9
"NRL","EGEN","59.367500","-2.434440","North Ronaldsay","https://en.wikipedia.org/wiki/North_Ronaldsay_Airport",0
"NRN","EDLV","","","Kreis Kleve and Nijmegen","https://en.wikipedia.org/wiki/Weeze_Airport",45
"NRT","RJAA","35.765280","140.385560","Greater Tokyo Area","https://en.wikipedia.org/wiki/Narita_International_Airport",123
"NSH","OINN","36.663330","51.464720","Nowshahr , Mazandaran","https://en.wikipedia.org/wiki/Noshahr_Airport",2
"NSI","FKYS","3.722500","11.553330","Camair-Co","https://en.wikipedia.org/wiki/Yaound%C3%A9_Nsimalen_International_Airport",15
"NSN","NZNS","-41.298330","173.221110","","https://en.wikipedia.org/wiki/Nelson_Airport_(New_Zealand)",8
"NSQ","BGNU","74.109720","-57.065000","Nuussuaq , Greenland","https://en.wikipedia.org/wiki/Nuussuaq_Heliport",2
"NST","VTSF","8.540000","99.940361","Nakhon Si Thammarat","https://en.wikipedia.org/wiki/Nakhon_Si_Thammarat_Airport",1
"NTE","LFRS","47.156940","-1.607780","easyJet Transavia France Volotea","https://en.wikipedia.org/wiki/Nantes_Atlantique_Airport",107
"NTG","ZSNT","32.070830","120.975560","Nantong","https://en.wikipedia.org/wiki/Nantong_Xingdong_International_Airport",41
"NTL","YWLM","-32.795000","151.834440","Newcastle","https://en.wikipedia.org/wiki/Newcastle_Airport_(New_South_Wales)",11
"NTN","YNTN","-17.685000","141.070000","","https://en.wikipedia.org/wiki/Normanton_Airport",7
"NTQ","RJNW","37.293330","136.962220","","https://en.wikipedia.org/wiki/Noto_Airport",1
"NTT","NFTP","-15.976670","-173.791670","","https://en.wikipedia.org/wiki/Niuatoputapu_Airport",1
"NUA","NONE","6.956110","80.779440","Nuwara Eliya","https://en.wikipedia.org/wiki/Lake_Gregory_Waterdrome",2
"NUE","EDDN","","","Nuremberg , Bavaria , Germany","https://en.wikipedia.org/wiki/Nuremberg_Airport",61
"NUI","PAQT","70.210000","-151.005560","Nuiqsut, Alaska","https://en.wikipedia.org/wiki/Nuiqsut_Airport",0
"NUL","PANU","64.729440","-158.074170","Nulato, Alaska","https://en.wikipedia.org/wiki/Nulato_Airport",0
"NUS","NVSP","-16.079720","167.400560","Lakatoro , Malakula , Vanuatu","https://en.wikipedia.org/wiki/Norsup_Airport",2
"NUX","USMU","66.072500","76.521940","Novy Urengoy , Yamalo-Nenets Autonomous Okrug , Russia","https://en.wikipedia.org/wiki/Novy_Urengoy_Airport",22
"NVA","SKNV","2.950000","-75.294170","Neiva , Colombia","https://en.wikipedia.org/wiki/Benito_Salas_Airport",4
"NVI","UTSA","40.117780","65.175000","Navoiy","https://en.wikipedia.org/wiki/Navoi_International_Airport",2
"NVT","SBNF","-26.878610","-48.650830","Navegantes","https://en.wikipedia.org/wiki/Navegantes_Airport",9
"NWI","EGSH","52.675830","1.282780","TUI Airways","https://en.wikipedia.org/wiki/Norwich_Airport",15
"NYA","USHN","62.110000","65.615000","Nyagan","https://en.wikipedia.org/wiki/Nyagan_Airport",6
"NYI","DGSN","7.361670","-2.328610","Bono","https://en.wikipedia.org/wiki/Sunyani_Airport",1
"NYK","HKNL","","","Nanyuki, and Northern Kenya","https://en.wikipedia.org/wiki/Nanyuki_Airport",5
"NYM","USMM","65.480000","72.703330","Nadym , Yamalo-Nenets Autonomous Okrug , Russia","https://en.wikipedia.org/wiki/Nadym_Airport",11
"NYO","ESKN","58.788610","16.912220","Stockholm , Nyköping","https://en.wikipedia.org/wiki/Stockholm_Skavsta_Airport",7
"NYT","VYNT","19.615000","96.212780","Nay Pyi Taw Union Territory","https://en.wikipedia.org/wiki/Nay_Pyi_Taw_International_Airport",5
"NYU","VYBG","21.178890","94.930280","Bagan , Myanmar","https://en.wikipedia.org/wiki/Nyaung_U_Airport",8
"NZH","ZBMZ","49.566670","117.330000","Manzhouli , Inner Mongolia , China","https://en.wikipedia.org/wiki/Manzhouli_Xijiao_Airport",9
"NZL","ZBZL","47.865830","122.767500","Zhalantun , Inner Mongolia , China","https://en.wikipedia.org/wiki/Zhalantun_Chengjisihan_Airport",4
"OAG","YORG","-33.381670","149.133060","Orange, New South Wales , Australia","https://en.wikipedia.org/wiki/Orange_Airport",3
"OAJ","KOAJ","34.829170","-77.612220","Jacksonville, North Carolina","https://en.wikipedia.org/wiki/Albert_J._Ellis_Airport",0
"OAK","KOAK","37.721390","-122.220830","East Bay , San Francisco Bay Area","https://en.wikipedia.org/wiki/Oakland_International_Airport",47
"OAL","SSKW","-11.495560","-61.450830","Cacoal","https://en.wikipedia.org/wiki/Cacoal_Airport",1
"OAX","MMOX","17.000000","-96.726670","Oaxaca, Oaxaca , Mexico","https://en.wikipedia.org/wiki/Oaxaca_International_Airport",13
"OBI","SNTI","-1.868060","-55.514440","Óbidos","https://en.wikipedia.org/wiki/%C3%93bidos_Airport",5
"OBO","RJCB","42.733330","143.217220","Obihiro, Hokkaido , Japan","https://en.wikipedia.org/wiki/Tokachi%E2%80%93Obihiro_Airport",2
"OBU","PAOB","66.912220","-156.897220","Kobuk, Alaska","https://en.wikipedia.org/wiki/Kobuk_Airport",3
"OBX","AYOB","-7.590531","141.324170","","https://en.wikipedia.org/wiki/Obo_Airport_(Papua_New_Guinea)",2
"OBY","BGSC","70.488330","-21.971670","Ittoqqortoormiit , Greenland","https://en.wikipedia.org/wiki/Ittoqqortoormiit_Heliport",1
"OCC","SECO","-0.461110","-76.987500","Puerto Francisco de Orellana , Ecuador","https://en.wikipedia.org/wiki/Francisco_de_Orellana_Airport",1
"OCJ","MKBS","18.404170","-76.968890","Ocho Rios , Jamaica","https://en.wikipedia.org/wiki/Ian_Fleming_International_Airport",3
"OCM","YBGD","-22.539720","117.275280","","https://en.wikipedia.org/wiki/Boolgeeda_Airport",5
"OCV","SKOC","8.315280","-73.358330","Ocaña , Colombia","https://en.wikipedia.org/wiki/Aguas_Claras_Airport",2
"ODB","LEBA","37.843330","-4.841940","","https://en.wikipedia.org/wiki/C%C3%B3rdoba_Airport",3
"ODE","EKOD","55.476670","10.330830","Odense , Denmark","https://en.wikipedia.org/wiki/Hans_Christian_Andersen_Airport",1
"ODN","WBGI","3.976110","115.067278","Long Seridan , Sarawak , Malaysia","https://en.wikipedia.org/wiki/Long_Seridan_Airport",3
"ODO","UIKB","57.866390","114.242500","","https://en.wikipedia.org/wiki/Bodaybo_Airport",1
"ODY","VLOS","20.682000","101.993100","","https://en.wikipedia.org/wiki/Oudomsay_Airport",1
"OEC","WPOC","-9.198060","124.344720","Pante Macassar","https://en.wikipedia.org/wiki/Oecusse_Airport",1
"OER","ESNO","63.408330","18.990000","","https://en.wikipedia.org/wiki/%C3%96rnsk%C3%B6ldsvik_Airport",3
"OFU","NSAS","-14.184440","-169.670000","","https://en.wikipedia.org/wiki/Ofu_Airport",1
"OGG","PHOG","","","Maui","https://en.wikipedia.org/wiki/Kahului_Airport",30
"OGL","SYEC","6.807220","-58.105830","Georgetown , Demerara-Mahaica , Guyana","https://en.wikipedia.org/wiki/Eugene_F._Correia_International_Airport",6
"OGN","ROYN","24.467500","122.979720","Yonaguni, Okinawa , Japan","https://en.wikipedia.org/wiki/Yonaguni_Airport",2
"OGS","KOGS","44.681940","-75.465560","Ogdensburg, New York and Ottawa , Ontario","https://en.wikipedia.org/wiki/Ogdensburg_International_Airport",0
"OGU","LTCB","40.966670","38.080000","3 million","https://en.wikipedia.org/wiki/Ordu%E2%80%93Giresun_Airport",9
"OGX","DAUU","31.931390","5.406670","Ouargla","https://en.wikipedia.org/wiki/Ain_Beida_Airport",10
"OGZ","URMO","43.205000","44.606670","Vladikavkaz","https://en.wikipedia.org/wiki/Beslan_Airport",9
"OHE","ZYMH","52.921110","122.420560","Mohe , Heilongjiang , China","https://en.wikipedia.org/wiki/Mohe_Gulian_Airport",8
"OHH","UHSH","53.517780","142.880092","","https://en.wikipedia.org/wiki/Okha_Airport",2
"OHO","UHOO","59.414440","143.058890","Okhotsk","https://en.wikipedia.org/wiki/Okhotsk_Airport",2
"OHS","OOSH","24.386110","56.625560","Suhar , Al Batinah Region , Oman","https://en.wikipedia.org/wiki/Sohar_Airport",4
"OIA","SDOW","-6.763060","-51.050000","Ourilândia do Norte","https://en.wikipedia.org/wiki/Ouril%C3%A2ndia_do_Norte_Airport",2
"OIB","","29.843890","50.975830","Emam Hasan, Iran","https://en.wikipedia.org/wiki/Bahregan_Airport",3
"OIR","RJEO","42.071670","139.432780","","https://en.wikipedia.org/wiki/Okushiri_Airport",2
"OIT","RJFO","33.479440","131.737220","Ōita","https://en.wikipedia.org/wiki/Oita_Airport",6
"OJU","WAFU","-0.864417","121.623083","Ampana , Tojo Una-Una Regency , Central Sulawesi , Sulawesi Island , Indonesia","https://en.wikipedia.org/wiki/Tanjung_Api_Airport",1
"OKA","ROAH","26.195830","127.645830","All Nippon Airways Japan Airlines Skymark Airlines","https://en.wikipedia.org/wiki/Naha_Airport",45
"OKC","KOKC","35.393060","-97.600830","Oklahoma City metropolitan area","https://en.wikipedia.org/wiki/OKC_Will_Rogers_International_Airport",24
"OKD","RJCO","43.117500","141.381390","Sapporo","https://en.wikipedia.org/wiki/Okadama_Airport",10
"OKE","RJKB","27.431670","128.705560","","https://en.wikipedia.org/wiki/Okinoerabu_Airport",4
"OKI","RJNO","36.178330","133.323330","Okinoshima , Shimane Prefecture","https://en.wikipedia.org/wiki/Oki_Airport",2
"OKJ","RJOB","34.754170","133.853060","Okayama","https://en.wikipedia.org/wiki/Okayama_Airport",8
"OKL","WAJO","-4.907778","140.629444","Oksibil","https://en.wikipedia.org/wiki/Oksibil_Airport",1
"OKR","YYKI","-9.752220","143.404440","","https://en.wikipedia.org/wiki/Yorke_Island_Airport",4
"OKU","FYMO","-18.808330","17.050000","Mokuti Lodge","https://en.wikipedia.org/wiki/Mokuti_Lodge_Airport",0
"OLA","ENOL","63.699170","9.603890","Ørland Municipality , Norway","https://en.wikipedia.org/wiki/%C3%98rland_Airport",4
"OLB","LIEO","40.885830","9.516940","Olbia","https://en.wikipedia.org/wiki/Olbia_Costa_Smeralda_Airport",83
"OLP","YOLD","-30.485000","136.876670","Olympic Dam mine","https://en.wikipedia.org/wiki/Olympic_Dam_Airport",1
"OLZ","UEMO","60.399170","120.464170","Olyokminsk , Olyokminsky District , Sakha Republic , Russia","https://en.wikipedia.org/wiki/Olyokminsk_Airport",2
"OMA","KOMA","41.300000","-95.895000","Eastern Nebraska and Western Iowa","https://en.wikipedia.org/wiki/Eppley_Airfield",35
"OME","PAOM","64.512220","-165.445280","Nome, Alaska","https://en.wikipedia.org/wiki/Nome_Airport",21
"OMH","OITR","37.668060","45.068610","Urmia , West Azerbaijan","https://en.wikipedia.org/wiki/Urmia_Shahid_Bakeri_International_Airport",6
"OMO","LQMO","43.282780","17.845830","Mostar , Bosnia and Herzegovina","https://en.wikipedia.org/wiki/Mostar_International_Airport",15
"OMR","LROD","","","Oradea , Romania","https://en.wikipedia.org/wiki/Oradea_International_Airport",9
"OMS","UNOO","54.966670","73.308330","Omsk","https://en.wikipedia.org/wiki/Omsk_Central_Airport",25
"ONG","YMTI","-16.661390","139.169440","","https://en.wikipedia.org/wiki/Mornington_Island_Airport",5
"ONJ","RJSR","40.191940","140.371670","Kitaakita , Ōdate , Noshiro , Kazuno , Aomori Prefecture","https://en.wikipedia.org/wiki/Odate%E2%80%93Noshiro_Airport",1
"ONQ","LTAS","41.506390","32.088610","Zonguldak","https://en.wikipedia.org/wiki/Zonguldak_Airport",4
"ONT","KONT","34.056110","-117.601110","Amazon Air","https://en.wikipedia.org/wiki/Ontario_International_Airport",31
"ONX","MPEJ","9.356670","-79.867500","","https://en.wikipedia.org/wiki/Enrique_Adolfo_Jim%C3%A9nez_Airport",0
"OOL","YBCG","-28.165000","153.506110","Virgin Australia","https://en.wikipedia.org/wiki/Gold_Coast_Airport",24
"OPF","KOPF","25.907500","-80.278330","Miami , Florida","https://en.wikipedia.org/wiki/Miami%E2%80%93Opa_Locka_Executive_Airport",0
"OPO","LPPR","41.235560","-8.678060","TAP Air Portugal Transavia France Air Horizont","https://en.wikipedia.org/wiki/Porto_Airport",144
"OPP","SNSM","-0.696390","-47.336670","Salinópolis","https://en.wikipedia.org/wiki/Salin%C3%B3polis_Airport",1
"OPS","SBSI","-11.885000","-55.586110","Sinop","https://en.wikipedia.org/wiki/Sinop_Airport_(Brazil)",5
"OPU","AYBM","-8.051170","142.940330","","https://en.wikipedia.org/wiki/Balimo_Airport",3
"ORB","ESOE","59.223610","15.038060","","https://en.wikipedia.org/wiki/%C3%96rebro_Airport",6
"ORD","KORD","41.978610","-87.904720","Polar Air Cargo","https://en.wikipedia.org/wiki/O%27Hare_International_Airport",277
"ORF","KORF","36.894720","-76.201110","Hampton Roads , Northeast North Carolina","https://en.wikipedia.org/wiki/Norfolk_International_Airport",46
"ORG","SMZO","5.811110","-55.190280","","https://en.wikipedia.org/wiki/Zorg_en_Hoop_Airport",1
"ORH","KORH","42.267220","-71.875830","Worcester, Massachusetts","https://en.wikipedia.org/wiki/Worcester_Regional_Airport",6
"ORK","EICK","51.841390","-8.491110","Aer Lingus","https://en.wikipedia.org/wiki/Cork_Airport",49
"ORN","DAOO","","","Air Algérie","https://en.wikipedia.org/wiki/Ahmed_Ben_Bella_Airport",35
"ORV","PFNO","66.817500","-161.022220","Noorvik, Alaska","https://en.wikipedia.org/wiki/Robert_(Bob)_Curtis_Memorial_Airport",2
"ORX","SNOX","-1.713610","-55.835830","Oriximiná","https://en.wikipedia.org/wiki/Oriximin%C3%A1_Airport",5
"ORY","LFPO","48.723330","2.379440","Paris metropolitan area","https://en.wikipedia.org/wiki/Orly_Airport",188
"ORZ","MZTH","18.046670","-88.583330","Orange Walk Town , Belize","https://en.wikipedia.org/wiki/Orange_Walk_Airport",1
"OSD","ESNZ","63.194170","14.501940","Östersund & Åre","https://en.wikipedia.org/wiki/%C3%85re_%C3%96stersund_Airport",6
"OSI","LDOS","45.462780","18.810280","Osijek , Vukovar","https://en.wikipedia.org/wiki/Osijek_Airport",9
"OSL","ENGM","60.202780","11.083890","Greater Oslo Region","https://en.wikipedia.org/wiki/Oslo_Airport,_Gardermoen",165
"OSR","LKMT","49.696110","18.110830","Smartwings (Seasonal)","https://en.wikipedia.org/wiki/Leo%C5%A1_Jan%C3%A1%C4%8Dek_Airport_Ostrava",30
"OSS","UCFO","40.608890","72.793060","Ural Airlines","https://en.wikipedia.org/wiki/Osh_Airport",26
"OST","EBOS","51.198890","2.862220","TUI fly Belgium","https://en.wikipedia.org/wiki/Ostend%E2%80%93Bruges_International_Airport",13
"OSW","UWOR","51.071670","58.596670","Orsk","https://en.wikipedia.org/wiki/Orsk_Airport",3
"OSY","ENNM","64.472220","11.578610","Namsos","https://en.wikipedia.org/wiki/Namsos_Airport",4
"OTH","KOTH","43.417220","-124.262780","","https://en.wikipedia.org/wiki/Southwest_Oregon_Regional_Airport",0
"OTP","LROP","44.571110","26.085000","Bucharest metropolitan area","https://en.wikipedia.org/wiki/Bucharest_Henri_Coand%C4%83_International_Airport",130
"OTR","MRCC","8.601390","-82.968890","Ciudad Neily (es) , Costa Rica","https://en.wikipedia.org/wiki/Coto_47_Airport",2
"OTZ","PAOT","66.884720","-162.598610","Kotzebue, Alaska","https://en.wikipedia.org/wiki/Ralph_Wien_Memorial_Airport",14
"OUA","DFFD","12.353060","-1.512220","Ouagadougou","https://en.wikipedia.org/wiki/Thomas_Sankara_International_Airport_Ouagadougou",21
"OUD","GMFO","34.787220","-1.923890","Oujda , Morocco","https://en.wikipedia.org/wiki/Angads_Airport",29
"OUI","LFEC","48.463610","-5.061940","Ushant","https://en.wikipedia.org/wiki/Ushant_Airport",1
"OUL","EFOU","64.928330","25.374170","Oulu","https://en.wikipedia.org/wiki/Oulu_Airport",5
"OUZ","GQPZ","22.756940","-12.483330","Zouérat","https://en.wikipedia.org/wiki/Tazadit_Airport",2
"OVB","UNNT","55.012500","82.650560","Novosibirsk","https://en.wikipedia.org/wiki/Tolmachevo_Airport",89
"OVD","LEAS","43.563610","-6.034720","Volotea Vueling","https://en.wikipedia.org/wiki/Asturias_Airport",30
"OWB","KOWB","37.738890","-87.166940","Owensboro, Kentucky","https://en.wikipedia.org/wiki/Owensboro%E2%80%93Daviess_County_Regional_Airport",0
"OXB","GGOV","11.895000","-15.653610","Bissau , Guinea-Bissau","https://en.wikipedia.org/wiki/Osvaldo_Vieira_International_Airport",7
"OYC","SOOC","3.172220","-52.336110","Camopi , French Guiana","https://en.wikipedia.org/wiki/Camopi_Airport",1
"OYE","FOGO","1.541670","11.580560","","https://en.wikipedia.org/wiki/Oyem_Airport",2
"OYK","SBOI","3.861390","-51.796110","Oiapoque","https://en.wikipedia.org/wiki/Oiapoque_Airport",1
"OZC","RPMO","8.178525","123.841386","Misamis Occidental","https://en.wikipedia.org/wiki/Labo_Airport",2
"OZG","GMAZ","30.266670","-5.857220","Zagora","https://en.wikipedia.org/wiki/Zagora_Airport",2
"OZZ","GMMZ","30.939170","-6.909440","","https://en.wikipedia.org/wiki/Ouarzazate_Airport",6
"PAB","VEBU","21.988330","82.111110","Bilaspur","https://en.wikipedia.org/wiki/Bilasa_Devi_Kevat_Airport",8
"PAC","MPMG","8.973330","-79.555560","Panama City , Panama","https://en.wikipedia.org/wiki/Albrook_%22Marcos_A._Gelabert%22_International_Airport",15
"PAD","EDLP","51.615280","8.617220","Paderborn and Lippstadt","https://en.wikipedia.org/wiki/Paderborn_Lippstadt_Airport",8
"PAE","KPAE","47.906110","-122.281390","Seattle metropolitan area","https://en.wikipedia.org/wiki/Paine_Field",10
"PAF","HUPA","","","Pakuba , Uganda","https://en.wikipedia.org/wiki/Pakuba_Airfield",1
"PAG","RPMP","7.827220","123.458330","Pagadian","https://en.wikipedia.org/wiki/Pagadian_Airport",2
"PAH","KPAH","37.060280","-88.773060","40,770","https://en.wikipedia.org/wiki/Barkley_Regional_Airport",0
"PAP","MTPP","18.575280","-72.295000","Port-au-Prince","https://en.wikipedia.org/wiki/Toussaint_Louverture_International_Airport",22
"PAS","LGPA","37.020830","25.113060","Paros","https://en.wikipedia.org/wiki/New_Paros_Airport",4
"PAT","VEPT","25.591390","85.089170","Patna","https://en.wikipedia.org/wiki/Jay_Prakash_Narayan_Airport",15
"PAZ","MMPA","20.602500","-97.460830","Poza Rica , Veracruz , Mexico","https://en.wikipedia.org/wiki/El_Taj%C3%ADn_National_Airport",2
"PBA","SDLO","-13.564440","-38.938890","Boipeba ( Cairu )","https://en.wikipedia.org/wiki/Boipeba_Airport",1
"PBC","MMPB","19.158060","-98.371390","Puebla Metropolitan Area","https://en.wikipedia.org/wiki/Puebla_International_Airport",6
"PBG","KPBG","44.650830","-73.468060","Plattsburgh, New York Northern Adirondacks Montreal","https://en.wikipedia.org/wiki/Plattsburgh_International_Airport",7
"PBH","VQPR","27.408890","89.420560","Thimphu and Paro","https://en.wikipedia.org/wiki/Paro_International_Airport",20
"PBI","KPBI","26.683060","-80.095560","Miami metropolitan area","https://en.wikipedia.org/wiki/Palm_Beach_International_Airport",47
"PBM","SMJP","5.452831","-55.187783","Paramaribo","https://en.wikipedia.org/wiki/Johan_Adolf_Pengel_International_Airport",15
"PBQ","SWPM","-11.641390","-61.178890","Pimenta Bueno","https://en.wikipedia.org/wiki/Pimenta_Bueno_Airport",1
"PBR","MGPB","15.730560","-88.583330","Puerto Barrios , Guatemala","https://en.wikipedia.org/wiki/Puerto_Barrios_Airport",1
"PBU","VYPT","27.330000","97.426390","","https://en.wikipedia.org/wiki/Putao_Airport",1
"PBZ","FAPG","-34.088250","23.329278","Plettenberg Bay , South Africa","https://en.wikipedia.org/wiki/Plettenberg_Bay_Aerodrome",2
"PCL","SPCL","-8.377780","-74.574170","","https://en.wikipedia.org/wiki/FAP_Captain_David_Abensur_Rengifo_International_Airport",8
"PCN","NZPN","-41.344700","173.958000","Picton (town)","https://en.wikipedia.org/wiki/Picton_Aerodrome",1
"PCP","FPPR","1.662780","7.411670","Príncipe Island , São Tomé and Príncipe","https://en.wikipedia.org/wiki/Pr%C3%ADncipe_Airport",2
"PCR","SKPC","6.184720","-67.493060","Puerto Carreño , Colombia","https://en.wikipedia.org/wiki/Germ%C3%A1n_Olano_Airport",2
"PDA","SKPD","3.852780","-67.906110","Inírida , Colombia","https://en.wikipedia.org/wiki/C%C3%A9sar_Gaviria_Trujillo_Airport",2
"PDB","NONE","59.797220","-154.130280","Pedro Bay, Alaska","https://en.wikipedia.org/wiki/Pedro_Bay_Airport",2
"PDG","WIEE","-0.786670","100.280560","Padang","https://en.wikipedia.org/wiki/Minangkabau_International_Airport",13
"PDL","LPPD","37.741940","-25.697780","Ponta Delgada","https://en.wikipedia.org/wiki/Jo%C3%A3o_Paulo_II_Airport",34
"PDM","NONE","7.556940","-80.023610","Pedasí , Panama","https://en.wikipedia.org/wiki/Pedas%C3%AD_Airport",0
"PDP","SULS","-34.855560","-55.094440","Punta del Este","https://en.wikipedia.org/wiki/Capit%C3%A1n_de_Corbeta_Carlos_A._Curbelo_International_Airport",6
"PDS","MMPG","28.627500","-100.535280","Piedras Negras , Coahuila , Mexico","https://en.wikipedia.org/wiki/Piedras_Negras_International_Airport",1
"PDT","KPDT","45.695000","-118.841390","Pendleton, Oregon , United States","https://en.wikipedia.org/wiki/Eastern_Oregon_Regional_Airport",1
"PDV","LBPD","42.067780","24.864720","Plovdiv","https://en.wikipedia.org/wiki/Plovdiv_Airport",6
"PEC","NONE","57.955280","-136.236390","Pelican, Alaska","https://en.wikipedia.org/wiki/Pelican_Seaplane_Base",1
"PED","LKPD","50.013330","15.738610","Pardubice","https://en.wikipedia.org/wiki/Pardubice_Airport",15
"PEE","USPP","57.914440","56.021110","Perm , Perm Krai , Russia","https://en.wikipedia.org/wiki/Perm_International_Airport",27
"PEG","LIRZ","43.095830","12.513060","Perugia , Umbria, Italy","https://en.wikipedia.org/wiki/Perugia_San_Francesco_d%27Assisi_%E2%80%93_Umbria_International_Airport",17
"PEI","SKPE","4.812500","-75.740280","Pereira, Colombia","https://en.wikipedia.org/wiki/Mateca%C3%B1a_International_Airport",8
"PEK","ZBAA","40.072500","116.597500","Sichuan Airlines Shenzhen Airlines Shandong Airlines","https://en.wikipedia.org/wiki/Beijing_Capital_International_Airport",227
"PEM","SPTU","-12.613610","-69.228610","","https://en.wikipedia.org/wiki/Padre_Aldamiz_International_Airport",2
"PEN","WMKP","5.297139","100.276864","George Town Conurbation","https://en.wikipedia.org/wiki/Penang_International_Airport",30
"PER","YPPH","","","Virgin Australia","https://en.wikipedia.org/wiki/Perth_Airport",0
"PES","ULPB","61.885000","34.156670","Petrozavodsk","https://en.wikipedia.org/wiki/Petrozavodsk_Airport",7
"PET","SBPK","-31.716110","-52.331110","Pelotas","https://en.wikipedia.org/wiki/Pelotas_International_Airport",4
"PEU","MHPL","15.262500","-83.781940","Puerto Lempira","https://en.wikipedia.org/wiki/Puerto_Lempira_Airport",1
"PEV","LHPP","45.990830","18.240830","Pécs , Hungary","https://en.wikipedia.org/wiki/P%C3%A9cs-Pog%C3%A1ny_International_Airport",3
"PEW","OPPS","33.993890","71.514720","Peshawar","https://en.wikipedia.org/wiki/Bacha_Khan_International_Airport",0
"PEZ","UWPP","53.112333","45.015750","Penza","https://en.wikipedia.org/wiki/Penza_Vissarion_Belinsky_Airport",6
"PFB","SBPF","-28.244170","-52.328330","Passo Fundo","https://en.wikipedia.org/wiki/Lauro_Kurtz_Airport",2
"PFO","LCPH","34.718330","32.485000","Ryanair","https://en.wikipedia.org/wiki/Paphos_International_Airport",68
"PFQ","OITP","39.603606","47.881500","Parsabad , Ardabil","https://en.wikipedia.org/wiki/Parsabad-Moghan_Airport",1
"PGA","KPGA","36.926110","-111.448330","Page, Arizona","https://en.wikipedia.org/wiki/Page_Municipal_Airport",2
"PGD","KPGD","26.918890","-81.990830","Punta Gorda, Florida","https://en.wikipedia.org/wiki/Punta_Gorda_Airport_(Florida)",54
"PGF","LFMP","42.740560","2.870560","Perpignan / Rivesaltes , France","https://en.wikipedia.org/wiki/Perpignan%E2%80%93Rivesaltes_Airport",12
"PGH","VIPT","29.032220","79.474170","Pantnagar , Rudrapur , Haldwani and Kichha","https://en.wikipedia.org/wiki/Pantnagar_Airport",4
"PGM","NONE","59.348330","-151.831670","Port Graham, Alaska","https://en.wikipedia.org/wiki/Port_Graham_Airport",0
"PGQ","WAEM","0.917500","128.383060","Maba","https://en.wikipedia.org/wiki/Buli_Airport",1
"PGU","OIBP","27.379440","52.737500","Saha Airlines","https://en.wikipedia.org/wiki/Persian_Gulf_Airport",15
"PGV","KPGV","35.635280","-77.385280","Greenville, North Carolina","https://en.wikipedia.org/wiki/Pitt%E2%80%93Greenville_Airport",0
"PHB","SBPB","-2.893330","-41.730280","Parnaíba","https://en.wikipedia.org/wiki/Parna%C3%ADba-Prefeito_Dr._Jo%C3%A3o_Silva_Filho_International_Airport",1
"PHC","DNPO","5.015280","6.950000","Port Harcourt","https://en.wikipedia.org/wiki/Port_Harcourt_International_Airport",10
"PHE","YPPD","-20.377780","118.626390","Port Hedland and South Hedland","https://en.wikipedia.org/wiki/Port_Hedland_International_Airport",6
"PHF","KPHF","37.131940","-76.493060","Virginia Peninsula Hampton Roads","https://en.wikipedia.org/wiki/Newport_News/Williamsburg_International_Airport",1
"PHH","VNPR","28.189690","84.014893","Pokhara","https://en.wikipedia.org/wiki/Pokhara_International_Airport",10
"PHL","KPHL","39.871940","-75.241110","Delaware Valley South Jersey","https://en.wikipedia.org/wiki/Philadelphia_International_Airport",131
"PHO","PAPO","68.348890","-166.799440","Point Hope, Alaska","https://en.wikipedia.org/wiki/Point_Hope_Airport",0
"PHS","VTPP","16.773060","100.282220","Phitsanulok","https://en.wikipedia.org/wiki/Phitsanulok_Airport",1
"PHW","FAPH","-23.936700","31.155000","Phalaborwa , South Africa","https://en.wikipedia.org/wiki/Hendrik_Van_Eck_Airport",0
"PHX","KPHX","33.434170","-112.011670","Phoenix metropolitan area","https://en.wikipedia.org/wiki/Phoenix_Sky_Harbor_International_Airport",147
"PIA","KPIA","40.664170","-89.693330","Peoria, Illinois","https://en.wikipedia.org/wiki/Peoria_International_Airport",13
"PIB","KPIB","31.467220","-89.336940","Hattiesburg - Laurel , Mississippi , U.S.","https://en.wikipedia.org/wiki/Hattiesburg%E2%80%93Laurel_Regional_Airport",0
"PIE","KPIE","27.910000","-82.687500","Tampa Bay Area","https://en.wikipedia.org/wiki/St._Pete%E2%80%93Clearwater_International_Airport",57
"PIH","KPIH","42.909720","-112.595830","Pocatello, Idaho","https://en.wikipedia.org/wiki/Pocatello_Regional_Airport",0
"PIK","EGPK","55.509440","-4.594440","Ryanair","https://en.wikipedia.org/wiki/Glasgow_Prestwick_Airport",10
"PIN","SWPI","-2.673610","-56.777500","Parintins","https://en.wikipedia.org/wiki/Parintins_Airport",1
"PIR","KPIR","44.382780","-100.286110","Pierre, South Dakota","https://en.wikipedia.org/wiki/Pierre_Regional_Airport",1
"MOK","UTNM","43.755000","59.030830","Moʻynoq","https://en.wikipedia.org/wiki/Muynak_Airport",1
"MRS","LFML","43.436670","5.215000","Air France","https://en.wikipedia.org/wiki/Marseille_Provence_Airport",147
"MTR","SKMR","8.823610","-75.825830","Avianca","https://en.wikipedia.org/wiki/Los_Garzones_Airport",4
"MXL","MMML","32.630560","-115.241390","Volaris","https://en.wikipedia.org/wiki/Mexicali_International_Airport",11
"MZH","LTAP","40.829170","35.521940","Merzifon","https://en.wikipedia.org/wiki/Amasya_Merzifon_Airport",2
"NBJ","FNBJ","","","Luanda","https://en.wikipedia.org/wiki/Dr._Antonio_Agostinho_Neto_International_Airport",6
"NGD","TUPA","18.727500","-64.328060","","https://en.wikipedia.org/wiki/Auguste_George_Airport",1
"NNL","PANO","59.980280","-154.839170","Nondalton, Alaska","https://en.wikipedia.org/wiki/Nondalton_Airport",2
"NQY","EGHQ","50.440830","-4.995280","Newquay and Cornwall","https://en.wikipedia.org/wiki/Newquay_Airport",17
"NUM","OENN","27.925000","35.290000","Neom , Saudi Arabia","https://en.wikipedia.org/wiki/Neom_Bay_Airport",8
"OBN","EGEO","56.463610","-5.400000","Oban","https://en.wikipedia.org/wiki/Oban_Airport",0
"OHD","LWOH","41.180000","20.742220","Ohrid , North Macedonia","https://en.wikipedia.org/wiki/Ohrid_St._Paul_the_Apostle_Airport",11
"OMN","UTTZ","","","Zomin","https://en.wikipedia.org/wiki/Zomin_Airport",2
"ORU","SLOR","-17.962500","-67.076110","Oruro , Bolivia","https://en.wikipedia.org/wiki/Juan_Mendoza_Airport",1
"OVS","USHS","61.325000","63.605000","","https://en.wikipedia.org/wiki/Sovetsky_Airport",10
"PBD","VAPR","21.648610","69.657220","Porbandar","https://en.wikipedia.org/wiki/Porbandar_Airport",1
"PDX","KPDX","45.588610","-122.597500","Portland metropolitan area","https://en.wikipedia.org/wiki/Portland_International_Airport",86
"PIT","KPIT","40.496000","-80.246000","Pittsburgh metropolitan area","https://en.wikipedia.org/wiki/Pittsburgh_International_Airport",67
"PIX","LPPI","38.554440","-28.441390","","https://en.wikipedia.org/wiki/Pico_Airport",3
"PJA","ESUP","67.245560","23.068890","","https://en.wikipedia.org/wiki/Pajala_Airport",1
"PJM","MRPJ","8.536110","-83.301390","","https://en.wikipedia.org/wiki/Puerto_Jim%C3%A9nez_Airport",3
"PKE","YPKS","-33.131090","148.240990","","https://en.wikipedia.org/wiki/Parkes_Airport",1
"PKK","VYPU","21.407400","95.113125","","https://en.wikipedia.org/wiki/Pakokku_Airport",1
"PKN","WAGI","-2.705000","111.673060","Pangkalan Bun","https://en.wikipedia.org/wiki/Iskandar_Airport",3
"PKO","DBBP","","","Parakou","https://en.wikipedia.org/wiki/Parakou_Airport",1
"PKU","WIBB","0.460830","101.444440","Pekanbaru","https://en.wikipedia.org/wiki/Sultan_Syarif_Kasim_II_International_Airport",14
"PKX","ZBAD","39.509170","116.410560","Hebei Airlines","https://en.wikipedia.org/wiki/Beijing_Daxing_International_Airport",194
"PKY","WAGG","-2.225000","113.942500","Palangkaraya","https://en.wikipedia.org/wiki/Tjilik_Riwut_Airport",8
"PKZ","VLPS","15.133890","105.781940","Lao Airlines","https://en.wikipedia.org/wiki/Pakse_International_Airport",6
"PLJ","MZPL","16.537220","-88.361110","Placencia","https://en.wikipedia.org/wiki/Placencia_Airport",4
"PLM","WIPP","-2.900280","104.700000","Palembang","https://en.wikipedia.org/wiki/Sultan_Mahmud_Badaruddin_II_International_Airport",9
"PLN","KPLN","45.570830","-84.796670","Northern Lower Peninsula of Michigan","https://en.wikipedia.org/wiki/Pellston_Regional_Airport",0
"PLO","YPLC","-34.605280","135.880280","Port Lincoln , South Australia","https://en.wikipedia.org/wiki/Port_Lincoln_Airport",1
"PLQ","EYPA","55.973330","21.093890","Palanga , Lithuania","https://en.wikipedia.org/wiki/Palanga_International_Airport",8
"PLS","MBPV","21.773610","-72.265830","","https://en.wikipedia.org/wiki/Providenciales_International_Airport",34
"PLW","WAFF","-0.918610","119.909720","Palu","https://en.wikipedia.org/wiki/Mutiara_SIS_Al-Jufrie_Airport",14
"PLX","UASS","50.351390","80.234440","Semei","https://en.wikipedia.org/wiki/Semey_Airport",4
"PLZ","FAPE","-33.984720","25.610280","Gqeberha , South Africa","https://en.wikipedia.org/wiki/Chief_Dawid_Stuurman_International_Airport",3
"PMC","SCTE","-41.438610","-73.093890","","https://en.wikipedia.org/wiki/El_Tepual_International_Airport",6
"PMF","LIMP","44.822220","10.295280","Parma , Emilia-Romagna , Italy","https://en.wikipedia.org/wiki/Parma_Airport",4
"PMG","SBPP","-22.549720","-55.703060","Ponta Porã","https://en.wikipedia.org/wiki/Ponta_Por%C3%A3_International_Airport",1
"PMI","LEPA","39.551670","2.738890","Air Europa easyJet Europe Eurowings Europe Norwegian Air Shuttle Ryanair Vueling","https://en.wikipedia.org/wiki/Palma_de_Mallorca_Airport",221
"PMO","LICJ","38.181940","13.099440","Aeroitalia Ryanair Volotea","https://en.wikipedia.org/wiki/Palermo_Airport",104
"PMR","NZPM","-40.320560","175.616940","Palmerston North","https://en.wikipedia.org/wiki/Palmerston_North_Airport",4
"PMV","SVMG","10.913890","-63.968060","LASER Airlines","https://en.wikipedia.org/wiki/Santiago_Mari%C3%B1o_Caribbean_International_Airport",18
"PMW","SBPJ","-10.290000","-48.357780","Palmas","https://en.wikipedia.org/wiki/Palmas_Airport",7
"PMY","SAVY","-42.758330","-65.101390","Puerto Madryn , Argentina","https://en.wikipedia.org/wiki/El_Tehuelche_Airport",6
"PNA","LEPP","42.770000","-1.647000","Pamplona , Navarra , Spain","https://en.wikipedia.org/wiki/Pamplona_Airport",4
"PND","MZPG","16.102220","-88.808330","Punta Gorda, Belize","https://en.wikipedia.org/wiki/Punta_Gorda_Airport_(Belize)",2
"PNH","VDPP","11.546390","104.843890","Vietnam Airlines","https://en.wikipedia.org/wiki/Phnom_Penh_International_Airport",43
"PNI","PTPN","6.985000","158.208890","","https://en.wikipedia.org/wiki/Pohnpei_International_Airport",17
"PNK","WIOO","-0.150560","109.403890","Pontianak","https://en.wikipedia.org/wiki/Supadio_Airport",14
"PNL","LICG","36.816390","11.968610","","https://en.wikipedia.org/wiki/Pantelleria_Airport",12
"PNP","AYGR","-8.804440","148.308890","Popondetta , Papua New Guinea","https://en.wikipedia.org/wiki/Girua_Airport",2
"PNQ","VAPO","18.582220","73.919720","Pune","https://en.wikipedia.org/wiki/Pune_Airport",41
"PNR","FCPP","-4.813330","11.885830","Pointe-Noire , Republic of the Congo","https://en.wikipedia.org/wiki/Agostinho-Neto_International_Airport",15
"PNS","KPNS","30.473330","-87.186670","3,056,000","https://en.wikipedia.org/wiki/Pensacola_International_Airport",27
"PNT","SCNT","","","Puerto Natales , Chile","https://en.wikipedia.org/wiki/Teniente_Julio_Gallardo_Airport",3
"PNZ","SBPL","-9.367500","-40.563610","Petrolina / Juazeiro","https://en.wikipedia.org/wiki/Petrolina_Airport",3
"POA","SBPA","-29.994720","-51.171110","Azul Brazilian Airlines","https://en.wikipedia.org/wiki/Salgado_Filho_Porto_Alegre_International_Airport",20
"POG","FOOG","-0.712500","8.754170","Port-Gentil , Gabon","https://en.wikipedia.org/wiki/Port-Gentil_International_Airport",3
"POJ","SNPD","-18.672220","-46.491390","Patos de Minas","https://en.wikipedia.org/wiki/Patos_de_Minas_Airport",1
"POL","FQPB","-12.986670","40.522500","Pemba","https://en.wikipedia.org/wiki/Pemba_Airport_(Mozambique)",5
"POM","AYPY","-9.443330","147.220000","Port Moresby","https://en.wikipedia.org/wiki/Port_Moresby_International_Airport",40
"POP","MDPP","19.757780","-70.570000","","https://en.wikipedia.org/wiki/Gregorio_Luper%C3%B3n_International_Airport",26
"POR","EFPO","61.461390","21.797780","Pori","https://en.wikipedia.org/wiki/Pori_Airport",1
"POS","TTPP","10.595280","-61.337220","Trinidad","https://en.wikipedia.org/wiki/Piarco_International_Airport",33
"POZ","EPPO","52.421110","16.826390","Buzz (Ryanair)","https://en.wikipedia.org/wiki/Pozna%C5%84%E2%80%93%C5%81awica_Airport",61
"PPB","SBDN","-22.175000","-51.424440","Presidente Prudente","https://en.wikipedia.org/wiki/Presidente_Prudente_Airport",8
"PPG","NSTU","-14.328060","-170.711940","Pago Pago","https://en.wikipedia.org/wiki/Pago_Pago_International_Airport",5
"PPK","UACP","54.774440","69.185000","North Kazakhstan Region","https://en.wikipedia.org/wiki/Petropavl_Airport_(Kazakhstan)",4
"PPL","VNPL","27.518060","86.584440","Solu Dudhkunda and Solukhumbu District , Nepal","https://en.wikipedia.org/wiki/Phaplu_Airport",2
"PPN","SKPP","2.454170","-76.609720","Popayán , Colombia","https://en.wikipedia.org/wiki/Guillermo_Le%C3%B3n_Valencia_Airport",3
"PPP","YBPN","-20.495000","148.551670","","https://en.wikipedia.org/wiki/Whitsunday_Coast_Airport",5
"PPQ","NZPP","-40.904720","174.989170","","https://en.wikipedia.org/wiki/Kapiti_Coast_Airport",3
"PPR","WIDE","0.845478","100.369833","Pasir Pangaraian","https://en.wikipedia.org/wiki/Tuanku_Tambusai_Airport",1
"PPS","RPVP","9.741940","118.758890","Puerto Princesa","https://en.wikipedia.org/wiki/Puerto_Princesa_International_Airport",5
"PQC","VVPQ","10.171670","103.991110","VASCO , Bamboo Airways , Vietjet Air","https://en.wikipedia.org/wiki/Phu_Quoc_International_Airport",34
"PQM","MMPQ","17.535000","-92.015000","Palenque , Chiapas , Mexico","https://en.wikipedia.org/wiki/Palenque_International_Airport",1
"PQQ","YPMQ","-31.435830","152.863330","Port Macquarie, New South Wales","https://en.wikipedia.org/wiki/Port_Macquarie_Airport",3
"PQT","BGQE","69.999440","-51.304170","Qeqertaq , Greenland","https://en.wikipedia.org/wiki/Qeqertaq_Heliport",1
"PRA","SAAP","-31.794440","-60.480280","","https://en.wikipedia.org/wiki/General_Justo_Jos%C3%A9_de_Urquiza_Airport",1
"PRC","KPRC","34.654440","-112.419720","Prescott, Arizona","https://en.wikipedia.org/wiki/Ernest_A._Love_Field",0
"PRG","LKPR","50.101800","14.263200","Prague","https://en.wikipedia.org/wiki/V%C3%A1clav_Havel_Airport_Prague",193
"PRI","FSPP","-4.319170","55.691670","Praslin Island , Seychelles","https://en.wikipedia.org/wiki/Praslin_Island_Airport",0
"PRN","BKPR","42.572780","21.035830","Pristina","https://en.wikipedia.org/wiki/Pristina_International_Airport",36
"PSA","LIRP","43.683890","10.392500","Ryanair","https://en.wikipedia.org/wiki/Pisa_International_Airport",81
"PSC","KPSC","46.264678","-119.119028","Tri-Cities metropolitan area","https://en.wikipedia.org/wiki/Tri-Cities_Airport_(Washington)",11
"PSE","TJPS","18.008330","-66.563060","Ponce, Puerto Rico","https://en.wikipedia.org/wiki/Mercedita_International_Airport",2
"PSG","PAPG","56.801390","-132.946110","Petersburg, Alaska","https://en.wikipedia.org/wiki/Petersburg_James_A._Johnson_Airport",0
"PSJ","WAFP","","","Poso","https://en.wikipedia.org/wiki/Kasiguncu_Airport",1
"PSM","KPSM","43.078060","-70.823330","Portsmouth, New Hampshire","https://en.wikipedia.org/wiki/Portsmouth_International_Airport_at_Pease",6
"PSO","SKPS","1.395830","-77.291110","Pasto , Colombia","https://en.wikipedia.org/wiki/Antonio_Nari%C3%B1o_Airport",0
"PSP","KPSP","33.829720","-116.506670","","https://en.wikipedia.org/wiki/Palm_Springs_International_Airport",32
"PSR","LIBP","42.437220","14.187220","Pescara","https://en.wikipedia.org/wiki/Abruzzo_Airport",23
"PSS","SARP","-27.386110","-55.970560","Posadas , Argentina","https://en.wikipedia.org/wiki/Libertador_General_Jos%C3%A9_de_San_Mart%C3%ADn_Airport",3
"PSU","WIOP","0.835560","112.936940","","https://en.wikipedia.org/wiki/Pangsuma_Airport",2
"PTA","PALJ","60.204440","-154.318890","Port Alsworth, Alaska","https://en.wikipedia.org/wiki/Port_Alsworth_Airport",1
"PTF","NFFO","-17.783060","177.216390","Malolo Lailai , Western Division , Fiji","https://en.wikipedia.org/wiki/Malolo_Lailai_Airport",1
"PTG","FAPP","-23.845280","29.458610","Polokwane (Pietersburg), South Africa","https://en.wikipedia.org/wiki/Polokwane_International_Airport",1
"PTO","SBPO","-26.217220","-52.694440","Pato Branco","https://en.wikipedia.org/wiki/Pato_Branco_Airport",2
"PTQ","SNMZ","-1.741390","-52.235830","Porto de Moz","https://en.wikipedia.org/wiki/Porto_de_Moz_Airport",2
"PTX","SKPI","1.856940","-76.087500","Pitalito , Colombia","https://en.wikipedia.org/wiki/Contador_Airport",2
"PTY","MPTO","9.071390","-79.383610","Panama City , Panama","https://en.wikipedia.org/wiki/Tocumen_International_Airport",88
"PUB","KPUB","38.287500","-104.495280","Pueblo, Colorado","https://en.wikipedia.org/wiki/Pueblo_Memorial_Airport",1
"PUF","LFBP","43.380000","-0.418610","","https://en.wikipedia.org/wiki/Pau_Pyr%C3%A9n%C3%A9es_Airport",11
"PUG","YPAG","-32.506940","137.716670","Port Augusta","https://en.wikipedia.org/wiki/Port_Augusta_Airport",3
"PUJ","MDPC","18.566670","-68.351940","Punta Cana, Higüey, Bávaro","https://en.wikipedia.org/wiki/Punta_Cana_International_Airport",87
"PUQ","SCCI","-53.002500","-70.854440","Punta Arenas , Chile","https://en.wikipedia.org/wiki/Presidente_Carlos_Ib%C3%A1%C3%B1ez_del_Campo_International_Airport",12
"PUS","RKPK","35.179440","128.938330","Jeju Air Jin Air","https://en.wikipedia.org/wiki/Gimhae_International_Airport",45
"PUU","SKAS","0.505560","-76.500830","","https://en.wikipedia.org/wiki/Tres_de_Mayo_Airport",4
"PUW","KPUW","46.744000","-117.108000","Pullman-Moscow Combined Statistical Area","https://en.wikipedia.org/wiki/Pullman%E2%80%93Moscow_Regional_Airport",0
"PUY","LDPL","44.893610","13.922220","Pula , Croatia","https://en.wikipedia.org/wiki/Pula_Airport",38
"PUZ","MNPC","14.037500","-83.386670","La Costeña","https://en.wikipedia.org/wiki/Puerto_Cabezas_Airport",2
"PVA","SKPV","13.356940","-81.358330","Providencia Island , Colombia","https://en.wikipedia.org/wiki/El_Embrujo_Airport",1
"PVD","KPVD","41.723890","-71.428330","Providence","https://en.wikipedia.org/wiki/Rhode_Island_T._F._Green_International_Airport",38
"PVE","MPVR","9.558330","-78.947220","El Porvenir , Panama","https://en.wikipedia.org/wiki/El_Porvenir_Airport",0
"PVG","ZSPD","31.143330","121.805280","Hainan Airlines","https://en.wikipedia.org/wiki/Shanghai_Pudong_International_Airport",275
"PVH","SBPV","-8.713610","-63.902780","Porto Velho","https://en.wikipedia.org/wiki/Governador_Jorge_Teixeira_de_Oliveira_International_Airport",11
"PVK","LGPZ","38.925560","20.765280","Preveza / Lefkada , Greece","https://en.wikipedia.org/wiki/Aktion_National_Airport",60
"PVR","MMPR","20.680000","-105.254170","TAR Aerolíneas","https://en.wikipedia.org/wiki/Licenciado_Gustavo_D%C3%ADaz_Ordaz_International_Airport",56
"PVS","UHMD","64.378330","-173.243330","","https://en.wikipedia.org/wiki/Provideniya_Bay_Airport",1
"PWE","UHMP","69.783330","170.596670","Pevek","https://en.wikipedia.org/wiki/Pevek_Airport",6
"PWM","KPWM","43.646110","-70.309170","State of Maine","https://en.wikipedia.org/wiki/Portland_International_Jetport",27
"PWQ","UASP","52.195000","77.073890","","https://en.wikipedia.org/wiki/Pavlodar_Airport",2
"PXA","WIPY","-4.022500","103.379170","Pagar Alam","https://en.wikipedia.org/wiki/Atung_Bungsu_Airport",2
"PXH","YPMH","-29.716670","135.521670","","https://en.wikipedia.org/wiki/Prominent_Hill_Airport",2
"PXM","MMPS","15.876670","-97.088890","Puerto Escondido, Oaxaca , Mexico","https://en.wikipedia.org/wiki/Puerto_Escondido_International_Airport",7
"PXO","LPPS","33.070830","-16.349720","Porto Santo Island","https://en.wikipedia.org/wiki/Porto_Santo_Airport",4
"PXU","VVPK","14.004440","108.017220","Pleiku and Kon Tum","https://en.wikipedia.org/wiki/Pleiku_Airport",4
"PYB","VEJP","18.880200","82.552300","Jeypore , Koraput","https://en.wikipedia.org/wiki/Jeypore_Airport",2
"PYH","SVPA","5.619440","-67.606940","","https://en.wikipedia.org/wiki/Cacique_Aramare_Airport",1
"PYJ","UERP","66.416670","112.050000","Udachny","https://en.wikipedia.org/wiki/Polyarny_Airport",4
"PYT","SNZR","-17.242780","-46.883060","Paracatu","https://en.wikipedia.org/wiki/Paracatu_Airport",1
"PZB","FAPM","-29.646670","30.398330","Pietermaritzburg, South Africa Midlands, South Africa","https://en.wikipedia.org/wiki/Pietermaritzburg_Airport",0
"PZE","EGHK","50.130400","-5.513900","","https://en.wikipedia.org/wiki/Penzance_Heliport",2
"PZI","ZUZH","26.542314","101.798519","Panzhihua , Sichuan","https://en.wikipedia.org/wiki/Panzhihua_Baoanying_Airport",3
"PZO","SVPR","8.288890","-62.759720","","https://en.wikipedia.org/wiki/Manuel_Carlos_Piar_Guayana_Airport",5
"PZU","HSPN","19.433610","37.234170","Port Sudan , Sudan","https://en.wikipedia.org/wiki/Port_Sudan_New_International_Airport",20
"PZY","LZPP","48.625000","17.828610","Piešťany , Slovakia","https://en.wikipedia.org/wiki/Pie%C5%A1%C5%A5any_Airport",4
"QBC","CYBD","52.387500","-126.595830","","https://en.wikipedia.org/wiki/Bella_Coola_Airport",1
"QCU","BGAK","68.744170","-52.340280","Akunnaaq , Greenland","https://en.wikipedia.org/wiki/Akunnaaq_Heliport",2
"QEN","ENAS","78.927780","11.874720","Ny-Ålesund , Svalbard , Norway","https://en.wikipedia.org/wiki/Ny-%C3%85lesund_Airport,_Hamnerabben",0
"QGP","SNGN","-8.834440","-36.471390","Garanhuns","https://en.wikipedia.org/wiki/Garanhuns_Airport",1
"QGQ","BGAT","67.943060","-53.622220","Attu , Greenland","https://en.wikipedia.org/wiki/Attu_Heliport",2
"QJE","BGKT","68.858060","-53.123890","Kitsissuarsuit , Greenland","https://en.wikipedia.org/wiki/Kitsissuarsuit_Heliport",1
"QJI","BGIT","68.632220","-51.833610","Ikamiut , Greenland","https://en.wikipedia.org/wiki/Ikamiut_Heliport",2
"QMK","BGNK","68.239170","-52.843060","Niaqornaarsuk , Greenland","https://en.wikipedia.org/wiki/Niaqornaarsuk_Heliport",2
"QOW","DNIM","5.426390","7.205560","Owerri , Nigeria , Aba , Nigeria , Umuahia , Nigeria","https://en.wikipedia.org/wiki/Sam_Mbakwe_Airport",2
"QRO","MMQT","20.617361","-100.185667","Querétaro , Querétaro , Mexico","https://en.wikipedia.org/wiki/Quer%C3%A9taro_Intercontinental_Airport",25
"QSF","DAAS","36.177780","5.329170","Sétif , Algeria","https://en.wikipedia.org/wiki/Ain_Arnat_Airport",6
"QSI","HTMS","-3.362500","37.326390","","https://en.wikipedia.org/wiki/Moshi_Airport",1
"QSR","LIRI","40.620000","14.912500","Province of Salerno","https://en.wikipedia.org/wiki/Salerno_Costa_d%27Amalfi_Airport",24
"QSZ","ZWSC","38.245000","77.060000","Yarkant (Shache), Xinjiang , China","https://en.wikipedia.org/wiki/Shache_Yarkant_Airport",13
"QUB","HLUB","26.568060","12.823610","Ubari , Libya","https://en.wikipedia.org/wiki/Ubari_Airport",1
"QUV","BGAQ","60.148330","-44.286940","Aappilattoq , Greenland","https://en.wikipedia.org/wiki/Aappilattoq_Heliport_(Kujalleq)",2
"QUW","BGAS","60.595830","-45.378890","Ammassivik , Greenland","https://en.wikipedia.org/wiki/Ammassivik_Heliport",2
"RAB","AYTK","-4.340280","152.379440","","https://en.wikipedia.org/wiki/Rabaul_Airport",5
"RAE","OERR","30.906390","41.138060","Arar (ʿArʿar)","https://en.wikipedia.org/wiki/Arar_Domestic_Airport",5
"RAH","OERF","29.626333","43.490694","Rafha","https://en.wikipedia.org/wiki/Rafha_Domestic_Airport",3
"RAI","GVNP","14.924200","-23.493900","Santiago Island","https://en.wikipedia.org/wiki/Nelson_Mandela_International_Airport",17
"RAK","GMMX","31.606940","-8.036390","easyJet Royal Air Maroc Transavia France","https://en.wikipedia.org/wiki/Marrakesh_Menara_Airport",120
"RAM","YRNG","-12.356670","134.898330","","https://en.wikipedia.org/wiki/Ramingining_Airport",2
"RAO","SBRP","-21.136390","-47.776670","Ribeirão Preto","https://en.wikipedia.org/wiki/Leite_Lopes_Airport",10
"RAP","KRAP","44.045280","-103.057220","Rapid City, South Dakota","https://en.wikipedia.org/wiki/Rapid_City_Regional_Airport",9
"RAQ","WAWR","","","Raha","https://en.wikipedia.org/wiki/Sugimanuru_Airport",1
"RAR","NCRG","-21.202780","-159.805560","Avarua","https://en.wikipedia.org/wiki/Rarotonga_International_Airport",10
"RAS","OIGG","37.325314","49.605817","Rasht , Gilan","https://en.wikipedia.org/wiki/Rasht_Airport",13
"RBA","GMME","34.051390","-6.751390","Salé and Rabat , Morocco","https://en.wikipedia.org/wiki/Rabat%E2%80%93Sal%C3%A9_Airport",34
"RBB","SWBR","-4.406110","-59.602500","Borba","https://en.wikipedia.org/wiki/Borba_Airport",1
"RBQ","SLRQ","-14.425000","-67.501390","Rurrenabaque , Bolivia","https://en.wikipedia.org/wiki/Rurrenabaque_Airport",1
"RBR","SBRB","-9.868330","-67.898060","Rio Branco","https://en.wikipedia.org/wiki/Rio_Branco_International_Airport",6
"RBV","AGRM","-8.168060","157.642500","","https://en.wikipedia.org/wiki/Ramata_Airport",1
"RBX","HSMK","","","Rumbek, South Sudan","https://en.wikipedia.org/wiki/Rumbek_Airport",1
"RCB","FARB","-28.740830","32.091940","","https://en.wikipedia.org/wiki/Richards_Bay_Airport",1
"RCE","NONE","48.608060","-123.159720","Roche Harbor, Washington","https://en.wikipedia.org/wiki/Roche_Harbor_Seaplane_Base",2
"RCH","SKRH","11.526390","-72.926390","Riohacha , Colombia","https://en.wikipedia.org/wiki/Almirante_Padilla_Airport",1
"RCM","YRMD","-20.701940","143.114720","Richmond, Queensland , Australia","https://en.wikipedia.org/wiki/Richmond_Airport_(Queensland)",4
"RCQ","SATR","-29.210280","-59.683330","Reconquista , Argentina","https://en.wikipedia.org/wiki/Reconquista_Airport",1
"RCU","SAOC","-33.086110","-64.261390","Río Cuarto , Argentina","https://en.wikipedia.org/wiki/Las_Higueras_Airport",1
"RDD","KRDD","40.508890","-122.293330","Redding , California , U.S.","https://en.wikipedia.org/wiki/Redding_Regional_Airport",0
"RDM","KRDM","44.254170","-121.149720","Central Oregon","https://en.wikipedia.org/wiki/Roberts_Field",14
"RDN","WMPR","5.765280","103.006940","Redang , Malaysia","https://en.wikipedia.org/wiki/Redang_Airport",1
"RDO","EPRA","51.389170","21.213610","LOT Polish Airlines","https://en.wikipedia.org/wiki/Warsaw_Radom_Airport",6
"RDP","VEDG","23.621390","87.243330","Durgapur Asansol","https://en.wikipedia.org/wiki/Kazi_Nazrul_Islam_Airport",8
"RDU","KRDU","35.877780","-78.787500","Delta Air Lines","https://en.wikipedia.org/wiki/Raleigh%E2%80%93Durham_International_Airport",83
"RDZ","LFCR","44.410806","2.483194","","https://en.wikipedia.org/wiki/Rodez%E2%80%93Aveyron_Airport",10
"REC","SBRF","-8.126390","-34.922780","Gol Linhas Aéreas","https://en.wikipedia.org/wiki/Recife/Guararapes%E2%80%93Gilberto_Freyre_International_Airport",52
"REG","LICR","38.071940","15.653610","Reggio di Calabria , Messina","https://en.wikipedia.org/wiki/Reggio_Calabria_Airport",16
"REL","SAVT","-43.209720","-65.283330","Trelew , Argentina","https://en.wikipedia.org/wiki/Almirante_Marcos_A._Zar_Airport",8
"REN","UWOO","51.795786","55.456744","Orenburg","https://en.wikipedia.org/wiki/Orenburg_Airport",11
"RER","MGRT","14.521110","-91.697220","","https://en.wikipedia.org/wiki/Retalhuleu_Airport",1
"RES","SARE","-27.450000","-59.056110","Resistencia , Argentina","https://en.wikipedia.org/wiki/Resistencia_International_Airport",4
"REU","LERS","41.147500","1.167220","Reus , Barcelona , Tarragona , Costa Dorada","https://en.wikipedia.org/wiki/Reus_Airport",29
"REW","VA1G","24.503330","81.220280","Rewa","https://en.wikipedia.org/wiki/Rewa_Airport",3
"REX","MMRX","26.008890","-98.228330","Reynosa , Tamaulipas , Mexico","https://en.wikipedia.org/wiki/General_Lucio_Blanco_International_Airport",5
"RFD","KRFD","42.195280","-89.097220","Chicago metropolitan area","https://en.wikipedia.org/wiki/Chicago_Rockford_International_Airport",8
"RGA","SAWE","-53.777780","-67.754170","Río Grande, Tierra del Fuego , Argentina","https://en.wikipedia.org/wiki/Hermes_Quijada_International_Airport",5
"RGK","UNBG","51.966670","85.833330","Gorno-Altaysk","https://en.wikipedia.org/wiki/Gorno-Altaysk_Airport",11
"RGL","SAWG","-51.608890","-69.312500","Río Gallegos , Argentina","https://en.wikipedia.org/wiki/Piloto_Civil_Norberto_Fern%C3%A1ndez_International_Airport",9
"RGN","VYYY","16.907220","96.133060","Yangon","https://en.wikipedia.org/wiki/Yangon_International_Airport",48
"RGO","ZKHM","41.429170","129.648330","Chongjin , North Korea","https://en.wikipedia.org/wiki/Orang_Airport",1
"RGS","LEBG","42.357500","-3.613610","Burgos , Spain","https://en.wikipedia.org/wiki/Burgos_Airport",1
"RGT","WIBJ","-0.352220","102.335000","Rengat","https://en.wikipedia.org/wiki/Japura_Airport",2
"RHD","SANR","-27.497220","-64.936110","Termas de Río Hondo , Argentina","https://en.wikipedia.org/wiki/Las_Termas_Airport",1
"RHI","KRHI","45.630830","-89.466390","Rhinelander, Wisconsin","https://en.wikipedia.org/wiki/Rhinelander%E2%80%93Oneida_County_Airport",2
"RHO","LGRP","36.405419","28.086192","Aegean Airlines","https://en.wikipedia.org/wiki/Rhodes_International_Airport",149
"RHP","VNRC","27.393890","86.061390","Manthali and Ramechhap , Nepal","https://en.wikipedia.org/wiki/Ramechhap_Airport",3
"RIA","SBSM","-29.710830","-53.692220","Santa Maria","https://en.wikipedia.org/wiki/Santa_Maria_Airport_(Rio_Grande_do_Sul)",2
"RIB","SLRI","-11.008330","-66.075000","Riberalta , Bolivia","https://en.wikipedia.org/wiki/Riberalta_Airport",2
"RIC","KRIC","37.505000","-77.319440","Central Virginia","https://en.wikipedia.org/wiki/Richmond_International_Airport",38
"RIH","MPSM","8.375830","-80.127780","Rio Hato , Panama","https://en.wikipedia.org/wiki/Scarlett_Mart%C3%ADnez_International_Airport",0
"RIM","SPLN","-6.391670","-77.502780","Mendoza","https://en.wikipedia.org/wiki/San_Nicolas_Airport",1
"RIS","RJER","45.241940","141.187500","Rishiri","https://en.wikipedia.org/wiki/Rishiri_Airport",2
"RIW","KRIW","43.064170","-108.459720","Riverton, Wyoming","https://en.wikipedia.org/wiki/Central_Wyoming_Regional_Airport",0
"RIX","EVRA","56.923610","23.971110","Riga , Latvia","https://en.wikipedia.org/wiki/Riga_International_Airport",109
"RIZ","ZSRZ","35.399720","119.316670","Rizhao , Shandong","https://en.wikipedia.org/wiki/Rizhao_Shanzihe_Airport",15
"RJA","VORY","17.110280","81.818330","Rajamahendravaram","https://en.wikipedia.org/wiki/Rajahmundry_Airport",6
"RJB","VNRB","26.508610","86.737220","Rajbiraj , Nepal","https://en.wikipedia.org/wiki/Rajbiraj_Airport",1
"RJH","VGRJ","24.436940","88.616390","Rajshahi","https://en.wikipedia.org/wiki/Shah_Makhdum_Airport",2
"RJK","LDRI","45.216940","14.570280","Rijeka","https://en.wikipedia.org/wiki/Rijeka_Airport",18
"RJL","LERJ","42.460280","-2.320280","","https://en.wikipedia.org/wiki/Logro%C3%B1o%E2%80%93Agoncillo_Airport",2
"RJM","WASN","-0.425500","130.775830","Waisai","https://en.wikipedia.org/wiki/Marinda_Airport",1
"RJN","OIKR","30.297715","56.051139","","https://en.wikipedia.org/wiki/Rafsanjan_Airport",1
"RKI","WIBR","-2.100100","99.704400","Mentawai Islands","https://en.wikipedia.org/wiki/Rokot_Airport",1
"RKS","KRKS","41.594170","-109.065280","Rock Springs, Wyoming","https://en.wikipedia.org/wiki/Southwest_Wyoming_Regional_Airport",0
"RKT","OMRK","25.613330","55.938890","","https://en.wikipedia.org/wiki/Ras_Al_Khaimah_International_Airport",14
"RKV","BIRK","64.130000","-21.940560","Reykjavík , Iceland","https://en.wikipedia.org/wiki/Reykjav%C3%ADk_Airport",8
"RKZ","ZURK","29.351670","89.306940","Shigatse , Tibet A.R.","https://en.wikipedia.org/wiki/Shigatse_Peace_Airport",4
"RLG","ETNL","53.918330","12.278330","Rostock , Germany","https://en.wikipedia.org/wiki/Rostock%E2%80%93Laage_Airport",2
"RLK","ZBYZ","40.926390","107.738890","Bayannur , Inner Mongolia , China","https://en.wikipedia.org/wiki/Bayannur_Tianjitai_Airport",13
"RLO","SAOS","","","Santa Rosa de Conlara , Argentina","https://en.wikipedia.org/wiki/Valle_del_Conlara_Airport",2
"RMA","YROM","-26.545000","148.774720","","https://en.wikipedia.org/wiki/Roma_Airport",2
"RMF","HEMA","25.556940","34.583610","Marsa Alam , Egypt","https://en.wikipedia.org/wiki/Marsa_Alam_International_Airport",39
"RMI","LIPR","44.019440","12.609440","Province of Rimini San Marino","https://en.wikipedia.org/wiki/Rimini_Fellini_Airport",19
"RMO","LUKK","46.927780","28.930830","Chișinău","https://en.wikipedia.org/wiki/Chi%C8%99in%C4%83u_International_Airport",84
"RMP","PFMP","65.507780","-150.140830","Rampart, Alaska","https://en.wikipedia.org/wiki/Rampart_Airport",0
"RMQ","RCMQ","24.264720","120.620560","Mandarin Airlines Starlux Airlines","https://en.wikipedia.org/wiki/Taichung_International_Airport",18
"RMU","LEMI","37.802583","-1.125389","Region of Murcia","https://en.wikipedia.org/wiki/Regi%C3%B3n_de_Murcia_International_Airport",24
"RMZ","USTJ","58.058330","68.348610","Tobolsk","https://en.wikipedia.org/wiki/Tobolsk_Remezov_Airport",11
"RNA","AGAR","-9.860560","161.979720","","https://en.wikipedia.org/wiki/Ulawa_Airport",1
"RNI","MNCI","12.171390","-83.060560","La Costeña","https://en.wikipedia.org/wiki/Corn_Island_Airport",2
"RNJ","RORY","27.043890","128.401670","","https://en.wikipedia.org/wiki/Yoron_Airport",3
"RNL","AGGR","-11.550000","160.062780","Tigoa , Rennell Island , Solomon Islands","https://en.wikipedia.org/wiki/Tingoa_Airport",2
"RNN","EKRN","55.063330","14.759440","","https://en.wikipedia.org/wiki/Bornholm_Airport",13
"RNO","KRNO","39.499170","-119.768060","Reno, Nevada","https://en.wikipedia.org/wiki/Reno%E2%80%93Tahoe_International_Airport",26
"RNP","NONE","11.157167","166.887667","Rongelap, Rongelap Atoll , Marshall Islands","https://en.wikipedia.org/wiki/Rongelap_Airport",2
"RNS","LFRN","48.067000","-1.733000","Rennes , France","https://en.wikipedia.org/wiki/Rennes%E2%80%93Saint-Jacques_Airport",19
"ROA","KROA","37.325560","-79.975560","Roanoke Valley , New River Valley","https://en.wikipedia.org/wiki/Roanoke%E2%80%93Blacksburg_Regional_Airport",9
"ROB","GLRB","6.233890","-10.362220","Monrovia , Liberia","https://en.wikipedia.org/wiki/Roberts_International_Airport",12
"ROC","KROC","43.118890","-77.672500","Rochester, New York , U.S.","https://en.wikipedia.org/wiki/Greater_Rochester_International_Airport",29
"ROI","VTUV","16.116670","103.773610","Roi Et province","https://en.wikipedia.org/wiki/Roi_Et_Airport",1
"ROK","YBRK","-23.381700","150.475000","","https://en.wikipedia.org/wiki/Rockhampton_Airport",5
"RON","SKPA","5.764440","-73.105560","Paipa , Colombia","https://en.wikipedia.org/wiki/Juan_Jos%C3%A9_Rond%C3%B3n_Airport",3
"ROO","SBRD","-16.588060","-54.721670","Rondonópolis","https://en.wikipedia.org/wiki/Rondon%C3%B3polis_Airport",1
"ROP","PGRO","14.174440","145.242500","","https://en.wikipedia.org/wiki/Rota_International_Airport",2
"ROR","PTRO","7.367220","134.544170","","https://en.wikipedia.org/wiki/Roman_Tmetuchl_International_Airport",13
"ROS","SAAR","","","Rosario , Argentina","https://en.wikipedia.org/wiki/Rosario_%E2%80%93_Islas_Malvinas_International_Airport",14
"ROT","NZRO","-38.109170","176.317220","Rotorua and inland Bay of Plenty","https://en.wikipedia.org/wiki/Rotorua_Airport",3
"ROV","URRP","47.493890","39.924720","Azur Air Pobeda Rossiya Airlines Ural Airlines","https://en.wikipedia.org/wiki/Platov_International_Airport",42
"RPM","YNGU","-14.722780","134.747500","","https://en.wikipedia.org/wiki/Ngukurr_Airport",2
"RPR","VERP","21.181390","81.740560","Raipur Metropolitan Region","https://en.wikipedia.org/wiki/Swami_Vivekananda_Airport",20
"RPU","SBUY","-4.883060","-65.355830","Porto Urucu ( Coari )","https://en.wikipedia.org/wiki/Porto_Urucu_Airport",2
"RQA","ZWRQ","38.974722","88.008333","Ruoqiang County , Xinjiang","https://en.wikipedia.org/wiki/Ruoqiang_Loulan_Airport",9
"RRJ","SBJR","-22.987500","-43.370000","Rio de Janeiro","https://en.wikipedia.org/wiki/Jacarepagu%C3%A1_Airport",2
"RRK","VERK","22.256390","84.814440","Rourkela","https://en.wikipedia.org/wiki/Rourkela_Airport",2
"RRS","ENRO","62.578330","11.342220","Røros Municipality , Norway","https://en.wikipedia.org/wiki/R%C3%B8ros_Airport",0
"RSA","SAZR","-36.591670","-64.276390","Santa Rosa , Argentina","https://en.wikipedia.org/wiki/Santa_Rosa_Airport_(Argentina)",1
"RSD","MYER","24.891670","-76.177780","","https://en.wikipedia.org/wiki/Rock_Sound_International_Airport",6
"RSI","OERS","25.630280","37.078330","The Red Sea Project","https://en.wikipedia.org/wiki/Red_Sea_International_Airport",4
"RSJ","NONE","48.645560","-122.868060","Rosario, Washington","https://en.wikipedia.org/wiki/Rosario_Seaplane_Base",1
"RSS","HSDZ","11.785830","34.336390","","https://en.wikipedia.org/wiki/Damazin_Airport",1
"RST","KRST","43.908330","-92.500000","","https://en.wikipedia.org/wiki/Rochester_International_Airport",0
"RSU","RKJY","34.842328","127.616670","Yeosu","https://en.wikipedia.org/wiki/Yeosu_Airport",3
"RSW","KRSW","26.536110","-81.755280","Fort Myers Southwest Florida","https://en.wikipedia.org/wiki/Southwest_Florida_International_Airport",76
"RTA","NFNR","-12.482500","177.071110","Rotuma Island , Fiji","https://en.wikipedia.org/wiki/Rotuma_Airport",2
"RTB","MHRO","16.317220","-86.522220","","https://en.wikipedia.org/wiki/Juan_Manuel_G%C3%A1lvez_International_Airport",18
"RTG","WATG","","","Ruteng , Manggarai Regency , East Nusa Tenggara","https://en.wikipedia.org/wiki/Frans_Sales_Lega_Airport",1
"RTI","WATR","-10.766964","123.074957","Ba'a","https://en.wikipedia.org/wiki/David_Constantijn_Saudale_Airport",1
"RTM","EHRD","51.956940","4.440280","Transavia TUI fly Netherlands","https://en.wikipedia.org/wiki/Rotterdam_The_Hague_Airport",57
"RTU","WAQC","2.197500","118.599170","Maratua Island , Berau Regency , East Kalimantan , Indonesia timezone = WITA","https://en.wikipedia.org/wiki/Maratua_Airport",2
"RUA","HUAR","3.047220","30.912220","Arua , Uganda","https://en.wikipedia.org/wiki/Arua_Airport",4
"RUD","OIMJ","36.425083","55.104833","","https://en.wikipedia.org/wiki/Shahroud_Airport",1
"RUH","OERK","24.957780","46.698890","Riyadh","https://en.wikipedia.org/wiki/King_Khalid_International_Airport",142
"RUL","VRQM","0.336670","73.511390","Gadhdhoo , Gaafu Dhaalu Atoll , Maldives","https://en.wikipedia.org/wiki/Maavarulu_Airport",4
"RUM","VNRT","27.303610","86.550560","Rumjatar , Nepal","https://en.wikipedia.org/wiki/Rumjatar_Airport",1
"RUN","FMEE","-20.890000","55.516390","Saint-Denis , Réunion, France","https://en.wikipedia.org/wiki/Roland_Garros_Airport",17
"RUP","VERU","26.141110","89.906670","Dhubri and Kokrajhar","https://en.wikipedia.org/wiki/Rupsi_Airport",1
"RVE","SKSA","6.951390","-71.856940","","https://en.wikipedia.org/wiki/Los_Colonizadores_Airport",3
"RVK","ENRM","64.838330","11.146110","Rørvik , Norway","https://en.wikipedia.org/wiki/R%C3%B8rvik_Airport",2
"RXS","RPVR","11.597780","122.751670","Roxas City","https://en.wikipedia.org/wiki/Roxas_Airport",1
"RZE","EPRZ","","","Rzeszów , Poland","https://en.wikipedia.org/wiki/Rzesz%C3%B3w%E2%80%93Jasionka_Airport",18
"RZR","OINR","36.909908","50.679589","Ramsar and Tonekabon , Mazandaran","https://en.wikipedia.org/wiki/Ramsar_International_Airport",2
"RZV","LTFO","41.169170","40.828890","Rize and Artvin","https://en.wikipedia.org/wiki/Rize%E2%80%93Artvin_Airport",9
"SAB","TNCS","17.645560","-63.220560","Saba","https://en.wikipedia.org/wiki/Juancho_E._Yrausquin_Airport",2
"SAD","KSAD","32.853330","-109.635000","Safford, Arizona","https://en.wikipedia.org/wiki/Safford_Regional_Airport",1
"SAE","BGST","70.808610","-51.626670","Saattut , Greenland","https://en.wikipedia.org/wiki/Saattut_Heliport",2
"SAF","KSAF","35.617220","-106.089440","Santa Fe, New Mexico","https://en.wikipedia.org/wiki/Santa_Fe_Regional_Airport",0
"SAG","VASD","19.688610","74.378890","Shirdi","https://en.wikipedia.org/wiki/Shirdi_Airport",4
"SAH","OYSN","15.476390","44.219720","Sanaa","https://en.wikipedia.org/wiki/Sanaa_International_Airport",1
"SAI","VDSA","13.375280","104.220830","Vietnam Airlines","https://en.wikipedia.org/wiki/Siem_Reap%E2%80%93Angkor_International_Airport",17
"SAL","MSLP","13.440830","-89.055560","San Salvador , El Salvador","https://en.wikipedia.org/wiki/El_Salvador_International_Airport",35
"SAN","KSAN","32.733610","-117.189720","San Diego–Tijuana","https://en.wikipedia.org/wiki/San_Diego_International_Airport",89
"SAP","MHLM","15.452780","-87.923610","San Pedro Sula","https://en.wikipedia.org/wiki/Ram%C3%B3n_Villeda_Morales_International_Airport",21
"SAQ","MYAN","25.053890","-78.048890","Nicholls Town , Andros Island , Bahamas","https://en.wikipedia.org/wiki/San_Andros_Airport",1
"SAR","OIZS","27.418800","62.316400","","https://en.wikipedia.org/wiki/Saravan_Airport",2
"SAT","KSAT","29.526670","-98.471940","Greater San Antonio","https://en.wikipedia.org/wiki/San_Antonio_International_Airport",49
"SAU","WATS","-10.492500","121.848330","Savu Island","https://en.wikipedia.org/wiki/Tardamu_Airport",3
"SAV","KSAV","32.127500","-81.202220","Savannah, Georgia and Hilton Head Island, South Carolina","https://en.wikipedia.org/wiki/Savannah/Hilton_Head_International_Airport",43
"SAW","LTFJ","40.898330","29.309170","Istanbul","https://en.wikipedia.org/wiki/Sabiha_G%C3%B6k%C3%A7en_International_Airport",160
"SBA","KSBA","34.426110","-119.840280","Santa Barbara, California","https://en.wikipedia.org/wiki/Santa_Barbara_Municipal_Airport",12
"SBG","WITN","5.874720","95.340000","Sabang","https://en.wikipedia.org/wiki/Maimun_Saleh_Airport",1
"SBH","TFFJ","17.904440","-62.843890","Saint Barthélemy","https://en.wikipedia.org/wiki/Gustaf_III_Airport",9
"SBN","KSBN","41.708330","-86.317220","South Bend, Indiana ; Elkhart, Indiana ; Niles, Michigan ; St. Joseph, Michigan","https://en.wikipedia.org/wiki/South_Bend_International_Airport",18
"SBP","KSBP","35.236940","-120.641940","","https://en.wikipedia.org/wiki/San_Luis_Obispo_County_Regional_Airport",9
"SBR","YSII","-9.378330","142.625000","","https://en.wikipedia.org/wiki/Saibai_Island_Airport",4
"SBT","USDA","71.219170","72.052220","","https://en.wikipedia.org/wiki/Sabetta_International_Airport",2
"SBW","WBGS","2.264170","111.982500","Bintangor , Sarikei , Kapit , and Sibu , Sarawak, East Malaysia","https://en.wikipedia.org/wiki/Sibu_Airport",8
"SBY","KSBY","38.340000","-75.509440","Salisbury, Maryland , U.S.","https://en.wikipedia.org/wiki/Salisbury_Regional_Airport",3
"SBZ","LRSB","","","Wizz Air","https://en.wikipedia.org/wiki/Sibiu_International_Airport",14
"SCC","PASC","70.194720","-148.465280","","https://en.wikipedia.org/wiki/Deadhorse_Airport",5
"SCE","KUNV","40.849170","-77.848610","Central Pennsylvania","https://en.wikipedia.org/wiki/State_College_Regional_Airport",3
"SCF","KSDL","33.622780","-111.910560","Scottsdale, Arizona","https://en.wikipedia.org/wiki/Scottsdale_Airport",8
"SCK","KSCK","37.894170","-121.238330","Stockton, California","https://en.wikipedia.org/wiki/Stockton_Metropolitan_Airport",3
"SCL","SCEL","-33.392780","-70.785560","Santiago Metropolitan Region","https://en.wikipedia.org/wiki/Arturo_Merino_Ben%C3%ADtez_International_Airport",72
"SCN","EDDR","49.214440","7.109440","TUI fly Deutschland","https://en.wikipedia.org/wiki/Saarbr%C3%BCcken_Airport",10
"SCO","UATE","43.860000","51.091940","SCAT Airlines","https://en.wikipedia.org/wiki/Aktau_International_Airport",18
"SCQ","LEST","42.896390","-8.415280","Ryanair Vueling","https://en.wikipedia.org/wiki/Santiago%E2%80%93Rosal%C3%ADa_de_Castro_Airport",30
"SCR","ESKS","61.159000","12.840000","Sälen and Trysil","https://en.wikipedia.org/wiki/S%C3%A4len/Scandinavian_Mountains_Airport",12
"SCT","OYSQ","12.630560","53.905560","Socotra","https://en.wikipedia.org/wiki/Socotra_Airport",3
"SCU","MUCU","19.970000","-75.835560","","https://en.wikipedia.org/wiki/Antonio_Maceo_Airport",7
"SCV","LRSV","47.687500","26.354170","Suceava , Romania","https://en.wikipedia.org/wiki/Suceava_%C8%98tefan_cel_Mare_International_Airport",9
"SCW","UUYY","61.657220","50.853890","Syktyvkar","https://en.wikipedia.org/wiki/Syktyvkar_Airport",10
"SCZ","AGGL","-10.719720","165.797780","","https://en.wikipedia.org/wiki/Luova_Airport",2
"SDD","FNUB","-14.925000","13.575000","Lubango","https://en.wikipedia.org/wiki/Lubango_Airport",4
"SDE","SANE","-27.766670","-64.309720","Santiago del Estero , Argentina","https://en.wikipedia.org/wiki/Vicecomodoro_%C3%81ngel_de_la_Paz_Aragon%C3%A9s_Airport",1
"SDF","KSDF","38.174170","-85.736390","Louisville metropolitan area","https://en.wikipedia.org/wiki/Louisville_Muhammad_Ali_International_Airport",41
"SDG","OICS","35.245856","47.009247","Sanandaj , Kurdistan","https://en.wikipedia.org/wiki/Sanandaj_Airport",1
"SDJ","RJSS","38.139720","140.916940","Sendai","https://en.wikipedia.org/wiki/Sendai_Airport",16
"SDK","WBKS","5.901670","118.048610","Sandakan Division , Sabah , East Malaysia","https://en.wikipedia.org/wiki/Sandakan_Airport",4
"SDL","ESNN","62.528060","17.443890","","https://en.wikipedia.org/wiki/Sundsvall%E2%80%93Timr%C3%A5_Airport",1
"SDP","PASD","55.313610","-160.521390","Sand Point, Alaska","https://en.wikipedia.org/wiki/Sand_Point_Airport",2
"SDQ","MDSD","18.429440","-69.668890","Santo Domingo","https://en.wikipedia.org/wiki/Las_Am%C3%A9ricas_International_Airport",47
"SDR","LEXJ","43.426940","-3.820000","","https://en.wikipedia.org/wiki/Santander_Airport",29
"SDU","SBRJ","-22.910000","-43.162500","Azul Brazilian Airlines Gol Linhas Aéreas LATAM Brasil","https://en.wikipedia.org/wiki/Santos_Dumont_Airport",5
"SDW","VOSR","16.000000","73.533330","Sindhudurg","https://en.wikipedia.org/wiki/Sindhudurg_Airport",4
"SEA","KSEA","47.448890","-122.309440","Seattle metropolitan area","https://en.wikipedia.org/wiki/Seattle%E2%80%93Tacoma_International_Airport",135
"SEB","HLLS","27.000000","14.461110","Sabha, Libya","https://en.wikipedia.org/wiki/Sabha_Airport",2
"SEN","EGMC","51.570280","0.693330","Greater London southern Essex Southend-on-Sea","https://en.wikipedia.org/wiki/London_Southend_Airport",22
"SES","UOIG","66.840000","88.403330","","https://en.wikipedia.org/wiki/Svetlogorsk_Airport",1
"SET","SNHS","-8.061390","-38.328610","Serra Talhada","https://en.wikipedia.org/wiki/Serra_Talhada_Airport",1
"SEU","HTSN","-2.456940","34.821390","Seronera","https://en.wikipedia.org/wiki/Seronera_Airstrip",8
"SEZ","FSIA","-4.674440","55.521940","Victoria , Seychelles","https://en.wikipedia.org/wiki/Seychelles_International_Airport",23
"SFA","DTTX","34.717780","10.690830","Sfax , Tunisia","https://en.wikipedia.org/wiki/Sfax%E2%80%93Thyna_International_Airport",7
"SFB","KSFB","28.777780","-81.237500","Greater Orlando","https://en.wikipedia.org/wiki/Orlando_Sanford_International_Airport",69
"SFD","SVSR","7.883330","-67.444440","San Fernando de Apure","https://en.wikipedia.org/wiki/Las_Flecheras_Airport",1
"SFJ","BGSF","67.016940","-50.689440","Kangerlussuaq , Greenland","https://en.wikipedia.org/wiki/Kangerlussuaq_Airport",4
"SFL","GVSF","14.883000","-24.480000","São Filipe","https://en.wikipedia.org/wiki/S%C3%A3o_Filipe_Airport",2
"SFO","KSFO","37.618890","-122.375000","San Francisco Bay Area","https://en.wikipedia.org/wiki/San_Francisco_International_Airport",149
"SFT","ESNS","64.624720","21.076940","Skellefteå , Sweden","https://en.wikipedia.org/wiki/Skellefte%C3%A5_Airport",4
"SGC","USRR","61.343330","73.403330","Surgut","https://en.wikipedia.org/wiki/Surgut_International_Airport",40
"SGD","EKSB","54.964440","9.791731","","https://en.wikipedia.org/wiki/S%C3%B8nderborg_Airport",3
"SGF","KSGF","37.245560","-93.388610","Springfield / Branson , Missouri","https://en.wikipedia.org/wiki/Springfield%E2%80%93Branson_National_Airport",15
"SGG","BGSG","65.905830","-36.378330","Sermiligaaq , Greenland","https://en.wikipedia.org/wiki/Sermiligaaq_Heliport",1
"SGN","VVTS","10.818890","106.651940","Pacific Airlines , Sun PhuQuoc Airways","https://en.wikipedia.org/wiki/Tan_Son_Nhat_International_Airport",99
"SGO","YSGE","-28.050000","148.595000","","https://en.wikipedia.org/wiki/St_George_Airport_(Queensland)",4
"SGU","KSGU","","","St. George, Utah","https://en.wikipedia.org/wiki/St._George_Regional_Airport",0
"SGX","HTSO","-10.683330","35.583330","","https://en.wikipedia.org/wiki/Songea_Airport",2
"SGY","PAGY","59.460000","-135.315560","Skagway, Alaska","https://en.wikipedia.org/wiki/Skagway_Airport",0
"SHA","ZSSS","31.198060","121.336390","Shanghai","https://en.wikipedia.org/wiki/Shanghai_Hongqiao_International_Airport",91
"SHB","RJCN","43.577500","144.960000","Nakashibetsu , Nemuro","https://en.wikipedia.org/wiki/Nemuro_Nakashibetsu_Airport",3
"SHC","HASR","14.079440","38.270830","Shire , Ethiopia","https://en.wikipedia.org/wiki/Shire_Airport",3
"SHD","KSHD","38.263890","-78.896390","Staunton , Waynesboro , Harrisonburg","https://en.wikipedia.org/wiki/Shenandoah_Valley_Regional_Airport",0
"SHE","ZYTX","41.640000","123.483610","Shenyang","https://en.wikipedia.org/wiki/Shenyang_Taoxian_International_Airport",117
"SHF","ZWHZ","44.241670","85.891110","","https://en.wikipedia.org/wiki/Shihezi_Huayuan_Airport",13
"SHG","PAGH","66.888060","-157.162500","Shungnak, Alaska","https://en.wikipedia.org/wiki/Shungnak_Airport",0
"SHH","PASH","66.249440","-166.090280","Shishmaref, Alaska","https://en.wikipedia.org/wiki/Shishmaref_Airport",2
"SHI","RORS","24.826670","125.144720","Miyakojima, Okinawa","https://en.wikipedia.org/wiki/Shimojishima_Airport",9
"SHJ","OMSJ","25.329170","55.516110","Sharjah , Ajman (city), Dubai","https://en.wikipedia.org/wiki/Sharjah_International_Airport",109
"SHM","RJBD","33.662220","135.364440","","https://en.wikipedia.org/wiki/Nanki%E2%80%93Shirahama_Airport",1
"SHO","FDSK","-26.356670","31.716940","","https://en.wikipedia.org/wiki/King_Mswati_III_International_Airport",4
"SHR","KSHR","44.769170","-106.980280","Sheridan, Wyoming","https://en.wikipedia.org/wiki/Sheridan_County_Airport",0
"SHS","ZHJZ","30.283000","112.450000","Jingzhou, Hubei , China","https://en.wikipedia.org/wiki/Jingzhou_Shashi_Airport",26
"SHV","KSHV","32.446670","-93.825560","Shreveport and Bossier City","https://en.wikipedia.org/wiki/Shreveport_Regional_Airport",9
"SHW","OESH","17.466670","47.121390","Sharurah","https://en.wikipedia.org/wiki/Sharurah_Domestic_Airport",4
"SID","GVAC","16.742500","-22.948060","Espargos","https://en.wikipedia.org/wiki/Am%C3%ADlcar_Cabral_International_Airport",59
"SIF","VNSI","27.159440","84.980000","Jitpur Simara and Birgunj , Nepal","https://en.wikipedia.org/wiki/Simara_Airport",2
"SIG","TJIG","18.456670","-66.098330","San Juan, Puerto Rico","https://en.wikipedia.org/wiki/Fernando_Luis_Ribas_Dominicci_Airport",7
"SIH","VNDT","29.263060","80.936110","Dipayal Silgadhi , Nepal","https://en.wikipedia.org/wiki/Doti_Airport",1
"SIN","WSSS","1.359170","103.989440","Qantas","https://en.wikipedia.org/wiki/Changi_Airport",165
"SIP","UKFF","45.051940","33.973610","Crimea","https://en.wikipedia.org/wiki/Simferopol_International_Airport",47
"SIQ","WIDS","-0.481670","104.581110","Dabo","https://en.wikipedia.org/wiki/Dabo_Airport",6
"SIR","LSGS","46.219592","7.326764","Sion , Switzerland","https://en.wikipedia.org/wiki/Sion_Airport",7
"SIT","PASI","57.047220","-135.361670","Sitka, Alaska","https://en.wikipedia.org/wiki/Sitka_Rocky_Gutierrez_Airport",15
"SIW","WIMP","2.600280","98.964440","Parapat","https://en.wikipedia.org/wiki/Sibisa_Airport",0
"SJC","KSJC","37.362780","-121.929170","Alaska Airlines [ 1 ]","https://en.wikipedia.org/wiki/San_Jose_International_Airport",42
"SJD","MMSD","23.151670","-109.720830","Viva","https://en.wikipedia.org/wiki/Los_Cabos_International_Airport",55
"SJE","SKSJ","2.579170","-72.639440","San José del Guaviare , Colombia","https://en.wikipedia.org/wiki/Jorge_Enrique_Gonz%C3%A1lez_Torres_Airport",2
"SJI","RPUH","12.361390","121.046670","San Jose","https://en.wikipedia.org/wiki/San_Jose_Airport_(Mindoro)",1
"SJJ","LQSA","43.824720","18.331390","Sarajevo , Bosnia and Herzegovina","https://en.wikipedia.org/wiki/Sarajevo_International_Airport",42
"SJK","SBSJ","-23.228890","-45.871110","São José dos Campos","https://en.wikipedia.org/wiki/S%C3%A3o_Jos%C3%A9_dos_Campos_Airport",2
"SJO","MROC","9.993890","-84.208890","Avianca El Salvador Copa Airlines","https://en.wikipedia.org/wiki/Juan_Santamar%C3%ADa_International_Airport",57
"SJP","SBSR","-20.817220","-49.406940","São José do Rio Preto","https://en.wikipedia.org/wiki/S%C3%A3o_Jos%C3%A9_do_Rio_Preto_Airport",11
"SJU","TJSJ","18.439170","-66.001940","JetBlue","https://en.wikipedia.org/wiki/Luis_Mu%C3%B1oz_Mar%C3%ADn_International_Airport",63
"SJW","ZBSJ","38.280830","114.696670","Shijiazhuang","https://en.wikipedia.org/wiki/Shijiazhuang_Zhengding_International_Airport",74
"SJX","MZSJ","18.355560","-88.130560","Sarteneja","https://en.wikipedia.org/wiki/Sarteneja_Airport",3
"SJZ","LPSJ","38.665280","-28.174720","Velas , Azores","https://en.wikipedia.org/wiki/S%C3%A3o_Jorge_Airport",2
"SKB","TKPK","17.311390","-62.718610","","https://en.wikipedia.org/wiki/Robert_L._Bradshaw_International_Airport",20
"SKC","AYSU","-8.046528","141.722139","","https://en.wikipedia.org/wiki/Suki_Airport",2
"SKD","UTSS","39.700560","66.983890","Uzbekistan Airways Silk Avia","https://en.wikipedia.org/wiki/Samarkand_International_Airport",22
"SKG","LGTS","40.519720","22.970917","Thessaloniki","https://en.wikipedia.org/wiki/Thessaloniki_Airport",102
"SKH","VNSK","28.585830","81.635830","Birendranagar , Nepal","https://en.wikipedia.org/wiki/Surkhet_Airport",5
"SKJ","WIOD","0.798472","108.957333","Singbebas ( Singkawang , Bengkayang and Sambas )","https://en.wikipedia.org/wiki/Singkawang_Airport",2
"SKK","PFSH","64.371110","-161.223890","Shaktoolik, Alaska","https://en.wikipedia.org/wiki/Shaktoolik_Airport",3
"SKN","ENSK","68.580830","15.026110","Stokmarknes and Sortland","https://en.wikipedia.org/wiki/Stokmarknes_Airport",4
"SKO","DNSO","12.916110","5.206940","Sokoto , Nigeria","https://en.wikipedia.org/wiki/Sadiq_Abubakar_III_International_Airport",1
"SKP","LWSK","41.961110","21.626940","Skopje","https://en.wikipedia.org/wiki/Skopje_International_Airport",52
"SKT","OPST","32.535560","74.363890","Sialkot","https://en.wikipedia.org/wiki/Sialkot_International_Airport",10
"SKU","LGSY","38.967500","24.487220","","https://en.wikipedia.org/wiki/Skyros_Island_National_Airport",3
"SKX","UWPS","54.125000","45.215000","","https://en.wikipedia.org/wiki/Saransk_Airport",7
"SKZ","OPSK","27.721940","68.791670","Sukkur , Sibi , Jacobabad , Khairpur , Ghotki","https://en.wikipedia.org/wiki/Begum_Nusrat_Bhutto_International_Airport",2
"SLA","SASA","-24.844440","-65.478610","Salta , Argentina","https://en.wikipedia.org/wiki/Mart%C3%ADn_Miguel_de_G%C3%BCemes_International_Airport",14
"PIS","LFBI","46.587500","0.306670","Poitiers , France","https://en.wikipedia.org/wiki/Poitiers%E2%80%93Biard_Airport",5
"PMA","HTPE","-5.258330","39.811110","Chake-Chake","https://en.wikipedia.org/wiki/Pemba_Airport_(Tanzania)",8
"PNY","VOPC","11.966670","79.814440","Puducherry","https://en.wikipedia.org/wiki/Pondicherry_Airport",2
"PPW","EGEP","59.351670","-2.900280","Papa Westray","https://en.wikipedia.org/wiki/Papa_Westray_Airport",0
"PTP","TFFR","16.264170","-61.525830","Air France [ 1 ]","https://en.wikipedia.org/wiki/Pointe-%C3%A0-Pitre_International_Airport",24
"PVU","KPVU","40.219194","-111.723361","Salt Lake City metropolitan area","https://en.wikipedia.org/wiki/Provo_Municipal_Airport",15
"QRW","DNSU","5.597220","5.819440","","https://en.wikipedia.org/wiki/Warri_Airport",2
"RBY","PARY","64.727220","-155.470000","Ruby, Alaska","https://en.wikipedia.org/wiki/Ruby_Airport",0
"RET","ENRS","67.527780","12.103330","Røst , Norway","https://en.wikipedia.org/wiki/R%C3%B8st_Airport",2
"RIY","OYRN","14.662500","49.375000","Mukalla","https://en.wikipedia.org/wiki/Riyan_International_Airport",5
"RNB","ESDF","56.266670","15.265000","","https://en.wikipedia.org/wiki/Ronneby_Airport",1
"RQY","VOSH","","","Shimoga","https://en.wikipedia.org/wiki/Shivamogga_Airport",5
"RVN","EFRO","66.561670","25.830830","Rovaniemi , Finland","https://en.wikipedia.org/wiki/Rovaniemi_Airport",41
"SBD","KSBD","34.095000","-117.235000","San Bernardino / Inland Empire","https://en.wikipedia.org/wiki/San_Bernardino_International_Airport",2
"SCY","SEST","-0.910280","-89.617500","Galápagos Islands , Ecuador","https://en.wikipedia.org/wiki/San_Crist%C3%B3bal_Airport",2
"SFG","TFFG","18.100560","-63.048890","Saint-Martin","https://en.wikipedia.org/wiki/Grand_Case%E2%80%93Esp%C3%A9rance_Airport",5
"SHL","VEBI","25.703610","91.978610","Shillong","https://en.wikipedia.org/wiki/Shillong_Airport",9
"SLE","KSLE","44.909440","-123.002500","Salem, Oregon","https://en.wikipedia.org/wiki/McNary_Field",2
"SLH","NVSC","-13.851670","167.536940","Vanua Lava , Torba , Vanuatu","https://en.wikipedia.org/wiki/Vanua_Lava_Airport",1
"SLI","FLSW","-12.174170","26.366670","Solwezi","https://en.wikipedia.org/wiki/Solwezi_Airport",1
"SLJ","YSOL","-22.256670","117.849170","","https://en.wikipedia.org/wiki/Solomon_Airport",0
"SLK","KSLK","44.385280","-74.206110","Northern Adirondacks","https://en.wikipedia.org/wiki/Adirondack_Regional_Airport",0
"SLL","OOSA","17.038890","54.092220","Oman Air Salam Air","https://en.wikipedia.org/wiki/Salalah_International_Airport",19
"SLM","LESA","40.951940","-5.501940","","https://en.wikipedia.org/wiki/Salamanca_Airport",1
"SLN","KSLN","38.790560","-97.652220","Salina, Kansas","https://en.wikipedia.org/wiki/Salina_Regional_Airport",0
"SLP","MMSP","22.254440","-100.930830","San Luis Potosí, San Luis Potosí , Mexico","https://en.wikipedia.org/wiki/San_Luis_Potos%C3%AD_International_Airport",12
"SLU","TLPC","14.020280","-60.993060","Castries , Saint Lucia","https://en.wikipedia.org/wiki/George_F._L._Charles_Airport",10
"SLV","VISM","31.081670","77.068060","Shimla","https://en.wikipedia.org/wiki/Shimla_Airport",3
"SLW","MMIO","25.549440","-100.928610","Saltillo , Coahuila , Mexico","https://en.wikipedia.org/wiki/Saltillo_Airport",2
"SLY","USDD","66.589170","66.595560","Salekhard","https://en.wikipedia.org/wiki/Salekhard_Airport",14
"SLZ","SBSL","-2.586940","-44.236110","São Luís","https://en.wikipedia.org/wiki/Marechal_Cunha_Machado_International_Airport",11
"SMA","LPAZ","36.973890","-25.171110","SATA Air Açores","https://en.wikipedia.org/wiki/Santa_Maria_Airport_(Azores)",2
"SMF","KSMF","38.695560","-121.590830","Sacramento metropolitan area","https://en.wikipedia.org/wiki/Sacramento_International_Airport",57
"SMI","LGSM","37.690000","26.911670","Vathy","https://en.wikipedia.org/wiki/Samos_International_Airport",28
"SMK","PAMK","63.490000","-162.110280","St. Michael, Alaska","https://en.wikipedia.org/wiki/St._Michael_Airport",0
"SML","MYLS","24.564720","-75.270560","Long Island , Bahamas","https://en.wikipedia.org/wiki/Stella_Maris_Airport",3
"SMN","KSMN","45.123890","-113.881390","","https://en.wikipedia.org/wiki/Lemhi_County_Airport",0
"SMR","SKSM","11.119440","-74.230560","Santa Marta , Colombia","https://en.wikipedia.org/wiki/Sim%C3%B3n_Bol%C3%ADvar_International_Airport_(Colombia)",6
"SMS","FMMS","-17.093890","49.815830","Sainte Marie , Analanjirofo , Madagascar","https://en.wikipedia.org/wiki/Sainte_Marie_Airport",2
"SMT","SBSO","-12.472780","-55.668890","Sorriso","https://en.wikipedia.org/wiki/Sorriso_Airport",1
"SMX","KSMX","34.898890","-120.457500","Santa Maria, California","https://en.wikipedia.org/wiki/Santa_Maria_Public_Airport",1
"SNA","KSNA","33.675560","-117.868330","Orange County Santa Ana Greater Los Angeles","https://en.wikipedia.org/wiki/John_Wayne_Airport",50
"SNB","YSNK","-11.422780","130.653610","Melville Island , Australia","https://en.wikipedia.org/wiki/Snake_Bay_Airport",3
"SNN","EINN","52.701940","-8.924720","Ryanair","https://en.wikipedia.org/wiki/Shannon_Airport",34
"SNO","VTUI","17.195139","104.118639","Sakon Nakhon","https://en.wikipedia.org/wiki/Sakon_Nakhon_Airport",1
"SNP","PASN","57.167220","-170.220560","St. Paul Island, Alaska","https://en.wikipedia.org/wiki/St._Paul_Island_Airport",4
"SNR","LFRZ","47.310560","-2.156670","Saint-Nazaire , France","https://en.wikipedia.org/wiki/Saint-Nazaire_Montoir_Airport",2
"SNU","MUSC","22.492220","-79.943610","Villa Clara Province , Cienfuegos Province , and Sancti Spiritus Province in Cuba","https://en.wikipedia.org/wiki/Abel_Santamar%C3%ADa_Airport",13
"SNV","SVSE","4.554170","-61.143060","Santa Elena de Uairén , Venezuela","https://en.wikipedia.org/wiki/Santa_Elena_de_Uair%C3%A9n_Airport",0
"SNW","VYTD","18.460560","94.300000","Thandwe , Myanmar","https://en.wikipedia.org/wiki/Thandwe_Airport",6
"SOB","LHSM","46.686390","17.159170","Hévíz and Lake Balaton , Hungary","https://en.wikipedia.org/wiki/H%C3%A9v%C3%ADz%E2%80%93Balaton_Airport",1
"SOF","LBSF","42.695000","23.408330","Sofia","https://en.wikipedia.org/wiki/Vasil_Levski_Sofia_Airport",99
"SOJ","ENSR","69.786670","20.959720","","https://en.wikipedia.org/wiki/S%C3%B8rkjosen_Airport",6
"SON","NVSS","-15.505830","167.221390","","https://en.wikipedia.org/wiki/Santo_International_Airport",12
"SOQ","WASS","-0.894170","131.288890","Sorong","https://en.wikipedia.org/wiki/Domine_Eduard_Osok_Airport",20
"SOU","EGHI","50.950280","-1.356670","easyJet","https://en.wikipedia.org/wiki/Southampton_Airport",16
"SOV","PASO","59.442500","-151.704170","","https://en.wikipedia.org/wiki/Seldovia_Airport",0
"SOW","KSOW","34.265560","-110.005560","Show Low, Arizona","https://en.wikipedia.org/wiki/Show_Low_Regional_Airport",1
"SPC","GCLA","28.626390","-17.755560","La Palma","https://en.wikipedia.org/wiki/La_Palma_Airport",22
"SPD","VGSD","25.759170","88.908610","Rangpur Division","https://en.wikipedia.org/wiki/Saidpur_Airport",3
"SPI","KSPI","39.844170","-89.678060","Springfield, Illinois","https://en.wikipedia.org/wiki/Abraham_Lincoln_Capital_Airport",0
"SPN","PGSN","15.118890","145.729440","","https://en.wikipedia.org/wiki/Saipan_International_Airport",7
"SPP","FNME","","","Menongue , Angola","https://en.wikipedia.org/wiki/Menongue_Airport",1
"SPR","MZSP","17.913890","-87.971110","San Pedro , Belize","https://en.wikipedia.org/wiki/John_Greif_II_Airport",6
"SPU","LDSP","43.538890","16.298060","easyJet Volotea Wizz Air","https://en.wikipedia.org/wiki/Split_Airport",80
"SPX","HESX","30.109720","30.894440","Greater Cairo , Egypt","https://en.wikipedia.org/wiki/Sphinx_International_Airport",23
"SPY","DISP","4.746670","-6.661110","San Pédro","https://en.wikipedia.org/wiki/San_P%C3%A9dro_Airport",1
"SQD","ZSSR","28.380280","117.961390","Shangrao , Jiangxi","https://en.wikipedia.org/wiki/Shangrao_Sanqingshan_Airport",16
"SQG","WIOS","-0.041940","111.456670","Sungai Tebelian, Sintang , West Kalimantan , Indonesia","https://en.wikipedia.org/wiki/Tebelian_Airport",1
"SQJ","ZSSM","26.428060","117.845000","Sanming","https://en.wikipedia.org/wiki/Sanming_Shaxian_Airport",8
"SQN","WAPN","-2.099716","125.965858","Sanana","https://en.wikipedia.org/wiki/Emalamo_Airport",2
"SRE","SLAL","-19.246835","-65.149611","Sucre","https://en.wikipedia.org/wiki/Alcantar%C3%AD_Airport",3
"SRG","WAHS","-6.971390","110.374170","Semarang","https://en.wikipedia.org/wiki/Jenderal_Achmad_Yani_International_Airport",16
"SRI","WALS","-0.481390","117.155830","Samarinda","https://en.wikipedia.org/wiki/Temindung_Airport",9
"SRK","BGSI","77.786390","-70.638330","Siorapaluk , Greenland","https://en.wikipedia.org/wiki/Siorapaluk_Heliport",1
"SRP","ENSO","59.792780","5.339720","Stord , Vestland , Norway","https://en.wikipedia.org/wiki/Stord_Airport",1
"SRQ","KSRQ","27.395560","-82.554440","Sarasota metropolitan area Tampa Bay Area","https://en.wikipedia.org/wiki/Sarasota%E2%80%93Bradenton_International_Airport",72
"SRT","HUSO","1.725000","33.620830","Soroti , Uganda","https://en.wikipedia.org/wiki/Soroti_Airport",0
"SRU","VYFS","22.939167","93.615333","Falam","https://en.wikipedia.org/wiki/Surbung_Airport",1
"SRY","OINZ","36.635830","53.193610","Miandorud County , Mazandaran","https://en.wikipedia.org/wiki/Dasht-e_Naz_Airport",14
"SSA","SBSV","-12.908610","-38.322500","Salvador da Bahia","https://en.wikipedia.org/wiki/Salvador_Bahia_Airport",41
"SSE","VASL","17.625000","75.936110","Solapur","https://en.wikipedia.org/wiki/Solapur_Airport",2
"SSH","HESH","27.977220","34.394720","Air Cairo","https://en.wikipedia.org/wiki/Sharm_El_Sheikh_International_Airport",114
"SSJ","ENST","65.956670","12.468890","Sandnessjøen , Nordland , Norway","https://en.wikipedia.org/wiki/Sandnessj%C3%B8en_Airport",6
"SSR","NVSH","-15.470830","168.152220","northern Pentecost Island , Vanuatu","https://en.wikipedia.org/wiki/Sara_Airport",2
"STB","SVSZ","8.976390","-71.943060","","https://en.wikipedia.org/wiki/Miguel_Urdaneta_Fern%C3%A1ndez_Airport",2
"STC","KSTC","45.546670","-94.060000","St. Cloud, Minnesota","https://en.wikipedia.org/wiki/St._Cloud_Regional_Airport",2
"STD","SVSO","7.565280","-72.036110","","https://en.wikipedia.org/wiki/Mayor_Buenaventura_Vivas_Airport",5
"STG","PAPB","56.577220","-169.663610","St. George, Alaska","https://en.wikipedia.org/wiki/St._George_Airport_(Alaska)",0
"STI","MDST","19.406110","-70.604720","Santiago de los Caballeros","https://en.wikipedia.org/wiki/Cibao_International_Airport",9
"STL","KSTL","38.747220","-90.361390","Southwest Airlines","https://en.wikipedia.org/wiki/St._Louis_Lambert_International_Airport",76
"STM","SBSN","-2.424720","-54.785830","Santarém","https://en.wikipedia.org/wiki/Santar%C3%A9m-Maestro_Wilson_Fonseca_Airport",11
"STN","EGSS","51.885000","0.235000","London metropolitan area East of England","https://en.wikipedia.org/wiki/London_Stansted_Airport",206
"STR","EDDS","48.690000","9.221940","Stuttgart Metropolitan Region","https://en.wikipedia.org/wiki/Stuttgart_Airport",135
"STS","KSTS","38.508890","-122.812780","Sonoma County, California","https://en.wikipedia.org/wiki/Charles_M._Schulz%E2%80%93Sonoma_County_Airport",14
"STT","TIST","18.337220","-64.973330","Air Sunshine","https://en.wikipedia.org/wiki/Cyril_E._King_Airport",24
"STV","VASU","21.117658","72.745258","Surat","https://en.wikipedia.org/wiki/Surat_Airport",12
"STW","URMT","45.110000","42.113330","Stavropol","https://en.wikipedia.org/wiki/Stavropol_Shpakovskoye_Airport",5
"STX","TISX","17.704440","-64.801670","St. Croix , United States Virgin Islands","https://en.wikipedia.org/wiki/Henry_E._Rohlsen_Airport",12
"STY","SUSO","-31.437500","-57.984720","Salto, Uruguay","https://en.wikipedia.org/wiki/Nueva_Hesp%C3%A9rides_International_Airport",2
"SUB","WARR","-7.379720","112.786940","Surabaya metropolitan area","https://en.wikipedia.org/wiki/Juanda_International_Airport",40
"SUG","RPMS","9.757500","125.479440","Surigao City","https://en.wikipedia.org/wiki/Surigao_Airport",1
"SUI","UGSS","42.858060","41.128060","Sukhumi","https://en.wikipedia.org/wiki/Sukhumi_Babushara_Airport",3
"SUJ","LRSM","","","Satu Mare County","https://en.wikipedia.org/wiki/Satu_Mare_International_Airport",2
"SUN","KSUN","43.503890","-114.295560","Hailey, Ketchum , Sun Valley","https://en.wikipedia.org/wiki/Friedman_Memorial_Airport",8
"SUV","NFNA","-18.043330","178.559170","Suva","https://en.wikipedia.org/wiki/Nausori_International_Airport",15
"SUX","KSUX","42.402500","-96.384440","Sioux City, Iowa","https://en.wikipedia.org/wiki/Sioux_Gateway_Airport",0
"SVA","PASA","63.686390","-170.492500","Savoonga, Alaska","https://en.wikipedia.org/wiki/Savoonga_Airport",0
"SVB","FMNS","-14.278610","50.174720","Sambava","https://en.wikipedia.org/wiki/Sambava_Airport",4
"SVC","KSVC","32.636670","-108.156390","Silver City, New Mexico","https://en.wikipedia.org/wiki/Grant_County_Airport_(New_Mexico)",0
"SVD","TVSA","13.156390","-61.150280","Saint Vincent and the Grenadines","https://en.wikipedia.org/wiki/Argyle_International_Airport",24
"SVG","ENZV","58.876670","5.637780","Bristow Norway CHC Helikopter Service Scandinavian Airlines","https://en.wikipedia.org/wiki/Stavanger_Airport",35
"SVI","SKSV","2.151390","-74.765280","San Vicente del Caguán , Colombia","https://en.wikipedia.org/wiki/Eduardo_Falla_Solano_Airport",3
"SVJ","ENSH","68.243300","14.669200","Svolvær","https://en.wikipedia.org/wiki/Svolv%C3%A6r_Airport",4
"SVK","MZKT","","","Stann Creek District , Belize","https://en.wikipedia.org/wiki/Silver_Creek_Airport",1
"SVL","EFSA","61.942780","28.945000","","https://en.wikipedia.org/wiki/Savonlinna_Airport",1
"SVO","UUEE","55.972780","37.414720","Moscow metropolitan area","https://en.wikipedia.org/wiki/Sheremetyevo_International_Airport",143
"SVQ","LEZL","37.418060","-5.898890","Ryanair Vueling","https://en.wikipedia.org/wiki/Seville_Airport",101
"SVR","BGSV","76.018610","-65.117500","Savissivik , Greenland","https://en.wikipedia.org/wiki/Savissivik_Heliport",1
"SVS","NONE","66.016940","-149.054440","Stevens Village, Alaska","https://en.wikipedia.org/wiki/Stevens_Village_Airport",0
"SVU","NFNS","-16.802780","179.340560","","https://en.wikipedia.org/wiki/Savusavu_Airport",2
"SVX","USSS","56.741390","60.803610","Pobeda RusLine","https://en.wikipedia.org/wiki/Koltsovo_International_Airport",100
"SVZ","SVSA","7.840830","-72.440000","San Antonio del Táchira , Venezuela","https://en.wikipedia.org/wiki/Juan_Vicente_G%C3%B3mez_International_Airport",5
"SWA","ZGOW","23.552500","116.505830","Chaoshan Jieyang Shantou Chaozhou","https://en.wikipedia.org/wiki/Jieyang_Chaoshan_International_Airport",63
"SWL","RPSV","10.525000","119.273890","San Vicente","https://en.wikipedia.org/wiki/San_Vicente_Airport",1
"SWP","FYSM","-22.658330","14.566670","","https://en.wikipedia.org/wiki/Swakopmund_Airport",0
"SWQ","WADS","-8.488610","117.414169","Sumbawa Besar","https://en.wikipedia.org/wiki/Sultan_Muhammad_Kaharuddin_III_Airport",2
"SWT","UNSS","60.710000","77.660000","","https://en.wikipedia.org/wiki/Strezhevoy_Airport",2
"SWV","UHMW","61.924440","159.231110","Evensk , Severo-Evensky District , Magadan Oblast , Russia","https://en.wikipedia.org/wiki/Severo-Evensk_Airport",1
"SXB","LFST","48.541940","7.634440","Strasbourg , France","https://en.wikipedia.org/wiki/Strasbourg_Airport",50
"SXI","OIBS","25.908890","54.539440","Sirri Island , Hormozgan","https://en.wikipedia.org/wiki/Sirri_Island_Airport",5
"SXM","TNCM","18.040830","-63.109440","","https://en.wikipedia.org/wiki/Princess_Juliana_International_Airport",46
"SXO","SWFX","-11.632500","-50.689440","São Félix do Araguaia","https://en.wikipedia.org/wiki/S%C3%A3o_F%C3%A9lix_do_Araguaia_Airport",1
"SXR","VISR","33.987139","74.774250","Srinagar","https://en.wikipedia.org/wiki/Srinagar_Airport",12
"SXV","VOSM","11.781940","78.064440","Salem Metropolitan Area","https://en.wikipedia.org/wiki/Salem_Airport_(India)",4
"SXZ","LTCL","37.978060","41.839170","","https://en.wikipedia.org/wiki/Siirt_Airport",2
"SYD","YSSY","-33.946110","151.177220","Sydney","https://en.wikipedia.org/wiki/Sydney_Airport",106
"SYJ","OIKY","29.550280","55.665280","","https://en.wikipedia.org/wiki/Sirjan_Airport",1
"SYM","ZPSM","","","Pu'er , Yunnan , China","https://en.wikipedia.org/wiki/Pu%27er_Simao_Airport",5
"SYO","RJSY","38.812220","139.787220","Sakata, Yamagata","https://en.wikipedia.org/wiki/Shonai_Airport",2
"SYP","MPSA","8.086110","-80.945280","","https://en.wikipedia.org/wiki/Ruben_Cantu_Airport",0
"SYQ","MRPV","9.957220","-84.139440","San José, Costa Rica","https://en.wikipedia.org/wiki/Tob%C3%ADas_Bola%C3%B1os_International_Airport",7
"SYR","KSYR","43.111110","-76.106390","Syracuse","https://en.wikipedia.org/wiki/Syracuse_Hancock_International_Airport",0
"SYU","YWBS","-10.206670","142.823330","","https://en.wikipedia.org/wiki/Warraber_Island_Airport",4
"SYX","ZJSY","18.302897","109.412272","Sanya","https://en.wikipedia.org/wiki/Sanya_Phoenix_International_Airport",97
"SYY","EGPO","58.215560","-6.331110","Stornoway , Outer Hebrides","https://en.wikipedia.org/wiki/Stornoway_Airport",7
"SYZ","OISS","29.539170","52.590000","Iran Air Karun Airlines Qeshm Air Taban Air","https://en.wikipedia.org/wiki/Shiraz_Shahid_Dastgheib_International_Airport",39
"SZA","FNSO","","","Soyo","https://en.wikipedia.org/wiki/Soyo_Airport",2
"SZB","WMSA","3.131110","101.548060","Berjaya Air","https://en.wikipedia.org/wiki/Sultan_Abdul_Aziz_Shah_Airport",13
"SZF","LTFH","41.265560","36.548610","Samsun , Turkey","https://en.wikipedia.org/wiki/Samsun-%C3%87ar%C5%9Famba_Airport",16
"SZG","LOWS","","","Salzburg , Austria","https://en.wikipedia.org/wiki/Salzburg_Airport",65
"SZH","ZBSG","39.273060","112.691110","Shuozhou , Shanxi , China","https://en.wikipedia.org/wiki/Shuozhou_Zirun_Airport",3
"SZI","UASZ","47.486940","84.888060","Zaisan , Kazakhstan","https://en.wikipedia.org/wiki/Zaisan_Airport",1
"SZK","FASZ","-24.960830","31.588610","Kruger National Park","https://en.wikipedia.org/wiki/Skukuza_Airport",2
"SZS","NZRC","-46.899720","168.101670","Oban, New Zealand","https://en.wikipedia.org/wiki/Ryan%27s_Creek_Aerodrome",2
"SZX","ZGSZ","22.639440","113.810830","Air China","https://en.wikipedia.org/wiki/Shenzhen_Bao%27an_International_Airport",190
"SZY","EPSY","53.481940","20.937780","121 300","https://en.wikipedia.org/wiki/Olsztyn-Mazury_Airport",6
"SZZ","EPSC","53.584720","14.902220","Szczecin , Poland","https://en.wikipedia.org/wiki/Solidarity_Szczecin%E2%80%93Goleni%C3%B3w_Airport",8
"TAB","TTCP","11.149720","-60.832220","Tobago","https://en.wikipedia.org/wiki/A.N.R._Robinson_International_Airport",6
"TAC","RPVA","11.227500","125.027780","Tacloban","https://en.wikipedia.org/wiki/Daniel_Z._Romualdez_Airport",4
"TAE","RKTN","35.894170","128.658890","Daegu and North Gyeongsang","https://en.wikipedia.org/wiki/Daegu_International_Airport",16
"TAG","RPSP","9.567000","123.775000","Bohol","https://en.wikipedia.org/wiki/Bohol%E2%80%93Panglao_International_Airport",9
"TAH","NVVW","-19.455000","169.223890","Tanna , Taféa , Vanuatu","https://en.wikipedia.org/wiki/Whitegrass_Airport",2
"TAK","RJOT","34.214170","134.015560","","https://en.wikipedia.org/wiki/Takamatsu_Airport",8
"TAL","PATA","65.174440","-152.109440","Tanana, Alaska","https://en.wikipedia.org/wiki/Ralph_M._Calhoun_Memorial_Airport",4
"TAM","MMTM","22.296390","-97.865830","Tampico , Tamaulipas , Mexico","https://en.wikipedia.org/wiki/Tampico_International_Airport",6
"TAO","ZSQD","36.361940","120.088330","Beijing Capital Airlines China Eastern Airlines","https://en.wikipedia.org/wiki/Qingdao_Jiaodong_International_Airport",121
"TAP","MMTP","14.794440","-92.370000","Tapachula , Chiapas , Mexico","https://en.wikipedia.org/wiki/Tapachula_International_Airport",4
"TAS","UTTT","41.257861","69.281186","Air Samarkand Ural Airlines Turkish Airlines","https://en.wikipedia.org/wiki/Tashkent_International_Airport",102
"TAY","EETU","58.307500","26.686940","Tartu , Estonia","https://en.wikipedia.org/wiki/Tartu_Airport",1
"TAZ","UTAT","41.764720","59.833060","","https://en.wikipedia.org/wiki/Da%C5%9Foguz_International_Airport",4
"TBB","VVTH","13.049440","109.333610","","https://en.wikipedia.org/wiki/Tuy_Hoa_Airport",2
"TBD","SKMB","2.777780","-77.668060","Timbiqui , Colombia","https://en.wikipedia.org/wiki/Timbiqui_Airport",2
"TBF","NGTE","-1.224440","174.775560","North Tabiteuea","https://en.wikipedia.org/wiki/Tabiteuea_North_Airport",1
"TBG","AYTB","-5.278610","141.225830","","https://en.wikipedia.org/wiki/Tabubil_Airport",4
"TBI","MYCB","24.315280","-75.452220","New Bight , Cat Island , Bahamas","https://en.wikipedia.org/wiki/New_Bight_Airport",0
"TBJ","DTKA","36.980000","8.876940","Tabarka , Tunisia","https://en.wikipedia.org/wiki/Tabarka%E2%80%93A%C3%AFn_Draham_International_Airport",1
"TBN","KTBN","37.741670","-92.140830","Waynesville & St. Robert , Missouri","https://en.wikipedia.org/wiki/Waynesville%E2%80%93St._Robert_Regional_Airport",0
"TBO","HTTB","-5.076110","32.830560","","https://en.wikipedia.org/wiki/Tabora_Airport",2
"TBS","UGTB","41.669170","44.954720","Tbilisi","https://en.wikipedia.org/wiki/Tbilisi_International_Airport",74
"TBT","SBTT","-4.250560","-69.937780","Tabatinga","https://en.wikipedia.org/wiki/Tabatinga_International_Airport",2
"TBU","NFTF","-21.241110","-175.149440","Nukuʻalofa , Tonga","https://en.wikipedia.org/wiki/Fua%CA%BBamotu_International_Airport",8
"TBW","UUOT","52.805830","41.482780","Donskoye , Tambov Oblast , Russia","https://en.wikipedia.org/wiki/Tambov_Donskoye_Airport",2
"TBZ","OITT","38.133890","46.235000","Tabriz , East Azarbaijan","https://en.wikipedia.org/wiki/Tabriz_Shahid_Madani_International_Airport",19
"TCA","YTNK","-19.634440","134.183330","","https://en.wikipedia.org/wiki/Tennant_Creek_Airport",3
"TCD","SKRA","-2.894720","-69.747220","Tarapacá , Colombia","https://en.wikipedia.org/wiki/Tarapac%C3%A1_Airport",1
"TCG","ZWTC","46.672500","83.340830","Tacheng , Xinjiang , China","https://en.wikipedia.org/wiki/Tacheng_Qianquan_Airport",15
"TCH","FOOT","-2.887500","10.955560","","https://en.wikipedia.org/wiki/Tchibanga_Airport",1
"TCO","SKCO","1.813890","-78.750000","","https://en.wikipedia.org/wiki/La_Florida_Airport_(Colombia)",0
"TCR","VOTK","8.724170","78.025830","Thoothukkudi","https://en.wikipedia.org/wiki/Tuticorin_Airport",2
"TCX","OIMT","33.667500","56.892500","","https://en.wikipedia.org/wiki/Tabas_Airport",1
"TCZ","ZUTC","24.938330","98.485830","Tengchong , Yunnan","https://en.wikipedia.org/wiki/Tengchong_Tuofeng_Airport",11
"TDD","SLTR","-14.820830","-64.916670","Trinidad","https://en.wikipedia.org/wiki/Teniente_Jorge_Henrich_Arauz_Airport",6
"TDK","UAAT","45.122500","78.442780","Taldykorgan Kazakhstan","https://en.wikipedia.org/wiki/Taldykorgan_Airport",3
"TDS","AYSS","-7.622780","142.868890","","https://en.wikipedia.org/wiki/Sasereme_Airport",3
"TDX","VTBO","12.274572","102.318958","Trat / Ko Chang","https://en.wikipedia.org/wiki/Trat_Airport",1
"TEB","KTEB","40.850000","-74.060830","Teterboro, New Jersey","https://en.wikipedia.org/wiki/Teterboro_Airport",0
"TEC","SSVL","-24.316390","-50.652220","Telêmaco Borba","https://en.wikipedia.org/wiki/Tel%C3%AAmaco_Borba_Airport",1
"TEE","DABS","","","","https://en.wikipedia.org/wiki/Cheikh_Larbi_T%C3%A9bessa_Airport",1
"TEI","VETJ","27.942200","96.133900","Lohit district","https://en.wikipedia.org/wiki/Tezu_Airport",5
"TEN","ZUTR","27.883330","109.308890","Tongren and Fenghuang","https://en.wikipedia.org/wiki/Tongren_Fenghuang_Airport",15
"TEQ","LTBU","41.138330","27.919170","","https://en.wikipedia.org/wiki/Tekirda%C4%9F_%C3%87orlu_Airport",1
"TER","LPLA","38.761940","-27.090830","Praia da Vitória / Angra do Heroísmo","https://en.wikipedia.org/wiki/Lajes_Airport",17
"TET","FQTT","-16.108060","33.640280","Tete","https://en.wikipedia.org/wiki/Chingozi_Airport",6
"TEX","KTEX","37.953890","-107.908610","Telluride, Colorado","https://en.wikipedia.org/wiki/Telluride_Regional_Airport",2
"TEZ","VETZ","26.712220","92.787220","Tezpur","https://en.wikipedia.org/wiki/Tezpur_Airport",5
"TFF","SBTF","-3.380280","-64.725280","Tefé","https://en.wikipedia.org/wiki/Tef%C3%A9_Airport",4
"TFI","AYTU","-9.075830","149.320000","Tufi , Papua New Guinea","https://en.wikipedia.org/wiki/Tufi_Airport",3
"TFL","SNTO","-17.890830","-41.515000","Teófilo Otoni","https://en.wikipedia.org/wiki/Te%C3%B3filo_Otoni_Airport",1
"TFM","AYTE","-5.126000","141.641670","","https://en.wikipedia.org/wiki/Telefomin_Airport",1
"TFN","GCXO","28.482780","-16.341670","Santa Cruz de Tenerife , Tenerife","https://en.wikipedia.org/wiki/Tenerife_North%E2%80%93Ciudad_de_La_Laguna_Airport",33
"TFS","GCTS","28.044440","-16.572500","Tenerife","https://en.wikipedia.org/wiki/Tenerife_South_Airport",126
"TFU","ZUTF","30.319000","104.445000","Chengdu","https://en.wikipedia.org/wiki/Chengdu_Tianfu_International_Airport",213
"TGD","LYPG","42.359440","19.251940","Podgorica","https://en.wikipedia.org/wiki/Podgorica_Airport",43
"TGG","WMKN","5.381390","103.104720","Kuala Terengganu","https://en.wikipedia.org/wiki/Sultan_Mahmud_Airport",2
"TGI","SPGM","-9.287500","-76.005000","Tingo María , Huánuco , Peru","https://en.wikipedia.org/wiki/Tingo_Mar%C3%ADa_Airport",1
"TGM","LRTM","","","Wizz Air","https://en.wikipedia.org/wiki/T%C3%A2rgu_Mure%C8%99_International_Airport",3
"TGO","ZBTL","43.556933","122.199783","Tongliao , Inner Mongolia","https://en.wikipedia.org/wiki/Tongliao_Airport",22
"TGP","UNIP","61.590000","89.973330","Bor","https://en.wikipedia.org/wiki/Podkamennaya_Tunguska_Airport",2
"TGR","DAUK","","","Touggourt , Algeria","https://en.wikipedia.org/wiki/Sidi_Mahdi_Airport",2
"TGT","HTTG","-5.092089","39.071670","City of Tanga , Tanzania","https://en.wikipedia.org/wiki/Tanga_Airport",4
"TGU","MHTG","14.061670","-87.216940","Tegucigalpa , Honduras","https://en.wikipedia.org/wiki/Toncont%C3%ADn_International_Airport",4
"TGZ","MMTG","16.563610","-93.022500","Tuxtla Gutiérrez","https://en.wikipedia.org/wiki/Tuxtla_Guti%C3%A9rrez_International_Airport",7
"THD","VVTX","19.901670","105.467780","Thanh Hóa","https://en.wikipedia.org/wiki/Tho_Xuan_Airport",8
"THE","SBTE","-5.060560","-42.824440","Teresina","https://en.wikipedia.org/wiki/Teresina_Airport",6
"THG","YTNG","-24.493890","150.578890","Thangool, Queensland","https://en.wikipedia.org/wiki/Thangool_Airport",1
"THL","VYTL","20.483610","99.935280","Tachilek , Myanmar","https://en.wikipedia.org/wiki/Tachilek_Airport",6
"THN","ESGT","58.324170","12.336390","","https://en.wikipedia.org/wiki/Trollh%C3%A4ttan%E2%80%93V%C3%A4nersborg_Airport",3
"THO","BITN","66.218330","-15.335560","Þórshöfn , Iceland","https://en.wikipedia.org/wiki/%C3%9E%C3%B3rsh%C3%B6fn_Airport",2
"THQ","ZLTS","34.558330","105.861110","Tianshui , Gansu","https://en.wikipedia.org/wiki/Tianshui_Maijishan_Airport",2
"THR","OIII","35.689170","51.313610","Tehran metropolitan area","https://en.wikipedia.org/wiki/Mehrabad_International_Airport",60
"THS","VTPO","17.237780","99.818060","Sukhothai","https://en.wikipedia.org/wiki/Sukhothai_Airport",0
"THU","BGTL","","","","https://en.wikipedia.org/wiki/Pituffik_Space_Base",4
"THX","UOTT","65.800000","87.930000","Turukhansk","https://en.wikipedia.org/wiki/Turukhansk_Airport",4
"TIA","LATI","41.414720","19.720560","Tirana , Tirana County , Albania","https://en.wikipedia.org/wiki/Tirana_International_Airport_N%C3%ABn%C3%AB_Tereza",113
"TID","DAOB","","","Tiaret , Algeria","https://en.wikipedia.org/wiki/Abdelhafid_Boussouf_Bou_Chekif_Airport",1
"TIF","OETF","21.483400","40.541522","Taif","https://en.wikipedia.org/wiki/Taif_International_Airport",15
"TIJ","MMTJ","32.540830","-116.970000","Viva","https://en.wikipedia.org/wiki/Tijuana_International_Airport",40
"TIM","WAYY","-4.529100","136.886600","Timika","https://en.wikipedia.org/wiki/Mozes_Kilangin_Airport",17
"TIQ","PGWT","14.999170","145.619440","","https://en.wikipedia.org/wiki/Tinian_International_Airport",0
"TIV","LYTV","42.404720","18.723330","Tivat","https://en.wikipedia.org/wiki/Tivat_Airport",46
"TIZ","AYTA","","","","https://en.wikipedia.org/wiki/Tari_Airport",1
"TJA","SLTJ","-21.555560","-64.701390","Tarija , Bolivia","https://en.wikipedia.org/wiki/Capit%C3%A1n_Oriel_Lea_Plaza_Airport",4
"TJB","WIDT","1.052220","103.392500","Tanjung Balai","https://en.wikipedia.org/wiki/Raja_Haji_Abdullah_Airport",2
"TJH","RJBT","35.512780","134.786940","","https://en.wikipedia.org/wiki/Tajima_Airport",1
"TJK","LTAW","40.311670","36.373610","Tokat Province","https://en.wikipedia.org/wiki/Tokat_Airport",2
"TJM","USTR","57.168330","65.316670","Tyumen","https://en.wikipedia.org/wiki/Roshchino_International_Airport",52
"TJQ","WIKT","-2.745560","107.754720","Tanjung Pandan","https://en.wikipedia.org/wiki/H.A.S._Hanandjoeddin_International_Airport",2
"TJS","WAGD","2.836390","117.373610","","https://en.wikipedia.org/wiki/Tanjung_Harapan_Airport",4
"TJU","UTDK","37.988330","69.805000","Kulob , Tajikistan","https://en.wikipedia.org/wiki/Kulob_Airport",3
"TKD","DGTK","4.895830","-1.774720","","https://en.wikipedia.org/wiki/Takoradi_Airport",2
"TKE","NONE","57.779720","-135.218330","Tenakee Springs, Alaska","https://en.wikipedia.org/wiki/Tenakee_Seaplane_Base",1
"TKG","WILL","-5.242500","105.178890","Bandar Lampung","https://en.wikipedia.org/wiki/Radin_Inten_II_Airport",4
"TKK","PTKK","7.461940","151.843060","","https://en.wikipedia.org/wiki/Chuuk_International_Airport",10
"TKN","RJKN","27.836390","128.881390","Tokunoshima Amagi, Kagoshima , Japan","https://en.wikipedia.org/wiki/Tokunoshima_Airport",3
"TKQ","HTKA","-4.886110","29.670830","Kigoma","https://en.wikipedia.org/wiki/Kigoma_Airport",2
"TKS","RJOS","34.132220","134.609170","Tokushima, Japan","https://en.wikipedia.org/wiki/Tokushima_Airport",4
"TKU","EFTU","60.514720","22.261670","Turku , Finland","https://en.wikipedia.org/wiki/Turku_Airport",9
"TLA","PATE","65.240280","-166.339440","Teller, Alaska","https://en.wikipedia.org/wiki/Teller_Airport",0
"TLC","MMTO","19.336940","-99.565830","Toluca , Greater Mexico City","https://en.wikipedia.org/wiki/Toluca_International_Airport",7
"TLE","FMST","-23.383330","43.728330","Toliara","https://en.wikipedia.org/wiki/Toliara_Airport",2
"TLH","KTLH","30.396670","-84.350280","Tallahassee metropolitan area","https://en.wikipedia.org/wiki/Tallahassee_International_Airport",0
"TLI","WAFL","","","Tolitoli Regency , Central Sulawesi , Sulawesi Island , Indonesia","https://en.wikipedia.org/wiki/Sultan_Bantilan_Airport",2
"TLK","UECT","59.876390","111.044440","","https://en.wikipedia.org/wiki/Talakan_Airport",14
"TLL","EETN","59.413330","24.832500","Tallinn , Parnu ,Estonia","https://en.wikipedia.org/wiki/Tallinn_Airport",60
"TLN","LFTH","43.097220","6.146110","Toulon , France","https://en.wikipedia.org/wiki/Toulon%E2%80%93Hy%C3%A8res_Airport",14
"TLQ","ZWTP","43.030560","89.100560","Turpan , Xinjiang , China","https://en.wikipedia.org/wiki/Turpan_Jiaohe_Airport",30
"TLS","LFBO","43.635000","1.367780","Air France easyJet Ryanair Volotea","https://en.wikipedia.org/wiki/Toulouse%E2%80%93Blagnac_Airport",99
"TLU","SKTL","9.509720","-75.586110","","https://en.wikipedia.org/wiki/Golfo_de_Morrosquillo_Airport",2
"TLV","LLBG","32.009440","34.882780","Bluebird Airways , FlyLili , FLYYO , TUS Airways , Wizz Air","https://en.wikipedia.org/wiki/Ben_Gurion_Airport",143
"TME","SKTM","6.451110","-71.759720","","https://en.wikipedia.org/wiki/Gabriel_Vargas_Santos_Airport",2
"TMF","VRNT","2.208610","73.151110","Thaa Atoll , Maldives","https://en.wikipedia.org/wiki/Thimarafushi_Airport",1
"TMH","WAKT","-6.096926","140.303564","Tanahmerah and Mappi","https://en.wikipedia.org/wiki/Tanah_Merah_Airport",4
"TMI","VNTR","27.315000","87.193330","Tumlingtar , Sankhuwasabha District , Nepal","https://en.wikipedia.org/wiki/Tumlingtar_Airport",2
"TMJ","UTST","37.286670","67.310000","Termez","https://en.wikipedia.org/wiki/Termez_Airport",5
"TMP","EFTP","61.415280","23.587780","Tampere , Pirkkala , Finland","https://en.wikipedia.org/wiki/Tampere%E2%80%93Pirkkala_Airport",5
"TMR","DAAT","22.811110","5.450830","Tamanrasset , Algeria","https://en.wikipedia.org/wiki/Aguenar_%E2%80%93_Hadj_Bey_Akhamok_Airport",8
"TMS","FPST","0.378060","6.712220","São Tomé , São Tomé Island , São Tomé and Príncipe","https://en.wikipedia.org/wiki/S%C3%A3o_Tom%C3%A9_International_Airport",8
"TMT","SBTB","-1.489720","-56.396940","Porto Trombetas ( Oriximiná )","https://en.wikipedia.org/wiki/Porto_Trombetas_Airport",6
"TMU","MRTR","9.739440","-85.016670","","https://en.wikipedia.org/wiki/Tambor_Airport",2
"TMW","YSTW","-31.083890","150.849440","Tamworth, New South Wales , Australia","https://en.wikipedia.org/wiki/Tamworth_Regional_Airport",2
"TMX","DAUT","","","Timimoun , Algeria","https://en.wikipedia.org/wiki/Timimoun_Airport",2
"TNA","ZSJN","36.857220","117.216110","Jinan","https://en.wikipedia.org/wiki/Jinan_Yaoqiang_International_Airport",76
"TNC","PATC","65.563060","-167.921670","","https://en.wikipedia.org/wiki/Tin_City_LRRS_Airport",3
"TNE","RJFG","30.605000","130.991670","","https://en.wikipedia.org/wiki/New_Tanegashima_Airport",3
"TNG","GMTT","35.726940","-5.916940","Air Arabia Maroc Royal Air Maroc","https://en.wikipedia.org/wiki/Tangier_Ibn_Battouta_Airport",52
"TNH","ZYTN","42.047733","125.733469","Tonghua , Jilin , China","https://en.wikipedia.org/wiki/Tonghua_Sanyuanpu_Airport",7
"TNN","RCNN","22.950280","120.205560","","https://en.wikipedia.org/wiki/Tainan_Airport",2
"TNO","MRTM","10.315280","-85.813890","Tamarindo, Costa Rica","https://en.wikipedia.org/wiki/Tamarindo_Airport",2
"TNR","FMMI","-18.796940","47.478890","Antananarivo , Madagascar","https://en.wikipedia.org/wiki/Ivato_International_Airport",21
"TOB","HLTQ","31.860000","23.906110","Tobruk , Libya","https://en.wikipedia.org/wiki/Tobruk_Airport",0
"TOE","DTTZ","33.939720","8.110560","Nefta , Tunisia","https://en.wikipedia.org/wiki/Tozeur%E2%80%93Nefta_International_Airport",2
"TOF","UNTT","56.386670","85.210560","Tomsk , Tomsk Oblast , Russia","https://en.wikipedia.org/wiki/Tomsk_Kamov_Airport",16
"TOL","KTOL","41.587500","-83.812500","Toledo, Ohio and Detroit, Michigan","https://en.wikipedia.org/wiki/Toledo_Express_Airport",3
"TOM","GATB","16.730560","-3.007500","","https://en.wikipedia.org/wiki/Timbuktu_Airport",2
"TOS","ENTC","69.681390","18.917780","Lufttransport","https://en.wikipedia.org/wiki/Troms%C3%B8_Airport",0
"TOY","RJNT","36.648330","137.187500","","https://en.wikipedia.org/wiki/Toyama_Airport",6
"TPA","KTPA","27.979720","-82.534720","Tampa Bay Area","https://en.wikipedia.org/wiki/Tampa_International_Airport",104
"TPE","RCTP","25.076390","121.223890","Cathay Pacific Scoot","https://en.wikipedia.org/wiki/Taoyuan_International_Airport",112
"TPJ","VNTJ","27.350830","87.695000","Taplejung district , Nepal","https://en.wikipedia.org/wiki/Taplejung_Airport",1
"TPP","SPST","-6.508330","-76.373610","","https://en.wikipedia.org/wiki/Cadete_FAP_Guillermo_del_Castillo_Paredes_Airport",11
"TPQ","MMEP","21.419453","-104.842581","Tepic , Nayarit , Mexico","https://en.wikipedia.org/wiki/Tepic_International_Airport",5
"TPS","LICT","37.911940","12.493330","AlbaStar","https://en.wikipedia.org/wiki/Trapani%E2%80%93Birgi_Airport",22
"TPU","VNTP","28.521940","81.123060","Tikapur , Nepal","https://en.wikipedia.org/wiki/Tikapur_Airport",0
"TQA","BGTA","73.373060","-56.060280","Tasiusaq , Greenland","https://en.wikipedia.org/wiki/Tasiusaq_Heliport_(Avannaata)",2
"TQO","MMTL","20.166670","-87.666670","Tulum","https://en.wikipedia.org/wiki/Tulum_International_Airport",18
"TQP","YTEE","-21.835000","140.888060","","https://en.wikipedia.org/wiki/Trepell_Airport",0
"TQZ","OITS","","","","https://en.wikipedia.org/wiki/Saqqez_Airport",1
"TRA","RORT","24.653890","124.675280","","https://en.wikipedia.org/wiki/Tarama_Airport",1
"TRC","MMTC","25.568060","-103.410560","La Laguna , e.g.: Torreón , Coahuila , Gómez Palacio, Durango","https://en.wikipedia.org/wiki/Torre%C3%B3n_International_Airport",9
"TRD","ENVA","63.457500","10.924170","Norwegian Air Shuttle Scandinavian Airlines Widerøe","https://en.wikipedia.org/wiki/Trondheim_Airport",40
"TRF","ENTO","59.186670","10.258610","Vestfold Greater Oslo Region Eastern Norway","https://en.wikipedia.org/wiki/Sandefjord_Airport,_Torp",31
"TRG","NZTG","-37.673330","176.197220","","https://en.wikipedia.org/wiki/Tauranga_Airport",9
"TRI","KTRI","36.475280","-82.407500","Tri-Cities, Tennessee-Virginia ( Johnson City, Tennessee ; Kingsport, Tennessee ; Bristol, Tennessee - Virginia )","https://en.wikipedia.org/wiki/Tri-Cities_Regional_Airport",5
"TRK","WAQQ","3.326670","117.565560","Tarakan","https://en.wikipedia.org/wiki/Juwata_Airport",6
"TRN","LIMF","45.202500","7.649440","Ryanair","https://en.wikipedia.org/wiki/Turin_Airport",64
"TRR","VCCT","8.539556","81.181861","Trincomalee","https://en.wikipedia.org/wiki/China_Bay_Airport",6
"TRS","LIPQ","","","Ryanair","https://en.wikipedia.org/wiki/Trieste_Airport",28
"TRT","WAFB","-3.185833","119.917750","Toraja","https://en.wikipedia.org/wiki/Toraja_Airport",3
"TRU","SPRU","-8.080560","-79.108330","Trujillo","https://en.wikipedia.org/wiki/Capit%C3%A1n_FAP_Carlos_Mart%C3%ADnez_de_Pinillos_International_Airport",2
"TRV","VOTV","8.480000","76.920000","Thiruvananthapuram","https://en.wikipedia.org/wiki/Thiruvananthapuram_International_Airport",23
"TRW","NGTA","1.381670","173.146940","Tarawa , Kiribati","https://en.wikipedia.org/wiki/Bonriki_International_Airport",16
"TRZ","VOTR","10.765560","78.715000","Tiruchirapalli","https://en.wikipedia.org/wiki/Tiruchirappalli_International_Airport",18
"TSA","RCSS","25.069440","121.551670","China Airlines EVA Air","https://en.wikipedia.org/wiki/Songshan_Airport",17
"TSF","LIPH","45.650830","12.197780","Ryanair [ 1 ]","https://en.wikipedia.org/wiki/Treviso_Airport",44
"TSJ","RJDT","34.285000","129.330560","Tsushima , Japan","https://en.wikipedia.org/wiki/Tsushima_Airport",2
"TSM","KSKX","36.458060","-105.672500","Taos, New Mexico","https://en.wikipedia.org/wiki/Taos_Regional_Airport",5
"TSN","ZBTJ","39.124440","117.346110","Air China XiamenAir","https://en.wikipedia.org/wiki/Tianjin_Binhai_International_Airport",118
"TSO","EGHT","49.945560","-6.331390","","https://en.wikipedia.org/wiki/Tresco_Heliport",1
"TSR","LRTR","45.810000","21.338060","Timișoara","https://en.wikipedia.org/wiki/Timi%C8%99oara_Traian_Vuia_International_Airport",34
"TST","VTST","7.508744","99.616578","Trang","https://en.wikipedia.org/wiki/Trang_Airport",1
"TSV","YBTL","-19.253330","146.765000","Townsville , Queensland","https://en.wikipedia.org/wiki/Townsville_Airport",21
"TTE","WAEE","0.831940","127.380560","Ternate","https://en.wikipedia.org/wiki/Sultan_Babullah_Airport",12
"TTJ","RJOR","35.530000","134.162500","Tottori , Japan","https://en.wikipedia.org/wiki/Tottori_Airport",1
"TTN","KTTN","40.276670","-74.813330","917,000","https://en.wikipedia.org/wiki/Trenton%E2%80%93Mercer_Airport",0
"TTQ","MRBT","10.569440","-83.515280","Tortuguero, Costa Rica","https://en.wikipedia.org/wiki/Tortuguero_Airport",2
"TTT","RCFN","22.754720","121.101670","Taitung City , Taiwan","https://en.wikipedia.org/wiki/Taitung_Airport",3
"TTU","GMTN","35.594440","-5.320000","Tétouan , Morocco ; Ceuta , Spain","https://en.wikipedia.org/wiki/Sania_Ramel_Airport",11
"TUC","SANT","-26.840830","-65.104720","San Miguel de Tucumán , Argentina","https://en.wikipedia.org/wiki/Teniente_General_Benjam%C3%ADn_Matienzo_International_Airport",10
"TUD","GOTT","13.736670","-13.653060","Tambacounda , Senegal","https://en.wikipedia.org/wiki/Tambacounda_Airport",0
"TUF","LFOT","47.431940","0.723060","Tours , France","https://en.wikipedia.org/wiki/Tours_Val_de_Loire_Airport",4
"TUG","RPUT","17.638330","121.730560","Tuguegarao","https://en.wikipedia.org/wiki/Tuguegarao_Airport",7
"TUI","OETR","31.692500","38.731110","Turaif","https://en.wikipedia.org/wiki/Turaif_Domestic_Airport",4
"TUK","OPTU","25.986390","63.030280","","https://en.wikipedia.org/wiki/Turbat_International_Airport",4
"TUL","KTUL","36.198330","-95.888060","","https://en.wikipedia.org/wiki/Tulsa_International_Airport",26
"TUN","DTTA","36.851110","10.227220","Tunis","https://en.wikipedia.org/wiki/Tunis%E2%80%93Carthage_International_Airport",73
"TUO","NZAP","-38.739720","176.084440","","https://en.wikipedia.org/wiki/Taup%C5%8D_Airport",2
"TUP","KTUP","34.268060","-88.770000","Tupelo, Mississippi","https://en.wikipedia.org/wiki/Tupelo_Regional_Airport",0
"TUR","SBTU","-3.776940","-49.719720","Tucuruí","https://en.wikipedia.org/wiki/Tucuru%C3%AD_Airport",1
"TUS","KTUS","32.116110","-110.941110","Tucson, Arizona","https://en.wikipedia.org/wiki/Tucson_International_Airport",20
"TUU","OETB","28.373060","36.621390","Tabuk , Saudi Arabia","https://en.wikipedia.org/wiki/Prince_Sultan_bin_Abdulaziz_Airport",10
"TUV","SVTC","9.088890","-62.094440","","https://en.wikipedia.org/wiki/San_Rafael_Airport_(Venezuela)",1
"TUW","NONE","8.918060","-77.708330","Tubualá","https://en.wikipedia.org/wiki/Tubual%C3%A1_Airport",0
"TVF","KTVF","48.065560","-96.185000","Thief River Falls, Minnesota","https://en.wikipedia.org/wiki/Thief_River_Falls_Regional_Airport",0
"TVS","ZBSN","39.725280","117.993330","","https://en.wikipedia.org/wiki/Tangshan_Sann%C3%BChe_Airport",11
"TVU","NFNM","-16.690560","-179.876940","Matei , Taveuni Island , Fiji","https://en.wikipedia.org/wiki/Matei_Airport",2
"TVY","VYDW","14.103610","98.203610","Dawei , Myanmar","https://en.wikipedia.org/wiki/Dawei_Airport",2
"TWC","ZWTS","39.888139","79.231911","Tumxuk , Xinjiang , China","https://en.wikipedia.org/wiki/Tumxuk_Tangwangcheng_Airport",14
"TWF","KTWF","42.481670","-114.487780","Twin Falls, Idaho","https://en.wikipedia.org/wiki/Magic_Valley_Regional_Airport",0
"TWT","RPMN","5.046940","119.742780","Tawi-Tawi","https://en.wikipedia.org/wiki/Sanga-Sanga_Airport",2
"TWU","WBKW","4.313330","118.121940","Tawau Division","https://en.wikipedia.org/wiki/Tawau_Airport",5
"TXN","ZSTX","29.730000","118.252780","Huangshan City","https://en.wikipedia.org/wiki/Huangshan_Tunxi_International_Airport",8
"TYD","UHBW","55.283330","124.778330","","https://en.wikipedia.org/wiki/Tynda_Airport",2
"TYF","ESST","60.154720","12.994440","","https://en.wikipedia.org/wiki/Torsby_Airport",2
"TYL","SPYL","-4.576390","-81.254170","Talara , Peru","https://en.wikipedia.org/wiki/Capit%C3%A1n_FAP_V%C3%ADctor_Montes_Arias_International_Airport",1
"TYM","MYES","24.169170","-76.439170","Staniel Cay , Exuma Islands , Bahamas","https://en.wikipedia.org/wiki/Staniel_Cay_Airport",1
"TYN","ZBYN","37.746940","112.628330","China Eastern Airlines Hainan Airlines","https://en.wikipedia.org/wiki/Taiyuan_Wusu_International_Airport",68
"TYS","KTYS","35.811110","-83.993890","Knoxville, Tennessee","https://en.wikipedia.org/wiki/McGhee_Tyson_Airport",36
"TZA","MZBE","17.517500","-88.195830","Belize City , Belize","https://en.wikipedia.org/wiki/Sir_Barry_Bowen_Municipal_Airport",8
"TZL","LQTZ","44.458610","18.724720","Tuzla Canton , Bosnia and Herzegovina","https://en.wikipedia.org/wiki/Tuzla_International_Airport",6
"TZX","LTCG","40.995000","39.789720","Trabzon , Turkey","https://en.wikipedia.org/wiki/Trabzon_Airport",29
"UAI","WPDB","-9.303890","125.286940","Suai , Cova Lima , Timor-Leste","https://en.wikipedia.org/wiki/Suai_Airport",0
"UAK","BGBW","61.160830","-45.425560","Narsarsuaq","https://en.wikipedia.org/wiki/Narsarsuaq_Airport",7
"UAQ","SANU","-31.572220","-68.418060","San Juan","https://en.wikipedia.org/wiki/Domingo_Faustino_Sarmiento_Airport",3
"UAS","HKSB","","","Samburu, Kenya","https://en.wikipedia.org/wiki/Samburu_Airport",2
"UBA","SBUR","-19.764720","-47.966110","Uberaba","https://en.wikipedia.org/wiki/Uberaba_Airport",4
"UBB","YMAA","-9.949972","142.195000","","https://en.wikipedia.org/wiki/Mabuiag_Island_Airport",3
"UBJ","RJDC","33.930000","131.278610","Ube","https://en.wikipedia.org/wiki/Yamaguchi_Ube_Airport",1
"UBP","VTUU","15.251278","104.870231","Ubon Ratchathani","https://en.wikipedia.org/wiki/Ubon_Ratchathani_Airport",0
"UCB","ZBUC","41.129720","113.108060","Ulanqab , Inner Mongolia","https://en.wikipedia.org/wiki/Ulanqab_Jining_Airport",6
"UCT","UUYH","63.566670","53.803330","Ukhta","https://en.wikipedia.org/wiki/Ukhta_Airport",3
"UDI","SBUL","-18.883610","-48.225280","Uberlândia","https://en.wikipedia.org/wiki/Uberl%C3%A2ndia_Airport",12
"UDR","VAUD","24.617556","73.894440","Udaipur","https://en.wikipedia.org/wiki/Maharana_Pratap_Airport",9
"UEL","FQQL","-17.855444","36.868694","Quelimane","https://en.wikipedia.org/wiki/Quelimane_Airport",4
"UEO","ROKJ","26.363610","126.713890","","https://en.wikipedia.org/wiki/Kumejima_Airport",2
"UET","OPQT","30.240000","66.940000","Quetta","https://en.wikipedia.org/wiki/Quetta_International_Airport",6
"UFA","UWUU","54.563610","55.880280","Ufa , Bashkortostan , Russia","https://en.wikipedia.org/wiki/Ufa_International_Airport",56
"UGC","UTNU","41.584170","60.641670","Urgench , Khiva","https://en.wikipedia.org/wiki/Urgench_International_Airport",14
"UGO","FNUG","-7.602780","15.027780","","https://en.wikipedia.org/wiki/U%C3%ADge_Airport",1
"UIB","SKUI","5.690830","-76.641110","","https://en.wikipedia.org/wiki/El_Cara%C3%B1o_Airport",10
"UIH","VVPC","13.955000","109.042220","Quy Nhơn","https://en.wikipedia.org/wiki/Phu_Cat_Airport",5
"UII","MHUT","16.112500","-86.880560","Útila","https://en.wikipedia.org/wiki/%C3%9Atila_Airport",3
"UIK","UIBS","58.133330","102.556670","","https://en.wikipedia.org/wiki/Ust-Ilimsk_Airport",2
"UIN","KUIN","39.942780","-91.194720","Quincy, Illinois","https://en.wikipedia.org/wiki/Quincy_Regional_Airport",0
"UIO","SEQM","-0.113300","-78.358600","Avianca","https://en.wikipedia.org/wiki/Mariscal_Sucre_International_Airport",24
"UJE","NONE","8.928060","165.762500","Ujae, Ujae Atoll , Marshall Islands","https://en.wikipedia.org/wiki/Ujae_Airport",3
"UKA","HKUK","-4.296940","39.571390","","https://en.wikipedia.org/wiki/Ukunda_Airport",3
"UKB","RJBE","34.632780","135.223890","Keihanshin","https://en.wikipedia.org/wiki/Kobe_Airport",17
"UKH","OOMK","19.390000","56.397780","Mukhaizna oil field , Oman","https://en.wikipedia.org/wiki/Mukhaizna_Airport",1
"UKK","UASK","50.036110","82.494170","Oskemen (Ust-Kamenogorsk)","https://en.wikipedia.org/wiki/Oskemen_Airport",11
"UKX","UITT","56.858060","105.729440","Ust-Kut","https://en.wikipedia.org/wiki/Ust-Kut_Airport",1
"ULG","ZMUL","48.991670","89.919720","","https://en.wikipedia.org/wiki/%C3%96lgii_Airport",1
"ULI","NONE","10.027500","139.788890","Falalop","https://en.wikipedia.org/wiki/Ulithi_Airport",3
"ULK","UERL","60.720560","114.825830","Lensk","https://en.wikipedia.org/wiki/Lensk_Airport",3
"ULO","ZMUG","50.067220","91.937780","","https://en.wikipedia.org/wiki/Ulaangom_Airport",1
"ULP","YQLP","-26.609361","144.257694","Quilpie, Queensland , Australia","https://en.wikipedia.org/wiki/Quilpie_Airport",8
"ULU","HUGU","2.799440","32.275280","Gulu , Uganda","https://en.wikipedia.org/wiki/Gulu_Airport",2
"ULV","UWLL","54.275560","48.243060","Ulyanovsk , Ulyanovsk Oblast , Russia","https://en.wikipedia.org/wiki/Ulyanovsk_Baratayevka_Airport",10
"ULZ","ZMDN","47.712780","96.524170","","https://en.wikipedia.org/wiki/Donoi_Airport",1
"UMD","BGUM","70.680280","-52.161670","Uummannaq , Greenland","https://en.wikipedia.org/wiki/Uummannaq_Heliport",7
"UME","ESNU","63.791940","20.282780","Umeå , Sweden","https://en.wikipedia.org/wiki/Ume%C3%A5_Airport",4
"UMU","SSUM","-23.799170","-53.313890","Umuarama","https://en.wikipedia.org/wiki/Umuarama_Airport",1
"UNA","SBTC","-15.353330","-38.997220","Una","https://en.wikipedia.org/wiki/Una-Comandatuba_Airport",3
"UNG","AYKI","-6.125667","141.282000","","https://en.wikipedia.org/wiki/Kiunga_Airport",5
"UNI","TVSU","12.598610","-61.414720","SVG Air .","https://en.wikipedia.org/wiki/Union_Island_Airport",0
"UNK","PAUN","63.888330","-160.798890","Unalakleet, Alaska","https://en.wikipedia.org/wiki/Unalakleet_Airport",0
"UNN","VTSR","9.777500","98.585280","Ranong","https://en.wikipedia.org/wiki/Ranong_Airport",1
"UOL","WAFY","","","Buol Regency , Central Sulawesi , Sulawesi Island , Indonesia","https://en.wikipedia.org/wiki/Pogogul_Airport",1
"UPG","WAAA","-5.061670","119.554170","Sriwijaya Air","https://en.wikipedia.org/wiki/Sultan_Hasanuddin_International_Airport",43
"UPN","MMPN","19.396670","-102.039170","Uruapan , Michoacán , Mexico","https://en.wikipedia.org/wiki/Uruapan_International_Airport",3
"URA","UARR","51.150830","51.543060","Oral","https://en.wikipedia.org/wiki/Oral_Ak_Zhol_Airport",13
"SLC","KSLC","40.788330","-111.977780","Salt Lake City metropolitan area Wasatch Front","https://en.wikipedia.org/wiki/Salt_Lake_City_International_Airport",111
"SMQ","WAGS","-2.499170","112.975000","Sampit","https://en.wikipedia.org/wiki/H._Asan_Airport",3
"SOY","EGER","59.155280","-2.641390","Stronsay","https://en.wikipedia.org/wiki/Stronsay_Airport",0
"SSG","FGSL","3.755000","8.708610","Malabo","https://en.wikipedia.org/wiki/Malabo_International_Airport",0
"SUF","LICA","38.905280","16.242220","Province of Catanzaro","https://en.wikipedia.org/wiki/Lamezia_Terme_International_Airport",52
"SWF","KSWF","41.504170","-74.104720","Hudson Valley Catskills New York metropolitan area","https://en.wikipedia.org/wiki/Stewart_International_Airport",10
"SZE","HASM","11.787500","40.991670","Semera","https://en.wikipedia.org/wiki/Semera_Airport",5
"TAT","LZTT","49.073610","20.241110","Poprad , Slovakia","https://en.wikipedia.org/wiki/Poprad%E2%80%93Tatry_Airport",3
"TCP","HETB","29.587780","34.778060","Taba , Egypt","https://en.wikipedia.org/wiki/Taba_International_Airport",6
"TGC","WBTM","2.177780","111.201940","Tanjung Manis,Mukah and Sarikei ,Sarawak","https://en.wikipedia.org/wiki/Tanjung_Manis_Airport",2
"TIR","VOTP","13.637780","79.547220","IndiGo SpiceJet","https://en.wikipedia.org/wiki/Tirupati_Airport",13
"TLM","DAON","","","Tlemcen , Remchi","https://en.wikipedia.org/wiki/Zenata_%E2%80%93_Messali_El_Hadj_Airport",6
"TNJ","WIDN","0.922500","104.532220","Bintan Island","https://en.wikipedia.org/wiki/Raja_Haji_Fisabilillah_Airport",2
"TRE","EGPU","56.499170","-6.869170","","https://en.wikipedia.org/wiki/Tiree_Airport",3
"TTA","GMAT","28.448330","-11.161390","Tan Tan , Morocco","https://en.wikipedia.org/wiki/Tan_Tan_Airport",2
"TVC","KTVC","44.741670","-85.582220","Traverse City, Michigan","https://en.wikipedia.org/wiki/Cherry_Capital_Airport",22
"UBN","ZMCK","47.651390","106.821390","Ulaanbaatar , Mongolia","https://en.wikipedia.org/wiki/Chinggis_Khaan_International_Airport",36
"URE","EEKE","58.230000","22.509440","Kuressaare , Estonia","https://en.wikipedia.org/wiki/Kuressaare_Airport",3
"URG","SBUG","-29.783330","-57.036940","Uruguaiana","https://en.wikipedia.org/wiki/Ruben_Berta_International_Airport",2
"URJ","USHU","60.116670","64.833330","Uray","https://en.wikipedia.org/wiki/Uray_Airport",3
"URS","UUOK","51.751670","36.296670","","https://en.wikipedia.org/wiki/Kursk_Vostochny_Airport",0
"URT","VTSB","9.132500","99.135560","Surat Thani","https://en.wikipedia.org/wiki/Surat_Thani_International_Airport",4
"URY","OEGT","31.411670","37.279440","Gurayat (Guriat)","https://en.wikipedia.org/wiki/Gurayat_Domestic_Airport",2
"USA","KJQF","35.387780","-80.709170","Charlotte metropolitan area","https://en.wikipedia.org/wiki/Concord%E2%80%93Padgett_Regional_Airport",8
"USH","SAWH","-54.843330","-68.294440","","https://en.wikipedia.org/wiki/Ushuaia_%E2%80%93_Malvinas_Argentinas_International_Airport",10
"USJ","UAAL","46.190280","80.831390","Usharal , Kazakhstan","https://en.wikipedia.org/wiki/Usharal_Airport",2
"USK","UUYS","66.000000","57.366670","Usinsk","https://en.wikipedia.org/wiki/Usinsk_Airport",7
"USM","VTSM","9.547780","100.062220","Ko Samui","https://en.wikipedia.org/wiki/Samui_Airport",11
"USN","RKPU","35.593330","129.351670","","https://en.wikipedia.org/wiki/Ulsan_Airport",2
"USU","RPVV","12.121390","120.100000","Busuanga","https://en.wikipedia.org/wiki/Francisco_B._Reyes_Airport",4
"UTH","VTUD","17.386390","102.788330","Udon Thani","https://en.wikipedia.org/wiki/Udon_Thani_International_Airport",6
"UTN","FAUP","-28.401110","21.259720","Upington , Dawid Kruiper Local Municipality , Northern Cape","https://en.wikipedia.org/wiki/Upington_Airport",2
"UTP","VTBU","12.679720","101.005000","Chonburi province Rayong province","https://en.wikipedia.org/wiki/U-Tapao_International_Airport",21
"UTS","UUYX","65.433330","52.198890","Ust-Tsilma","https://en.wikipedia.org/wiki/Ust-Tsilma_Airport",1
"UTT","FAUT","-31.546390","28.675280","Mthatha , King Sabata Dalindyebo Local Municipality , Eastern Cape , South Africa","https://en.wikipedia.org/wiki/Mthatha_Airport",1
"UUA","UWKB","54.640000","52.801670","Bugulma","https://en.wikipedia.org/wiki/Bugulma_Airport",6
"UUD","UIUU","51.807500","107.440280","Angara Airlines [ 2 ] IrAero SiLA","https://en.wikipedia.org/wiki/Baikal_International_Airport",22
"UUS","UHSS","46.886940","142.721940","Yuzhno-Sakhalinsk , Russia","https://en.wikipedia.org/wiki/Yuzhno-Sakhalinsk_Airport",16
"UVF","TLPL","13.733330","-60.952500","Vieux Fort , Saint Lucia","https://en.wikipedia.org/wiki/Hewanorra_International_Airport",13
"UVL","HEKG","25.473610","30.590280","El Kharga","https://en.wikipedia.org/wiki/El_Kharga_Airport",1
"UYL","HSNN","12.053610","24.956110","Nyala","https://en.wikipedia.org/wiki/Nyala_Airport",2
"UYN","ZLYL","38.361110","109.596390","Yulin , Shaanxi","https://en.wikipedia.org/wiki/Yulin_Yuyang_Airport",43
"UYU","SLUY","-20.443060","-66.854170","Uyuni , Potosí , Bolivia","https://en.wikipedia.org/wiki/Uyuni_Airport",2
"UZR","UASU","47.092220","81.657500","Ürjar , Kazakhstan","https://en.wikipedia.org/wiki/%C3%9Crjar_Airport",2
"VAA","EFVA","63.045280","21.764170","","https://en.wikipedia.org/wiki/Vaasa_Airport",3
"VAG","SBVG","-21.588890","-45.473330","Varginha","https://en.wikipedia.org/wiki/Varginha_Airport",1
"VAI","AYVN","-2.697167","141.302286","","https://en.wikipedia.org/wiki/Vanimo_Airport",2
"VAM","VRMV","3.470560","72.835830","Maamigili , Alif Dhaal Atoll , Maldives","https://en.wikipedia.org/wiki/Villa_International_Airport_Maamigili",1
"VAN","LTCI","38.468330","43.332220","Van","https://en.wikipedia.org/wiki/Van_Ferit_Melen_Airport",7
"VAO","AGGV","-7.585830","158.731390","","https://en.wikipedia.org/wiki/Suavanao_Airport",4
"VAQ","UNIW","60.355000","102.310000","","https://en.wikipedia.org/wiki/Vanavara_Airport",2
"VAR","LBWN","43.231940","27.825280","Varna","https://en.wikipedia.org/wiki/Varna_Airport",50
"VAS","LTAR","39.801861","36.893361","","https://en.wikipedia.org/wiki/Sivas_Airport",3
"VAV","NFTV","-18.585280","-173.961670","","https://en.wikipedia.org/wiki/Vava%CA%BBu_International_Airport",2
"VBA","VYAN","19.768890","94.026110","","https://en.wikipedia.org/wiki/Ann_Airport",2
"VBV","NFVB","-17.244861","-178.959306","Vanua Balavu , Fiji","https://en.wikipedia.org/wiki/Vanuabalavu_Airport",1
"VBY","ESSV","57.662780","18.346110","Visby","https://en.wikipedia.org/wiki/Visby_Airport",3
"VCA","VVCT","10.085280","105.711940","Can Tho and Mekong Delta region","https://en.wikipedia.org/wiki/Can_Tho_International_Airport",16
"VCE","LIPZ","","","easyJet [ 1 ] Ryanair [ 2 ] Volotea Wizz Air [ 3 ]","https://en.wikipedia.org/wiki/Venice_Marco_Polo_Airport",98
"VCL","VVCA","15.406110","108.705560","Tam Kỳ and Quảng Ngãi","https://en.wikipedia.org/wiki/Chu_Lai_Airport",2
"VCP","SBKP","-23.006940","-47.134440","Campinas","https://en.wikipedia.org/wiki/Viracopos_International_Airport",75
"VCS","VVCS","8.732500","106.628890","Côn Đảo","https://en.wikipedia.org/wiki/Con_Dao_Airport",4
"VCT","KVCT","28.852500","-96.918610","Victoria, Texas","https://en.wikipedia.org/wiki/Victoria_Regional_Airport",0
"VDC","SBVC","-14.907780","-40.914720","Vitória da Conquista","https://en.wikipedia.org/wiki/Glauber_Rocha_Airport",3
"VDH","VVDH","17.515000","106.590560","Đồng Hới","https://en.wikipedia.org/wiki/Dong_Hoi_Airport",4
"VDM","SAVV","-40.869440","-63.000000","Viedma , Argentina","https://en.wikipedia.org/wiki/Gobernador_Edgardo_Castello_Airport",2
"VDO","VVVD","21.117780","107.414170","Hạ Long","https://en.wikipedia.org/wiki/Van_Don_International_Airport",4
"VDS","ENVD","70.065280","29.844720","Vadsø","https://en.wikipedia.org/wiki/Vads%C3%B8_Airport",10
"VDZ","PAVD","61.133890","-146.248330","Valdez, Alaska","https://en.wikipedia.org/wiki/Valdez_Airport",1
"VEE","PAVE","67.008610","-146.366390","Venetie, Alaska","https://en.wikipedia.org/wiki/Venetie_Airport",0
"VEL","KVEL","40.440830","-109.510000","Vernal, Utah","https://en.wikipedia.org/wiki/Vernal_Regional_Airport",2
"VEO","UNIS","60.373330","93.011670","","https://en.wikipedia.org/wiki/Severo-Yeniseysk_Airport",2
"VER","MMVR","19.145830","-96.187220","Veracruz , Mexico","https://en.wikipedia.org/wiki/Veracruz_International_Airport",13
"VEY","BIVM","63.425000","-20.279170","Vestmannaeyjar , Iceland","https://en.wikipedia.org/wiki/Vestmannaeyjar_Airport",1
"VFA","FVFA","-18.095830","25.838890","Victoria Falls","https://en.wikipedia.org/wiki/Victoria_Falls_Airport",12
"VGA","VOBZ","16.528890","80.795830","Vijayawada , Andhra Pradesh Capital Region","https://en.wikipedia.org/wiki/Vijayawada_Airport",11
"VGD","ULWW","59.283060","39.943890","","https://en.wikipedia.org/wiki/Vologda_Airport",3
"VGO","LEVX","42.229170","-8.627500","Vigo , Spain","https://en.wikipedia.org/wiki/Vigo%E2%80%93Peinador_Airport",9
"VHC","FNSA","-9.688890","20.431940","Saurimo","https://en.wikipedia.org/wiki/Saurimo_Airport",2
"VHM","ESNV","64.578890","16.833330","","https://en.wikipedia.org/wiki/Vilhelmina_Airport",3
"VIE","LOWW","48.110830","16.570830","Korean Air Cargo","https://en.wikipedia.org/wiki/Vienna_International_Airport",224
"VIG","SVVG","8.623610","-71.673610","","https://en.wikipedia.org/wiki/Juan_Pablo_P%C3%A9rez_Alfonzo_Airport",2
"VII","VVVH","18.736725","105.670881","Cửa Lò Vinh","https://en.wikipedia.org/wiki/Vinh_International_Airport",12
"VIJ","TUPW","18.445560","-64.428060","Spanish Town, Virgin Gorda","https://en.wikipedia.org/wiki/Virgin_Gorda_Airport",3
"VIL","GMMH","23.718060","-15.931940","Dakhla","https://en.wikipedia.org/wiki/Dakhla_Airport",8
"VIQ","WPVQ","8.883890","126.373060","External links","https://en.wikipedia.org/wiki/Viqueque_Airport",0
"VIT","LEVT","42.882780","-2.724440","Vitoria-Gasteiz","https://en.wikipedia.org/wiki/Vitoria_Airport",8
"VKG","VVRG","9.959720","105.133890","Rach Gia","https://en.wikipedia.org/wiki/Rach_Gia_Airport",3
"VKO","UUWW","55.596110","37.267500","Moscow metropolitan area","https://en.wikipedia.org/wiki/Vnukovo_International_Airport",103
"VKT","UUYW","67.488330","63.990000","","https://en.wikipedia.org/wiki/Vorkuta_Airport",1
"VLC","LEVC","39.489440","-0.481670","Valencia , Valencian Community , Spain","https://en.wikipedia.org/wiki/Valencia_Airport",119
"VLD","KVLD","30.781390","-83.276110","Valdosta, Georgia","https://en.wikipedia.org/wiki/Valdosta_Regional_Airport",0
"VLI","NVVV","-17.699170","168.319720","Port Vila , Vanuatu","https://en.wikipedia.org/wiki/Bauerfield_International_Airport",18
"VLL","LEVD","41.706110","-4.851940","Valladolid and Palencia , Spain","https://en.wikipedia.org/wiki/Valladolid_Airport",8
"VLN","SVVA","10.150000","-67.927780","","https://en.wikipedia.org/wiki/Arturo_Michelena_International_Airport",5
"VLV","SVVL","9.340830","-70.584170","","https://en.wikipedia.org/wiki/Dr._Antonio_Nicol%C3%A1s_Brice%C3%B1o_Airport",1
"VME","SAOR","-33.725000","-65.377780","Villa Mercedes , Argentina","https://en.wikipedia.org/wiki/Villa_Reynolds_Airport",2
"VNE","LFRV","47.719440","-2.723330","","https://en.wikipedia.org/wiki/Vannes_Airport",2
"VNO","EYVI","54.636940","25.287780","GetJet Airlines Ryanair Wizzair","https://en.wikipedia.org/wiki/Vilnius_Airport",82
"VNS","VEBN","25.452220","82.859440","Varanasi","https://en.wikipedia.org/wiki/Lal_Bahadur_Shastri_Airport",17
"VNX","FQVL","-22.018431","35.313297","Vilankulo","https://en.wikipedia.org/wiki/Vilankulo_Airport",3
"VNY","KVNY","34.209720","-118.490000","Greater Los Angeles","https://en.wikipedia.org/wiki/Van_Nuys_Airport",0
"VOL","LGBL","39.219440","22.794170","Magnesia , Thessaly , Greece","https://en.wikipedia.org/wiki/Nea_Anchialos_National_Airport",6
"VOZ","UUOO","51.815000","39.230000","Voronezh , Lipetsk , Kursk , Tambov , Oryol , Belgorod","https://en.wikipedia.org/wiki/Voronezh_International_Airport",22
"VPE","FNGI","-17.043060","15.683330","Ondjiva","https://en.wikipedia.org/wiki/Ondjiva_Pereira_Airport",7
"VPN","BIVO","65.720560","-14.850560","Vopnafjörður , Austurland , Iceland","https://en.wikipedia.org/wiki/Vopnafj%C3%B6r%C3%B0ur_Airport",2
"VPS","KVPS","30.483330","-86.525280","Destin - Fort Walton Beach , Florida , U.S.","https://en.wikipedia.org/wiki/Destin%E2%80%93Fort_Walton_Beach_Airport",49
"VPY","FQCH","-19.148610","33.429170","Chimoio","https://en.wikipedia.org/wiki/Chimoio_Airport",3
"VQS","TJVQ","18.134720","-65.493890","Isla De Vieques, Puerto Rico","https://en.wikipedia.org/wiki/Antonio_Rivera_Rodr%C3%ADguez_Airport",0
"VRA","MUVR","23.034440","-81.435280","Varadero and Matanzas","https://en.wikipedia.org/wiki/Juan_Gualberto_G%C3%B3mez_Airport",10
"VRB","KVRB","27.655560","-80.417944","Treasure Coast","https://en.wikipedia.org/wiki/Vero_Beach_Regional_Airport",7
"VRN","LIPX","","","Neos Volotea","https://en.wikipedia.org/wiki/Verona_Villafranca_Airport",88
"VSA","MMVA","17.995000","-92.817220","Villahermosa , Tabasco , Mexico","https://en.wikipedia.org/wiki/Villahermosa_International_Airport",8
"VST","ESOW","59.589440","16.633610","Stockholm , Sweden","https://en.wikipedia.org/wiki/Stockholm_V%C3%A4ster%C3%A5s_Airport",3
"VSV","VISV","27.503060","82.026940","Shravasti , Balrampur , Bahraich","https://en.wikipedia.org/wiki/Shravasti_Airport",1
"VTB","UMII","55.126670","30.351670","Vitebsk , Belarus","https://en.wikipedia.org/wiki/Vitebsk_Vostochny_Airport",2
"VTE","VLVT","17.988330","102.563330","Vientiane Prefecture","https://en.wikipedia.org/wiki/Wattay_International_Airport",42
"VTG","VVVT","10.370280","107.093330","Vung Tau , Bà Rịa–Vũng Tàu , Vietnam","https://en.wikipedia.org/wiki/Vung_Tau_Airport",1
"VTZ","VOVZ","17.721110","83.224440","Visakhapatnam","https://en.wikipedia.org/wiki/Visakhapatnam_Airport",16
"VUP","SKVP","10.433330","-73.249720","Valledupar , Colombia","https://en.wikipedia.org/wiki/Alfonso_L%C3%B3pez_Pumarejo_Airport",3
"VVC","SKVV","4.168060","-73.613890","Villavicencio","https://en.wikipedia.org/wiki/La_Vanguardia_Airport",8
"VVI","SLVR","-17.644720","-63.135280","Boliviana de Aviación","https://en.wikipedia.org/wiki/Viru_Viru_International_Airport",0
"VVO","UHWW","43.399170","132.151390","2,634,000","https://en.wikipedia.org/wiki/Vladivostok_International_Airport",36
"VVZ","DAAP","","","Illizi , Algeria","https://en.wikipedia.org/wiki/Takhamalt_Airport",6
"VXC","FQLC","-13.273890","35.266390","Niassa Province , Lichinga","https://en.wikipedia.org/wiki/Lichinga_Airport",3
"VXE","GVSV","16.833100","-25.056900","Mindelo","https://en.wikipedia.org/wiki/Ces%C3%A1ria_%C3%89vora_Airport",7
"VXO","ESMX","56.928890","14.727780","Växjö","https://en.wikipedia.org/wiki/V%C3%A4xj%C3%B6-Kronoberg_Airport",10
"WAA","PAIW","65.622500","-168.095000","Wales, Alaska","https://en.wikipedia.org/wiki/Wales_Airport_(Alaska)",0
"WAE","OEWD","20.504170","45.199440","Wadi al-Dawasir (Wadi ad-Dawasir)","https://en.wikipedia.org/wiki/Wadi_al-Dawasir_Domestic_Airport",3
"WAG","NZWU","-39.962220","175.025280","","https://en.wikipedia.org/wiki/Whanganui_Airport",1
"WAW","EPWA","52.165830","20.967220","Enter Air Smartwings Poland SprintAir Wizz Air","https://en.wikipedia.org/wiki/Warsaw_Chopin_Airport",189
"WBA","WAPV","-2.811333","129.484056","Wahai, Seram Island","https://en.wikipedia.org/wiki/Wahai_Airport",1
"WBB","KWBB","63.515830","-162.278060","Stebbins, Alaska","https://en.wikipedia.org/wiki/Stebbins_Airport",0
"WBM","AYWD","-5.643303","143.895411","","https://en.wikipedia.org/wiki/Wapenamanda_Airport",1
"WBQ","PAWB","66.362220","-147.406670","Beaver, Alaska","https://en.wikipedia.org/wiki/Beaver_Airport",1
"WDS","ZHSY","32.591670","110.907780","Shiyan , Hubei","https://en.wikipedia.org/wiki/Shiyan_Wudangshan_Airport",34
"WEF","ZSWF","36.646940","119.118610","Weifang","https://en.wikipedia.org/wiki/Weifang_Airport",10
"WEH","ZSWH","37.186940","122.228890","Weihai","https://en.wikipedia.org/wiki/Weihai_Dashuipo_International_Airport",26
"WEI","YBWP","-12.678610","141.925280","","https://en.wikipedia.org/wiki/Weipa_Airport",4
"WGA","YSWG","-35.165280","147.466390","Wagga Wagga","https://en.wikipedia.org/wiki/Wagga_Wagga_Airport",3
"WGN","ZGSY","26.802000","110.642000","Shaoyang , Hunan , China","https://en.wikipedia.org/wiki/Shaoyang_Wugang_Airport",7
"WGP","WATU","-9.669170","120.301940","Waingapu , East Nusa Tenggara , Indonesia","https://en.wikipedia.org/wiki/Umbu_Mehang_Kunda_Airport",2
"WHA","ZSWA","31.104440","118.667220","Wuhu and Xuancheng , Anhui , China","https://en.wikipedia.org/wiki/Wuhu_Xuanzhou_Airport",14
"WHK","NZWK","-37.920560","176.914170","","https://en.wikipedia.org/wiki/Whakat%C4%81ne_Airport",4
"WIC","EGPC","58.458890","-3.093060","Wick, Caithness","https://en.wikipedia.org/wiki/Wick_Airport",1
"WIK","NZKE","-36.808330","175.085280","","https://en.wikipedia.org/wiki/Waiheke_Island_Aerodrome",0
"WMI","EPMO","52.451110","20.651670","Warsaw , Poland","https://en.wikipedia.org/wiki/Warsaw_Modlin_Airport",49
"WMN","FMNR","-15.436670","49.688330","Maroantsetra","https://en.wikipedia.org/wiki/Maroantsetra_Airport",3
"WMO","PAWM","64.689170","-163.412780","White Mountain, Alaska","https://en.wikipedia.org/wiki/White_Mountain_Airport",0
"WMT","ZUMT","27.968060","106.438890","Zunyi","https://en.wikipedia.org/wiki/Zunyi_Maotai_Airport",27
"WMX","WAVV","-4.098330","138.951661","Wamena , Tolikara, Yahukimo, Yalimo","https://en.wikipedia.org/wiki/Wamena_Airport",5
"WNH","ZPWS","23.563610","104.333610","Wenshan , Yunnan , China","https://en.wikipedia.org/wiki/Wenshan_Yanshan_Airport",6
"WNP","RPUN","13.584720","123.270000","Naga","https://en.wikipedia.org/wiki/Naga_Airport",1
"WNR","YWDH","-25.413330","142.666670","Windorah , Queensland , Australia","https://en.wikipedia.org/wiki/Windorah_Airport",8
"WNZ","ZSWZ","27.911940","120.851940","Wenzhou","https://en.wikipedia.org/wiki/Wenzhou_Longwan_International_Airport",81
"WOL","YSHL","-34.561110","150.788610","","https://en.wikipedia.org/wiki/Shellharbour_Airport",2
"WOS","ZKWS","39.166390","127.484170","Wonsan Munchon Anbyon","https://en.wikipedia.org/wiki/Kalma_Airport",1
"WOT","RCWA","23.367361","119.502278","","https://en.wikipedia.org/wiki/Wang-an_Airport",1
"WPL","NONE","49.885000","-124.543890","Powell River, British Columbia","https://en.wikipedia.org/wiki/Powell_Lake_Water_Aerodrome",2
"WPR","SCFM","","","Porvenir , Chile","https://en.wikipedia.org/wiki/Capit%C3%A1n_Fuentes_Mart%C3%ADnez_Airport",1
"WPU","SCGZ","-54.931110","-67.626390","Puerto Williams , Chile","https://en.wikipedia.org/wiki/Guardia_Marina_Za%C3%B1artu_Airport",1
"WRE","NZWR","-35.768330","174.365000","","https://en.wikipedia.org/wiki/Whangarei_Airport",5
"WRO","EPWR","51.109440","16.880280","Buzz Enter Air Ryanair Wizzair","https://en.wikipedia.org/wiki/Wroc%C5%82aw_Airport",79
"WRY","EGEW","59.350280","-2.950000","","https://en.wikipedia.org/wiki/Westray_Airport",2
"WSK","ZUWS","31.064000","109.706000","Wushan , Chongqing , China","https://en.wikipedia.org/wiki/Chongqing_Wushan_Airport",3
"WSX","NONE","48.618060","-122.956670","West Sound, Washington","https://en.wikipedia.org/wiki/Westsound/WSX_Seaplane_Base",1
"WSZ","NZWS","-41.738060","171.580830","","https://en.wikipedia.org/wiki/Westport_Airport_(New_Zealand)",1
"WTE","NONE","9.458330","170.238610","Wotje, Wotje Atoll , Marshall Islands","https://en.wikipedia.org/wiki/Wotje_Airport",1
"WTK","PAWN","67.561110","-162.980280","","https://en.wikipedia.org/wiki/Noatak_Airport",0
"WTO","NONE","10.173330","166.002780","Wotho, Wotho Atoll , Marshall Islands","https://en.wikipedia.org/wiki/Wotho_Airport",4
"WTZ","NZWT","-36.828890","175.682500","","https://en.wikipedia.org/wiki/Whitianga_Aerodrome",3
"WUA","ZBUH","39.791940","106.803330","Wuhai , Inner Mongolia , China","https://en.wikipedia.org/wiki/Wuhai_Airport",18
"WUH","ZHHH","30.785000","114.206670","China Eastern Airlines Air China","https://en.wikipedia.org/wiki/Wuhan_Tianhe_International_Airport",124
"WUS","ZSWY","27.700830","118.000280","Wuyishan City and Nanping","https://en.wikipedia.org/wiki/Wuyishan_Airport",7
"WUT","ZBXZ","38.599170","112.967780","Xinzhou , Shanxi , China","https://en.wikipedia.org/wiki/Xinzhou_Wutaishan_Airport",12
"WUU","HSWW","7.725000","27.980000","Wau, South Sudan","https://en.wikipedia.org/wiki/Wau_Airport",1
"WUX","ZSWX","31.494440","120.429440","Wuxi Suzhou","https://en.wikipedia.org/wiki/Wuxi_Shuofang_Airport",52
"WUZ","ZGWZ","23.401390","111.098610","Wuzhou , Guangxi , China","https://en.wikipedia.org/wiki/Wuzhou_Xijiang_Airport",5
"WVB","FYWB","-22.979720","14.645280","Walvis Bay , Namibia","https://en.wikipedia.org/wiki/Walvis_Bay_Airport",3
"WWK","AYWK","-3.583828","143.669186","","https://en.wikipedia.org/wiki/Wewak_Airport",4
"WXN","ZUWX","30.797780","108.431390","","https://en.wikipedia.org/wiki/Wanzhou_Wuqiao_Airport",20
"WYA","YWHA","-33.058890","137.514440","Whyalla","https://en.wikipedia.org/wiki/Whyalla_Airport",1
"WYK","WIPO","-4.391670","104.401390","","https://en.wikipedia.org/wiki/Gatot_Subroto_Airport",1
"WYS","KWYS","44.688330","-111.117780","West Yellowstone, Montana","https://en.wikipedia.org/wiki/Yellowstone_Airport",0
"WZA","DGLW","10.082500","-2.507500","","https://en.wikipedia.org/wiki/Wa_Airport",2
"XAI","ZHXY","32.541390","114.077780","Xinyang , Henan , China","https://en.wikipedia.org/wiki/Xinyang_Minggang_Airport",9
"XAP","SBCH","-27.133890","-52.658890","Chapecó","https://en.wikipedia.org/wiki/Chapec%C3%B3_Airport",6
"XAU","SOOS","3.615280","-53.204170","Saül, French Guiana","https://en.wikipedia.org/wiki/Sa%C3%BCl_Airport",2
"XBE","NONE","53.965560","-91.027220","","https://en.wikipedia.org/wiki/Bearskin_Lake_Airport",0
"XBJ","OIMB","32.892500","59.283330","Birjand , South Khorasan","https://en.wikipedia.org/wiki/Birjand_International_Airport",4
"XCR","LFOK","48.773330","4.206110","Châlons-en-Champagne","https://en.wikipedia.org/wiki/Ch%C3%A2lons_Vatry_Airport",2
"XEQ","BGTQ","60.193890","-44.811670","Tasiusaq , Greenland","https://en.wikipedia.org/wiki/Tasiusaq_Heliport_(Kujalleq)",2
"XFN","ZHXF","32.150000","112.290560","Xiangyang , Hubei , China","https://en.wikipedia.org/wiki/Xiangyang_Liuji_Airport",31
"XIL","ZBXH","43.916670","115.963890","Xilinhot , Inner Mongolia , China","https://en.wikipedia.org/wiki/Xilinhot_Airport",20
"XIY","ZLXY","34.437806","108.756556","Sichuan Airlines","https://en.wikipedia.org/wiki/Xi%27an_Xianyang_International_Airport",200
"XKH","VLXK","19.440150","103.168400","","https://en.wikipedia.org/wiki/Xieng_Khouang_Airport",2
"XLB","CZWH","58.614170","-101.468890","","https://en.wikipedia.org/wiki/Lac_Brochet_Airport",0
"XMN","ZSAM","24.544170","118.127780","China Eastern Airlines [ 1 ] Shandong Airlines Spring Airlines","https://en.wikipedia.org/wiki/Xiamen_Gaoqi_International_Airport",124
"XMY","YYMI","","","","https://en.wikipedia.org/wiki/Yam_Island_Airport",4
"XNA","KXNA","36.281670","-94.307780","Bentonville , Fayetteville , Springdale , Rogers","https://en.wikipedia.org/wiki/Northwest_Arkansas_National_Airport",0
"XNN","ZLXN","36.527500","102.042780","Xining and Haidong Qinghai","https://en.wikipedia.org/wiki/Xining_Caojiapu_International_Airport",47
"XNT","ZBXT","36.882780","114.429170","Xingtai , Hebei","https://en.wikipedia.org/wiki/Xingtai_Dalian_Airport",5
"XPL","MHPR","14.382500","-87.621110","Comayagua and Tegucigalpa","https://en.wikipedia.org/wiki/Comayagua_International_Airport",12
"XQP","MRQP","9.443060","-84.130000","Quepos , Costa Rica","https://en.wikipedia.org/wiki/Quepos_La_Managua_Airport",2
"XQU","NONE","49.337220","-124.393890","","https://en.wikipedia.org/wiki/Qualicum_Beach_Airport",1
"XRY","LEJR","36.744720","-6.060000","Cádiz and Jerez de la Frontera , Spain","https://en.wikipedia.org/wiki/Jerez_Airport",26
"XSP","WSSL","1.416940","103.867780","Singapore","https://en.wikipedia.org/wiki/Seletar_Airport",1
"XTG","YTGM","-27.986390","143.810830","","https://en.wikipedia.org/wiki/Thargomindah_Airport",4
"XTO","YTAM","-25.801940","149.913330","","https://en.wikipedia.org/wiki/Taroom_Airport",0
"XUZ","ZSXZ","34.059056","117.555280","Xuzhou","https://en.wikipedia.org/wiki/Xuzhou_Guanyin_International_Airport",29
"XWA","KXWA","48.259720","-103.750560","Williston, North Dakota","https://en.wikipedia.org/wiki/Williston_Basin_International_Airport",0
"XZM","VMMH","49.470000","32.080000","History","https://en.wikipedia.org/wiki/Outer_Harbour_Ferry_Terminal",0
"YAA","NONE","52.451390","-125.303610","","https://en.wikipedia.org/wiki/Anahim_Lake_Airport",0
"YAK","PAYA","59.503330","-139.660280","Yakutat, Alaska","https://en.wikipedia.org/wiki/Yakutat_Airport",0
"YAL","CYAL","50.582220","-126.915830","","https://en.wikipedia.org/wiki/Alert_Bay_Airport",0
"YAM","CYAM","46.485000","-84.509440","","https://en.wikipedia.org/wiki/Sault_Ste._Marie_Airport",0
"YAP","PTYA","9.498890","138.082500","","https://en.wikipedia.org/wiki/Yap_International_Airport",5
"YAU","NONE","61.662220","-73.321390","","https://en.wikipedia.org/wiki/Kattiniq/Donaldson_Airport",0
"YAV","NONE","48.867000","-123.300000","Mayne Island","https://en.wikipedia.org/wiki/Mayne_Island_Water_Aerodrome",1
"YAY","CYAY","51.391940","-56.083060","","https://en.wikipedia.org/wiki/St._Anthony_Airport",4
"YAZ","CYAZ","49.081940","-125.772500","Tofino , British Columbia","https://en.wikipedia.org/wiki/Tofino-Long_Beach_Airport",1
"YBB","CYBB","68.535830","-89.805280","","https://en.wikipedia.org/wiki/Kugaaruk_Airport",4
"YBC","CYBC","49.132500","-68.204440","Baie-Comeau","https://en.wikipedia.org/wiki/Baie-Comeau_Airport",4
"YBF","NONE","48.833000","-125.133000","","https://en.wikipedia.org/wiki/Bamfield_Water_Aerodrome",0
"YBG","CYBG","48.330560","-70.996390","","https://en.wikipedia.org/wiki/CFB_Bagotville",5
"YBK","CYBK","64.298890","-96.077780","","https://en.wikipedia.org/wiki/Baker_Lake_Airport",0
"YBL","CYBL","49.951940","-125.273060","","https://en.wikipedia.org/wiki/Campbell_River_Airport",0
"YBP","ZUYB","28.858000","104.525000","Yibin , Sichuan , China","https://en.wikipedia.org/wiki/Yibin_Wuliangye_Airport",34
"YBR","CYBR","49.910000","-99.952220","Brandon , Westman Region , Parkland Region , eastern Saskatchewan","https://en.wikipedia.org/wiki/Brandon_Municipal_Airport",1
"YBW","NONE","48.750000","-123.233000","","https://en.wikipedia.org/wiki/Bedwell_Harbour_Water_Aerodrome",2
"YBX","CYBX","51.441940","-57.186110","","https://en.wikipedia.org/wiki/Lourdes-de-Blanc-Sablon_Airport",0
"YCB","CYCB","69.108060","-105.137220","","https://en.wikipedia.org/wiki/Cambridge_Bay_Airport",5
"YCD","CYCD","49.054440","-123.870000","","https://en.wikipedia.org/wiki/Nanaimo_Airport",6
"YCF","NONE","50.023610","-124.984170","Cortes Island","https://en.wikipedia.org/wiki/Cortes_Island_Aerodrome",0
"ABQ","KABQ","35.039333","-106.610778","Albuquerque metropolitan area","https://en.wikipedia.org/wiki/Albuquerque_International_Sunport",32
"ADB","LTBJ","38.290560","27.155280","Turkish Airlines","https://en.wikipedia.org/wiki/%C4%B0zmir_Adnan_Menderes_Airport",126
"AGH","ESTA","56.296110","12.847220","Northwestern Skåne","https://en.wikipedia.org/wiki/%C3%84ngelholm%E2%80%93Helsingborg_Airport",3
"AJU","SBAR","-10.985280","-37.073330","Aracaju","https://en.wikipedia.org/wiki/Santa_Maria_Airport_(Sergipe)",9
"ALW","KALW","46.090000","-118.290000","Walla Walla, Washington","https://en.wikipedia.org/wiki/Walla_Walla_Regional_Airport",0
"APC","KAPC","38.213194","-122.280694","","https://en.wikipedia.org/wiki/Napa_County_Airport",0
"ASE","KASE","39.223060","-106.868890","Aspen, Colorado","https://en.wikipedia.org/wiki/Aspen/Pitkin_County_Airport",0
"AUS","KAUS","30.194440","-97.670000","Delta Air Lines [ 1 ] [ 2 ]","https://en.wikipedia.org/wiki/Austin%E2%80%93Bergstrom_International_Airport",90
"AYQ","YAYE","-25.186110","130.975560","","https://en.wikipedia.org/wiki/Ayers_Rock_Airport",4
"BBK","FBKE","-17.831940","25.163890","Kasane , Botswana","https://en.wikipedia.org/wiki/Kasane_Airport",6
"BDU","ENDU","69.055830","18.540280","Bardufoss , Målselv , Norway","https://en.wikipedia.org/wiki/Bardufoss_Airport",1
"BFN","FABL","-29.093890","26.303890","CemAir","https://en.wikipedia.org/wiki/Bram_Fischer_International_Airport",4
"BHO","VABP","23.287500","77.337500","Bhopal","https://en.wikipedia.org/wiki/Raja_Bhoj_Airport",10
"BJL","GBYD","13.337961","-16.652206","Banjul","https://en.wikipedia.org/wiki/Banjul_International_Airport",21
"BLI","KBLI","48.792500","-122.537500","Bellingham metropolitan area","https://en.wikipedia.org/wiki/Bellingham_International_Airport",0
"BNS","SVBI","8.619440","-70.220830","Barinas , Venezuela","https://en.wikipedia.org/wiki/Barinas_Airport",2
"BPS","SBPS","-16.438060","-39.077780","Porto Seguro","https://en.wikipedia.org/wiki/Porto_Seguro_Airport",19
"YCK","CYVL","67.021110","-126.128610","","https://en.wikipedia.org/wiki/Colville_Lake/Tommy_Kochon_Aerodrome",3
"YCO","CYCO","67.816670","-115.143890","","https://en.wikipedia.org/wiki/Kugluktuk_Airport",4
"YCR","CYCR","54.610830","-97.760280","","https://en.wikipedia.org/wiki/Cross_Lake_(Charlie_Sinclair_Memorial)_Airport",0
"YCS","CYCS","63.347220","-90.731110","","https://en.wikipedia.org/wiki/Chesterfield_Inlet_Airport",0
"YCU","ZBYC","35.116670","111.039720","Yuncheng","https://en.wikipedia.org/wiki/Yuncheng_Yanhu_International_Airport",38
"YCY","CYCY","70.485830","-68.516940","","https://en.wikipedia.org/wiki/Clyde_River_Airport",2
"YDA","CYDA","64.042220","-139.130000","","https://en.wikipedia.org/wiki/Dawson_City_Airport",4
"YDF","CYDF","49.209170","-57.394440","","https://en.wikipedia.org/wiki/Deer_Lake_Regional_Airport",10
"YDP","CYDP","56.550560","-61.682220","","https://en.wikipedia.org/wiki/Nain_Airport",6
"YEG","CYEG","53.310000","-113.579440","WestJet","https://en.wikipedia.org/wiki/Edmonton_International_Airport",52
"YEI","LTBR","40.255000","29.562500","Yenişehir , Bursa , Turkey","https://en.wikipedia.org/wiki/Yeni%C5%9Fehir_Airport",8
"YEK","CYEK","61.093890","-94.071670","","https://en.wikipedia.org/wiki/Arviat_Airport",0
"YES","OISY","30.700560","51.545000","Yasuj , Kohgiluyeh and Boyer-Ahmad","https://en.wikipedia.org/wiki/Yasuj_Airport",1
"YEV","CYEV","68.303890","-133.483060","","https://en.wikipedia.org/wiki/Inuvik_(Mike_Zubko)_Airport",12
"YFB","CYFB","63.756670","-68.556110","","https://en.wikipedia.org/wiki/Iqaluit_Airport",19
"YFC","CYFC","45.868890","-66.537220","Fredericton, New Brunswick Oromocto, New Brunswick","https://en.wikipedia.org/wiki/Fredericton_International_Airport",6
"YFH","CYFH","51.561940","-87.907780","","https://en.wikipedia.org/wiki/Fort_Hope_Airport",0
"YFJ","CYWE","64.190830","-114.076670","Wekweeti , Northwest Territories , Canada","https://en.wikipedia.org/wiki/Wekwe%C3%A8t%C3%AC_Airport",1
"YFO","CYFO","54.678060","-101.681940","","https://en.wikipedia.org/wiki/Flin_Flon_Airport",2
"YFS","CYFS","61.760280","-121.236670","","https://en.wikipedia.org/wiki/Fort_Simpson_Airport",2
"YGH","CYGH","66.240560","-128.647500","","https://en.wikipedia.org/wiki/Fort_Good_Hope_Airport",3
"YGJ","RJOH","35.493330","133.239170","Yonago, Tottori , Japan","https://en.wikipedia.org/wiki/Yonago_Kitaro_Airport",4
"YGL","CYGL","53.625280","-77.704170","Radisson, Quebec","https://en.wikipedia.org/wiki/La_Grande_Rivi%C3%A8re_Airport",0
"YGO","CYGO","54.558330","-94.490830","","https://en.wikipedia.org/wiki/Gods_Lake_Narrows_Airport",0
"YGP","CYGP","48.775000","-64.481670","Gaspé, Quebec","https://en.wikipedia.org/wiki/Michel-Pouliot_Gasp%C3%A9_Airport",5
"YGR","CYGR","47.425000","-61.778060","Havre-aux-Maisons","https://en.wikipedia.org/wiki/%C3%8Eles-de-la-Madeleine_Airport",7
"YGT","CYGT","69.364720","-81.816390","","https://en.wikipedia.org/wiki/Igloolik_Airport",2
"YGV","CYGV","50.281940","-63.611110","","https://en.wikipedia.org/wiki/Havre_Saint-Pierre_Airport",0
"YGW","CYGW","55.281940","-77.765280","Kuujjuarapik , Whapmagoostui","https://en.wikipedia.org/wiki/Kuujjuarapik_Airport",0
"YGX","CYGX","56.357780","-94.710830","","https://en.wikipedia.org/wiki/Gillam_Airport",3
"YHH","NONE","50.050000","-125.250000","","https://en.wikipedia.org/wiki/Campbell_River_Water_Aerodrome",5
"YHI","CYHI","70.762780","-117.806110","","https://en.wikipedia.org/wiki/Ulukhaktok/Holman_Airport",4
"YHK","CYHK","68.635560","-95.850280","","https://en.wikipedia.org/wiki/Gjoa_Haven_Airport",4
"YHM","CYHM","43.173610","-79.935000","Greater Toronto and Hamilton","https://en.wikipedia.org/wiki/John_C._Munro_Hamilton_International_Airport",4
"YHO","CYHO","55.448890","-60.228060","","https://en.wikipedia.org/wiki/Hopedale_Airport",0
"YHR","CYHR","50.468890","-59.636670","","https://en.wikipedia.org/wiki/Chevery_Airport",10
"YHY","CYHY","60.839720","-115.782780","","https://en.wikipedia.org/wiki/Hay_River/Merlyn_Carter_Airport",1
"YHZ","CYHZ","44.879720","-63.510280","Air Canada Porter Airlines WestJet","https://en.wikipedia.org/wiki/Halifax_Stanfield_International_Airport",49
"YIA","WAHI","-7.907459","110.054480","Garuda Indonesia","https://en.wikipedia.org/wiki/Yogyakarta_International_Airport",23
"YIE","ZBES","47.310560","119.911940","Arxan , Inner Mongolia , China","https://en.wikipedia.org/wiki/Arxan_Yiershi_Airport",4
"YIF","CYIF","51.210000","-58.657500","","https://en.wikipedia.org/wiki/Saint-Augustin_Airport",0
"YIH","ZHYC","30.556472","111.479944","","https://en.wikipedia.org/wiki/Yichang_Sanxia_International_Airport",42
"YIK","CYIK","62.417220","-77.925280","","https://en.wikipedia.org/wiki/Ivujivik_Airport",0
"YIN","ZWYN","43.955830","81.330280","Yining , Xinjiang , China","https://en.wikipedia.org/wiki/Ili_Yining_International_Airport",31
"YIO","CYIO","72.689440","-77.968890","","https://en.wikipedia.org/wiki/Pond_Inlet_Airport",3
"YIV","CYIV","53.857220","-94.653610","","https://en.wikipedia.org/wiki/Island_Lake_Airport",0
"YIW","ZSYW","29.344720","120.032220","Yiwu Jinhua","https://en.wikipedia.org/wiki/Yiwu_Airport",24
"YJS","ZKSE","41.907167","128.409889","Samjiyŏn , North Korea","https://en.wikipedia.org/wiki/Samjiyon_Airport",2
"YKA","CYKA","50.702500","-120.448610","","https://en.wikipedia.org/wiki/Kamloops_Airport",4
"YKF","CYKF","43.460830","-80.378610","Flair Airlines Pivot Airlines","https://en.wikipedia.org/wiki/Region_of_Waterloo_International_Airport",9
"YKH","ZYYK","40.540830","122.357220","Yingkou , Liaoning , China","https://en.wikipedia.org/wiki/Yingkou_Lanqi_Airport",6
"YKL","CYKL","54.805280","-66.805280","","https://en.wikipedia.org/wiki/Schefferville_Airport",0
"YKM","KYKM","46.568060","-120.544170","Yakima, Washington","https://en.wikipedia.org/wiki/Yakima_Air_Terminal",1
"YKO","LTCW","37.551670","44.233610","Hakkari , Yüksekova","https://en.wikipedia.org/wiki/Hakkari%E2%80%93Y%C3%BCksekova_Airport",2
"YKQ","CYKQ","51.473330","-78.758330","","https://en.wikipedia.org/wiki/Waskaganish_Airport",6
"YKU","NONE","53.805830","-78.916940","","https://en.wikipedia.org/wiki/Chisasibi_Airport",6
"YLC","CYLC","62.848060","-69.877220","","https://en.wikipedia.org/wiki/Kimmirut_Airport",1
"YLE","NONE","63.131670","-117.246110","","https://en.wikipedia.org/wiki/What%C3%AC_Airport",1
"YLW","CYLW","49.957220","-119.378060","Kelowna , British Columbia","https://en.wikipedia.org/wiki/Kelowna_International_Airport",24
"YLX","ZGYL","22.438060","110.120830","Yulin, Guangxi , China","https://en.wikipedia.org/wiki/Yulin_Fumian_Airport",5
"YMM","CYMM","56.653330","-111.223330","Wood Buffalo , Alberta","https://en.wikipedia.org/wiki/Fort_McMurray_International_Airport",4
"YMN","CYFT","55.077220","-59.187780","","https://en.wikipedia.org/wiki/Makkovik_Airport",0
"YMP","NONE","50.575560","-127.028610","","https://en.wikipedia.org/wiki/Port_McNeill_Airport",0
"YMT","CYMT","49.771940","-74.528060","Chibougamau, Chapais, Ouje-Bougoumou, Mistissini","https://en.wikipedia.org/wiki/Chibougamau/Chapais_Airport",0
"YMV","NONE","71.323610","-79.353890","","https://en.wikipedia.org/wiki/Mary_River_Aerodrome",8
"YMX","CYMX","45.679720","-74.038610","Greater Montreal","https://en.wikipedia.org/wiki/Montr%C3%A9al%E2%80%93Mirabel_International_Airport",0
"YNA","CYNA","50.190000","-61.788890","","https://en.wikipedia.org/wiki/Natashquan_Airport",0
"YNB","OEYN","24.144170","38.063330","Yanbu","https://en.wikipedia.org/wiki/Prince_Abdul_Mohsin_Bin_Abdulaziz_International_Airport",9
"YNC","CYNC","53.010560","-78.831110","","https://en.wikipedia.org/wiki/Wemindji_Airport",6
"YNE","CYNE","53.958330","-97.844170","","https://en.wikipedia.org/wiki/Norway_House_Airport",0
"YNJ","ZYYJ","42.882780","129.451110","Yanji , Jilin","https://en.wikipedia.org/wiki/Yanji_Chaoyangchuan_International_Airport",19
"YNO","NONE","52.490000","-92.971110","","https://en.wikipedia.org/wiki/North_Spirit_Lake_Airport",0
"YNP","NONE","55.913890","-61.184440","","https://en.wikipedia.org/wiki/Natuashish_Airport",6
"YNS","CYHH","51.691110","-76.135560","","https://en.wikipedia.org/wiki/Nemiscau_Airport",2
"YNT","ZSYT","37.657220","120.987220","China Eastern Airlines Shandong Airlines","https://en.wikipedia.org/wiki/Yantai_Penglai_International_Airport",66
"YNY","RKNY","38.061390","128.669170","Gangneung Sokcho Pyeongchang","https://en.wikipedia.org/wiki/Yangyang_International_Airport",2
"YNZ","ZSYN","33.425830","120.203060","Yancheng","https://en.wikipedia.org/wiki/Yancheng_Nanyang_International_Airport",30
"YOG","CYKP","51.658610","-85.901110","","https://en.wikipedia.org/wiki/Ogoki_Post_Airport",0
"YOH","CYOH","54.933060","-95.278890","","https://en.wikipedia.org/wiki/Oxford_House_Airport",0
"YOJ","CYOJ","58.621670","-117.164720","","https://en.wikipedia.org/wiki/High_Level_Airport",1
"YOL","DNYO","9.257500","12.430280","Yola , Nigeria","https://en.wikipedia.org/wiki/Yola_Airport",6
"YON","VQTY","27.256390","91.514440","Trashigang , Bhutan","https://en.wikipedia.org/wiki/Yongphulla_Airport",2
"YOW","CYOW","45.322500","-75.667220","Air Canada","https://en.wikipedia.org/wiki/Ottawa_Macdonald%E2%80%93Cartier_International_Airport",39
"YPC","CYPC","69.360560","-124.075830","","https://en.wikipedia.org/wiki/Paulatuk_(Nora_Aliqatchialuk_Ruben)_Airport",1
"YPH","CYPH","58.471940","-78.076940","","https://en.wikipedia.org/wiki/Inukjuak_Airport",0
"YPM","CYPM","51.819720","-93.973330","","https://en.wikipedia.org/wiki/Pikangikum_Airport",0
"YPN","CYPN","49.836390","-64.288610","","https://en.wikipedia.org/wiki/Port-Menier_Airport",5
"YPR","CYPR","54.285830","-130.444720","","https://en.wikipedia.org/wiki/Prince_Rupert_Airport",0
"YPT","NONE","49.617000","-124.017000","","https://en.wikipedia.org/wiki/Pender_Harbour_Water_Aerodrome",0
"YPW","CYPW","49.834170","-124.500280","","https://en.wikipedia.org/wiki/Powell_River_Airport",0
"YPX","CYPX","60.052220","-77.287500","","https://en.wikipedia.org/wiki/Puvirnituq_Airport",0
"YPY","CYPY","58.767500","-111.117500","","https://en.wikipedia.org/wiki/Fort_Chipewyan_Airport",0
"YQB","CYQB","46.791110","-71.393330","Air Transat","https://en.wikipedia.org/wiki/Qu%C3%A9bec_City_Jean_Lesage_International_Airport",36
"YQD","CYQD","53.971390","-101.091110","","https://en.wikipedia.org/wiki/The_Pas_Airport",0
"YQG","CYQG","42.276110","-82.955280","Detroit–Windsor","https://en.wikipedia.org/wiki/Windsor_International_Airport",5
"YQL","CYQL","49.630280","-112.799720","Lethbridge","https://en.wikipedia.org/wiki/Lethbridge_Airport",1
"YQQ","CYQQ","49.711110","-124.886670","","https://en.wikipedia.org/wiki/CFB_Comox",8
"YQR","CYQR","50.432220","-104.666110","Regina , Saskatchewan","https://en.wikipedia.org/wiki/Regina_International_Airport",0
"YQT","CYQT","48.371940","-89.321670","Thunder Bay , Ontario","https://en.wikipedia.org/wiki/Thunder_Bay_International_Airport",17
"YQU","CYQU","55.181940","-118.887220","","https://en.wikipedia.org/wiki/Grande_Prairie_Airport",2
"YQX","CYQX","48.947500","-54.560000","Gander, Newfoundland and Labrador","https://en.wikipedia.org/wiki/Gander_International_Airport",8
"YQY","CYQY","46.161390","-60.048060","Cape Breton Regional Municipality","https://en.wikipedia.org/wiki/JA_Douglas_McCurdy_Sydney_Airport",4
"YQZ","CYQZ","53.026110","-122.510280","","https://en.wikipedia.org/wiki/Quesnel_Airport",0
"YRA","CYRA","64.116110","-117.309720","","https://en.wikipedia.org/wiki/Gam%C3%A8t%C3%AC/Rae_Lakes_Airport",1
"YRB","CYRB","74.716940","-94.969440","","https://en.wikipedia.org/wiki/Resolute_Bay_Airport",0
"YRG","NONE","54.179440","-58.457220","","https://en.wikipedia.org/wiki/Rigolet_Airport",0
"YRL","CYRL","51.067220","-93.793060","Red Lake, Ontario","https://en.wikipedia.org/wiki/Red_Lake_Airport",0
"YRS","CYRS","54.167500","-93.557500","","https://en.wikipedia.org/wiki/Red_Sucker_Lake_Airport",0
"YRT","CYRT","62.810560","-92.114720","","https://en.wikipedia.org/wiki/Rankin_Inlet_Airport",14
"YSB","CYSB","46.625560","-80.797780","Greater Sudbury , Ontario","https://en.wikipedia.org/wiki/Sudbury_Airport",0
"YSG","CYLK","62.418330","-110.682220","","https://en.wikipedia.org/wiki/Lutselk%27e_Airport",1
"YSJ","CYSJ","45.315830","-65.890000","Saint John, New Brunswick","https://en.wikipedia.org/wiki/Saint_John_Airport",6
"YSK","CYSK","56.536940","-79.250000","","https://en.wikipedia.org/wiki/Sanikiluaq_Airport",0
"YSM","CYSM","60.020280","-111.961940","","https://en.wikipedia.org/wiki/Fort_Smith_Airport",3
"YSO","NONE","54.910280","-59.785280","","https://en.wikipedia.org/wiki/Postville_Airport",0
"YST","CYST","53.845560","-94.852220","","https://en.wikipedia.org/wiki/St._Theresa_Point_Airport",0
"YSY","CYSY","71.993610","-125.241390","","https://en.wikipedia.org/wiki/Sachs_Harbour_(David_Nasogaluak_Jr._Saaryuaq)_Airport",2
"YTE","CYTE","64.230280","-76.525000","","https://en.wikipedia.org/wiki/Kinngait_Airport",1
"YTH","CYTH","55.804720","-97.862500","Thompson, Manitoba , Canada","https://en.wikipedia.org/wiki/Thompson_Airport",0
"YTP","NONE","49.154170","-125.909440","Tofino , British Columbia","https://en.wikipedia.org/wiki/Tofino_Harbour_Water_Aerodrome",7
"YTS","CYTS","48.570560","-81.376670","Timmins , Ontario","https://en.wikipedia.org/wiki/Timmins_Victor_M._Power_Airport",0
"YTW","ZWYT","36.810830","81.780830","Yutian County, Xinjiang , China","https://en.wikipedia.org/wiki/Yutian_Wanfang_Airport",13
"YTY","ZSYA","32.561670","119.715000","Yangzhou and Taizhou","https://en.wikipedia.org/wiki/Yangzhou_Taizhou_International_Airport",39
"YTZ","CYTZ","43.628330","-79.396110","Downtown Toronto","https://en.wikipedia.org/wiki/Billy_Bishop_Toronto_City_Airport",15
"YUD","CYMU","56.536110","-76.518330","","https://en.wikipedia.org/wiki/Umiujaq_Airport",0
"YUK","UDCK","39.202000","46.455000","Kapan","https://en.wikipedia.org/wiki/Syunik_Airport",0
"YUL","CYUL","45.470560","-73.740830","Porter Airlines","https://en.wikipedia.org/wiki/Montr%C3%A9al%E2%80%93Trudeau_International_Airport",172
"YUM","KNYL","32.656670","-114.606110","Yuma , Arizona","https://en.wikipedia.org/wiki/Yuma_International_Airport",0
"YUS","ZLYS","32.839170","97.038890","","https://en.wikipedia.org/wiki/Yushu_Batang_Airport",6
"YUT","CYUT","66.520560","-86.224720","","https://en.wikipedia.org/wiki/Naujaat_Airport",0
"YUX","CYUX","68.775830","-81.242500","","https://en.wikipedia.org/wiki/Sanirajak_Airport",2
"YUY","CYUY","48.206110","-78.835560","","https://en.wikipedia.org/wiki/Rouyn-Noranda_Airport",9
"YVB","CYVB","48.071110","-65.460280","","https://en.wikipedia.org/wiki/Bonaventure_Airport",3
"YVM","CYVM","67.546670","-64.031670","","https://en.wikipedia.org/wiki/Qikiqtarjuaq_Airport",2
"YVO","CYVO","48.053330","-77.782780","","https://en.wikipedia.org/wiki/Val-d%27Or_Airport",0
"YVQ","CYVQ","65.281390","-126.798610","","https://en.wikipedia.org/wiki/Norman_Wells_Airport",6
"YVR","CYVR","49.194720","-123.183890","Air North WestJet","https://en.wikipedia.org/wiki/Vancouver_International_Airport",140
"YVZ","CYVZ","52.655830","-94.061390","","https://en.wikipedia.org/wiki/Deer_Lake_Airport",0
"YWG","CYWG","49.910000","-97.240000","WestJet","https://en.wikipedia.org/wiki/Winnipeg_James_Armstrong_Richardson_International_Airport",54
"YWH","CYWH","48.422780","-123.387500","Victoria, British Columbia","https://en.wikipedia.org/wiki/Victoria_Inner_Harbour_Airport",7
"YWJ","CYWJ","65.211110","-123.436390","","https://en.wikipedia.org/wiki/D%C3%A9line_Airport",3
"YWK","CYWK","52.922780","-66.864720","Labrador City","https://en.wikipedia.org/wiki/Wabush_Airport",10
"YWL","CYWL","52.183330","-122.054440","","https://en.wikipedia.org/wiki/Williams_Lake_Airport",0
"YWP","CYWP","52.959440","-87.375280","","https://en.wikipedia.org/wiki/Webequie_Airport",0
"YWS","NONE","50.143610","-122.949170","Whistler, British Columbia , Pemberton, British Columbia","https://en.wikipedia.org/wiki/Whistler/Green_Lake_Water_Aerodrome",3
"YXC","CYXC","49.612220","-115.781940","","https://en.wikipedia.org/wiki/Cranbrook/Canadian_Rockies_International_Airport",2
"YXE","CYXE","52.170830","-106.700000","Saskatoon metropolitan area","https://en.wikipedia.org/wiki/Saskatoon_John_G._Diefenbaker_International_Airport",0
"YXH","CYXH","50.018890","-110.720560","","https://en.wikipedia.org/wiki/Medicine_Hat_Airport",1
"YXJ","CYXJ","56.238330","-120.740280","","https://en.wikipedia.org/wiki/Fort_St._John_Airport",0
"YXL","CYXL","50.114170","-91.905560","","https://en.wikipedia.org/wiki/Sioux_Lookout_Airport",0
"YXN","CYXN","62.240000","-92.598060","","https://en.wikipedia.org/wiki/Whale_Cove_Airport",0
"YXP","CYXP","66.145000","-65.713610","","https://en.wikipedia.org/wiki/Pangnirtung_Airport",2
"YXS","CYXS","53.884170","-122.677500","Prince George, British Columbia","https://en.wikipedia.org/wiki/Prince_George_Airport",0
"YXT","CYXT","54.468610","-128.578330","Terrace , Kitimat","https://en.wikipedia.org/wiki/Northwest_Regional_Airport_Terrace-Kitimat",8
"URC","ZWWW","43.907220","87.474170","Hainan Airlines","https://en.wikipedia.org/wiki/%C3%9Cr%C3%BCmqi_Tianshan_International_Airport",122
"UVI","SSUV","-26.231940","-51.067500","União da Vitória","https://en.wikipedia.org/wiki/Uni%C3%A3o_da_Vit%C3%B3ria_Airport",1
"VDE","GCHI","27.814720","-17.886940","","https://en.wikipedia.org/wiki/El_Hierro_Airport",3
"VIX","SBVT","-20.258060","-40.286390","Gol Linhas Aéreas","https://en.wikipedia.org/wiki/Eurico_de_Aguiar_Salles_Airport",9
"VRC","RPUV","13.576390","124.205560","Catanduanes","https://en.wikipedia.org/wiki/Virac_Airport",1
"WDH","FYWH","-22.486670","17.462500","","https://en.wikipedia.org/wiki/Hosea_Kutako_International_Airport",19
"YXX","CYXX","49.025280","-122.360000","","https://en.wikipedia.org/wiki/Abbotsford_International_Airport",5
"YXY","CYXY","60.709440","-135.067220","","https://en.wikipedia.org/wiki/Erik_Nielsen_Whitehorse_International_Airport",9
"YYA","ZGYY","29.314000","113.278000","Yueyang , Hunan , China","https://en.wikipedia.org/wiki/Yueyang_Sanhe_Airport",8
"YYB","CYYB","46.363890","-79.424170","North Bay, Ontario","https://en.wikipedia.org/wiki/North_Bay/Jack_Garland_Airport",4
"YYC","CYYC","51.122500","-114.013330","Air Canada [ 1 ] Air North","https://en.wikipedia.org/wiki/Calgary_International_Airport",104
"YYD","CYYD","54.825280","-127.182780","Smithers, Bulkley Valley","https://en.wikipedia.org/wiki/Smithers_Airport",0
"YYF","CYYF","49.462500","-119.602220","South Okanagan Similkameen West Kootenay","https://en.wikipedia.org/wiki/Penticton_Regional_Airport",0
"YYG","CYYG","46.289170","-63.115280","Charlottetown , Prince Edward Island","https://en.wikipedia.org/wiki/Charlottetown_Airport",7
"YYH","CYYH","69.546670","-93.576940","","https://en.wikipedia.org/wiki/Taloyoak_Airport",5
"YYJ","CYYJ","48.647220","-123.425830","Victoria, British Columbia","https://en.wikipedia.org/wiki/Victoria_International_Airport",18
"YYQ","CYYQ","58.739170","-94.066390","","https://en.wikipedia.org/wiki/Churchill_Airport",0
"YYR","CYYR","53.319170","-60.425830","","https://en.wikipedia.org/wiki/CFB_Goose_Bay",13
"YYT","CYYT","47.618610","-52.752500","WestJet","https://en.wikipedia.org/wiki/St._John%27s_International_Airport",20
"YYY","CYYY","48.608890","-68.208060","","https://en.wikipedia.org/wiki/Mont-Joli_Airport",3
"YYZ","CYYZ","43.676670","-79.630560","Air Transat","https://en.wikipedia.org/wiki/Toronto_Pearson_International_Airport",193
"YZF","CYZF","62.463060","-114.440280","","https://en.wikipedia.org/wiki/Yellowknife_Airport",28
"YZG","CYZG","62.179440","-75.667220","","https://en.wikipedia.org/wiki/Salluit_Airport",0
"YZP","CYZP","53.254170","-131.813890","Haida Gwaii","https://en.wikipedia.org/wiki/Sandspit_Airport",1
"YZS","CYZS","64.193330","-83.359440","","https://en.wikipedia.org/wiki/Coral_Harbour_Airport",0
"YZV","CYZV","50.223330","-66.265560","","https://en.wikipedia.org/wiki/Sept-%C3%8Eles_Airport",13
"YZY","ZLZY","38.801940","100.675000","Zhangye , Gansu","https://en.wikipedia.org/wiki/Zhangye_Ganzhou_Airport",10
"YZZ","NONE","49.055560","-117.609170","West Kootenay","https://en.wikipedia.org/wiki/Trail_Airport",0
"ZAC","CZAC","56.089440","-96.089170","","https://en.wikipedia.org/wiki/York_Landing_Airport",0
"ZAD","LDZD","44.108330","15.346670","Croatia Airlines","https://en.wikipedia.org/wiki/Zadar_Airport",76
"ZAG","LDZA","45.743060","16.068890","Ryanair","https://en.wikipedia.org/wiki/Zagreb_Airport",74
"ZAH","OIZH","29.475686","60.906189","Zahedan , Sistan and Baluchestan","https://en.wikipedia.org/wiki/Zahedan_Airport",9
"ZAL","SCVD","-39.649720","-73.086110","Valdivia , Chile","https://en.wikipedia.org/wiki/Pichoy_Airport",1
"ZAM","RPMZ","6.922220","122.059720","PAL Express [ 1 ]","https://en.wikipedia.org/wiki/Zamboanga_International_Airport",7
"ZAT","ZPZT","27.327780","103.756670","Zhaotong , Yunnan","https://en.wikipedia.org/wiki/Zhaotong_Airport",10
"ZAZ","LEZG","41.666110","-1.041670","","https://en.wikipedia.org/wiki/Zaragoza_Airport",17
"ZBF","CZBF","47.629440","-65.740280","","https://en.wikipedia.org/wiki/Bathurst_Airport_(New_Brunswick)",2
"ZBR","OIZC","25.443330","60.381940","Chabahar and Konarak Sistan and Baluchestan","https://en.wikipedia.org/wiki/Chabahar_Konarak_Airport",8
"ZBY","VLSB","19.243610","101.709440","","https://en.wikipedia.org/wiki/Sayaboury_Airport",1
"ZCL","MMZC","22.897220","-102.686940","Zacatecas , Zacatecas , Mexico","https://en.wikipedia.org/wiki/Zacatecas_International_Airport",7
"ZEL","NONE","52.185000","-128.156670","Bella Bella, British Columbia","https://en.wikipedia.org/wiki/Bella_Bella_(Campbell_Island)_Airport",0
"ZEM","CZEM","52.226390","-78.522500","","https://en.wikipedia.org/wiki/Eastmain_River_Airport",6
"ZFL","ZWZS","43.107500","81.160560","Zhaosu County , Xinjiang , China","https://en.wikipedia.org/wiki/Zhaosu_Tianma_Airport",7
"ZFM","CZFM","67.406940","-134.859720","","https://en.wikipedia.org/wiki/Fort_McPherson_Airport",1
"ZGI","CZGI","54.839720","-94.078610","","https://en.wikipedia.org/wiki/Gods_River_Airport",0
"ZGS","NONE","50.259720","-60.673890","","https://en.wikipedia.org/wiki/La_Romaine_Airport",0
"ZGU","NVSQ","-14.218060","167.587220","Gaua , Torba , Vanuatu","https://en.wikipedia.org/wiki/Gaua_Airport",2
"ZHA","ZGZJ","21.481670","110.590280","Zhanjiang , Maoming , Yangjiang","https://en.wikipedia.org/wiki/Zhanjiang_Wuchuan_International_Airport",29
"ZHY","ZLZW","37.572780","105.154440","","https://en.wikipedia.org/wiki/Zhongwei_Shapotou_Airport",9
"ZIA","UUBW","55.553330","38.151670","Red Wings Airlines Ural Airlines","https://en.wikipedia.org/wiki/Zhukovsky_International_Airport",19
"ZIG","GOGG","12.555560","-16.281670","Ziguinchor , Senegal","https://en.wikipedia.org/wiki/Ziguinchor_Airport",1
"ZIH","MMZH","17.601390","-101.460280","Ixtapa and Zihuatanejo , Guerrero , Mexico","https://en.wikipedia.org/wiki/Ixtapa-Zihuatanejo_International_Airport",17
"ZIS","HLZN","31.775000","12.250000","Zintan","https://en.wikipedia.org/wiki/Alzintan_Airport",1
"ZLO","MMZO","19.144720","-104.558610","Manzanillo , Colima , Mexico","https://en.wikipedia.org/wiki/Playa_de_Oro_International_Airport",7
"ZLT","NONE","50.830830","-58.975560","","https://en.wikipedia.org/wiki/La_Tabati%C3%A8re_Airport",0
"ZMT","CZMT","54.027220","-132.125000","","https://en.wikipedia.org/wiki/Masset_Airport",1
"ZNA","NONE","49.169720","-123.935000","Nanaimo , British Columbia , Canada","https://en.wikipedia.org/wiki/Nanaimo_Harbour_Water_Aerodrome",5
"ZNE","YNWN","-23.417780","119.802780","","https://en.wikipedia.org/wiki/Newman_Airport",2
"ZNZ","HTZA","-6.222220","39.225000","Zanzibar City","https://en.wikipedia.org/wiki/Abeid_Amani_Karume_International_Airport",54
"ZOS","SCJO","-40.611110","-73.060560","Osorno , Chile","https://en.wikipedia.org/wiki/Ca%C3%B1al_Bajo_Carlos_Hott_Siebert_Airport",1
"ZPB","CZPB","53.891110","-92.196390","","https://en.wikipedia.org/wiki/Sachigo_Lake_Airport",0
"ZQN","NZQN","-45.021110","168.739170","Queenstown","https://en.wikipedia.org/wiki/Queenstown_Airport",9
"ZQZ","ZBZJ","40.738610","114.930280","Zhangjiakou , Hebei , China","https://en.wikipedia.org/wiki/Zhangjiakou_Ningyuan_Airport",3
"ZRH","LSZH","47.464720","8.549170","Zurich Metropolitan Area Liechtenstein Vorarlberg , Austria","https://en.wikipedia.org/wiki/Zurich_Airport",223
"ZRI","WABO","-1.828806","136.064139","Serui","https://en.wikipedia.org/wiki/Stevanus_Rumbewas_Airport",2
"ZRJ","CZRJ","52.943610","-91.312500","","https://en.wikipedia.org/wiki/Round_Lake_(Weagamow_Lake)_Airport",0
"ZSA","MYSM","24.063330","-74.523890","","https://en.wikipedia.org/wiki/San_Salvador_Airport",6
"ZSE","FMEP","-21.321670","55.425560","Air Austral","https://en.wikipedia.org/wiki/Saint-Pierre_Pierrefonds_Airport",2
"ZSJ","CZSJ","53.064170","-93.344440","","https://en.wikipedia.org/wiki/Sandy_Lake_Airport",0
"ZTB","NONE","50.674440","-59.383610","","https://en.wikipedia.org/wiki/T%C3%AAte-%C3%A0-la-Baleine_Airport",0
"ZTH","LGZA","37.750830","20.884170","","https://en.wikipedia.org/wiki/Zakynthos_International_Airport",69
"ZTM","CZTM","55.863060","-92.081390","","https://en.wikipedia.org/wiki/Shamattawa_Airport",0
"ZUH","ZGSD","22.006940","113.376110","China Southern Airlines","https://en.wikipedia.org/wiki/Zhuhai_Jinwan_Airport",65
"ZUM","CZUM","53.562500","-64.105830","","https://en.wikipedia.org/wiki/Churchill_Falls_Airport",2
"ZVK","VLSK","16.556670","104.759440","","https://en.wikipedia.org/wiki/Savannakhet_Airport",1
"ZYI","ZUZY","27.811167","107.245972","Zunyi , Guizhou , China","https://en.wikipedia.org/wiki/Zunyi_Xinzhou_Airport",15
"ZYL","VGSY","24.963330","91.866940","Air Astra Novoair US-Bangla Airlines","https://en.wikipedia.org/wiki/Osmani_International_Airport",10
"ZZO","UHSO","50.668330","142.760000","","https://en.wikipedia.org/wiki/Zonalnoye_Airport",0
"WIL","HKNW","","","Nairobi","https://en.wikipedia.org/wiki/Wilson_Airport",20
"WIN","YWTN","-22.363330","143.085000","Winton, Queensland , Australia","https://en.wikipedia.org/wiki/Winton_Airport",2
"WIR","NZWO","","","","https://en.wikipedia.org/wiki/Wairoa_Aerodrome",1
"WJA","NONE","7.450830","168.550000","Woja, Ailinglaplap Atoll , Marshall Islands","https://en.wikipedia.org/wiki/Woja_Airport",3
"WJU","RKNW","37.459170","127.976940","Wonju","https://en.wikipedia.org/wiki/Wonju_Airport",1
"WKA","NZWF","-44.722500","169.245830","Wānaka","https://en.wikipedia.org/wiki/W%C4%81naka_Airport",1
"WKJ","RJCW","45.404440","141.802220","","https://en.wikipedia.org/wiki/Wakkanai_Airport",2
"WLE","YMLS","-26.809170","150.165000","Miles, Queensland , Australia","https://en.wikipedia.org/wiki/Miles_Airport",0
"WLG","NZWN","-41.327220","174.805280","Wellington","https://en.wikipedia.org/wiki/Wellington_Airport",23
"WLH","NVSW","-15.417000","167.683000","Walaha , Ambae Island , Vanuatu","https://en.wikipedia.org/wiki/Walaha_Airport",2
"WLK","PASK","66.600000","-159.985830","Selawik, Alaska","https://en.wikipedia.org/wiki/Selawik_Airport",0
"WTB","YBWW","-27.558330","151.793330","Toowoomba","https://en.wikipedia.org/wiki/Toowoomba_Wellcamp_Airport",12
"XIC","ZUXC","27.989170","102.184440","Xichang , Sichuan","https://en.wikipedia.org/wiki/Xichang_Qingshan_Airport",22
"YAB","CYAB","73.006390","-85.047220","","https://en.wikipedia.org/wiki/Arctic_Bay_Airport",3
"YCG","CYCG","49.296110","-117.632500","","https://en.wikipedia.org/wiki/West_Kootenay_Regional_Airport",0
"YGG","NONE","48.850000","-123.500000","","https://en.wikipedia.org/wiki/Ganges_Water_Aerodrome",4
"YIC","ZSYC","27.803330","114.308060","Yichun, Jiangxi , China","https://en.wikipedia.org/wiki/Yichun_Mingyueshan_Airport",13
"YLH","CYLH","52.195560","-87.934170","","https://en.wikipedia.org/wiki/Lansdowne_House_Airport",0
"YOC","CYOC","67.570000","-139.840000","","https://en.wikipedia.org/wiki/Old_Crow_Airport",2
"YQM","CYQM","46.116110","-64.678610","Moncton , New Brunswick","https://en.wikipedia.org/wiki/Greater_Moncton_Rom%C3%A9o_LeBlanc_International_Airport",18
"YSQ","ZYSQ","44.938114","124.550178","Songyuan , Jilin","https://en.wikipedia.org/wiki/Songyuan_Chaganhu_Airport",8
"YVP","CYVP","58.095000","-68.422220","","https://en.wikipedia.org/wiki/Kuujjuaq_Airport",0
"YXU","CYXU","43.033100","-81.151100","London , Ontario","https://en.wikipedia.org/wiki/London_International_Airport",7
"YZT","CYZT","50.680560","-127.366670","","https://en.wikipedia.org/wiki/Port_Hardy_Airport",0
"ZFN","CZFN","64.909720","-125.569440","","https://en.wikipedia.org/wiki/Tulita_Airport",4
