"origin","nb_outlinks","outlinks","nb_airlines"
"0AK","2","BET MLL","1"
"3T7","5","3W2 3X5 89D CYPT KPCW","1"
"3W2","5","3T7 3X5 89D CYPT KPCW","1"
"3X5","5","3T7 3W2 89D CYPT KPCW","1"
"6Y8","2","KCVX MCD","1"
"89D","5","3T7 3W2 3X5 CYPT KPCW","1"
"AAD","1","MGQ","1"
"AAE","9","ALG CDG ELU HME IST LYS MRS ORN ORY","5"
"AAL","19","AGP ALC AMS AYT CPH FAE FNC GOH GZP LGW LPA NAP NCE OSL PMI RNN SCR TFS VRN","10"
"AAN","6","CAI CCJ ISB JED KHT KWI","6"
"AAP","8","BDJ BEJ CGK DTD LPU RTU SUB YIA","6"
"AAQ","24","AER CSY DME EVN GOJ HMA IWA KGD LED LPK NJC OSS OVB OVS PES SCW SGC SVO SVX TJM UFA VKO VOZ ZIA","13"
"AAR","18","AGP ALC AYT CFU CHQ CPH FNC GDN HRG MJT OSL PFO PMI PVK RIX STN ZAD ZTH","6"
"AAT","17","ACF AKU BPL CAN CKG HMI KHG KRY LHW PEK PKX PVG QSZ TFU URC XIY YIN","9"
"AAX","1","CNF","1"
"AAY","2","ADE SCT","1"
"ABA","11","AER DME HTA IKT KCY KJA LED NSK OVB SVO SVX","6"
"ABB","3","ABV KAN LOS","6"
"ABD","5","IFN KIH MHD SYZ THR","18"
"ABE","9","ATL CLT DEN FLL MCO MLB MYR ORD SFB","4"
"ABF","2","MZK TRW","1"
"ABI","4","DEN DFW IAH PHX","2"
"ABJ","41","ABV ADD ALG BEY BKO BOY BRU BYK BZV CAI CDG CKY CMN COO DGAA DLA DOH DSS DXB FIH HGO IST JFK JNB KEO LBV LFW LOS MJC NBJ NBO NIM NKC NSI ORY OUA OXB PNR ROB SPY TUN","22"
"ABL","3","OBU OTZ SHG","1"
"ABM","2","CNS HID","1"
"ABQ","31","ATL AUS AXX BNA BUR BWI CNM DAL DEN DFW HOU IAD IAH JFK LAS LAX LRU MCI MCO MDW MSP OAK ORD PDX PHX SAN SAT SEA SFO SLC SVC","11"
"ABR","1","MSP","1"
"ABS","2","ASW CAI","2"
"ABT","3","DMM JED RUH","3"
"ABU","1","KOE","1"
"ABV","15","ADD CAI CDG CMN DGAA DLA DOH DXB EBB IBA IST LFW LGW LHR NIM","12"
"ABX","2","BNE SYD","2"
"ABY","1","ATL","1"
"ABZ","27","AGP ALC AMS BGO BHD BHX BRS CDG CFU CPH DLM DUB EBJ FAO GDN GVA KRK LGW LHR LSI LTN NWI REU RIX SVG TFS WIC","12"
"ACA","10","CUN DFW GDL IAH MEX MTY NLU QRO TIJ YUL","9"
"ACD","1","EOH","1"
"ACE","76","AGP ALC AMS BCN BER BES BFS BGO BGY BHX BIO BOD BOH BRS BRU BTS BVA CDG CGN CPH CWL DUB DUS EDI EIN EMA EXT FRA GLA GLN GOT HAJ HAM HEL KTW LBA LEJ LGW LIL LPA LPL LTN LUX LYS MAD MAN MRS MUC MXP NCE NCL NRN NTE OPO ORK ORY OSL OVD PMI PRG RTM SCQ SEN SNN SPC STN STR SVQ SXB TFN TLS VGO VIE VLC WAW ZRH","32"
"ACF","16","AAT AKU BPL CGO CSX HGH HTN KHG KRL LHW SHF TFU TLQ TWC URC YIN","4"
"ACH","6","BWK CAG EBA IBZ VIE ZAD","2"
"ACI","3","GCI PRO SOU","2"
"ACJ","1","RML","3"
"ACK","14","BOS CLT DCA DXR EWB EWR HPN HYA JFK LGA MVY ORD PHL TEB","7"
"ACR","2","FLA LCR","1"
"ACT","1","DFW","1"
"ACU","0","","0"
"ACV","6","BUR DEN LAS LAX SEA SFO","3"
"ACX","15","BHY CAN CKG HAK HGH HUZ JHG KHN KWE NGB PKX PVG TFU WMT WNZ","8"
"ACY","7","CHS FLL MYR PGD PIE RDU SFB","2"
"ACZ","2","MHD THR","3"
"ADB","81","AJI AMS ARN ATH AUH AYT BAL BCN BEG BER BHX BRS BRU BSL CGN COV CPH DME DTM DUB DUS ECN EIN EMA ERZ ESB FRA GDN GLA GYD GZT HTY IKA IST JED KBP KTW LBA LGW LHR LTN LUX LYS MAD MAN MED MLX MQM MSQ MUC NCL NTE NUE OGU ORK ORY OSL OST PDV POZ PRG RMO SAW SKG SKP SOF SSH STN STR SZF TAS TBS TIV TLV TZX VAS VCE VIE VKO WAW ZRH","33"
"ADD","53","ABJ ABV ADE AHB ALG ASO ATL AUH AWA BEW BOM CAI CKY CMN DIR DMM DOH DSS DXB EWR GBE GDE GVA HAH HRE IAD IST JED JFK JIB JNB KGL KWI LHR LOS MAA MAD MBA MED MQX NBO NIM NRT ORD PEK PZU RUH SEZ SHC SHJ SIN TNR WDH","17"
"ADE","15","AAY ADD AMM BOM CAI DWC GXF JED JIB KRT KWI MGQ RIY RUH SCT","3"
"ADF","3","ESB IST SAW","3"
"ADJ","2","ATZ KWI","2"
"ADK","1","ANC","1"
"ADL","24","AKL ASP AVV BBL BHQ BNE CAN CHC CNS DOH DPS DXB HBA HKG KUL LST MEL MGB NAN PER PVG SFO SIN SYD","20"
"ADQ","7","AKK ANC KLN KOZ KYK OLH ORI","2"
"ADU","5","JED MED MHD NJF THR","6"
"ADZ","9","BAQ BOG CLO CTG MDE PTY PVA YQB YUL","7"
"AEA","1","TRW","1"
"AEB","0","","0"
"AEP","62","AFA ASU BHI BOG BPS BRC BSB CFB CNF CNQ COC COR CPC CRD CTC CWB EQS FLN FMA FTE GIG GRU IGR IRJ JUJ LIM LUQ MDQ MDZ MVD NAT NQN OVR PDP PMY POA PRA PSS RCQ RCU REC REL RES RGA RGL RHD RLO ROS RSA SCL SDE SFN SLA SSA TDL TUC UAQ USH VDM VLG VMR VVI","14"
"AER","73","ABA ALA ARH ASF AUH AYT BAH BAX BEG BJV BUS CEE CEK CSY DLM DME DWC DXB DYU ETM EVN GSV HKT HMA HRG IAR IJK IKT IST IWA KEJ KJA KLF KRO KVX KWI KZN LED MCT MCX MMK MQF MSQ NBC NJC NMA NOZ NYM OMS OSS OSW OVB PEE PES PEZ REN SCW SGC SHJ SKD SSH SVO SVX TAS TBS TJM TLV UDSG UFA ULV VKO VOG ZIA","32"
"AES","8","ALC AMS BGO CPH GDN LGW OSL TRD","5"
"AET","3","BTT FAI HUS","1"
"AEU","1","BND","3"
"AEX","3","ATL DFW IAH","3"
"AEY","9","AMS CNP GRY LGW MAN RKV THO VPN ZRH","5"
"AFA","1","AEP","1"
"AFE","0","","0"
"AFL","2","CGB VCP","1"
"AFW","0","","0"
"AFZ","1","THR","2"
"AGA","55","AMS ARN BCN BER BES BGY BHX BOD BRS BRU BSL BVA CDG CMN CPH CRL DUB DUS EDFH EDI EMA FEZ FRA GDN GLA HAM HEL KRK KTW LBA LGW LIL LIS LPA LTN LUX MAN MPL MUC NCE NCL NTE OPO ORY POZ PRG RBA SOF STR SXB TFS TNG WAW YUL ZRH","28"
"AGD","0","","0"
"AGE","1","EDXP","1"
"AGH","2","ARN SCR","1"
"AGM","5","BGTN IOQ KUS KUZ SGG","2"
"AGN","1","JNU","1"
"AGP","127","AAL AAR ABZ ACE AMS ANR ARN ATH AUH BAH BCN BEG BER BFS BGO BHX BIO BLL BOD BRQ BRS BRU BSL BTS BUD BVA CDG CGN CLJ CMN CPH CWL DOH DUB DUS EDFH EDI EMA EWR EXT FCO FMM FRA FUE GCI GDN GLA GOT GVA HAJ HAM HAU HEL IST JED KEF KRK KSC KTW KUN KWI LBA LBC LCJ LCY LGW LIL LIS LPL LTN LUX LYS MAD MAH MAN MLA MME MST MUC MXP NCE NCL NTE NUE NYO OPO ORK ORY OSL OST OTP OVD PAD PIK PMI POZ PRG PRO PSA RAK RIX RMO RUH SDR SEN SOF STN STR SVG TLL TLV TMP TNG TRD TRF TRN TSF TTU VCE VIE VIT VXO WAW WMI WRO YUL ZRH","53"
"AGR","3","BLR HYD NMI","1"
"AGS","4","ATL CLT DCA DFW","3"
"AGT","0","","0"
"AGU","12","CUN DFW IAH LAP LAX MDW MEX MTY MZT NLU PBC PVR","5"
"AGV","2","CCS PMV","2"
"AGX","4","BLR CCJ COK GOX","3"
"AHA","4","CCU DEL PAB RPR","2"
"AHB","25","ABT ADD ATZ BHH CAI DMM DOH DWC DXB ELQ GIZ HMB IST JED KRT KWI MCT MED RUH SHJ SHW SPX TIF TUU WAE","12"
"AHE","3","AXR PPT XMH","1"
"AHI","2","FKQ NDA","1"
"AHJ","4","CTU LXA TFU WNZ","2"
"AHO","22","AMS BCN BEG BGY BLQ BOD BUD FCO FLR KTW LIN ORY OTP SIR SKP SOF STN TIA TRN VCE VRN WMI","8"
"AHU","7","AMS BRU CMN MST RTM TNG TTU","5"
"AIA","1","DEN","1"
"AIC","2","KWA MAJ","1"
"AIM","2","MAJ MJB","1"
"AIN","2","ATK BRW","1"
"AIP","4","BLR BOM HDO NDC","2"
"AIR","2","CGB JIA","1"
"AIT","2","AIU RAR","1"
"AIU","2","AIT RAR","1"
"AJA","27","BES BOD BSL BVE CDG CFE CFR CRL DCM DLE FCO GVA LIL LUX LYS MPL MRS MUC NCE NTE ORY OSL PIS RDZ RNS SXB TLS","9"
"AJF","8","ATZ CAI DXB HMB JED KWI RUH SHJ","8"
"AJI","4","ADB ESB IST SAW","3"
"AJK","1","PGU","1"
"AJL","8","CCU DEL DMU GAU IMF IXA IXS SHL","2"
"AJR","6","ARN HAJ HMV LYC MUC VHM","4"
"AJU","8","BSB CGH CNF GIG GRU REC SSA VCP","3"
"AKA","12","CAN CSX CZX HGH JJN LHW PKX PVG SZX URC WUH XMN","7"
"AKB","1","DUT","1"
"AKF","2","BEN MJI","2"
"AKI","4","BET KKI KWT TLT","1"
"AKJ","3","HND NRT TPE","4"
"AKK","2","ADQ OLH","1"
"AKL","54","ADL APW BKK BNE CAN CHC CHT CKG DFW DOH DUD DXB EZE GBZ HAK HBA HGH HIR HKG HNL ICN IUE IVC KAT KKE KUL LAX MCY MEL NAN NOU OOL PEK PER POM PPQ PPT PVG RAR SCL SFO SIN SYD TBU TFU TPE TUO VLI WAG WHK WLG WTZ YVR ZQN","29"
"AKN","14","ANC CLP DLG EGX IGG KCG KCL KCQ KLL KPV PIP PTH UGB WSN","4"
"AKP","1","FAI","3"
"AKR","2","ABV LOS","2"
"AKS","2","ATD HIR","1"
"AKU","27","AAT ACF CAN CGO CKG CSX CTU FOC HGH HMI HTN INC JBK KHG KRL KRY LHW PEK PVG QSZ TAO TFU TWC URC WNZ WUH XIY","14"
"AKV","7","YGW YIK YPH YPX YUD YUL YZG","1"
"AKW","3","IFN SYZ THR","1"
"AKX","8","ALA AYT CIT HSA NQZ SAW SCO SSH","7"
"AKY","4","BSX KYP NYT RGN","3"
"ALA","86","AER AKX AUH AYT BKK BOM BSZ BUS CAN CIT CXR DAD DBB DEL DMB DMK DOH DXB DYU DZN ESB EVN FRA GOI GOX GUW GYD GZP HAN HGH HKT HSA ICN IKA IKU IST JED KBP KGF KOV KSN KUL KUT KWI KZO LCA LED LHR MCT MED MLE MSQ MXP NCU NQZ OSS OVB PEK PKX PLX PPK PQC PRG PUS PVG PWQ SAW SCO SHJ SKD SLL SSH SVO SYX TAS TBS UBN UKK URA URC UTP UWWW UZR WAW XIY YIN","40"
"ALB","21","ATL BWI CHS CLT DCA DEN DFW DTW FLL IAD LGA MCO MIA MYR ORD PGD PHL PIE RDU SRQ USA","11"
"ALC","74","AES ALG AMS ANR ARN BEG BFS BGO BGY BHX BIO BOD BRE BRS BRU BSL BTS BUD BVA CGN CLJ CMN CRL CWL DUB EDI EIN EMA EVN FAE FCO FRA GCI GDN GLA HAJ HEL IBZ KEF KIR KTW KUN LGW LIL LPA LTN LUX LYS MAD MUC MXP NCL NTE ORN ORY OTP OVD PMI PRG RIX RMO RTM SAW SCQ SOU STN SVG TFN TRF VCE VIE WAW WMI ZRH","37"
"ALF","10","BVG CHQ FRA HEL HFT KKN KTT OSL TOS VDS","6"
"ALG","69","AAE ABJ ABV ADD ALC AMM AZR BCN BEY BJA BKO BLJ BOD BRU BSK BSL BUD CAI CAN CBH CDG CFE CFK CZL DJG DLA DOH DSS DXB EBH ELG ELU FCO FRA GHA GJL GVA HME HRG IAM INZ IST JED JNB KUL LGW LHR LIL LIS LYS MAD MED MPL MRS MZW NTE ORY PEK QSF SAW STN SXB TLM TLN TMR TUN VLC VVZ YUL","24"
"ALH","1","PER","1"
"ALO","1","ORD","1"
"ALP","13","ADB AMM AYT COV DOH DXB EVN IST JED KWI OTP SAW SHJ","9"
"ALS","2","DEN DFW","1"
"ALW","1","SEA","1"
"AMA","4","AUS DEN DFW IAH","4"
"AMD","65","AGR ATQ AUH AYJ BBI BHJ BHO BKK BLR BOM CCU CJB CMB COK DBR DED DEL DIU DMK DOH DXB GAU GOI GOX GWL HAN HDO HYD IDR ISK IXB IXC IXG IXJ IXK IXR JAI JDH JED JGA JLG JSA KLH KQH KUL KWI LGW LKO MAA MHD NAG NDC NJF NMI PAT PNQ PXN RPR SGN SHJ SIN SXR TRV UDR VNS","25"
"AMM","86","ADB ADD ADE ALG ALP AMS ATH ATZ AUH AYT BAH BCN BEG BEN BER BEY BGW BGY BKK BLQ BOM BSR BUD BUS BVA CAI CDG CIA CRL DAM DME DMM DOH DTW DUS DXB EBL ESB FKB FRA GYD HBE HRG IST ISU JED JFK KBP KRK KRT KUL KWI LCA LHR LYS MAD MCT MED MJI MRA MRS MUC NJF ORD OTP PFO POZ PRG PSA RUH SAH SAW SHJ SJJ SOF SSH STR TBS TIA TSF TUN TZX UFA VIE YYZ ZRH","35"
"AMQ","15","CGK DOB JIO KSX NAM NBX NDA NRE SOQ SQN SUB SXK TTE UPG WBA","7"
"AMS","259","AAL ABZ ACE ADB AES AGA AGP AHO AHU ALC AMM AOK ARN ATH ATL AUA AUH AUS AYT BCN BEG BER BGI BGO BHD BHX BIO BIQ BJL BKK BLL BLQ BLR BOD BOG BOM BON BOS BRE BRI BRS BRU BSL BUD CAG CAI CAN CDG CFU CGK CHQ CMN COV CPH CPT CTA CTG CUN CUR CWL DAR DBV DEL DFW DGAA DMM DPS DTW DUB DUS DXB EBB EDI EFL ESB EVN EWR EXT EZE FAO FCO FEZ FLR FOC FRA FUE GDN GEO GIG GLA GOA GOT GRO GRU GUW GVA GYE GZP HAJ HAM HAN HEL HER HKG HRG HUY HYD IAD IAH IBZ ICN INN INV IST JED JFK JMK JNB JRO JSI KEF KGL KGS KIX KLX KRK KRS KTT KUL KWI LAS LAX LBA LCA LCY LHR LIM LIN LIS LJU LOS LPA LPI LUX LYS MAD MAH MAN MCO MCT MEX MIA MJT MLA MME MNL MPL MRS MSP MUC NAP NBO NCE NCL NDR NRT NTE NWI OLB OPO ORD ORK ORY OSL OTP OUD OVD PBM PDL PDX PEK PFO PHL PKX PLQ PMI PMO POS POZ PRG PRO PSA PTY PVG PVK RAK RBA RHO RIX RMF RMO RNS RUH RVN SAN SAW SCL SCQ SEA SFO SIN SJO SKG SKP SLC SMI SOF SOU SPC SPU SSH STR SVG SVQ SXB SXM SZG TBS TFS TIA TIV TLL TLS TLV TNG TOS TPA TPE TRD TRN TTU UIO VCE VIE VLC VRN WAW WRO XMN YEG YHZ YUL YVR YYC YYZ ZAG ZNZ ZRH ZTH","76"
"AMV","1","NNM","1"
"ANC","37","ADK ADQ AKN ANI ATL BET BOI BOS CDB CDV DEN DFW DLG DUT ENA FAI FRA GEG GKN HNL HOM IAH ILI LAS MSP ORD OTZ PHX SAN SCC SDP SEA SFO SLC VDZ YVR YYC","16"
"ANF","5","CCP CLO LIM LSC SCL","3"
"ANI","13","ANC ANV BET CHU CKD HCR KGX KLG RDV RSH SHX SLQ SRV","1"
"ANR","3","ALC BZO PMI","2"
"ANS","1","LIM","1"
"ANU","35","ATL AXA BBQ BGI CLT CTG DCF DGAA DOM EIS EWR FDF FRA GEO GND JFK KIN LGW LHR LOS MAN MBJ MIA MNI NEV PLS POS PUJ SBH SDQ SKB SLU SVD SXM YYZ","25"
"ANV","3","ANI KGX SHX","1"
"ANX","5","BOO EVE OSL SKN TOS","2"
"AOE","2","BRU OST","3"
"AOG","3","PKX PVG TFU","3"
"AOI","14","BCN CRL CTA FCO KRK LIN MAD MUC NRN OLB ORY PMO STN TIA","6"
"AOJ","7","CTS HND ICN ITM NKM TPE UKB","6"
"AOK","20","AMS ARN ATH BGY BLQ DUS FCO FRL HEL HFA INN KSJ MXP NAP OSL PRG RHO VCE VIE VRN","14"
"AOO","1","CLT","1"
"AOQ","1","JUV","1"
"AOR","3","JHB KUL SZB","4"
"AOT","2","CAG PMO","1"
"APA","2","DAL LAS","1"
"APC","3","BUR SNA VNY","2"
"APD","4","BPN KDI MOH UPG","1"
"APF","1","HPN","1"
"APL","6","BEW JNB MPM NBO TET VXC","3"
"APN","1","DTW","1"
"APO","2","BOG EOH","2"
"APW","7","AKL BNE HNL MXS NAN PPG SYD","6"
"AQA","1","VCP","1"
"AQG","6","CAN CGO HSN PEK SZX TSN","4"
"AQI","4","DXB HAS JED RUH","3"
"AQJ","4","AMM CAI IST MSQ","3"
"AQP","2","CUZ LIM","3"
"ARC","3","FAI FYU VEE","2"
"ARD","1","KOE","1"
"ARH","9","AER AMV AYT CEE KGD LED MMK NNM SVO","6"
"ARI","5","CCP IQQ LPB LSC SCL","4"
"ARK","11","DAR HTMR JRO LKY MBA MFA MWZ PMA SEU TGT ZNZ","7"
"ARM","3","BNE CFS SYD","2"
"ARN","144","AAR ACE ADB ADD AGP AJR ALC AMM AMS AOK ATH AUA AYT BBU BCN BEG BER BEY BGO BGY BIA BIO BIQ BJV BKK BLQ BNX BOJ BOO BRU BSL BUD BVC CAI CDG CFU CGN CHQ CRL CTA CUN DBV DLM DOH DUS DXB EDI ESB FLR FNC FRA FUE GDN GVA GZP HAD HAJ HAM HEL HER HKT HND INI IOA IST JFK JSI JTR KBP KBV KEF KGS KLX KSD KYA LCA LHR LIS LLA LPA LUX LXS LYS MAD MAN MHQ MIA MJT MMX MPL MRS MRU MUC MXP OER OLB ORY OSL OTP PEK PMI PMO POZ PQC PRG PSA PUJ PUY PVG PVK RAK RHO RIX RJK SAW SCR SID SKG SMI SPU SZG TFS THN TIA TIV TKU TLL TRN TRS TSF TUN UME VAR VBY VCE VHM VIE VOL WAW YYZ ZAG ZNZ ZRH ZTH","50"
"ART","1","PHL","1"
"ARU","4","BPS CGH MCZ VCP","2"
"ARX","1","CNF","1"
"ASB","20","BKK CRZ DEL DME DXB FRA IST KEA KRW KUL KZN MED MXP MYP OVB PEK SGN TAZ URC XIY","5"
"ASD","1","NAS","1"
"ASE","12","ATL AUS CLT DEN DFW IAH LAX ORD PHX SFO TEB VNY","4"
"ASF","7","AER KZN LED MRV SVO UFA VKO","6"
"ASI","1","HLE","111"
"ASJ","11","FUK HND ITM KIX KKX KOJ NRT OKA OKE RNJ TKN","5"
"ASM","8","AUH CAI DXB IST JED JUB KRT PZU","6"
"ASO","1","ADD","1"
"ASP","10","ADL BNE CNS DRW GTS KTR MEL PER SYD TCA","5"
"ASR","21","ADB AMS AYT BER BRU BSL CGN DUS ECN FRA HAJ HRK IST KBP MUC PRG RTM SAW STN STR VIE","8"
"ASU","18","AEP BOG BSB COR FLN GIG GRU IQQ JUJ LIM MAD MIA MVD PDP PTY SCL SLA VVI","10"
"ASV","2","MBA WIL","3"
"ASW","2","ABS CAI","4"
"ATA","1","LIM","1"
"ATD","1","HIR","1"
"ATH","183","ADB ADD AGP AMM AMS AOK ARN ATL AUH AXD BAH BBU BCN BEG BEN BER BES BEY BGW BGY BHX BIO BLQ BNX BOD BOM BOS BRI BRS BRU BSL BTS BUD CAI CDG CFU CGN CHQ CLJ CLT CMN CPH CRA CTA DAM DBV DEL DFW DOH DUB DUS DXB EBL EDI EFL EIN EVN EWR FCO FLR FRA GDN GOT GVA GYD HAJ HAM HBE HEL HER HFA IAD IBZ ICN INI INN IOA IST JED JFK JIK JKH JKL JMK JNX JSH JSI JSY JTR JTY KBP KGS KIT KLX KRK KSO KTW KUT KVA KZI LCA LGW LHR LIL LIS LJU LRS LTN LUX LXR LXS LYS MAD MAN MJI MJT MLA MLO MPL MRS MUC MXP NAP NCE NTE OLB OPO ORD ORY OSL OTP PAS PEK PFO PHL PMI PMO PRG PSA PVG RAK RHO RIX RMO RTM RUH SAW SHJ SIN SJJ SKG SKP SKU SMI SOF SPU SSH STN STR SVQ SXB TBS TFU TGD TIA TLL TLS TLV TSR TUN VAR VCE VIE VLC VRN WAW WMI WRO YUL YYZ ZAG ZRH ZTH","68"
"ATK","2","AIN BRW","1"
"ATL","228","ABE ABQ ABY ADD AEX AGS ALB AMS ANC ANU ASE ATH ATW AUA AUH AUS AVL BCN BDA BDL BGI BGR BHM BJX BNA BOG BOI BON BOS BQK BRU BTR BTV BUF BUR BWI BZE BZN CAE CDG CHA CHO CHS CID CLE CLT CMH COS CPH CPT CSG CTG CUN CUR CVG CZM DAB DAL DAY DCA DEN DFW DGAA DHN DOH DSM DTW DUB ECP EDI EGE ELP EVV EWR EYW EZE FAR FAY FCO FLL FRA FSD FWA GCM GDL GEG GIG GLH GND GNV GPT GRB GRR GRU GSO GSP GTR GUA HDN HND HNL HOU HPN HSV HVN IAD IAH ICN ICT ILM IND IST JAC JAN JAX JFK JNB KIN LAL LAS LAX LEX LGA LHR LIM LIR LIT LOS MAD MAN MBJ MCI MCO MDT MDW MEM MEX MGM MHH MIA MKE MKL MLB MLU MOB MSN MSP MSY MTY MUC MXP MYR NAP NAS OGG OKC OMA ONT ORD ORF PBI PDX PHL PHX PIT PLS PNS POP PSP PTY PUJ PVD PVR PWM QRO RAK RAP RDU RIC RNO ROA RSW RTB RUH SAL SAN SAP SAT SAV SBN SCL SDF SDQ SEA SFO SGF SHV SJC SJD SJO SJU SMF SNA SRQ STL STT SVD SXM SYR TLH TLV TPA TQO TUL TUS TYS UIO UVF VCE VLD VPS XNA YEG YUL YVR YYC YYZ ZRH","31"
"ATM","1","BEL","1"
"ATQ","20","AMD BHX BLR BOM CCU COK DEL DMK DOH DXB HYD KUL KUU LGW MAA PNQ SHJ SIN SLV SXR","10"
"ATT","5","BET KSM KUK MLL NUP","3"
"ATW","22","ATL AZA BNA CLT DEN DFW DTW EWR FLL GUF LAS MCO MSP ORD PDX PGD PHX RSW SAV SFB SNA SRQ","7"
"ATY","2","DEN MSP","2"
"ATZ","9","AHB AJF AUH CAI DMM JED KWI RUH TUU","5"
"AUA","35","AMS ATL BGA BOG BON BOS BWI CLO CLT COR CUR DFW EWR EZE FLL GRU IAD IAH JBQ JFK LGA LIM MCO MDE MIA MSP ORD PBM PHL PTY PUJ SDQ SXM YUL YYZ","29"
"AUC","4","BGA BOG CUC VVC","4"
"AUG","1","BOS","1"
"AUH","124","ADB ADD AGP ALA AMD AMM ASB ATH ATZ AYT BAH BBI BER BEY BGW BLR BOM BRU BUD CAI CCJ CGK CGN CGP CJB CLJ CMN CNN COK DAC DAM DEL DGAA DMM DOH DPS DUB DUS EVN FBM FIH FRA GOX GVA HAK HAN HBE HGH HKT HRE HYD ISB IST IXC IXE IXM JED JFK JMK JTR KBL KBV KHI KIX KRK KRT KTI KTM KTW KUL KWI KZN LED LEJ LHE LHR LIS LKO LOS LUX LYP MAA MAD MCT MCX MED MEL MUX NCE NQZ NUE ORD OTP PEK PEW PMI PNQ PRG PVG PZU RUH SAW SEZ SIN SKT SLL SOF SPX SVO SYD SZX TAS TBS TFU TPE TRV TRZ TZX VIE VKO VTZ WAW ZNZ ZYL","49"
"AUK","2","BET EMK","1"
"AUL","1","MAJ","1"
"AUQ","4","NHV PPT UAH UAP","2"
"AUR","1","ORY","1"
"AUS","60","ABQ AMS ATL AVL BNA BOS BZN CLT CMH CUN CVG DEN DFW DSM DTW ECP EWR FLL FRA FTW GCM GRR HDN HRL IAD IAH IND JFK LAS LAX LHR MCI MCO MEM MEX MIA MSP MTJ MTY ORD PDX PHL PHX PIT PSP PTY PVU RDU SAN SEA SFB SFO SJD SLC SRQ TYS YUL YVR YYC YYZ","25"
"AUU","3","CNS IRG WEI","1"
"AUX","1","PMW","1"
"AVA","1","PKX","1"
"AVL","25","ATL AUS BOS CLT DCA DEN DFW DSI EWR EYW FLL HOU LAS LGA MCO MDW MIA MSP ORD PBI PGD PHL PHX SFB SRQ","6"
"AVP","8","CLT FLL IAD MCO MYR ORD RSW TPA","4"
"AVV","5","ADL BNE CBR DPS SYD","2"
"AWA","1","ADD","1"
"AWB","2","DAU TDS","1"
"AWZ","25","AZD BND BUZ DXB GSM IFN IST JED KER KHK KIH KWI LFM LVP MCT MED MHD PGU RAS SHJ SRY SXI SYZ TBZ THR","18"
"AXA","14","ANU BWI EIS EUX EWR MIA NEV SBH SDQ SJU SKB STT SXM VIJ","7"
"AXD","3","ATH HER JSH","2"
"AXF","5","CIF DSN HET TGO XIL","1"
"AXJ","2","FUK KMJ","1"
"AXM","3","BOG FLL MDE","5"
"AXP","2","CRI NAS","1"
"AXR","2","AHE PPT","1"
"AXT","6","CTS HND ITM NGO OKD TPE","7"
"AXU","4","ADD GDQ LLI MQX","1"
"AXX","2","ABQ FTW","1"
"AYJ","7","AMD BLR BOM DED DEL HSS HYD","4"
"AYN","7","CAN HRB PVG SHE SYX SZX TFU","4"
"AYP","2","CUZ LIM","2"
"AYQ","4","BNE CNS MEL SYD","4"
"AYT","146","ADB AER ALA AMM AMS ANR ARH ARN AUH BBU BER BEY BFS BGO BHX BLL BOH BQT BRE BRS BRU BSL CAI CDG CEK CGN CIT CLJ COV CPH CRL CWL DAM DBB DME DRS DTM DUS DXB EDI EIN EMA ERF ERZ ESB ESL FDH FMM FMO FRA GDN GLA GME GOJ GRQ GRV GRZ GSV GVA GYD GZT HAJ HAM HEL HRK IKT IST JCL JED KBP KGD KGF KHE KJA KLV KOK KRK KRR KWI KZN KZO LBA LCJ LED LEJ LGW LPL LTN LUX LUZ LWO LYS MAN MRS MRV MST MUC MVQ MXP NCL NQZ NRK NRN NTE OMS ORY OSL OST OTP OVB PAD PEE PLQ POZ PRG PRN PZY REN RIX RLG RTM RUH RZE SAW SCN SEN SGC SJJ SKP SKX SSH STN STR SVG SVO SZY SZZ TBS TJM VIE VKO VTB WAW WRO ZIA ZRH","54"
"AYW","0","","0"
"AYX","1","PCL","1"
"AZA","0","","1"
"AZD","11","AWZ BND GSM IFN JED KIH MED MHD NJF TBZ THR","17"
"AZN","8","IKT IST JED LED MED OVB TAS VKO","6"
"AZO","2","DTW ORD","3"
"AZR","7","ALG BMW CZL INZ OGX ORN TMR","2"
"AZS","4","ORY YQB YUL YYZ","5"
"BAH","54","ADD AER AGP ALA AMM ATH AUH AYT BKK BOM BTS CAI CAN CCJ CDG CNN COK DBB DEL DMM DOH DXB GVA GYD HYD ISB IXE JED JFK KRT KUL KWI LGW LHE LHR MAN MCT MED MNL NCE NJF PRG RUH SAW SHJ SIN SKT SLL SVO TBS TIA TRV TZX YEI","29"
"BAL","3","ESB IST SAW","3"
"BAQ","16","ADZ BGA BLB BOG CLO CUC CUR EOH FLL HAY MDE MIA MTR PTY RCH VUP","10"
"BAR","11","CAN CKG HFE KUL KWE LZH PEK PKX PVG TFU WUH","5"
"BAS","2","MNY MUA","1"
"BAT","1","VCP","1"
"BAV","15","CAN CGO CIF HAK HLD HLH HRB LYA PEK SJW TGO TYN WUH XIY XMN","6"
"BAX","15","AER CXR DME HKT HTA KJA KZN LED OVB SGC SVO SVX UTP UUD UWWW","10"
"BAY","2","BVA OTP","2"
"BAZ","1","MAO","1"
"BBA","5","CCP PMC PUQ SCL ZCO","4"
"BBG","2","MTK TRW","1"
"BBI","20","AMD BLR BOM CCU DEL GAU HYD IXD IXR IXW JRG MAA PAT PNQ PYB RPR RRK UKE VNS VTZ","6"
"BBK","6","CPT GBE JNB MQP MUB WDH","2"
"BBL","2","BNE MOO","1"
"BBN","6","BKM LBP LGL MUR MYY ODN","1"
"BBO","0","","0"
"BBQ","2","ANU MNI","5"
"BBU","19","ARN AYT BGY BJV BRI BSL BUD EDFH FKB FMM GRO HAM HRG KRK NAP NBE SSH WAW WRO","3"
"BCA","0","","0"
"BCD","2","CEB MNL","5"
"BCH","0","","0"
"BCI","2","BNE LRE","1"
"BCM","9","BGY BRU DUB FCO LCA LTN MAD TSF VLC","3"
"BCN","181","ADB ALC ALG AMM AMS AOI ARN ATH ATL AUH BBU BCM BEG BER BES BEY BFS BGY BHX BJL BJZ BLQ BOD BOG BOS BRI BRQ BRS BRU BSL BTS BUD BVA CAI CDG CGN CLJ CMN CPH CRA CUN DEB DOH DSS DUB DUS DXB EDFH EIN ESB ESU EVN EWR EZE FAE FCO FEZ FLR FNC FRA GDN GOT GRU GVA GYD HAM HEL HER HKG HRK IAD IAS ICN IST JED JFK JMK JTR KBP KEF KRK KTW KUT KWI LAX LBA LCA LCG LCY LEI LEN LGW LHR LIG LIL LIM LIN LIS LPL LTN LUX LWO LXR LYS MAD MAN MEX MIA MLN MRS MUC MXP NDR NTE OLB ORD ORK ORN ORY OSR OTP OVD OZZ PDL PEK PHL PMI PMO PNA PRG PUJ PVG RDO RIX RMO RMU RTM RUH SAW SCL SEA SEN SFO SID SIN SKG SKP SOF STR SVG SXB SZG SZX TGD TIA TLL TLV TNG TRF TRN TSR TTU TUN VAR VCE VIE VIT VLC VRN VVI WAW WMI WRO XPL XRY YHZ YUL YYC YYZ ZAG ZRH","85"
"BDA","12","ATL BOS BWI CLT EWR JFK LHR MCO MIA PHL YUL YYZ","7"
"BDB","1","BNE","3"
"BDD","0","","0"
"BDH","2","SYZ THR","2"
"BDJ","15","AAP BPN BTW CGK DPS HMS KBU KLP KUL PKY SMQ SRG SUB UPG YIA","9"
"BDL","42","ATL BNA BWI CHS CLT CMH CVG DAB DCA DEN DFW DTW DUB EWN FLL GSO GSP IAD IAH ILM JAX LAS MCO MDW MIA MSP MYR ORD ORF PBI PHL PHX PIT RDU RIC RSW SAV SDF SJU SRQ TPA VRB","11"
"BDO","3","CJN HLP JOG","1"
"BDP","3","KTM PHH TPJ","6"
"BDQ","8","BLR BOM DEL GOX HYD MAA NMI PNQ","2"
"BDS","36","AMS BGY BRU BSL BVA BZO CGN CTA DUB DUS EIN FCO FRA GOA GVA KTW LGW LHR LIN LUX LYS MAD MUC MXP NTE ORY OTP PRG RTM STN STR TRN VRN WMI WRO ZRH","20"
"BDT","0","","0"
"BDU","1","OSL","1"
"BEB","2","GLA SYY","2"
"BEF","3","MGA PUZ RNI","1"
"BEG","71","ADB AHO ALC AMM AMS ARN ATH BCN BER BJV BLQ BNX BRI BRU BSL CAN CDG CGN CHQ CPH CTA DJE DOH DXB EFL ESB FRA GOJ GVA HAM HER HRG INI IST JMK JSI KRK MIR MLA MMX MUC NAP NCE NQZ NUE OPO OSL OTP PEK PMO PRG PSA PUY PVK RHO RIX SAW SKG SKP SSH STR TFS TGD TIV TLV VAR VCE VIE WAW ZRH ZTH","28"
"BEJ","6","AAP BPN CGK RTU SUB UPG","6"
"BEK","2","BLR BOM","1"
"BEL","28","ATM BOG BSB BVS CAY CKS CNF FLL FOR GGF GIG GRU JPE LIS MAB MAO MCP MEU MIA OIA OPP PBM PTQ REC SLZ STM TUR VCP","8"
"BEM","3","BGY GRO TNG","1"
"BEN","18","AKF AMM ATH CAI DAM DWC FCO HBE IST JED KRT MJI MLA MRA MSQ SEB TUN ZIS","13"
"BER","157","ACE ADB AGA AGP ALC AMM AMS ARN ATH AUH AYT BCN BEG BEY BGO BGW BGY BHX BIA BIO BJV BLQ BOD BOJ BRI BRS BRU BSL BTS BUD BZO CAI CDG CDT CFU CGN CHQ COV CPH CTA DBV DIY DJE DLM DOH DUB DUS DWC DXB EBL EDI EMA ESB EVN EWR FAO FCO FDH FLR FNC FRA FUE GLA GOT GRZ GVA GYD GZP GZT HEL HER HRG IBZ IST JED JFK KAO KEF KGS KTT KUT LBA LCA LCY LGW LHR LIN LIS LPA LPL LTN LUX LYS MAD MAN MIR MLA MRS MXP NAP NCE NCL NTE OLB OPO ORY OTP PEK PFO PMI PMO PRN PSA PUY PVK RAK REG RHO RIX RMF RMO SAW SCN SEN SJJ SKG SKP SOF SPU SPX SSH STN SVQ SZF SZG TBS TFS TGD TIA TIV TLL TLV TOS TRS TSR TUN TZL VAR VCE VIE VLC WAW YUL YYZ ZAG ZRH ZTH","64"
"BES","24","ACE AGA AGP ATH BCN BOD DUB FSC HER KIR LGW LYS MPL MRS NCE OPO OUI PRO PUF RAK SXB TFS TLN VNE","8"
"BET","37","AKI ANC ANI ATT AUK CYF DLG EEK EMK GNU HPB KKH KKI KOT KPN KSM KUK KWK KWN KWT MLL MOU MYU NME NUP OOK PKA PTU RSH SCM SXP TLT TNK VAK WNA WTL WWT","4"
"BEU","8","BNE BQL BVI CTL ISA ULP WNR WTB","1"
"BEW","7","ADD APL JNB MPM POL TET VPY","4"
"BEY","64","ABJ ADB ADD ALG AMM AMS ARN ATH AUH AYT BCN BER BGW BJV BRE BRU BSR CAI CDG COV CPH DBB DLM DMM DOH DUS DXB EBL ESB EVN FCO FRA GVA HAJ HAM HRG IST ISU JED JMK KBP KWI LCA LHR LOS LYS MAD MCT MED MRS MXP NCE NJF ORY OTP PRG RUH SAW SHJ SSH SZG TBS WAW ZRH","40"
"BFD","2","IAD PIT","1"
"BFF","1","DEN","1"
"BFI","6","ESD FRD PDX SFF YVR YYJ","2"
"BFJ","6","CAN HAK HGH PKX PVG XIY","5"
"BFL","4","DEN DFW PHX SFO","4"
"BFM","2","AFW MEM","2"
"BFN","4","CPT DUR GRJ JNB","3"
"BFQ","0","","0"
"BFS","36","ACE AGP ALC AYT BGY BVA CFU CUN DLM EDI EMA FAO FUE GRO HER IBZ KRK LCA LPA MAH MAN MLA MLB NCE OPO PMI PRO REU RVN SOU SSH STN TFS TRN VRN ZTH","4"
"BFV","2","BKK DMK","1"
"BFX","1","DLA","1"
"BFY","2","DLC SZX","1"
"BGA","12","AUA AUC BAQ BOG CTG CUC EOH LPZ MDE PTY RVE SMR","7"
"BGF","7","ADD CMN DLA KGL LBV LFW NSI","5"
"BGG","3","ESB IST SAW","3"
"BGI","42","AMS ANU ATL BHX BOS CCS CLT CWL DGAA DOM DUB DUS EIS EWR FDF FRA GEO GLA GND IAD JFK KIN LGW LHR LOS MAN MIA NCL OGL PBM PHL POS PTP PTY SKB SLU SVD SXM TAB YHZ YUL YYZ","24"
"BGIG","2","BGKA QRY","1"
"BGIL","1","JAV","1"
"BGKA","3","JEG QGQ QMK","1"
"BGKL","1","JUV","1"
"BGM","1","DTW","1"
"BGMO","0","","0"
"BGN","1","YKS","1"
"BGO","37","ABZ ALC AMS ARN BCN BER BUD CDG CHQ CPH DUB DUS EDI FCO FRA FRO GDN HAU HEL HOV KEF KRK LPA MAN MUC MXP OSL RIX SID SPU SZZ TFS TRF VAR VIE WMI ZRH","16"
"BGR","13","ATL CLT DCA DEN EWR JFK LGA MCO ORD PHL PIE RDU SFB","8"
"BGS","2","KCY KJA","2"
"BGTN","1","AGM","1"
"BGW","49","AMD AMM ATH AUH AYT BAH BER BEY BOM BSR CAI CAN DAM DEL DOH DUS DXB EBL ESB FRA GYD HRG IFN IKA ISB IST ISU JED KHI KIH KIK KUL KWI LHE MCT MED MHD MUC NJF OSM PEK SAW SHJ SSH SZF TUN TZX VKO XNH","33"
"BGY","74","ADB AGA AHO BBU BCM BEG BER BGO BHX BIQ BVC CAG CAI CDT CLJ CMN CPH CRA CTA DSS DUS DXB EDFH EVE EVN FEZ HBE HEL HER IAS KBP KRK KWI LDE MAH NTE OLB OMO OMR OTP OVD PMI PMO POZ PVK RAK RHO RIX RMO SAW SBZ SCV SHJ SID SKP SOF SSH SVG SVQ TAS TBS TFS TGM TIA TLS TLV TRF TSR UGC VAR WAW WMI ZAZ ZTH","27"
"BHB","1","BOS","1"
"BHD","19","ABZ AMS BHX BLQ BRS CWL EDI GLA INV KOI LCY LGW LHR LPL LSI LTN MAN PMI VRN","5"
"BHE","6","AKL CHC NSN PMR PPQ WLG","4"
"BHH","4","AHB DMM JED RUH","3"
"BHI","5","AEP CRD MDQ PMY REL","2"
"BHJ","2","BOM DEL","2"
"BHK","11","DME HSA IST LED MCX SKD SVO TAS UGC VKO VVO","9"
"BHM","15","ATL BWI CLT DCA DFW DTW FLL HOU LGA MDW MIA ORD PHL RDU TPA","7"
"BHO","11","AMD BLR BOM DEL GOI HYD JED NMI PNQ REW RPR","3"
"BHP","2","BIR KTM","2"
"BHQ","3","ADL DBO SYD","2"
"BHR","4","BWA KTM PHH PKR","2"
"BHU","2","NMI STV","2"
"BHX","97","ABZ ADB AGA AGP ALC AMS ATQ AYT BCN BGI BGY BHD BJV BOJ BUD BVC BZG CDG CFU CHQ CMF CPH CRA CUN DEL DLM DOH DUB DUS DXB EDI EFL EGC FAO FCO FNC FRA GCI GLA GNB GRO GVA HER IBZ INN INV IOM IST JED JSI JTR KEF KGS KLX KRK KVA LCA LIN LIS LPA LRM MAD MAH MUC NAP NCE OTP PDV PMI POZ PRG PRO PVK RAK SAW SBZ SCV SDR SID SKG SMI SNN SSH SVQ SZG TFS TIA TLS TRN TSR VCE VIE VLC VRN ZAD ZRH ZTH","24"
"BHY","24","ACX CAN CGO CKG CSX CTU DLC HFE HGH HRB KHN LXA NAO PEK PKX PVG SHE SJW TEN TFU TYN WUH XIY YIH","15"
"BIA","35","ARN BER BES BIQ BOD BSL BVA CFR CGN CPH DLE DUS FRA GCI GOT GVA HAJ LGW LIL LUX LYS MPL MRS MUC NCE NTE NUE ORY OUD RNS STR SXB TLN TLS VIE","11"
"BIB","1","MGQ","1"
"BID","2","NYS WST","3"
"BIH","2","DEN SFO","1"
"BII","3","KWA MAJ RNP","1"
"BIK","6","DJJ DRW FOO SOQ UPG ZRI","6"
"BIL","15","AZA DEN DFW GDV GGW HVR LAS MSP OLF ORD PDX PHX SDY SEA SLC","8"
"BIM","3","FPO MIA NAS","3"
"BIO","67","ACE AGP ALC AMS ARN ATH BCN BER BRS BRU BSL BUD CAI CDG CMN CPH DUB DUS EIN EWR FAO FCO FLR FNC FRA FUE GVA HAM HRG IBZ IST KRK LCG LIS LTN LUX LXR MAD MAH MAN MUC MXP NAP OPO ORK OSL PDL PMI PMO PRG SAW SCQ SID SPC SPU STR TFN TIA TNG TRN VCE VIE VLC VRN WAW XRY ZRH","28"
"BIQ","22","AMS ARN BGY BIA CDG CPH CRL DUB FRA FSC GVA LIL LUX LYS MRS MUC MXP NCE ORY RAK STN ZRH","12"
"BIR","4","BWA KTM PHH TMI","4"
"BIS","6","AZA DEN DFW LAS MSP ORD","5"
"BIU","1","RKV","1"
"BJA","9","ALG BRU CDG EBU HME LIL LYS MRS ORY","6"
"BJB","1","THR","3"
"BJF","9","ALF BVG HFT HVG KKN MEH TOS VAW VDS","1"
"BJH","1","DHI","1"
"BJI","1","MSP","1"
"BJL","17","AMS ARN BRU BTS CKY CMN CPH DSS FNA HEL IST LGW LIS LOS MAN NKC OSL","15"
"BJM","7","ADD BRU DAR EBB GOM KGL NBO","6"
"BJR","2","ADD LLI","1"
"BJT","1","CMB","1"
"BJU","3","DHI KEP SKH","4"
"BJV","73","AER ALA AMS ARN AYT BAH BBU BEG BER BEY BHX BLL BRS BRU BUD CGN COV CPH DOH DUB DUS DXB ECN EDI EMA ESB FRA GDN GLA GYD HAM HRK IST JED KBP KTW KWI LBA LED LEJ LGW LHR LPL LTN LWO MAN MRV MSQ MUC NCL NQZ NRN NUE ORY OSL OTP PDV POZ PRG RMO RUH RZE SAW SKP SOF STN SVO VAR VIE VKO WAW WRO ZRH","46"
"BJW","2","KOE LBJ","1"
"BJX","16","ATL CJS CUN DFW IAH LAX MEX MTY NLU OAK ORD PBC PVR SMF TIJ YVR","9"
"BJZ","5","BCN LPA MAD PMI TFN","2"
"BKA","3","IKT KJA OVB","3"
"BKB","1","DEL","2"
"BKC","2","DRG OTZ","1"
"BKI","28","BWN CAN CGK CKG DYG FOC FUK HGH HKG ICN JHB KBR KCH KIX KUL KWE LBU LDU MNL PEN PKX PUS PVG SIN SZB SZX TFU TWU","22"
"BKK","140","ADD AKL ALA AMD AMM AMS ARN ASB AUH BAH BBI BFV BLR BNE BOM BWN CAN CCU CDG CGK CGO CGQ CIT CJU CKG CMB CNX CPH CRK CSX DAC DAD DEL DOH DPS DXB FCO FOC FRA HAK HAN HDY HEL HGH HKG HKT HND HYD ICN IKA IKT IST JED JJN KBV KHH KHV KIX KJA KKC KMG KTI KTM KTW KUL KWE KWI LED LGW LHR LHW LJG LPQ LYA MAD MCT MDL MEL MLE MNL MUC NAW NBO NGB NKG NNG NOU NRT NST OSL OVB PBH PEK PER PKX PNQ PQC PRG PUS PVG RGN RUH RUN SAI SGN SHJ SIN STV SVO SVX SWA SYD SYX SZX TAE TAO TAS TDX TFU THS TLV TNA TPE TSN UBN URT USM UTH VIE VNS VTE VVO WAW WUH XIY XMN YCU YTY YVR ZRH","114"
"BKL","0","","0"
"BKM","3","BBN LWY MYY","1"
"BKN","4","ASB CRZ MYP TAZ","1"
"BKO","19","ABJ ADD ALG BYK CDG CKY CMN COO DSS GAQ IST LFW NBO NIM NKC ORY OUA TOM TUN","14"
"BKQ","2","BNE LRE","1"
"BKS","4","CGK ENG MPC PXA","4"
"BKW","3","CLT MYR PKB","1"
"BKY","4","FBM FMI GOM KOO","1"
"BKZ","2","DAR MWZ","3"
"BLA","2","CCS PMV","4"
"BLB","0","","0"
"BLE","3","LCA LPA RHO","2"
"BLI","10","AZA BUR ESD FRD K1RL LAS OAK PDX PSP SEA","3"
"BLJ","5","ALG CDG LYS MRS ORY","1"
"BLL","38","AGP ALC AMS ARN AYT BCN BGO BGY BUD BZO CDG CHQ CLJ CPH FAE FCO FRA GDN GOH HEL IAS INN IOA IST KEF KTW LGW LHR LPA LWO OPO OSL OTP RIX RNN TIA TLL WAW","20"
"BLQ","75","AHO AMM AMS AOK ARN ATH BCM BCN BDS BEG BRU CAG CAI CDG CDT CFU CGN CHQ CIY CLJ CMN CPH CRA CTA DUS DXB EIN FCO FOG FRA FUE HEL HER IAS IBZ IST JMK KBP KGS KRK LHR LIS LUX LXR LYS MAD MAH MAN MUC OLB OSL OTP PMI PMO RAK RHO RMF RMO SAW SCV SDR SKP SSH TBS TFS TIA TLV TPS TSR TUN VIE VLC WAW WRO ZRH","44"
"BLR","108","ADD AGR AGX AMD AMS ATQ AUH AYJ BAH BBI BDQ BEK BHO BKK BOM CCJ CCU CDG CJB CMB CNN COK DBR DED DEL DGH DIB DMK DMM DOH DPS DXB FRA GAU GOI GOP GOX GWL HAN HBX HDO HKG HKT HSR HYD IDR ISK IXA IXB IXC IXD IXE IXG IXJ IXM IXR IXU IXX IXZ JAI JDH JED JRG JSA KJB KLH KNU KTM KUL KWI LGK LHR LKO MAA MCT MLE MRU MUC NAG NDC NMI NRT PAT PNQ PNY RDP RJA RPR RQY RUH SAG SDW SGN SHJ SIN STV SXR SXV SYD TCR TIR TRV TRZ UDR VDY VGA VNS VTZ","38"
"BLV","8","GUF JAX LAS PGD SAV SFB SRQ VPS","1"
"BLW","0","","0"
"BLZ","4","ADD DAR JNB LLW","3"
"BMA","2","THN VXO","1"
"BMB","2","FKI LIQ","1"
"BME","10","DRW FIZ GET HCQ KNX KTA MEL PER PHE SYD","7"
"BMI","6","ATL AZA DFW ORD PIE SFB","4"
"BMO","1","MDL","1"
"BMU","3","DPS LOP UPG","2"
"BMV","5","DAD HAN SGN THD VII","4"
"BMW","2","AZR TMR","1"
"BMY","2","GEA KOC","1"
"BNA","115","ABE ABQ ALB ATL ATW AUS BDL BHM BOS BUF BUR BWI BZN CHS CID CLE CLT CMH CUN CVG DAL DCA DEN DFW DSM DTW DUB ELP EWR FAR FLL FNT FSD GRR GSP GUF HDN HOU HVN IAD IAH ILM IND JAX JBR JFK KEF LAL LAS LAX LGA LGB LHR LIT MBJ MCI MCO MDT MDW MEM MHT MIA MKE MSP MSY MTJ MYR OKC ORD ORF PBI PDX PGD PHL PHX PIA PIE PIT PNS PUJ PVD PVU RDU RFD RIC RNO ROC RSW SAN SAT SAV SDF SEA SFB SFO SJC SJO SJU SLC SMF SNA SRQ SYR TBN TPA TUL TUP TYS VPS XNA YTZ YUL YVR YYC YYZ","24"
"BNB","2","FIH MDK","1"
"BNC","7","BKY BUX FBM FKI FMI GOM IRP","1"
"BND","19","AEU AWZ AZD BUZ DOH DXB IFN KIH LFM MHD NJF RAS SHJ SRY SXI SYZ TBZ THR ZBR","22"
"BNE","100","ABX ADL AKL APW ARM ASP AVV AYQ BBL BCI BDB BEU BKK BKQ BQL BVI CAN CBR CFS CHC CMA CNJ CNS CTL DBO DFW DOH DPS DRW DXB EMD GLT GOV GTS GYB HBA HIR HKG HTI HVB ICN INU ISA IVR KIX KUL KYB LAX LRE LST MAJ MCY MEL MKY MNL MOO MOV MUA NAA NAN NLK NOU NRT NTL OAG OCM PER PNI POM PPP PQQ PVG RAR RMA ROK ROR SFO SGN SGO SIN SON SYD THG TMW TPE TRW TSV ULP VLI WEI WGA WLE WLG WLP WNR WOL WTB XTG YVR ZQN","33"
"BNI","3","ABV LOS PHC","5"
"BNK","2","MEL SYD","3"
"BNN","4","BOO OSL SSJ TRD","3"
"BNS","2","CCS PMV","2"
"BNX","11","ATH AYT BEG BSL DTM FKB FMM GOT HRG STR TIV","7"
"BNY","2","HIR RNL","1"
"BOB","9","FAV HUH MAU MOZ PPT RFP RGI TIH XMH","2"
"BOC","3","LIO PAC SJO","3"
"BOD","77","ACE AGA AGP AJA ALC ALG AMS ATH BCN BES BRI BRS BRU BSL BUD CAG CDG CFU CMN CPH CTA DJE DSS DUB EDI EIN ESU FAO FCO FDF FEZ FLR FNC FRA GLA GVA HER HRG IBZ IST LGW LIL LPA LTN LUX LYS MAD MLA MPL MRS MUC NCE OLB ORK ORN OSL OTP PMI PRG PRO PTP RAK RBA SID SPU SXB TFS TIA TLN TNG TUN VCE VIE VIL VLC YUL ZRH","28"
"BOG","81","ADZ AMS ATL AUA AUC AXM BAQ BEL BGA BLB BOS BSB CCS CDG CLO COR CTG CUC CUN CUR DFW DXB EJA EOH EWR EYP EZE FLA FLL FRA GDL GEO GIG GRU GUA GYE HAY IAH IPI IST LIM LMC LPB MAD MBJ MCO MDE MEX MIA MTR MTY MVD MVP NLU NVA PDA PEI PPN PSO PTX PTY PUJ PUU RCH SAL SCL SDQ SJO SJU SMR TCO TPA UIB UIO VGZ VLN VUP VVC YUL YYZ ZRH","41"
"BOH","20","ACE AGP ALC CFU CHQ DLM EDI FAO FUE GRO GVA HER MAH PFO PMI RHO RMU TFS ZAD ZTH","4"
"BOI","19","ATL AZA BUR BZN DAL DEN DFW LAS LAX MDW MSP ORD PHX PSP SAN SEA SFO SMF SNA","11"
"BOJ","55","AMS ARN BER BHX BRQ BRS BRU BTS BUD CGN CPH CWL DUB DUS EDI EMA ERF FRA GDN GLA GOT HAJ HAM HEL HRK JCL KBP KRK KSC KTW KUN LGW LIL LPL LTN LUX MAD MAN MST MUC NCL ORY OSL OSR POZ PRG RIX STN STR SZG TLL TRD UME VIE WMI","27"
"BOM","118","ADD ADE AIP ALA AMD AMM AMS ATQ AUH AYJ BAH BBI BDQ BGW BHJ BHO BKK BLR CAI CCJ CCU CDG CGK CJB CMB CNN COK CPH DAC DAR DBR DED DEL DGH DIB DIU DMK DMM DOH DPS DXB EBB EWR FJR FRA GAU GOI GOP GOX GWL GYD HAN HBX HGI HKG HKT HND HSR HYD IDR IKA IMF IST IXB IXC IXD IXE IXG IXJ IXK IXL IXS IXU JAI JDH JED JGA JLG JSA KLH KNU KTM KUL KWI LHR LKO MAA MAN MCT MDA MED MLE MRU MUC NAG NBO NJF NRT PAT PBH RJA RPR RUH SEZ SGN SHJ SIN SSE SXR TAS TRV TRZ UDR VGA VNS VTZ YYZ ZRH","55"
"BON","13","AMS ATL AUA BAQ CUR EWR IAH JBQ MDE MIA SDQ SXM YYZ","12"
"BOO","15","ANX ARN BGO BNN CHQ ENVR EVE HEL LKN LPA MUC OSL PMI TOS TRD","7"
"BOR","2","LPQ VTE","3"
"BOS","130","ACK AMS ANC ATL AUA AUG AUH AUS AVL AXA BCN BDA BGI BHB BNA BOG BUF BWI BZN CAP CDG CHS CLE CLT CMH CPH CUN CVG DAB DAL DCA DEN DFW DOH DSM DTW DUB DXB ECP EDI EWR EYW FCO FLL FRA GCM GRR GRU HHH HKG IAD IAH ICN ILM IND IST JFK KEF LAS LAX LGA LHR LIR LIS MAD MBJ MCI MCO MDT MDW MEM MEX MIA MKE MSN MSP MSS MSY MUC MVY MXP MYR NAS NRT OPO ORD ORF PBI PDL PDX PEK PHL PHX PIT PLS PNS PQI PTY PUJ RDU RKD ROC RSW RUT SAL SAN SAT SAV SDQ SEA SFO SLC SNN SRQ STI STL STT SXM SYR TLV TPA TYS UVF VIE VPS YHZ YTZ YUL YYZ ZRH","51"
"BOT","2","LMY OBX","1"
"BOX","0","","0"
"BOY","2","ABJ OUA","1"
"BPA","1","CEB","1"
"BPE","7","BAV BQS KHV PVG SJW TFU VVO","4"
"BPG","2","CGB GYN","1"
"BPH","0","","0"
"BPL","12","AAT ACF AKU CGO KHG KRL LHW TCG TFU URC WUH YIN","6"
"BPN","24","APD BDJ BEJ BTH BWN CGK DPS GHS KNO KUL LNU LOP MDC MJU PKY PLW PNK SIN SRG SUB TJS TRK UPG YIA","14"
"BPS","18","AEP ARU BSB CGH CNF EZE GIG GRU JOI JTC LDB PPB RAO SDU SJP SSA UDI VCP","4"
"BPT","1","DFW","1"
"BPX","6","CKG CTU LXA MIG PEK XIY","3"
"BQB","9","BYP CJF CKW GET MEL OCM PER SLJ ZNE","5"
"BQG","2","KHV NGK","2"
"BQJ","1","YKS","1"
"BQK","1","ATL","1"
"BQL","8","BEU BNE BVI CTL ISA ULP WNR WTB","1"
"BQN","4","EWR FLL JFK MCO","3"
"BQS","20","BPE CXR DME GDX HKT HRB HTA IKT KHV KJA KLO OVB SVO SVX TYD UHBS UTP UUD UUS VVO","9"
"BQT","3","LED SSH SVO","1"
"BQU","6","BGI CIW MQS SVD UNI UVF","3"
"BQW","0","","0"
"BRA","2","CNF SSA","1"
"BRC","17","AEP BHI CNF COR EZE GRU MDQ MDZ PMC PMY POA ROS SCL SLA TUC VCP VDM","9"
"BRD","1","MSP","1"
"BRE","28","ACE ADB AGP ALC AMS AYT BEY BJV BOJ FRA FUE HER HRG IST MIR MUC PMI PRN RHO RMO SAW STN STR TFS VAR VIE ZAD ZRH","18"
"BRG","2","MDC NAH","2"
"BRI","60","AGP AMS ARN ATH BBU BCN BEG BGY BIO BOD BRS BRU CDG CFU CGN CLJ CPH DUB DUS EDFH EWR FCO FRA GRO GVA HAM IST JMK JTR KRK LGW LIL LIN LUX LWO LYS MAD MAN MUC MXP NCE NTE OLB OMO ORY OSL OTP PVK RHO SKP SPU SSH STR TLS TLV VIE WRO ZAD ZRH ZTH","27"
"BRK","1","DBO","1"
"BRL","1","ORD","1"
"BRM","5","CCS PMV PTY PUJ SVZ","6"
"BRN","8","CAG CLY DJE KGS OLB PMI RHO XRY","4"
"BRO","4","DFW IAH MCO MTY","4"
"BRQ","24","ADB AGP AYT BCN BGY BJV BOJ CFU CHQ CIY DJE FCO FNC HER HKT MRU NBE STN TCP TGD TIA TIV VAR VOL","8"
"BRR","1","GLA","1"
"BRS","103","ABZ ACE ADB AGA AGP ALC AMS ATH AYT BCN BER BFS BHD BIO BJV BOD BOJ BSL BUD BZR CDG CFU CGN CHQ CMF CPH CTA DLM DUB EDI EFL EGC FAO FCO FNC FUE GCI GDN GIB GLA GNB GRO GVA HER HRG IBZ INV IOM JSI JTR KEF KGS KRK KUN LCA LEI LIG LIS LPA LYS MAD MAH MLA MUC MXP NAP NBE NCE NCL NOC OPO ORK OTP PMI PMO POZ PRO PSA PVK RAK REU RHO RMU RVN RZE SAW SID SKG SOF SPU SSH SZG TFS TIV TLS TOS TRN VCE VLC VRN WRO ZRH ZTH","11"
"BRT","1","DRW","1"
"BRU","139","ABJ ACE ADB ADD AGA AGP AHU ALC ALG AMM AMS AOE ARN ASR ATH ATL AUH AYT BCM BCN BDS BEG BEY BGO BJV BKK BLQ BOD BOJ BRI BVE CAI CHQ CKG CKY CMN COV CPH CTA DBV DGAA DJE DLM DOH DSS DUB DXB EBB ESB EVN EWR FAO FCO FEZ FIH FLR FNA FNC FRA GDN GOT GRU GVA HEL HER HKG IAD IBZ INN IST JED JFK JMK JRO KBP KEF KGL KGS KTT LCA LHR LIN LIS LPA LXR MAD MLA MUC NAP NBE NBO NCE NDR NRT NSI NTE OPO ORD ORN OSL OTP OVD PEK PMI PRG PSA PVG RAK RBA RHO RIX RMO SAW SIN SKG SMI SOF SPU SZX TFS TFU TIA TIV TLL TLV TNG TOS TTU TUN VAR VCE VIE WAW YHZ YUL YYZ ZAG ZRH ZTH","70"
"BRW","6","AIN ANC ATK NUI PIZ SCC","2"
"BSA","8","ADD DXB GGR HGA JIB MGQ NBO SHJ","6"
"BSB","37","AEP AJU ASU BEL BOG BPS BVB CGB CGH CNF CPV CWB FLN GIG GRU GYN IMP LIM LIS MAB MAO MCO MIA PMW POA PTY PVH RBR REC SCL SDU SLZ SSA THE UDI VCP VIX","8"
"BSC","3","CLO EOH UIB","2"
"BSD","6","CSX KMG NKG SZX TFU WUX","2"
"BSG","2","LBV SSG","3"
"BSK","3","ALG LYS ORY","3"
"BSL","73","ADB ALC ALG AMS ASR ATH AYT BBU BCN BEG BER BIA BJV BNX BOD BRI BTS BUD CAG CDG CLJ CMN CPH CTA CZL DBV DJE DUB DXB ESB FAO FRA GZT HRG IAS IBZ INI IST KRK LCA LHR LIL LTN MAD MAH MLA MUC OHD ORN OSL PMI POZ PRN RAK RBA RMO SAW SBZ SKP SOF TGD TGM TLS TLV TSR TUN TZL VIE WAW WRO YUL ZAD ZAG","35"
"BSO","4","CRK LAO RPLT TUG","4"
"BSR","15","AMM BEY BGW CAI DAM DEL DOH DXB EBL IST ISU MCT MHD PEK SAW","10"
"BSX","2","AKY RGN","1"
"BSZ","40","ALA AYT CAN CIT CXR DEL DME DXB DYU ESB GRV GYD ICN IKG ISB IST JBD JED KJA KWI KZN LED LHE MCX NQZ OSS OVB PEK PKX SAW SGC SHJ SSH SVO SVX TAS TFU URC VKO XIY","32"
"BTC","2","CMB RML","5"
"BTH","19","BPN CGK DJB DTB ICN JED KNO KUL LMU NTX PDG PGK PLM PPR RGT SIQ SUB TKG YIA","13"
"BTI","2","FAI SCC","2"
"BTJ","9","CGK JED KNO KUL LKI LSR MED PEN SBG","10"
"BTK","3","DME IKT OVB","2"
"BTM","2","DEN SLC","2"
"BTR","5","ATL CLT DCA DFW IAH","3"
"BTS","37","ALC ATH AYT BAH BOJ BVC CCE CDT CFU CIA CRL DBB DOH DXB EVN HKT HRG HRK IBZ JMK KBP KUT LWO MIR MRU OTP PMI PQC PRN PUJ RMO SAW SKG SUF TGD VAR WMI","9"
"BTT","3","AET FAI HUS","1"
"BTU","6","BKI KCH KUL MKM MYY SBW","4"
"BTV","18","ATL CHS CLT DCA DEN DTW EWR IAD IAH JFK LGA MCO MSP ORD PHL RDU RSW TPA","8"
"BTW","2","BDJ UPG","1"
"BTZ","0","","1"
"BUA","3","LAE POM RAB","2"
"BUC","5","CNS DMD ISA NTN ONG","1"
"BUD","103","ACE ADB ALC ALG AMM AMS ARN ATH AUH AYT BBU BCN BEG BER BGY BHX BJV BLL BLQ BOD BOJ BRU BSL CAG CAI CAN CDG CFU CGN CHQ CIT CKG CPH CTA DBV DOH DTM DUB DUS DXB EMA EVN FRA FUE GOA GOT HAM HEL HRG ICN IST JMK KTW KWI LBA LEI LGW LHR LIS LPA LUX LYS MAD MAN MRS MUC NAP NGB NTE NUE OSL OTP PEK PHL PMI PMO PVG RIX RMI SAW SEN SKG SPX STN STR SUF SZX TAS TFS TGM TIA TLS TLV TSF VIE VLC WAW WMI XIY YYZ ZAD ZRH ZTH","51"
"BUF","25","ATL BNA BOS BWI CLT DEN DFW DTW EWR FLL IAD JFK LAS LAX LGA MCO MDW MIA MSP ORD PBI PHL PHX RDU RSW","10"
"BUG","2","LAD WDH","1"
"BUI","2","DJJ WMX","1"
"BUL","1","POM","1"
"BUN","2","BOG EOH","2"
"BUP","2","DEL HDO","2"
"BUQ","5","ADD CPT HRE JNB VFA","4"
"BUR","35","ABQ ACV APC ATL AUS BLI BNA BOI CCR DAL DEN DFW DSM EUG HNL IND JFK LAS MDW MRY OAK PDX PHX PVU RDM RNO SCF SFO SJC SLC SMF SNA STL STS TSM","14"
"BUS","35","AER ALA AMM CIT DME DMM DXB GSV GUW GYD HRK IKA IST JED KBP KRR KWI KZN LED LWO MRV MSQ NQZ OVB RIX RUH SAW SVX TAS TLV UFA UGSA UWWW VKO ZIA","26"
"BUT","1","PBH","1"
"BUU","1","CGK","1"
"BUW","1","UPG","2"
"BUX","7","BKY BNC FBM FKI FMI GOM IRP","1"
"BUZ","3","DXB MED THR","7"
"BVA","46","AGA ALC AMM BAY BCM BCN BEG BFS BIA BLQ CAG CLJ CPH CRA EDI EVN FAO FCO FSC GDN IAS KBP KRK KUT LWO NDR ORK OTP POZ RMO RVN SJJ SKG SKP SOF SVQ TFS TGD TGM TIA TRN TSF TSR TZL VAR ZAD","6"
"BVB","5","BSB CGU GRU MAO VCP","4"
"BVC","35","AMS ARN BGY BHX BOD BRQ BRU BTS CPH DUS EMA FCO FRA GOT HAJ HEL KTW LGW LIS LUX MAN MMO MUC MXP NTE OPO ORY PRG RAI SID STR TLS VIE VRN ZRH","15"
"BVE","6","AJA BRU KIR NCE ORY STN","2"
"BVG","6","ALF BJF HFT MEH TOS VDS","1"
"BVH","2","CGB VCP","1"
"BVI","8","BEU BNE BQL CTL ISA ULP WNR WTB","1"
"BVJ","21","CEK DME EGO KJA KRR KZN LED MSQ OMS OVB PEE SBT SIP SLY SVO SVX TJM TLK UFA UUA VKO","7"
"BVS","3","BEL PTQ STM","1"
"BWA","3","DMK KTM PHH","4"
"BWB","1","PER","1"
"BWI","0","","0"
"BWK","5","BEG BTS BZO LUX ZAG","4"
"BWN","23","BKI BKK BPN CGK DXB HGH HKG ICN JED KCH KUL LGW LHR MAA MEL MNL NNG NRT PKX SGN SIN SUB TPE","5"
"BWT","3","KNS LST MEL","3"
"BWU","0","","0"
"BWX","3","CGK LOP SUB","2"
"BXB","4","BIK FKQ MKW SOQ","3"
"BXD","1","MKQ","1"
"BXG","1","SYD","1"
"BXU","2","CEB MNL","3"
"BXW","2","SUB SUP","1"
"BYK","2","ABJ BKO","1"
"BYO","3","CGH GRU VCP","3"
"BYP","0","","0"
"BYR","1","RKE","1"
"BZE","29","ATL BWI CLT CUK CUN CZH DEN DFW DGA EWR FLL GUA HOU IAH JFK LAX MIA MSP ORD PND PTY RTB SAP SEA SFO SPR YUL YYC YYZ","13"
"BZG","8","ALC BHX BRS DUB FRA KBP KRK WAW","3"
"BZL","0","","0"
"BZN","21","ATL AZA BNA BOS CLT DEN DFW DTW EWR IAD IAH LAS LAX LGA MDW MSP ORD PDX SAN SFO SLC","11"
"BZO","9","ANR BDS DUS GOT HAJ IBZ MAH SKG WAW","1"
"BZR","6","ARN BRS CRL EDI MAN NRN","1"
"BZV","18","ABJ ADD BKO CDG CMN COO DLA FIH ION KGL LAD LBV LFW NBJ NBO NKC OUE PNR","13"
"BZX","15","CAN CTU HAK JJN KMG NGB PKX PVG SZX TAO TNA URC WUX XIY YIW","9"
"CAB","2","NBJ SZA","1"
"CAC","5","CWB GRU MCZ NAT VCP","3"
"CAE","11","ATL CLT DCA DFW FLL IAD LGA MIA ORD PHL SFB","6"
"CAE9","0","","0"
"CAF","2","MAO RPU","1"
"CAG","46","AMS AOT BCN BGY BLQ BOD BRI BSL BVA BZO CDG CPH CUF DUS EDFH FCO FLR FRA GOT GVA HAM INN KRK LGW LIN LUX MAD MLA MUC MXP NAP NCE NRN OLB ORY POZ PRG PSA STR SZG TLV TRN VCE VIE VRN ZRH","23"
"CAG8","0","","0"
"CAI","86","AAN ABJ ABS ADD AER AHB AJF AMM AMS ARN ASW ATH AUH AYT BAH BCN BEN BER BLQ CDG CGN CIT CMN CPH CTA DLA DMM DOH DUS DXB EAM EBB ELQ ESB EVN EWR FCO FRA GIZ GYD HMB HRG IAD IST JED JIB JUB KWI LHR LOS LXR LYS MAD MED MJI MRS MXP NJF NUM ORY OTP PEK PRG PVG PZU RIY RKT RUH SAW SHJ SKG SSH SVO SZX TFU TGD TIF TUN TUU UVL VCE VIE VRN WAW YNB ZRH","50"
"CAJ","3","CCS CGU SNV","1"
"CAK","17","BNA CHS CLT DCA FLL MCO ORD ORF PBI PIE PWM RSW SAV SFB SRQ TPA VPS","4"
"CAL","1","GLA","1"
"CAM9","12","CAN3 CPW9 WPL YAV YBF YBW YGG YHH YTP YWH YWS ZNA","9"
"CAN","238","AAT ACX ADD ADL AEB AKA AKL AKU ALA ALG AMS AOG AQG AUH BAH BAR BAV BEG BFJ BGW BHY BKI BKK BNE BSZ BUD BZX CAI CCS CCU CDE CDG CGD CGK CGO CGQ CHC CIF CIH CJU CKG CMB CNX CSX CTU CZX DAC DAD DAR DDG DEL DLC DLU DMK DOH DOY DPS DSN DXB DXJ DYG DZH ENH ENY FOC FRA FUG FUK GYD GYS GYU HAK HAN HCJ HDG HET HFE HGH HIA HKG HKT HLD HLH HND HPG HQQ HRB HTN HYN HZA HZG ICN IKA IKT INC ISB IST JDZ JED JFK JGN JHB JHG JIC JJN JMU JNG JNZ JUH JUZ JXA KCH KHG KHN KIX KMG KOS KTI KTM KUL KWE KWI LAX LCX LDS LFQ LGW LHE LHR LHW LIJ LJG LLB LUM LUX LXA LYA LYG LYI LZG LZO LZY MAD MDC MDG MEL MIG MNL MXZ NAO NBJ NBO NBS NDG NGB NKG NNG NNY NQZ NRT NTG PEK PKX PKZ PLW POM PVG PZI RGN RLK RUH SAI SFO SGN SHA SHE SHS SIN SJW SKD SQD SUB SVO SWA SYD SYX TAO TAS TFU TNA TNH TPE TSN TWU TYN UCB URC UYN VKO VTE WDS WEF WEH WHA WMT WNH WNZ WSK WUH WUS WUT WUX WXN XFN XIC XIY XMN XNN XNT XUZ YBP YCU YIC YIH YIW YKH YNJ YNT YNZ YSQ YTW YTY YVR YYZ YZY ZAT ZHA ZYI","77"
"CAN3","1","CPW9","0"
"CAP","8","BOS CYA EWR FLL MIA NAS PAP PLS","5"
"CAP5","1","CXH","0"
"CAQ","1","EOH","2"
"CAT5","0","","0"
"CAU","1","REC","1"
"CAY","14","BEL CDG FDF FOR GSI LDX MPY ORY OYC PBM PTP SDQ SXM XAU","5"
"CAZ","1","SYD","1"
"CBB","10","GRU LPB MAD ORU RBQ SRE TDD TJA UYU VVI","3"
"CBH","4","ALG CZL ORN TIN","2"
"CBL","3","CCS PMV SNV","2"
"CBO","5","CEB JOL MNL TWT ZAM","2"
"CBQ","2","ABV LOS","3"
"CBR","15","ADL AVV BNE CFS DOH DPS DRW HBA LST MEL NAN NTL OOL PER SYD","8"
"CBT","4","LAD SDD VPE WDH","2"
"CCC","7","HAV YFC YHZ YQB YUL YXU YYZ","3"
"CCE","3","BTS JED PRG","2"
"CCF","4","CAG CRL EMA STN","1"
"CCJ","22","AAN AGX AUH BAH BLR BOM COK DEL DMM DOH DXB FJR HYD JED KUL KWI MAA MCT RKT RUH SHJ SLL","14"
"CCK","2","PER XCH","1"
"CCP","9","ANF ARI BBA CJC IQQ LSC PMC PUQ SCL","3"
"CCR","3","BUR LAS SNA","1"
"CCS","45","BGI BLA BNS BOG BRM CAJ CAN CBL CGU CUM CUN CUR CZE FNC GRU HAV IST LFR LIS LRV LSP MAD MAR MDE MIA MRD MUN NLU PMV POS PTY PUJ PYH SDQ SFD STD SVD SVZ TFN UIO VIG VKO VLN VLV VVI","24"
"CCU","28","AHA AUH BKK BLR CAN DAC DGH DMK DOH DXB GLU GOX HAN HKT IMF IXZ JRG KMG KTM KUL MAA NMI PVG PXN RGN SAI SGN SIN","23"
"CCV","1","VLI","1"
"CCX6","1","CXH","1"
"CDB","7","ANC DUT KFP KVC NLG SDP STG","2"
"CDC","1","SLC","2"
"CDE","5","CAN HGH SJW TFU WUH","3"
"CDG","202","AAE ABJ ABV ABZ ACE ADB ADD AGA AJA ALG AMM AMS ARN ATH ATL AUH AYT BAH BCN BEG BER BEY BFS BGF BGO BHX BJA BKK BOG BOS BRU BUD CAI CAN CFK CKG CLT CLY CMB CMN COO CPH CTA CVG CZL DBV DEL DFW DJE DOH DSS DTW DUB DXB DZA EDI EMA ESB EVN EWR FAE FCO FEZ FIH FRA FSC FSP FUE GCI GLA GRU GYD HAM HAN HAV HEL HER HKG HKT HND HRG IAH ICN ISB IST JED JFK JMK JTR KBP KEF KGL KIX KRN KTT KUL KWI LAX LBA LBV LCA LFW LGW LHR LIN LPA LPL LTN LUX LXR MAD MAH MAN MCT MED MEX MIR MLA MLE MNL MRU MSP MTY MUC MXP NBO NIM NKC NKG NOU ORD ORN OSL OTP OUD PDL PEK PER PMI PMO PPT PRG PRO PTP PVG RAI RAK RBA RIX RMO RNS RUH RUN RVN SAW SEA SEN SFO SGN SID SIN SKG SLC SNN SOF SOU SPU SSA SSH STN SVG SVQ SYD SZG SZX TAS TBS TFS TFU TGD TIA TLL TLV TNG TOS TPE TTU UGC VCE VIE VXE WAW XIY XMN YHZ YQB YUL YYC YYT YYZ ZAG ZRH","112"
"CDP","3","HYD MAA VGA","1"
"CDR","1","DEN","1"
"CDT","17","BER BGY BIO BLQ BTS BUD CLJ CRL FCO KRK MAD NRN OPO OTP OVD PMI STN","5"
"CDV","2","ANC YAK","1"
"CEB","49","BCD BNE BPA BPH BXU CBO CGM CGY CJJ CRK CRM CYP DGT DMK DOH DPL DRP DVO DXB ENI GES GUM HAN HKG IAO ICN ILO IQR JJN KIX KUL MBT MNL MPH NRT OZC PAG PPS PUS PVG RPSB SGN SIN SUG TAC TAE TPE USU ZAM","28"
"CEC","2","HHR OAK","1"
"CED","2","ADL YJAC","2"
"CEE","14","AER ARH CSH DME KGD KZN LED MMK MRV MSQ SVO SVX ULV VUS","1"
"CEI","4","BKK DMK HKT SIN","6"
"CEK","24","AER CXR DYU EVN GOJ GYD HKT HMA HRG KGD KJA KRR KZN LED MRV MSQ NSK OSS OVB SGC SSH SVO UWWW VKO","16"
"CEM","2","FAI IRC","1"
"CEN","8","CUA GDL LAP MEX MTY NLU SJD TIJ","4"
"CEZ","2","DEN PHX","1"
"CFB","3","AEP CNF ROS","2"
"CFE","7","AJA ALG BIA CDG FSC NCE OPO","4"
"CFG","1","YUL","1"
"CFK","3","ALG CDG MRS","2"
"CFN","2","DUB GLA","2"
"CFR","10","AJA BIA BIQ CLY FSC KIR LYS MPL MRS NCE","3"
"CFS","5","ARM BNE CBR MEL SYD","3"
"CFU","66","AAR ABZ AMS ARN ATH BCN BEG BER BFS BOD BOH BRQ BRS BRU BSL BUD CDG CLJ CPH CRL CWL DUS EDI EFL EXT FCO FKB FRA GLA GRZ GVA HAJ HER HRK KTW LBA LGW LIL LPL LTN LUX LYS MUC MXP NCL NTE NWI ORK OSL OSR OTP POZ PRG PSA PVK RTM SOF STN STR SXB TLV VIE VRN WAW ZRH ZTH","26"
"CGA","1","WFB","1"
"CGB","15","AFL AIR BPG BSB BVH CGH CNF GGB GIG GRU JIA JPR OPS PVH SMT","4"
"CGD","12","CAN HAK HGH HUZ KMG KWE PKX SHA SZX TFU XIY ZUH","5"
"CGH","40","AJU ARU BPS BSB BYO CGB CGR CLV CNF CWB CXJ EEA FLN FOR GIG GYN IGU IOS IZA JOI JPA LDB MCZ MGF MOC NAT NVT PET POA PPB RAO REC SDU SJP SLZ SSA THE UDI VIX XAP","3"
"CGI","3","DFW ORD PNS","1"
"CGK","103","AAP ADD AMQ AMS AUH BDJ BEJ BKI BKK BKS BOM BPN BTH BTJ BUU BWN BWX CAI CAN CKG CMB DAD DHX DJB DJJ DMK DOH DPS DTB DXB DYG FOC GTO HAK HAN HGH HKG HND ICN IST JED JHB KBR KCH KDI KMG KNO KOE KTI KUL KWE LBJ LLJ LOP LUW MCT MDC MED MEL MFM MLG MNL NKG NNG NRT PDG PEK PEN PER PGK PKN PKU PKY PLM PLW PNK PVG RUH SGN SIN SKJ SMQ SOC SOQ SRG SUB SYD SYX SZB SZX TFU TIM TJQ TKG TNJ TPE TRK TTE UPG WNZ WUH XMN YIA","54"
"CGM","1","CEB","1"
"CGN","74","ACE ADB AGA AGP ALC ARN ATH AUH AYT BCN BDS BEG BER BHX BJV BOJ BRS BUD CAI COV DBV DIY DWC EBL ESB EVN EZS FNC FUE GZT HER HRG IBZ INI IST JTR KBP KGS KLU LBA LGW LIS LPA MAH MAN MLA MUC MXP NCL NDR OLB OTP PMI PMO PRG PSA PUY RHO RJK RMO SAW SKG SKP TFS TGD TIA TNG TZL TZX VAR VCE VIE VRN ZAD","26"
"CGO","100","ACF AKU AQG BAV BHY BKK BPE BPL CAN CGQ CIF CJJ CKG CTU DAT DHH DLC DLU DMK DOY DSN DYG DZH ENH ENY FOC GOQ GYS HAK HAN HET HGH HKG HKT HLD HMI HRB HSN HTN HUZ ICN INC JHG JJN KHG KMG KOW KRL KTI KUL KWE KWL LGW LHW LJG LUX LXA LZO MFM MXP NGB NKG NNG NTG PEK PVG RLK RQA SHA SHE SIN SQD SWA SYD SYX SZX TAO TCG TFU TPE TWC TXN UCB URC UYN WGN WMT WNZ WUA WUT XIC XMN XNN YIN YIW YLX YNT ZHY ZUH ZYI","43"
"CGP","13","AUH CCU CXB DAC DOH DXB JED JSR MCT MED SHJ SPD ZYL","7"
"CGQ","67","BKK CAN CGO CKG CSX CTU CZX DAT DOY DSN FOC HAK HET HFE HGH HIA HKG HLH HSN HYN HZA ICN INC JHG JJN KHN KIX KMG KUL KWE KWL LFQ LHW LYG LYI NGB NKG NNG NRT NTG PEK PKX PVG SJW SWA SYX SZX TAO TFU TNA TSN TYN URC UYN WEF WEH WNZ WUH WUX XIY XMN YIW YNJ YNT YNZ YTY ZUH","27"
"CGR","5","BSB CGH CNF GRU VCP","3"
"CGU","7","BVB CAJ CCS MAR PMV SNV VLN","6"
"CGY","3","CEB DVO MNL","5"
"CHA","12","ATL CLT DCA DFW FLL LAS LGA MIA ORD PGD PIE SFB","5"
"CHC","22","AKL BHE BNE CAN CHT CNS DXB HKG HKK HLZ MEL NAN NSN OOL PER PMR RAR SFO SIN SYD VLI WLG","12"
"CHG","1","PVG","1"
"CHH","1","LIM","1"
"CHO","5","ATL CLT IAD LGA ORD","4"
"CHQ","56","AMS ARN ATH BEG BER BGO BGY BHX BLL BLQ BOH BRQ BRS BRU BSL CPH DEB DUS EDI EMA FCO FRA GLA GRZ GVA HAM HEL KBP LBA LGW LHR LTN LUX LYS MAN MUC MXP NCE NCL NRK NRN ORY OSL OST OTP POZ PRG RHO SKG STN STR VIE WAW WMI WRO ZRH","25"
"CHS","56","ACY ALB ATL AUS BDL BNA BOS BTV BWI CAK CLT CMH CUN CVG DAL DCA DEN DFW DTW EWR FLL HOU HPN HVN IAD IAH IND ISP JFK LAX LCK LGA MCI MCO MDW MHT MIA MSP MSY ORD ORF PBI PHL PIT PVD PWM RIC ROC RSW SDF SEA STL SWF SYR TPA YYZ","16"
"CHT","3","AKL CHC WLG","1"
"CHU","5","ANI CKD RDV SLQ SRV","2"
"CHX","1","PAC","1"
"CHY","1","HIR","1"
"CIA","17","BHX BTS CFU EMA FEZ KRK LPL LWO MAN OTP PFO POZ RBA RHO SNN SOF WMI","1"
"CID","11","ATL CLT DCA DEN DFW FLL LAS MCO MSP ORD PIE","8"
"CIF","24","AXF BAV CAN CGO CKG CSX ERL HAK HET HLD HLH HUO NZH NZL SJW TFU TNA TSN UCB WUA WUH WUX XIL XIY","9"
"CIH","14","CAN CKG DLC HGH KMG PEK PKX PVG SZX TAO TFU TSN WUH WUX","6"
"CIJ","4","CBB LPB TDD VVI","3"
"CIK","3","FAI FYU KBC","1"
"CIT","36","AKX ALA AYT BKK BSZ BUD BUS CAI DOH DXB DZN GUW GYD ICN JED KJA KRR KSN KUT LED MUC NQZ OVB PLX PPK PVG SAW SCO SSH SVO TBS TLV UKK URA VKO XIY","10"
"CIU","3","DTW MSP ORD","2"
"CIW","5","BQU MQS SVD UNI UVF","4"
"CIX","4","IQT LIM PTY TPP","5"
"CIY","10","CAG KTW LIL MXP ORY PRG SSH TIA TRN VRN","7"
"CIZ","2","LBR MAO","1"
"CJA","1","LIM","3"
"CJB","9","AMD AUH BLR BOM DEL MAA PNQ SHJ SIN","4"
"CJB6","1","CYAV","1"
"CJC","3","CCP LSC SCL","3"
"CJF","0","","0"
"CJJ","22","CEB CJU CRK CTS CXR DAD DPS DYG FUK HIJ IBR KIX KKJ MZG NRT OBO OKA PVG TPE UBN UKB YNJ","9"
"CJL","1","ISB","1"
"CJM","1","DMK","2"
"CJN","2","BDO HLP","1"
"CJS","13","BJX CUN GDL HMO LAP MEX MTY MZT NLU PVR QRO TIJ TRC","5"
"CJU","37","CAN CGO CJJ DLC FOC GMP HGH HKG HRB ICN KHH KIX KPO KUV KWJ MNL MWX NGB NKG PEK PKX PUS PVG RMQ RSU SHE SIN SZX TAE TAO TPE TSN USN WNZ WUX XIY YNY","26"
"CJZ","1","REC","1"
"CKB","5","IAD MYR ORD SFB VPS","2"
"CKD","4","ANI RDV SLQ SRV","1"
"CKD9","2","YAC YXL","1"
"CKG","144","AAT ACX AEB AKL AKU BAR BAV BHY BKI BKK BPX BRU BUD CAN CDG CGK CGO CGQ CIH CMB CSX CXR CZX DIG DLC DLU DMK DNH DOH DSN DXB ENY FCO FOC HAK HCZ HET HFE HGH HIA HKG HLD HLH HRB HSN HTN HUZ HYN HZA ICN INC IQN JGS JHB JHG JJN JNG JUH JUZ KBV KHG KHH KHN KIX KMG KOW KRL KTI KTM KUL KWL LHW LJG LUM LXA LYA LYG LZY MAD MDG MFM MNL MXP NGB NKG NNG NRT NTG PEK PEN PKX PVG RGN SEA SGN SHA SHE SHS SIN SJW SQJ SWA SYD SYM SYX SZX TAO TAS TCZ TGO TNA TPE TSA TSN TVS TYN URC UYN VTE WDS WEF WEH WMT WNZ WUH WUX XAI XFN XIY XMN XNN YBP YCU YIC YIW YNJ YNT YNZ YTY YYA YZY ZHA ZHY ZUH","48"
"CKH","1","YKS","1"
"CKI","2","DRW GBL","1"
"CKS","2","BEL CNF","3"
"CKW","0","","0"
"CKY","16","ABJ ADD BKO BRU CDG CMN DSS DXB FNA IST LFW NKC NZE OUA ROB TUN","13"
"CKZ","1","ESB","1"
"CLD","9","DEN LAS MMH OAK PHX RNO SCF SFO TSM","4"
"CLE","30","ATL BNA BOS BWI CLT CUN DCA DEN DFW DUB EWR FLL HVN IAD IAH JFK LAS LAX LGA MDW MIA MYR ORD PHL PHX SEA SRQ USA YUL YYZ","13"
"CLJ","37","ALC ATH AYT BCN BGY BLL BLQ BRI BVA CPH CRL DUB EDFH FCO GZP HER HRG IST LCA LTN MUC NAP NUE NYO OLB OSL OTP RHO SAW SKG SSH STN STR TRF VLC WAW ZRH","14"
"CLL","1","DFW","1"
"CLO","29","ADZ ANF AUA BAQ BLB BOG BSC COG CTG EOH FLL GPI JFK MAD MDE MEX MIA NVA PSO PTY PUJ PUU SCL SMR TBD TCO UIB UIO VVC","13"
"CLP","4","AKN BET DLG WSN","1"
"CLQ","2","NLU TIJ","2"
"CLT","193","ABE ACK AGS ALB ANU AOO ASE ATH ATL ATW AUA AUH AUS AVL AVP BDA BDL BGI BGR BHM BKW BNA BOS BTR BTV BUF BWI BZE BZN CAE CAK CDG CHA CHO CHS CID CLE CMH COU CRW CUN CUR CVG CZM DAB DAL DAY DCA DEN DFW DSM DTW DUB ECP EGE ELH ERI EVV EWN EWR EYW FAY FCO FLL FLO FPO FRA FTW FWA GCM GDL GGT GHB GND GNV GPT GRR GSO GSP HHH HPN HSV HTS IAD IAH ILM IND JAC JAN JAX JFK LAS LAX LEX LFT LGA LHR LIR LIT LWB LYH MAD MBJ MCI MCO MDT MDW MEM MEX MGM MHH MHT MIA MKE MLB MLI MOB MSL MSN MSP MSY MUC MVY MYR NAS OAJ OKC OMA ONT ORD ORF OWB PBI PDX PGV PHF PHL PHX PIA PIT PKB PLS PNS POP PUJ PVD PWM RAP RDU RIC ROA ROC RSW SAN SAT SAV SBN SBY SDF SEA SFO SGF SHD SHV SJD SJO SJU SKB SLC SMF SNA SRQ STL STT STX SVD SXM SYR TLH TPA TRI TUL TVC TYS UVF VPS VRB XNA YQB YUL YVR YYC YYZ","16"
"CLV","3","CGH CNF GRU","3"
"CLY","15","BOD BSL CDG FMM GRZ LIL LUX LYS NCE NTE ORY SXB SZG TLS ZRH","8"
"CMA","4","BNE SGO WTB XTG","1"
"CMB","65","ACJ AER ALA AMD AUH BAH BKK BLR BOM BTC CAN CDG CGK CKG COK DAC DEL DMK DMM DOH DXB FRA GAN GIU HKG HRI HYD ICN IST IXM JAF KCT KHI KJA KMG KTM KTW KUL KWI LED LGW LHE LHR MAA MCT MEL MLE NRT OVB PKX PVG RUH SEZ SHJ SIN SVO SYD TFU TRR TRV TRZ VCCV VKO WAW ZRH","36"
"CME","3","MEX MTT VER","3"
"CMF","10","BHX BRS CWL EDI EXT LBA LCY LGW MAN STN","3"
"CMG","1","VCP","1"
"CMH","46","ATL AUS BDL BNA BOS BWI CHS CLT CUN DAL DCA DEN DFW DTW ECP EWR FLL GSP HOU IAD IAH JAX JFK LAS LAX LGA MCI MCO MDW MIA MSP ORD ORF PHL PHX PWM RDU RSW SAN SAV SEA SFO SLC SNA YUL YYZ","15"
"CMI","2","DFW ORD","2"
"CMJ","2","KHH MZG","1"
"CMN","81","ABJ ABV AGA AGP AHU AMM AMS ATH AUH AYT BAH BCN BGF BKO BLQ BOD BRU BSL CAI CDG CKY DGAA DOH DSS DUS DXB ERH FEZ FRA GRU HBE IAD IST JED KWI LAD LAX LIL LIS LPA LYS MAD MED MPL MRS MUC MXP NAP NDJ NDR NKC NSI NTE ORY OUD OXB OZG OZZ PSA PVG RAI RAK RTM RUH SAW SID SSH STN SVQ SXB TFS TLS TNG TTA TTU TUN VCE VIL VLC YUL ZRH","30"
"CMW","2","CUN MIA","2"
"CMX","1","ORD","1"
"CNC","4","HID OKR SYU XMY","1"
"CND","5","AYT FCO IST LTN TLV","4"
"CNF","42","AAX AEP AJU ARX BPS BRA BRC BSB CGH CKS CLV DIQ FLL FOR GIG GRU GVR IPN JJD JMA LHN LIS MAB NAT NVT PMW POA POJ PTY PYT REC RRJ SCL SDU SJP SLZ SSA UBA UDI VAG VCP VIX","8"
"CNI","1","DLC","1"
"CNJ","4","BNE CNS ISA TSV","2"
"CNM","2","ABQ DEN","1"
"CNN","20","AUH BAH BLR BOM COK DEL DMM DOH DXB FJR HYD JED KWI MAA MCT NMI RKT RUH SHJ TRV","2"
"CNP","3","AEY OBY RKV","2"
"CNQ","1","AEP","3"
"CNS","41","ABM ADL AKL ASP AUU AYQ BNE BUC CHC CNJ CTN CUQ DPS DRW EDR GOV GTE HID HKG IRG ISA KIX KWM LNV MCY MEL MOV NAN NRT NTL NTN ONG OOL PER POM PPP SIN SYD TSV WEI YCNY","15"
"CNX","28","AUH BKK CKG CTS DMK HAN HDY HHQ HKG HKT ICN JHG KBV KIX KKC KUL LPQ MDL PEK PUS RGN SIN SZX TPE URT USM UTH XIY","24"
"CNY","2","DEN PHX","1"
"COC","1","AEP","1"
"COD","2","DEN ORD","1"
"COG","2","CLO EOH","1"
"COK","35","AGX AMD AUH BAH BBI BLR BOM CCJ CCU CMB CNN DEL DMK DOH DXB GOI HAQ HKT HYD JED KUL KWI MAA MCT MLE NMI PNQ RKT RUH SGN SHJ SIN SLL SXV TRV","26"
"COL","3","CSA OBN TRE","1"
"COO","13","ABJ ADD BKO BRU CDG CKY CMN DLA DSS LBV LFW LOS ORY","10"
"COR","34","AEP ASU AUA BOG BRC CRD EQS EZE FLN FTE GIG GRU IGR JUJ LIM MAD MCZ MDQ MDZ MIA NQN PDP PSS PTY PUJ REC REL RES SCL SLA SSA TUC UAQ USH","14"
"COS","14","ATL AZA BWI DAL DEN DFW HOU IAH LAS MDW ORD PIE SLC SNA","7"
"COU","6","CLT DEN DFW ORD SFB VPS","3"
"COV","28","ADB ALP AYT BER BEY BJV BRU CGN DAM DLM DUS EBL ECN ESB FRA GYD HAJ HAM IST MUC NUE SAW STN SVO SZF TZX VAN YEI","10"
"CPB","1","EOH","2"
"CPC","2","AEP EZE","2"
"CPD","1","ADL","1"
"CPE","2","MEX NLU","2"
"CPH","129","AAL AAR ABZ ADD AES AGP ALC AMS ASR ATH AUH AYT BCN BEG BER BGO BGW BGY BHX BIO BIQ BJV BKK BLL BLQ BRU BSL BUD BZO CAG CAI CDG CFU CTA DBV DEL DOH DUS DWC DXB EIN ESB FAE FAO FCO FRA GDN GOH GVA HEL HER HKT HND INN IST JAV JFK JTR KEF KRK KRP KSD KTT KYA LBA LHR LIS LPA LUX LYS MAD MCT MIA MLA MPL MRS MSP MUC NAP NCL NTE OLB ORD ORY OTP PEK PHL PMI PMO POZ PRG PVG RAK RIX RMO RNN SAW SCR SFJ SFO SGD SGN SIN SJJ SPU SSH SVG SXB TFS TIA TIV TLL TLS TLV TRF TRN TSR VCE VIE VLC WAW WMI YHZ YUL YYZ ZAD ZAG ZRH ZTH","58"
"CPO","1","SCL","3"
"CPR","1","DEN","1"
"CPT","40","ADD AMS ATL BBK BFN CDG DAR DOH DUR DXB ELS EWR FRA GBE GRJ GRU HDS HLA HRE IAD IST JNB LGW LHR LUN LVI MPM MQP MRU MUB MUC NBJ NBO PLZ SHO SIN SZK VFA WDH ZRH","30"
"CPV","8","BSB CNF FOR MCZ NAT REC SSA VCP","3"
"CPW9","2","CAM9 CAN3","1"
"CPX","4","NRR SIG SJU VQS","3"
"CQD","3","MHD PGU THR","5"
"CQW","3","CAN NKG PKX","2"
"CRA","13","ATH AYT BHX BRI BVA FMM HER HRG IST LCA LTN MIR PMI","9"
"CRC","1","UIB","1"
"CRD","13","AEP BHI COR EZE FTE LGS MDZ NQN PMY REL RGA RGL USH","3"
"CRI","2","AXP NAS","1"
"CRK","23","BKK BSO CEB CJJ DOH DVO DXB ENI HKG IAO ICN ILO MBT MPH NRT PPS PUS SIN SJI TAG TPE USU WNP","15"
"CRL","79","AGA AGP AHO AJA ALC AOI ATH AYT BBU BCN BDS BGY BIA BIQ BLQ BOD BUD BZR CHQ DBV DUB EDI FAO FEZ FNC FNI FSC FUE GOA GRO HEL IAS IBZ KRK KUN LDE LPA LWO MLA NCL NTE OLB OPO ORK OTP OUD OVD PEG PMI PSR PUY RAK RDZ REG RHO RIX RJK SAW SCQ SDR SJJ SKP TFS TGD TGM TLS TNG TPS TRN TSR TTU VLC VOL VRN WAW WMI WRO ZAD ZAZ","6"
"CRM","1","CEB","1"
"CRP","4","DEN DFW HOU IAH","4"
"CRU","2","GND UNI","1"
"CRV","6","BGY BLQ FCO NRN TRN TSF","2"
"CRW","8","ATL CLT DCA EWR MCO MYR ORD TPA","4"
"CRZ","3","ASB BKN TAZ","1"
"CSA","2","OBN TRE","1"
"CSG","1","ATL","1"
"CSH","1","VKV","1"
"CSK","1","DSS","2"
"CSW","7","CUU DAL HMO LAX LMM MZT PVR","2"
"CSX","91","ACF AEB AKA AKU BAV BHY BKK BSD CGK CGQ CIF CKG CXR CZX DHH DLC DLU DMK DQA DSN ENY FOC FUG GYS HAK HET HKG HLD HRB HSN HYN HZA ICN INC JHG JJN KHG KHN KIX KMG KTI KTM KUL LFQ LHR LHW LIJ LJG LUM LYI MFM NBO NGB NGO NNG NTG PKX RGN SHA SHE SIN SWA SYM SYX SZH SZX TAO TCZ TFU TLQ TNA TSN TVS TYN URC UYN VTE WMT WNZ WUX WXN XIC XIY XMN XNN YBP YCU YIN YNT YNZ YTY","44"
"CSY","5","AER LED MRV OVB SVO","5"
"CTA","76","AMS AOI ARN ATH BCN BEG BER BGY BHX BLQ BOD BRI BRS BRU BSL BVA BZO CAG CDG CGN CMN CPH DBB DUB DUS DXB EDI FCO FLR FRA GDN GVA HAM HEL IST JFK KBP KRK KTW LBA LDE LGW LIN LMP LTN LUX LWO LYS MAD MAN MLA MUC MXP NTE OSL OTP PNL PRG QSR RHO RIX RTM SSH STN STR TIA TLV TRN TRS VCE VIE VRN WAW WRO YUL ZRH","44"
"CTC","2","AEP IRJ","1"
"CTD","1","PAC","1"
"CTG","31","ADZ AMS ATL BGA BLB BOG CLO CUC FLL JFK LIM MAD MAR MCO MDE MEX MIA MXP NLU PEI PMV PTY PUJ SCL SDQ SJO VIG WAW YUL YYZ ZRH","23"
"CTL","9","BEU BNE BQL BVI ISA RMA ULP WNR WTB","1"
"CTM","2","MEX NLU","5"
"CTN","1","CNS","1"
"CTS","49","AOJ AXT BKK CJJ CNX DMK FKS FSZ FUK GAJ HIJ HKD HKG HNA HND IBR ICN ITM KHH KIJ KIX KMQ KUH KUL MMB MMJ MNL NGO NRT OKA OKJ PEK PKX PUS PVG RIS SDJ SHB SIN SYD SZX TAE TFU TOY TPE UKB WKJ XIY YVR","48"
"CTU","60","AKU BHY BPX BZX CAN CGO CGQ CSX CZX DLC DLU DZH FOC FUG GMQ GOQ GYU HAK HDG HET HFE HGH HRB INC KGT KHG KHN KMG LCX LHW LUM LXA LZY NGB NKG NNG PEK PKX PVG PZI SHA SHE SWA SYX SZX TAO TNA TSN TYN URC WNZ WUH WUX XIC XIY XMN XNN YTY ZHY ZUH","8"
"CUA","1","CEN","1"
"CUC","9","AUC BAQ BGA BOG CTG EOH MDE OCV PTY","6"
"CUE","3","GPS GYE UIO","3"
"CUF","4","BCM CAG CMN PMO","3"
"CUK","3","BZE SPR TZA","2"
"CUL","5","LAP MEX MTY NLU TIJ","3"
"CUM","1","CCS","1"
"CUN","124","ACA AGU AMS ARN ATL AUS BCN BFS BHX BJX BNA BOG BOS BSB BWI BZE CCS CDG CHS CJS CLE CLT CMH CMW COS CUL CUU CVG CWL DEN DFW DTW DUB EZE FCO FLL FRA GDL GUA HAV HMO HRL IAD IAH IND IST JFK KTW LAS LAX LGW LHR LIM LIS MAD MAN MCI MCO MDE MDW MEM MEX MIA MKE MSP MSY MTY MXP NCL NLU OAX ORD ORF ORY OSL PBC PDX PHL PHX PIT PTY PUJ PVD PVR QRO RDU SAL SAT SCL SDQ SEA SFO SJD SJO SLP STL TAM TGZ TIJ TRC TUL WAW YBG YEG YFC YHM YHZ YKF YLW YOW YQB YQG YQM YQR YQT YUL YVR YWG YXU YYC YYJ YYT YYZ ZRH","50"
"CUQ","0","","0"
"CUR","24","AMS ATL AUA BAQ BOG BON CCS CLT CNF EWR JBQ JFK LIM LSP MDE MIA PAP PBM POS PTY SDQ SXM YUL YYZ","29"
"CUU","14","CSW CUL CUN DEN DFW GDL HMO LAP MEX MTY MZT NLU QRO TIJ","7"
"CUY","1","PER","1"
"CUZ","7","AQP AYP BOG LIM LPB PEM SCL","5"
"CVG","60","ATL AUS AZA BDL BNA BOS BWI CDG CHS CLT CUN DCA DEN DFW DTW EWR EYW FLL GSP GUF IAD IAH JAX JFK LAS LAX LGA LHR MCO MDW MIA MLB MSP MSY MYR ORD PBI PDX PGD PHL PHX PIE PNS PUJ PVD PWM RDU RSW SAN SAV SEA SFB SFO SLC SNA SRQ TPA VPS YUL YYZ","15"
"CVM","1","NLU","1"
"CVN","2","DEN DFW","1"
"CVQ","2","MJK PER","2"
"CVU","2","FLW HOR","1"
"CWA","2","MSP ORD","3"
"CWB","21","AEP BSB CAC CGH CNF FLN GGJ GIG GRU IGU LDB LIM LIS MGF POA PTO REC SCL SSA UVI VCP","9"
"CWJ","2","KMG SHA","1"
"CWL","19","ACE AGP ALC AMS BGI BHD CFU CMF DUB FAO FUE HER HRG LPA NBE TFS TRN YYZ ZTH","7"
"CXB","6","CGP DAC JSR RJH SPD ZYL","4"
"CXC","1","MXY","1"
"CXH","11","CAP5 CCX6 LKE WPL YBW YGG YTP YVR YWH YWS ZNA","7"
"CXI","3","HNL NAN TRW","3"
"CXJ","5","CGH FLN GIG GRU VCP","3"
"CXR","50","ALA BAX BQS BSZ CAN CGQ CJJ CKG CSX DAD DMK HAN HKG HTA ICN IKT KHV KJA KMG KTI KUL KWE KZN LED MSQ MWX NKG NQZ OVB PEK PQC PUS PVG SGN SHE SIN SVO SVX SZX TAE TAS TFU TPE TSN UBN UFA VCA VII VVO XNN","36"
"CYA","2","CAP PAP","1"
"CYAL","1","YHH","0"
"CYAV","8","YGO YHP YIV YOH YRS YST YVZ ZSJ","2"
"CYB","3","GCM LYB MIA","3"
"CYC","2","BZE CUK","1"
"CYF","2","BET KPN","2"
"CYI","2","KNH MZG","1"
"CYM","0","","0"
"CYO","1","YUL","1"
"CYP","1","CEB","2"
"CYPT","1","YQG","2"
"CYS","1","DEN","1"
"CYX","1","YKS","1"
"CYZ","2","MNL RPLN","4"
"CZH","1","SPR","1"
"CZJ","0","","0"
"CZL","26","ALG AZR BSL CBH CDG DJG ETZ GHA HME IST JED LIL LYS MED MPL MRS NCE NTE OGX ORN ORY SSH SXB TIN TLS TMR","8"
"CZM","12","ATL DEN DFW IAH MEX MIA MSP MTY ORD YUL YYC YYZ","11"
"CZR","1","HTA","1"
"CZS","1","RBR","1"
"CZU","3","BAQ BOG EOH","2"
"CZX","41","AKA CAN CGQ CKG CSX CTU DLC DLU FOC HAK HKG HRB INC JJN JNZ KMG KOW KWE KWL LHW LJG LUM LXA MFM MIG NNG PEK PKX SHE SWA SZX TAO TFU TYN VTE WEH XIY XMN YBP YNT ZUH","22"
"DAB","9","ATL BDL BOS CAK CLT HVN ILG JFK PVD","6"
"DAC","47","ADD AUH BAH BKK BOM BZL CAI CAN CCU CGP CMB CXB DEL DMK DMM DOH DXB FCO HKG HYD ICN IST JED JSR KHI KMG KTM KUL KWI LHR MAA MAN MCT MED MLE PBH PEK PKX RGN RJH RKT RUH SHJ SIN SPD YYZ ZYL","37"
"DAD","39","ALA AMD BKK CGK CJJ CXR DLI DMK DPS DVO DXB HAN HKG HND HUI ICN KHH KHV KIX KNO KUL MNL MSQ NRT PQC PUS RGN SAI SGN SIN TAS TFU THD TPE VDH VDO VII VTE VVO","38"
"DAL","76","ABQ AMA APA ATL AUS BHM BNA BOI BOS BUF BWI BZN CHS CLE CMH COS CSW DCA DEN DSI ECP ELP FAT FLL GUC HDN HOB HOU HRL IND JAX LAS LAX LBB LGB LIT MAF MCI MCO MDW MEM MIA MKE MSP MSY MTJ MYR OKC OMA ORD ORF PDX PHL PHX PIT PSP PVD RNO RSW SAF SAN SAV SCF SDF SEA SFO SJC SLC SNA SRQ STL TPA TSM TUS TYS VPS","3"
"DAM","23","ADB AMM ATH AUH AYT BEN BGW COV DMM DOH DXB EBL ESB IST JED KRT KWI MCT MJI OTP RUH SAW SHJ","17"
"DAR","34","ADD AMS ARK BJM BLZ CAI DGAA DOH DXB DZA EBB HAH HRE IRI IST JNB JRO KBH KGL LLW LOS LUN MBA MCT MFA MPM MWZ MYW NBO NPY PMA POL TGT ZNZ","24"
"DAT","13","CAN CGO CGQ DMK HFE HKG HRB NKG PVG SHA SZX TFU WUH","6"
"DAU","7","AWB HID OPU POM SKC TDS UNG","3"
"DAV","2","PAC PTY","2"
"DAY","10","ATL CLT DCA DEN DFW IAD MYR ORD PHL SFB","6"
"DBB","14","ALA AUH AYT BAH BEG BQT BTS CTA DXB JED MSQ MXP PRG RUH","10"
"DBC","3","PKX PVG SJW","1"
"DBO","6","BHQ BNE BRK MEL SYD WGE","4"
"DBR","5","BLR BOM CCU DEL HYD","3"
"DBV","64","AMS ARN ATH BCN BEG BER BFS BGO BGY BHX BLL BOD BRS BRU BSL BUD BVA CDG CGN CLJ CPH CRL CWL DUB DXB EDI EMA EWR FMM FRA GDN GLA GVA HAM HEL IST KBP KRK KTW LBA LGW LHR LIL LUX MAD MAN MRS MUC NAP NCL NTE ORY OSL OTP POZ RTM SKG STN SVG TLV VIE WAW WRO ZRH","34"
"DCA","98","ACK ALB ATL AUS AVL BDL BGR BHM BNA BOS BTR BTV BUF CAE CAK CHA CHS CID CLE CLT CRW CVG DAY DEN DFW DSM DTW ECP EWR EYW FLL GRR GSO GSP HHH HOU HPN HSV HYA IAH ICT ILM IND JAX JFK LAN LAS LAX LGA LIT MCI MCO MEM MGM MHT MIA MKE MSN MSP MSY MVY MYR NAS OKC OMA ORD ORF PBI PDX PHL PHX PIT PNS PVD PWM RDU ROC RSW SAN SAT SAV SDF SEA SFO SJU SLC SRQ STL SYR TLH TPA TUL TYS VPS YHZ YOW YUL YYZ","17"
"DCF","18","ANU AXA BGI BQU EIS FDF GND MNI POS PTP SBH SFG SJU SKB SLU STX SVD SXM","13"
"DCM","1","ORY","1"
"DCT","1","NAS","1"
"DCY","1","TFU","2"
"DDC","1","DEN","1"
"DDD","2","BLR MLE","1"
"DDG","6","CAN PVG SHA SZX TFU YTY","3"
"DEB","10","BCN CHQ EIN HER LCA LTN MUC TIA TLV VAR","4"
"DEC","1","ORD","1"
"DED","14","AMD ATQ BLR BOM CCU DEL HYD JAI KUU LKO PGH PNQ SXR VNS","5"
"DEE","1","UUS","1"
"DEF","2","MHD THR","4"
"DEL","151","ADD AHA ALA AMD AMM AMS ASB ATH ATQ AUH AYJ BAH BBI BDQ BGW BHJ BHO BHX BKB BKK BLR BOM BSR BSZ BUP CAI CAN CCU CDG CJB CMB CNN COK CPH DAC DBR DED DGH DHM DIB DMK DMM DMU DOH DPS DXB DYU EWR FCO FRA GAU GAY GOI GOP GOX GWL GYD HAN HBX HEL HGI HJR HKG HKT HND HSR HSS HWR HYD ICN IDR IKA IMF ISK IST IXB IXC IXD IXE IXG IXJ IXL IXR IXU IXZ JAI JDH JED JFK JLR JRG JSA KBL KBV KNU KTM KUL KUU KWI LHR LKO MAA MAN MCT MEL MLE MNL MRU MSQ MUC MXP NAG NMA NMI ORD PAB PAT PBH PEK PGH PNH PNQ PVG RDP RGN RPR RUH SFO SGN SHJ SHL SIN SLV STV SVO SXR SYD TAS TLV TRV TRZ UDR VGA VIE VNS VTZ WAW YUL YVR YYZ ZRH","72"
"DEN","203","ABE ABI ABQ ACV AIA ALB ALS ANC ASE ATL ATW AUS AVL BDL BFF BFL BHM BIH BIL BIS BNA BOI BOS BTM BTV BUF BUR BWI BZE BZN CDG CDR CEZ CHA CHS CID CLE CLT CMH CNM CNY COD COS CPR CRP CUN CUU CVG CVN CYS CZM DAL DAY DCA DFW DIK DRO DSM DTW DUB DVL EAR ECP EGE ELP EUG EWR FAR FAT FCA FCO FLL FRA FSD GCM GEG GJT GRR GSP GTF HDN HLN HNL HOB HOU HRL HSV IAD IAH ICT IDA ILM IND IST JAC JAX JFK JLN JMS KEF KOA LAS LAX LBB LBF LEX LGA LGB LHR LIR LIT LNK MAF MBJ MCI MCK MCO MDW MEM MEX MFR MIA MKE MOT MRY MSN MSO MSP MSY MTJ MTY MUC MYR NAS NRT OAK OGG OKC OMA ONT ORD ORF PBI PDX PHL PHX PIA PNS PRC PSC PSP PTY PUB PVD PVR QRO RAP RDM RDU RIC RKS RNO RSW RUI SAN SAT SAV SBA SBP SDF SEA SFO SGU SHR SJC SJD SJO SJU SLC SLN SMF SNA SRQ STL STS SUN SUX SYR TEX TPA TUL TUS TVC TYS VEL VPS WYS XNA YEG YUL YVR YYC YYZ","29"
"DEX","2","DJJ WMX","2"
"DFW","261","ABI ABQ AEX AGS AGU AKL ALB ALS AMA AMM AMS ANC ASE ATH ATL ATW AUA AUS AVL BCN BDL BFL BHM BIL BIS BJX BMI BNA BNE BOG BOI BOS BPT BRO BTR BUF BUR BWI BZE BZN CAE CDG CGI CHA CHS CID CLE CLL CLT CMH CMI COS COU CRP CUN CUU CVG CVN CZM DAY DCA DEN DGO DOH DRO DSM DTW DUB DXB ECP EGE ELP EVV EWR EYW EZE FAR FAT FCA FCO FLG FLL FRA FSD FSM FTW FWA GCK GCM GDL GEG GGG GIG GJT GLH GNV GPT GRI GRK GRR GRU GSO GSP GTR GUA GUC HDN HEL HKG HND HNL HOT HOU HRL HRO HSV HVN IAD IAH ICN ICT IDA ILM IND IST JAC JAN JAX JFK KOA LAS LAW LAX LBB LCH LEX LFT LGA LHR LIR LIT LRD MAD MAF MBJ MCI MCO MDT MDW MEL MEM MEX MFE MGM MHK MIA MID MKE MLI MLM MLU MOB MRY MSN MSO MSP MSY MTJ MTY MYR MZT NAN NAS NRT OAX OGG OKC OMA ONT ORD ORF PBI PDX PHL PHX PIA PIT PLS PNS PSP PUJ PVG PVR PVU PWM PXM QRO RAP RDU RIC RNO ROA ROW RSW RTB SAF SAL SAN SAT SAV SBA SBN SBP SCL SDF SEA SFO SGF SGU SHV SJC SJD SJO SJT SJU SLC SLP SMF SNA SRQ STL STS STT SWO SYD SYR TAM TBN TLH TPA TPE TQO TRC TRI TUL TUP TUS TVC TXK TYR TYS VCE VER VPS XNA XPL YUL YVR YYC YYZ ZRH","37"
"DGA","4","BZE INB PLJ TZA","2"
"DGAA","33","ABJ ABV ADD AMS ANU ATL AUH BGI BRU CAI CMN DAR DOH DXB FCO FNA GH-0006 IAD IST JFK KGL KMS LFW LGW LHR LOS NBO NYI OUA ROB TKD TML WZA","25"
"DGH","6","BLR BOM CCU DEL IXR PAT","1"
"DGO","8","DFW GDL MDW MEX MTY NLU QRO TIJ","4"
"DGT","1","CEB","1"
"DHB","2","KEH LKE","1"
"DHH","6","CGO CSX KHG LHW TFU XIY","1"
"DHI","5","BJH BJU KTM PKR SIH","4"
"DHM","4","DEL IXC JAI SLV","3"
"DHN","1","ATL","1"
"DHX","1","CGK","1"
"DIB","7","BLR CCU DEL GAU HYD IXA IXB","3"
"DIE","5","DZA NOS RUN SVB TNR","3"
"DIG","7","CAN CKG KMG LXA PKX SHA TFU","4"
"DIK","1","DEN","1"
"DIL","9","BCH DPS DRW FOC KUL OEC SIN UAI XMN","7"
"DIN","1","HAN","1"
"DIQ","1","CNF","1"
"DIR","3","ADD GDE JIB","1"
"DIU","6","AMD BOM GOX IXK NMI STV","3"
"DIY","14","ADB AYT BER CGN DUS ECN ESB FRA HAJ IST SAW SKP STR YEI","6"
"DJB","4","BTH CGK KNO YIA","5"
"DJE","30","AMS BOD BRN BRQ BRU BSL BTS CDG FRA GVA HAJ LIL LJU LTN LUX LYS MAN MPL MRS MUC NCE NTE ORY PRG SJJ SOF STR TLS TUN ZRH","15"
"DJG","5","ALG CDG OGX TMR VVZ","2"
"DJJ","14","BIK BUI CGK MDC MKQ MKW NBX OKL SOQ TIM TMH UPG WMX ZRI","8"
"DKR","0","","0"
"DKS","2","KJA NSK","1"
"DLA","16","ABJ ADD ALG BFX BGF BSG BZV CAI CMN COO FIH KGL LBV LFW NBO SSG","12"
"DLC","105","AKA BFY BKK CAN CGO CHG CIH CJJ CKG CNI CSX CTS CTU CXR CZX DOY DYG ENY FOC FUG FUK HAK HET HFE HGH HIA HIJ HKG HLD HND HRB HSF HSN ICN INC JGD JJN JMU JSJ KHN KHV KIX KMG KOW KWE KWL LDS LFQ LHW LJG LYA LYG LYI LZH MDG MXZ NBS NDG NGB NGO NKG NNG NNY NRT NTG NZH PEK PKX PVG RIZ SDJ SJW SQD SWA SYX SZX TAO TFU TNA TNH TSN TVS TYN UBN URC VVO WDS WEF WEH WHA WMT WNZ WUH WUX XFN XIY XMN XUZ YCU YIC YNT YNZ YSQ YTY ZUH","39"
"DLE","5","AJA BIA FEZ OPO RAK","2"
"DLG","14","AKN ANC BET CLP EMK IGG KEK KGK KLL KMO KNW TOG TWA WSN","2"
"DLH","2","MSP ORD","2"
"DLI","7","DAD HAN KUL SGN THD VCA VII","5"
"DLM","57","ABZ AER AMS BEG BER BEY BFS BHX BOH BRS BRU BTS BUD CGN COV CPH CWL DUB DUS EMA ESB FRA GDN GLA GRQ GYD HAJ HAM HEL HRK IEV IST KTW LED LGW LHR LPL LTN LWO MAN MSQ MUC NCL NUE NWI PRG SAW SCW SEN SOF STN STR SVO VIE VKO WAW ZRH","34"
"DLU","28","CAN CGO CKG CSX CTU CZX FOC HAN HGH JHG KHN KMG KWE LZO NKG PEK PKX PVG SHA SJW SZX TFU TSN TYN WUH XIY YBP YNZ","8"
"DLZ","1","UBN","1"
"DMB","6","ALA GUW KOS NQZ OVB SSH","1"
"DMD","5","BUC CNS ISA NTN ONG","1"
"DME","73","ABA ADD AER AMM ASB AUH AYT BAH BAX BHK BQS BSZ BTK CAI CEE DWC DXB DYU EVN FEG GDZ GNJ GRV GYD HRG HTA IJK IKT IST KEJ KGD KJA KRO KRR KSQ KVK KWI KYZ KZN LBD LED MCX MRV MSQ NER NMA NOJ NOZ NSK NUX NYM OGZ OMS OSS OVB PES PEZ RGK RKT SHJ SLY SSH SVX TAS TJU TLV TOF UFA UGC UKK UUD VOG YKS","26"
"DMK","72","ALA AMD BFV BLR BOM CAN CCU CEB CEI CGK CGO CNX CSX CTS DAD DAT DEL DPS DVO DXB HAN HDY HGH HGN HKG HKT ICN ILO JAI JHB KBV KIX KKC KNO KOP KTM KUL LHW LKO LOE MAA MAQ MDL MFM MNL NGO NKG NRT NST OKA PEN PHS PKX PVG RGN SAI SIN SNO SUB SZB SZX TFU TST TXN UBP URT USM UTH VTE WUH XIY XMN","15"
"DMM","40","ADD AMM ATZ AUH BAH BLR BOM CAI CNN DAM DEL DOH DXB FRA GYD HBE ISB JED KHI KRT KTM KWI LHE LHR LKO MAA MCT MHD MNL PKX RSI RUH SAW SHJ SLL TRZ TUU TZX VGA YNB","27"
"DMU","1","GAU","2"
"DNA","0","","0"
"DNAN","2","ABV LOS","2"
"DNBK","2","ABV LOS","2"
"DNBY","2","ABV LOS","2"
"DND","3","KOI LHR LSI","1"
"DNH","17","CKG HFE HKG IQN JIC KMG KUL LHW LNL PEK PKX SHA TFU URC WUH XNN YZY","8"
"DNK","3","KBP SSH TLV","2"
"DNP","1","KTM","1"
"DNZ","2","IST SAW","3"
"DOB","3","AMQ FKQ LUV","2"
"DOD","2","DAR IRI","2"
"DOG","2","KRT PZU","2"
"DOH","102","ABJ ABV ADD AGP AHB AKL ALA ALG ALP AMM AUH BAH BEY BLR BND BNE BOM BQT CAI CAN CCJ CGK CGP CIT CKG CMB CMN CNN COK DAC DAM DEL DGAA DMM DPS DUB DXB EDI ELQ FRA GRU GVA HAM HAN HBE HEL HND HYD IAH ISB IST IXE JED JRO KBL KBP KGL KHI KIX KRT KTM KUL KWI LAD LGW LHE LHR LIS LRR MAA MAD MCT MED MEL MNL MXP NCE NQZ PEW PHL PKX PRG PZU RUH SAW SEZ SHJ SKT SOF SVX SYZ SZX TAS TBS TRV TRZ TUN TZX XMN YNB ZRH ZYL","56"
"DOL","5","HER OLB PMI PMO RAK","3"
"DOM","13","ANU BGI EIS EWR FDF MIA PTP PUJ SJU SKB SLU STT SXM","8"
"DOP","1","KEP","4"
"DOU","1","GRU","1"
"DOY","20","CAN CGO CGQ CKG DLC FOC HGH HRB PEK PKX PVG SHA SHE SZX TFU TSN WNZ WUH XIY XMN","8"
"DPA","0","","0"
"DPL","3","CEB DGT MNL","4"
"DPO","2","MEB MEL","3"
"DPS","66","ADL AKL AMS AUH AVV BDJ BKK BLR BMU BNE BOM BPN CAN CGK CJJ CNS DAD DEL DIL DMK DOH DRW DXB FRA HAN HKG HKT HLP ICN IST JBB JED KOE KUL LBJ LOP MCY MDC MEL MNL NRT NTL OOL PER PKX PNK PUS PVG SGN SIN SOC SOQ SRG SUB SVO SWQ SYD TAS TFU TIM TMC TPE UPG WAW XMN YIA","57"
"DPT","1","YKS","1"
"DQA","13","CAN CSX DLC HEK HRB PEK PKX PVG SHA SYX TAO TFU XIY","4"
"DQM","2","MCT MSH","1"
"DRG","4","BKC OME OTZ PHO","2"
"DRO","4","DEN DFW IAH PHX","4"
"DRP","3","CEB ILO MNL","3"
"DRS","7","AYT BZO DUS FRA HRG MUC ZRH","8"
"DRV","5","HAQ IFU LMV MLE NMF","2"
"DRW","33","ADL ASP BIK BME BNE BRT CAN CBR CKI CNS DIL DPS ELC GBL GOV GPN GTE GTS KNX KTR LEL MCV MEL MGT MNG OOL PER RAM SIN SNB SYD TCA TSV","10"
"DSI","1","DAL","1"
"DSM","0","","9"
"DSN","46","AXF CAN CGO CGQ CIF CSX FOC FUO HAK HET HFE HGH HKG HLD HLH HRB ICN INC JNG KCA KMG KUL LHW LYG NKG PEK PKX PVG RIZ SHA SHE SJW SYX SZX TAO TFU TGO TLQ TSN TYN UBN WUH XIY XNN YNT YTY","15"
"DSO","1","FNJ","1"
"DSS","48","ABJ ADD ALG AMS BCN BGY BJL BKO BOD BRU CDG CKY CMN COO CSK DUS DXB FCO FNA IST JFK KDA KGG LFW LGW LIL LIS LPA LUX LYS MAD MRS MXP NBO NCE NIM NKC OUA OXB PRG RAI SID TLS TUD TUN VRN YUL ZIG","30"
"DSY","1","KTI","2"
"DTB","2","BTH CGK","3"
"DTD","1","GHS","1"
"DTM","41","ADB AYT BEG BNX BTS BUD CLJ CRA EVN FCO GDN GHV IAS INI KTW KUT LTN LWO MXP OHD OMR ONQ OTP PMI PMO PRN RMO SAW SBZ SCV SKP SOF SZY TGD TGM TIA TSR TZL VAR WAW WRO","5"
"DTU","2","HEK HRB","1"
"DTW","116","ALB AMM AMS ANC ATL ATW AZO BDL BGM BGR BHM BNA BOS BTV BUF BWI BZN CDG CHA CHS CIU CLE CLT CMH CUN DEN DSM ELM ESC EWR FLL FRA FWA GCM GDL GRB GRR GSO GSP HND HNL HPN HSV HVN IAD IAH ICN IMT IND IST JAX JFK LAL LAN LAS LAX LEX LGA LIR MBJ MBS MCI MCO MDW MEM MEX MIA MKE MQT MSN MSP MSY MTY MUC MYR NAS OMA ORD ORF PHL PHX PIT PLN PLS PUJ PVG PVR PWM QRO RDU RIC ROC SAN SAV SBN SDF SEA SFO SJC SJD SJU SLC SMF SNA SRQ STL SYR TPA TVC TYS XNA YHZ YUL YVR YYC YYZ","21"
"DUB","156","ABZ ACE ADB AGA AGP AHO ALC AMS ARN ATH ATL AUH AYT BCM BCN BER BES BGO BGY BHX BJV BNA BOD BOJ BOS BRI BRS BRU BUD CAG CAI CDG CFN CFU CGN CHQ CLE CLJ CLT CPH CRL CTA CUN CWL DBV DEN DFW DOH DTW DUS DXB EWR EXT FAO FCO FRA FUE GCI GLA GVA HAM HEL HER IAD IAS IBZ IND INN INV IOM IST JFK JTR KBP KEF KTT KTW KUN LAS LAX LBA LCJ LCY LHR LIN LIS LPA LPL LUX LUZ LYS MAD MAN MCO MIA MLA MPL MRS MSP MUC MXP NAP NCE NCL NQY ORD ORY OSL OTP OVD PEK PGF PHL PIT PMI PMO POZ PRG PRO PSA RAK RDU RIX RMO RNS RVN RZE SAW SCQ SEA SFO SOF SOU SPU STR SVQ SZG TFS TLL TLS TOS TRN TUF VCE VIE VLC VRN WAW WMI YHZ YUL YVR YYC YYT YYZ ZRH","44"
"DUD","4","AKL CHC OOL WLG","2"
"DUJ","2","IAD PIT","1"
"DUR","13","BFN CPT DOH DXB ELS HLA HRE IST JNB MQP PLZ SHO ZSE","10"
"DUS","125","ACE ADB AGA AGP ALC AMM AMS AOE ASR ATH AUH AYT BCN BDS BEG BEY BGI BGW BHX BIO BJV BOJ BVC BZO CAG CAI CDG CFU CHQ COV CPH CTA DIY DJE DLM DOH DRS DSS DUB DXB EBL EDI EDO ERZ ESB EVN EZS FAO FDF FNC FRA FUE GDN GVA GWT GZT HEL HER HRG IBZ IST ISU JMK KBP KGS KLX KRK KYA KZR LCA LGW LHR LIN LIS LNZ LYS MAD MAH MAN MBJ MIR MLA MLX MRS MUC MXP NCE NDR OGU OLB OMO ONQ OSL OUD PRN PRO PVK RAK RHO RIX RMF RMO SAW SKG SMI SOF SPU SSH SUF SZF TFS TLV TUN TZX VAR VCE VIE VLC VOL VRN WAW XRY YEI ZRH ZTH","54"
"DUT","7","AKB ANC CDB IKO KQA SNP STG","2"
"DVL","1","DEN","1"
"DVO","10","BCD CEB CGY DAD DOH IAO ILO MNL SIN TAG","8"
"DWC","36","ADE AER AHB ALP ARN BEN BER CGN CPH DME GRV HAJ KRR KTW LED LUX MCX MLE MRV MUC OSL OTP OVB POZ PRG RIY RMO RUH SGC SRY SVX TSR UFA VKO WAW ZRH","23"
"DWD","2","JED RUH","1"
"DXB","266","ABJ ADD AER AHB AKL AKX ALA ALG AMD AMM AMS AQI ARN ASB ASM ATH ATQ AWZ AYT BAH BBI BCN BEG BEN BER BEY BGW BGY BHX BKK BLQ BLR BND BNE BOG BOM BOS BRU BSA BSL BSR BSZ BUD BUZ BWN CAG CAI CAN CCJ CCU CDG CEB CGK CGP CHC CIT CKG CKY CMB CMN CNN COK CPH CPT CRK DAC DAD DAM DAR DEL DFW DGAA DME DMK DMM DOH DPS DSS DUB DUR DUS DYU EBB EBL EDI ESB EVN EWR EZE FCO FEG FRA GGR GIG GIZ GLA GOI GRU GRV GUW GYD HAK HAM HAS HEL HGA HGH HKG HKT HND HOF HYD IAD IAH ICN IFN IKA ISB IST IXC IXE JAI JED JFK JIB JMK JNB JRO JTR JUB KBL KBP KBV KDU KER KGL KHI KHT KIH KIX KMG KRR KRT KTI KTM KUL KUT KWI LAX LCA LED LGK LGW LHE LHR LJU LKO LOS LRR LUN LYP LYS MAA MAD MAN MBA MCO MCT MCX MED MEL MEX MGQ MHD MIA MJI MLA MLE MNL MRU MSQ MUC MUX MXP NBJ NBO NCE NJF NQZ NRT NUM OHS OLB ORD OSL OTP OVB PBH PEE PEK PEN PER PEW PNQ POZ PRG PSA PVG RGN RIX RMO RUH SAI SAW SCO SEA SEZ SFO SGN SHE SIN SKD SKT SLL SOF SPX STN STR STV SVO SVX SYD SYZ SZG SZX TAO TAS TBS TBZ TFU TIA TIF TIV TLV TNR TPE TRV TRZ TUN TUU TZX UET UFA ULH URC UWWW VCE VIE WAW WUH XIY YUL YYZ ZNZ ZRH ZYL","104"
"DXJ","11","CGO HAK HFE HUZ JJN KMG NGB PKX SHE TFU XIY","7"
"DXR","2","ACK MVY","1"
"DYG","26","CAN CJJ DLC DMK HAK HKG HRB ICN KMG KWE LHW LYI NKG PEK PKX PUS PVG SHE TAE TAO TFU TNA WUH XIY XMN XUZ","20"
"DYR","10","KHV KJA KPW KVM PKC PVS PWE SVO UHML VVO","4"
"DYU","30","AER ALA BSZ DEL DOH DXB GYD IKA IKT ISB IST JED KIH KWI KZN LED MCX MHD MUC NQZ OVB PKX SAW TAS TJM UFA URC UTOD UWWW XIY","17"
"DZA","10","CDG DAR DIE HAH MJN NBO NOS ORY RUN TNR","4"
"DZH","22","CAN CGO CTU FOC HGH HSN JJN KWE LHW LJG LXA NKG PEK PVG SHE SWA SZX TFU URC WNZ WUH ZUH","11"
"DZN","5","ALA CIT KGF NQZ UKK","3"
"EAA","1","FAI","1"
"EAL","4","BII KWA MAJ RNP","1"
"EAM","4","DMM DXB JED RUH","4"
"EAR","2","DEN ORD","1"
"EAS","11","AGP BCN EDI GLA LCY LPA MAD MAH PMI SVQ TFN","5"
"EAT","2","PDX SEA","1"
"EAU","3","LAS ORD RSW","2"
"EBA","7","ACH BRN FLR LIN PSA SIR ZRH","3"
"EBB","45","ABV ADD AMS BRU BUX CAI DAR DOH DXB FBM FIH FKI FZNI GOM HRE HSYE HUGG HUKD HUMW IST JED JNB JRO JUB KGL KHX KIS KRT KSE KXO LGW LLW LOS LUN MBQ MRE NBO PAF PZU RUA RUH SEU SHJ SRT ZNZ","25"
"EBD","1","KRT","1"
"EBH","2","ALG MZW","1"
"EBJ","2","ABZ SVG","2"
"EBL","36","ALP AMM AMS ATH AYT BER BEY BGW BSR CAI CGN COV CPH DAM DOH DUS DXB ESB FRA GYD HAJ HAM IKA IST ISU LGW LTK MED MUC NJF NUE SAW SDG SHJ STR VIE","19"
"EBO","2","EJT MAJ","1"
"EBU","1","BJA","1"
"ECN","9","ADB AYT COV ESB GZT HTY IST SAW TZX","4"
"ECP","20","ATL AUS BNA BWI CLT CMH DAL DCA DEN DFW DTW HOU IAH IND LGA MCI MDW ORD PHL STL","7"
"EDF","0","","0"
"EDFH","26","AGA AGP BBU BCN BGY BRI CAG CLJ FCO IBZ INI KBP KUT LPA NDR RMO SBZ SKG SKP TFS TSR TZL VAR VLC VNO ZAD","5"
"EDI","114","ACE AGA AGP ALC AMS ARN ATH ATL AYT BCN BGO BHD BIO BJV BLL BOD BOS BRU BSL BZR CDG CFU CGN CHQ CMF CPH CTA DBV DLM DOH DUB DUS DXB EAS EGAE EWR EXT FAE FAO FCO FLR FNC FRA FUE GCI GDN GNB GRO GVA HEL HER IBZ INN IOM IST JFK JTR KEF KLX KOI LCY LGW LHR LIN LPA LSI LTN LUX LYS MAD MAH MCO MLA MUC MXP NBE NRN NTE ORD ORY OSL PEK PFO PHL PMI PRG PRO RAK REU RHO RVN SAW SDR SKG SOU SPU SSH STN STR SYY SZG TFS TLS TRN VIE VLC VRN YHZ YUL YYC YYZ ZAD ZRH ZTH","38"
"EDL","4","LOK MBA NBO WIL","2"
"EDO","7","CGN DUS ESB IST MUC SAW STR","5"
"EDR","2","CNS KWM","1"
"EDXP","1","AGE","1"
"EEA","1","CGH","1"
"EEK","2","BET KWN","2"
"EERU","2","EPU URE","1"
"EFL","38","ACH AMS ATH BEG BGY BHX BOH BRI BRS BUD BZO CFU CWL EMA FCO FRA GLA INN LGW LHR LIN MAN MUC NAP NCE NCL ORY OSL OTP PRG PSA PVK STN TLV TSR VIE ZRH ZTH","23"
"EGAE","6","BHX EDI GLA LHR LPL MAN","3"
"EGC","8","BHX BOH LBA LCY LPL MAN RTM STN","4"
"EGE","14","ATL CLT DEN DFW IAH JFK LAX MIA MSP ORD PHX SAN SEA SFO","7"
"EGM","2","HIR MUA","1"
"EGN","1","KRT","2"
"EGO","15","AER AYT DME GOJ KGD KRR LED MRV NBE NSK SGC SIP SVO SVX VKO","12"
"EGS","1","RKV","1"
"EGX","3","AKN PIP UGB","1"
"EHU","6","JJN SZX TFU TSN XIY XMN","3"
"EIN","35","ADB ALC AYT BCN BEG BUD CLJ DEB GDN HER HRG IAS INN KGS KRK KTW LPA LWO NDR OSL OTP OUD PRG RHO SAW SID SKP SOF SSH TFS TIA TSF VAR WAW WRO","7"
"EIS","12","ANU AXA BGI DOM MIA NGD SDQ SJU SKB STT SXM VIJ","9"
"EJA","1","BOG","2"
"EJH","2","JED RUH","1"
"EJT","1","MAJ","1"
"EKAE","1","RKE","1"
"EKO","1","SLC","1"
"EKS","2","KHV UUS","1"
"ELC","3","DRW GOV MNG","4"
"ELE","0","","0"
"ELF","2","KRT UYL","3"
"ELG","3","ALG OGX TMR","1"
"ELH","7","ATL CLT FLL GHB MIA NAS RSD","5"
"ELI","3","GLV OME WMO","1"
"ELM","4","DTW PGD PIE SFB","2"
"ELP","18","ATL AUS BNA DAL DEN DFW HOU IAH LAS LAX LGB MCO MDW ORD PHX SAN SAT SEA","8"
"ELQ","22","AHB ATZ AUH BAH CAI DMM DOH DXB HAS HMB ISB IST JED KWI LWO MUX RUH RZV SAW SHJ SJJ TZX","16"
"ELS","4","CPT DUR HLA JNB","3"
"ELU","3","AAE ALG CDG","2"
"ELV","1","JNU","1"
"EMA","49","ACE AGP ALC AYT BCN BER BFS BGY BHD BJV BOJ BUD CCF CFU CHQ CIA DBV DLM DUB EFL EGC FAO FUE GDN GRO GVA HRG KRK LCA LIG LPA MAH MLA NOC PMI PRG PRO PVK REU RHO RIX RMU SSH TFS TRN TSF VLC WRO ZTH","5"
"EMD","2","BNE MCY","3"
"EMK","5","AUK BET DLG KOT SXP","1"
"EMN","1","NKC","1"
"ENA","1","ANC","2"
"ENE","3","BMU KOE LBJ","1"
"ENG","1","BKS","1"
"ENH","30","CAN CGO DMK HAK HAN HGH HKG HYN ICN INC KHN KMG KWE LHW NGB NKG NNG PKX PVG SHA SZX TAO TFU TNA TSN WNZ WUH XIY XNN ZUH","11"
"ENI","5","CEB CRK MPH TAG USU","2"
"ENO","1","EZE","1"
"ENSA","1","LYR","1"
"ENT","1","KWA","1"
"ENU","3","ABV ADD LOS","6"
"ENVR","1","BOO","1"
"ENY","18","CAN CGO CKG CSX DLC FOC HET INC KMG KWE LHW NKG PEK PVG SZX TFU XIY XNN","8"
"EOH","27","ACD APO AXM BAQ BGA BOG BSC BUN CAQ CLO COG CPB CUC CZU IBE LPZ MMP MTR MZL NVA OCV PEI RON TLU UIB VUP VVC","3"
"EOI","2","KOI NRL","1"
"EPR","1","PER","1"
"EPU","2","EERU URE","1"
"EQS","2","AEP COR","1"
"ERC","3","ESB IST SAW","3"
"ERF","6","AYT BOJ HER HRG PMI RHO","11"
"ERH","4","CMN ORY RAK RBA","3"
"ERI","4","CLT MCO ORD TPA","3"
"ERL","5","CIF HET PKX TGO XIL","3"
"ERS","4","LUD NDU OMD OND","1"
"ERZ","7","ADB AYT DUS ESB IST SAW YEI","4"
"ESB","54","ADF AJI ALA AMM AMS ARN AYT BAL BER BGW BJV BUD CAI CGN CKZ COV CPH DIY DME DOH DUS DXB EBL ECN FRA GNY GYD HAM IKA IST JED KBL KBP KIK KRK LIS MED MUC NQZ NUE ORY SAW SJJ STN STR SZF TAS TBS TEQ TIA TJK TZX VIE ZRH","22"
"ESC","2","DTW MSP","1"
"ESD","5","BFI BLI FRD OTS YVR","2"
"ESE","2","GUB MMCD","1"
"ESL","4","AER AYT SVO SVX","2"
"ESU","11","BCN BOD BVA CRL LYS MRS NTE ORY RBA STN SVQ","5"
"ETM","3","CDG HFA TLV","4"
"ETR","1","UIO","1"
"ETZ","6","ALG BES CMN CZL HER ORN","4"
"EUA","1","TBU","1"
"EUG","15","AZA BUR DEN LAS LAX ORD PDX PHX SAN SEA SFO SJC SLC SMF SNA","8"
"EUN","6","AGA CMN LPA RAK RBA VIL","2"
"EUX","10","AUA AXA BON CUR DCF NEV SAB SKB STX SXM","4"
"EVE","17","AMS ANX BGO BGY BOO BRU CPH FRA MUC MXP OLA OSL PMI TOS TRD VIE ZRH","9"
"EVG","2","ARN MXX","1"
"EVN","76","AER ALA ALC ALP AMS ATH AUH BCN BER BEY BGW BGY BRI BRU BVA CAI CDG CEK CGN CRL DME DOH DTM DUS DXB EIN FCO FMM FRA GOJ GSV HAM HRG IKA IST KBP KGD KRR KWI KZN LCA LED LTN LYS MLE MRS MRV MSQ MXP NAP NCE NQZ ORY OTP OVB PEE PFO RIX SAW SCO SGC SHJ SSH SVO SVX TBS TJM UFA URC VCE VIE VKO VOG WAW YUK ZIA","43"
"EVV","8","ATL CLT DFW MCO ORD PIE SFB VPS","4"
"EWB","3","ACK BOS MVY","1"
"EWE","2","MKQ TIM","3"
"EWI","2","NBX TIM","3"
"EWN","2","BDL CLT","2"
"EWR","176","ACK ADD AGP AMS ANC ANU ARN ATH ATL ATW AUA AUS AVL AXA BCN BDA BER BGI BGR BIO BNA BOG BOM BON BOS BQN BRI BRU BTV BUF BZE BZN CAE CAI CAP CDG CHA CHS CLE CLT CPH CPT CRW CUN CUR CVG DCA DEL DEN DFW DOM DSM DTW DUB DXB EDI EGE EYW FAO FCO FLL FRA GCM GDL GLA GOH GRR GRU GUA GVA HDN HHH HND HNL IAD IAH ICN ILM IND IST JAC JAX JNB KEF KRK LAS LAX LHR LIM LIR LIS MAD MBJ MCI MCO MDW MEX MIA MKE MSP MSY MTJ MUC MXP MYR NAP NAS NCE NRT OPO ORD ORF ORY OSL PBC PBI PDL PDX PHX PIT PLS PMO POP POS PTY PUJ PVR PWM RAK RDU RIC ROC RSW RZE SAL SAN SAP SAT SAV SCQ SDQ SEA SFO SIN SJD SJO SJU SKB SLC SMF SNA SRQ STI STL STT SXM SYR TLV TPA TQO TVC TYS UVF VCE VIE VPS WAW YHZ YOW YQB YTZ YUL YVR YYC YYZ ZRH","43"
"EXI","1","JNU","2"
"EXT","23","ACE AGP ALC AMS BHD CFU DLM DUB EDI GCI HER IBZ ISC LPA MAH MAN NCL PFO PMI PRO RHO TFS ZTH","7"
"EYK","7","HMA NYA OVS SGC SVX TJM ZIA","2"
"EYP","4","BGA BOG RON VVC","6"
"EYW","22","ATL AVL BOS CLT CVG DFW EWR FLL HVN IAD IND LCK LGA MCO ORD PHL PIE PIT RDU SFB TPA TYS","11"
"EZE","56","ADD AKL AMS ATL AUA BOG BPS BRC BSB CBB CDG CNF CRD CUN DFW DXB ENO FCO FLN FOR FRA FTE GIG GRU GYE IAH IGR IST JFK JPA JUJ LHR LIM MAD MCZ MDE MDZ MEX MIA NAT PTY PUJ PVG REC RGL SCL SDQ SJO SLA SSA TUC UIO USH VVI YYZ ZRH","35"
"EZS","10","ADB AYT CGN DUS ESB FRA HAJ IST SAW STR","4"
"FAE","7","BGO BLL CDG CPH KEF LGW PMI","5"
"FAI","34","AET AKP ANC ARC BTI BTT CEM CIK DEN EAA FYU GAL HKB HSL HUS IRC KAL KBC KYU LMA MLY MNT NUL ORD PDX RBY RMP SCC SEA SVS TAL VEE WBQ YDA","7"
"FAO","61","AMS ARN BER BES BFS BHX BIO BOH BRS BRU BVA CDG CGN CPH CWL DUB DUS EIN EMA EWR FCO FKB FNC FRA GCI GVA HAJ HAM HEL IOM KEF KTW LBA LCY LGW LHR LIL LIS LPL LTN LYS MAD MME MUC NCE NCL NRN NTE ORK OSL OTP PDL RIX SNN SOU STR SXB TLS WAW YYZ ZRH","29"
"FAR","11","ATL AZA BNA DEN DFW LAS MSP ORD PHX PIE SFB","7"
"FAT","15","BJX DAL DEN DFW GDL LAS LAX MLM ORD PDX PHX SAN SEA SFO SLC","10"
"FAV","3","KHZ PPT RGI","2"
"FAY","6","ATL CLT DFW IAD RDU SFB","7"
"FBM","13","ADD AUH DAR FIH FMI JNB KGA KGL KMN LUN MJM NBO NLA","11"
"FBS","3","KEH LKE W39","1"
"FCA","3","AUS LGA PHX","3"
"FCO","200","ADB ADD AGP AHO AJA ALC ALG AMM AMS ARN ATH ATL AUH BAH BCM BCN BDS BEG BEN BER BES BEY BGO BHX BIA BIO BKK BLL BOD BOS BRQ BRS BRU BSL BTS BUD BVC CAG CAI CDG CGN CHQ CKG CLJ CLT CMN CND CPH CRV CTA DAC DBV DEL DEN DFW DGAA DOH DSS DTW DUB DUS DXB EDI EFL EIN EVN EWR EZE FDF FLR FRA FUE GDN GHV GIG GLA GOT GRU GVA GYD HAJ HAM HAV HEL HER HKG HND HRG IAD IAS IBZ ICN IST JED JFK JMK KEF KLU KRK KTW KWI LAX LBA LCA LDE LHR LIG LIL LIS LMP LPA LTN LUX LUZ LXR LYS MAD MAH MAN MCT MEX MIA MJI MLA MLE MRU MUC NAP NCE NCL NTE NUE OLB OMO OPO ORD ORY OSL OTP OVD PEK PER PFO PHL PMI PMO PNL PRG PVG PVK RAK RHO RIX RMO RTM RUH RZE SAW SCV SDQ SEA SEZ SFO SHJ SIN SKG SOF SPU SSH STN SUF SVQ SXB SYD SZX TAS TBS TFS TFU TGD TGM TIA TLV TPE TRN TRS TUN UGC VIE VLC VRN WAW WNZ YUL YYC YYZ ZAD ZAG ZRH ZTH","97"
"FDE","1","OSL","1"
"FDF","20","ANU BGI BOD CAY CDG FCO HAV MIA ORY PAP POS PTP SDQ SFG SLU SVD SXM YQB YUL YYZ","13"
"FDH","16","ALC AYT BEG BER CLY CPH DUS EBA HAM HDF HER HRG LGW PMI PVK SKP","14"
"FEG","11","DME IKT IST KZN LED OVB SGC SKD TAS VKO ZIA","8"
"FEN","2","GRU REC","3"
"FEZ","16","AGA AMS BCN BLQ BOD BRU BVA CMN LPA LYS MRS MUC ORY RTM STN VLC","8"
"FGI","1","PPG","1"
"FGU","2","PPT RRR","1"
"FIH","31","ABJ ADD AUH BNB BRU BZV CAI CDG CMN COO DAR DLA DOH EBB FBM FKI GMA GOM IST JNB KGA KND LBV LFW LJA MDK MJM MNB NBJ NBO PNR","20"
"FIN","0","","0"
"FIZ","2","BME HCQ","1"
"FJR","4","BOM CCJ CNN COK","2"
"FKB","36","AGA AGP ALC AMM AYT BBU BEG BNX BRI BTS CAG FAO FUE HER IAS KGS LPA PMI RBA RHO RMO SBZ SCV SJJ SKG SKP STN SUF SVQ TFS TGD TGM TIA TPS TSR WRO","6"
"FKI","3","FIH GOM KND","2"
"FKQ","6","AHI BXB DOB KNG NTI SOQ","4"
"FKS","3","CTS ITM TPE","3"
"FLA","4","ACR BOG CLO LQM","1"
"FLG","2","DFW PHX","2"
"FLL","135","ABE ACY ALB ATL ATW AUA AUS AVL AXM BAQ BDL BEL BGR BLV BNA BOG BOS BQN BUF BWI BZE CAE CAK CAP CHA CID CLE CLO CLT CMH CNF CUN CVG DAL DCA DEN DFW DSM DTW ELH EWR EYW FPO FSD FWA GCM GGT GRR GSP GYE HOU HSV HTS HVN IAD IAH ILG ILM IND ISP JAX JFK KIN LAS LAX LCK LEX LGA LIR MBJ MCI MCN MCO MDE MDT MDW MEM MKE MSP MSY MYR NAS OMA ORD ORF PAP PDX PHL PHX PIT PNS POS PTY PUJ PVD RDU RFD RIC SAN SAP SAT SBN SBY SDF SDQ SEA SFO SJO SJU SLC STI STL STT STX SWF SXM SYR TLH TPA TTN TVC TYS USA VCP XNA XPL YHM YHZ YOW YQB YUL YVR YWG YYC YYZ","26"
"FLN","29","AEP ASU BSB CGB CGH CNF COR CWB CXJ EZE GEL GIG GRU GYN IGU LIM LIS MVD PET POA PTY RIA ROS SCL SLA SSA URG VCP XAP","13"
"FLO","1","CLT","1"
"FLR","40","AHO AMS ARN ATH BCN BEG BGO BIO BOD BRU CAG CDG CPH CTA DUS EBA FCO FRA HAM HEL LCY LGW LHR LIS LUX LYS MAD MUC NCE NTE OLB OSL OVD STN SVQ SXB TLS VIE VLC ZRH","22"
"FLS","3","HBA LST MEB","2"
"FLW","4","CVU HOR PDL TER","1"
"FLZ","3","GNS KNO LXD","2"
"FMA","1","AEP","1"
"FMI","7","BNC BUX FBM FIH GOM KOO MJM","2"
"FMM","31","AHO ALC AMM AYT BBU BEG BNX BUD CLJ CLY CTA DUB FAO FCO GHV GRO HER IAS KUT PMI PMO PRN PSR RHO RIX RMO SJJ SOF TNG TSR ZAD","8"
"FMN","1","DEN","1"
"FMO","13","AGP ALC AYT CFU FUE HER HRG MUC PMI PRN RHO STN ZAD","14"
"FNA","14","ADD BJL BRU CKY CMN DGAA DSS IST LFW LGW LOS NBO OUA ROB","9"
"FNC","66","ACE AGP AMS ARN BCN BER BFS BHX BIO BOH BRS BRU BSL BTS BUD BVA CGN CPH CRL DUS EDI EMA EWR FAO FRA FUE GDN GLA HAJ HAM HEL LBA LGW LIS LPA LPL LTN LUX LYS MAD MAN MRS MUC MXP NCE NCL NTE NUE OPO OSL PDL PRG PXO RAK RIX SCQ STN STR SVQ TER TFN TFS TLL VIE VLC ZRH","29"
"FNI","3","CRL FEZ STN","1"
"FNJ","8","DSO PEK RGO SHE SVO VVO WOS YJS","3"
"FNR","0","","0"
"FNT","12","AZA BNA FLL JAX LAS ORD PDX PGD PIE SFB SRQ VPS","3"
"FOC","92","AKU AMS BKK CAN CGK CGO CGQ CJU CKG CSX CTU CZX DIL DLC DOY DSN DYG DZH ENY GYU HAK HAN HET HKG HLD HNY HRB HSN HTN ICN INC JFK JHG JNG JNZ KMG KTI KUL KWE KWL LHW LJG LYA LYG LYI LZO MDC MFM MIG NAO NGO NKG NNG NRT NTG PEK PKX PVG SHA SHE SHF SHS SIN SJW SYX TAO TFU TNA TPE TSA TSN TYN URC UYN VTE WEH WUH WXN XFN XIY XNN YBP YCU YIH YIN YNT YNZ YTY YYA ZAT ZUH ZYI","36"
"FOD","1","ORD","1"
"FOG","3","BLQ LIN TRN","2"
"FOO","2","BIK MKW","1"
"FOR","26","AEP BEL BSB CAY CDG CGH CNF CPV GIG GRU IGU JDO LIS MAD MAO MIA MVD NAT PHB RAO REC SLZ SSA THE VCP VIX","6"
"FPO","8","BIM CLT FLL MCO MHH MIA NAS YUL","5"
"FRA","240","ABV ACE ADB ADD AES AGA AGP ALA ALC ALF ALG AMM AMS ANC ANU ARN ASB ATH ATL AUH AUS AYT BAH BCN BEG BER BEY BGI BGO BGW BIA BIQ BJV BKK BLQ BOD BOJ BOM BOS BRE BRI BRU BSL BUD BVC BZG CAG CAI CAN CDG CGQ CHQ CLT CMB CMN COV CPH CPT CTA CUN DBV DEL DEN DFW DIY DJE DLM DMM DOH DRS DTW DUB DUS DXB EBL EDI ESB EWR FAO FCO FNC FSC FUE GDN GIG GLA GND GOT GPA GRU GRZ GVA GYD GZT HAM HAN HAV HDF HEL HER HKG HND HOG HRG HYD IAD IAH IBZ ICN IKA INN IST ISU IVL JED JFK JNB JSI KEF KGS KRK KTW KUL KWI LAS LAX LCA LEJ LHR LIN LIS LNZ LOS LPA LUX MAD MAH MAN MBA MCO MCT MIA MIR MLA MLE MLX MRU MSP MUC MXP NAP NCL NDR NQZ NRT NUE OLB ORD OTP OVD PDL PDX PEK PHC PHL PMI PMO POP POZ PRG PRN PSA PUJ PUY PVG RHO RIX RJK RMF RMO RSW RUH SAW SEA SFO SGN SHE SID SIN SJO SKG SKP SNN SOF SPC SPU SPX SSG STR SVG SVQ SYX SZF SZG SZX TAB TAS TFS TFU TIA TIV TLL TLV TOS TPE TRD TRN TRS TUN UBN URA URC VAR VCE VFA VIE VLC VRN WAW WRO XRY YHZ YUL YVR YYC YYZ ZAD ZAG ZRH ZTH","86"
"FRC","1","VCP","1"
"FRD","5","BFI BLI ESD OTS YYJ","2"
"FRE","2","HIR VAO","1"
"FRL","4","CAG PMO STN TBS","2"
"FRO","3","BGO OSL TRD","3"
"FRS","1","GUA","2"
"FRW","2","GBE JNB","1"
"FSC","19","BOD BSL BVA CRL FRA GVA LHR LIL LUX LYS MRS NCE NTE ORY RDZ SXB TLN TLS ZRH","10"
"FSD","13","ATL AZA BNA DEN DFW FLL LAS MSP ORD PGD PHX PIE SFB","8"
"FSH","1","KNO","1"
"FSM","1","DFW","1"
"FSP","5","CDG YGR YHZ YUL YYT","1"
"FSZ","10","CTS FUK HAN ICN IZO KOJ OKA PUS PVG TAO","7"
"FTE","9","AEP COR CRD EZE REL RGA RGL SCL USH","5"
"FTI","1","PPG","1"
"FTW","10","AUS AXX CLT DFW IAH OPF OXC PDX PVD VNY","5"
"FUE","68","AGP AMS BCN BER BFS BGY BHX BIO BLQ BOD BOH BRE BRQ BRS BRU BSL BUD CDG CGN CPH CRL CWL DRS DUB DUS EMA FCO FMO FRA GLA HAJ HAM HEL KTW LBA LGW LIL LIS LPA LPL LTN LUX LYS MAD MAN MRS MUC MXP NCL NTE NUE OPO OSL OVD POZ PRG RTM SCQ SPC STN STR SVQ TFN TLS VRN WAW WRO ZRH","34"
"FUG","13","CAN CKG CSX CTU FUO HAK HSN KMG KWE PEK PVG SZX URC","8"
"FUJ","2","FUK NGS","1"
"FUK","54","ASJ AXJ BKI BKK CAN CJJ CJU CTS DLC DMK FSZ FUJ HAN HKG HNA HND IBR ICN ISG ITM IZO KCZ KHH KIJ KIX KMI KMQ KOJ KUL KUM MFM MMJ MNL MWX MYJ NGO NKM NRT OKA PEK PUS PVG SDJ SGN SHI SIN TAE TAO TKS TNE TPE TSJ XIY YNT","49"
"FUN","1","NAN","1"
"FUO","12","DSN FUG HGH HIA HSN PKX PVG SHA SJW TAO TFU WHA","1"
"FVM","0","","0"
"FWA","13","ATL AZA CLT DTW FLL LAS MSP MYR ORD PGD PIE SFB SRQ","4"
"FXE","2","HPN TEB","1"
"FYJ","5","HRB JMU OHE PEK TFU","2"
"FYN","4","LHW TFU URC YIN","3"
"FYU","5","ARC CIK FAI KBC VEE","2"
"FZL","1","GYD","1"
"FZNI","0","","0"
"GAJ","4","CTS HND ITM NKM","3"
"GAL","6","FAI HSL KAL KYU NUL RBY","2"
"GAM","2","OME SVA","1"
"GAN","6","CMB FVM GKK HDK KDM MLE","2"
"GAQ","2","BKO NIM","1"
"GAU","33","AJL AMD BBI BKK BLR BOM CCU CJB DEL DIB DMK DMU HGI HYD IMF IXA IXB IXC IXI IXS IXT JAI JRH LKO MAA PBH PNQ RUP SHL SIN TEI TEZ ZER","8"
"GAY","7","BKK CCU DEL DMK KTI PBH RGN","8"
"GBE","10","ADD BBK CPT DUR FRW HRE JNB LUN MUB WDH","4"
"GBJ","1","PTP","1"
"GBL","2","CKI DRW","1"
"GBT","9","JED KIH MED MHD PGU SYZ THR ZAH ZBR","8"
"GBZ","6","AKL NZNE TRG WIK WRE WTZ","3"
"GCC","1","DEN","1"
"GCI","13","ACI AGP BHX FAO GNB LBA LCY LGW LHR LPA MME PMI SOU","3"
"GCK","1","DFW","1"
"GCM","28","ATL BOS BWI CLT CYB DEN DFW DTW EWR FLL HAV IAD IAH JFK KIN LAX LCE LHR MCO MIA MSP NAS ORD PHL PTY TPA YOW YYZ","12"
"GDB","3","BOM HYD IDR","2"
"GDC","0","","0"
"GDE","3","ADD DIR JIJ","1"
"GDL","49","ACA ATL BOG CUN CUU DFW DGO FAT HMO IAH LAP LAS LAX MAD MCO MEX MIA MID MTY MZT NLU ORD PBC PDX PHX PTY PVR PXM REX RNO SAT SEA SJD SJO SLC SLP TAP TGZ TIJ TLC TQO TRC VER VSA YUL YVR YYC YYZ ZCL","18"
"GDN","60","AAR ABZ AES AGP ALC AMS ATH AYT BCN BDS BGO BHX BJV BOJ BRS BRU BTS BUD BVA CPH CTA DBV DLM DUS EMA FCO FRA GOT HEL HRG IST JTR KEF KRK LGW MAN MUC MXP NAP NCE NCL OSL OTP PMI RJK RZE SPU SSH TAT TFS TGD TIA TLL TRF TSF VAR VXO WAW ZAD ZRH","15"
"GDQ","3","ADD AXU LLI","1"
"GDT","3","PLS SLX XSC","2"
"GDV","1","BIL","1"
"GDX","15","BQS IKT KHV KJA KPW OVB PKC PWE SVO SWV UHMF UHMH UHMN UUD VVO","6"
"GDZ","6","DME KJA LED SVO SVX VKO","5"
"GEA","8","BMY ILP KNQ KOC LIF MEE TOU UVE","2"
"GEB","2","SOQ TTE","1"
"GEG","20","ANC ATL AZA BOI DAL DEN DFW LAS LAX MDW MSP ORD PDX PHX SAN SEA SFO SJC SLC SNA","10"
"GEL","3","FLN GRU POA","2"
"GEM","1","SSG","1"
"GEO","16","AMS ANU BGI BOG HAV IAH JFK LGW MIA PBM POS PTY SDQ SXM UVF YYZ","14"
"GER","1","HAV","1"
"GES","3","CEB ILO MNL","3"
"GET","4","BME KTA PER PHE","2"
"GFK","3","AZA LAS MSP","2"
"GGB","1","CGB","1"
"GGF","2","BEL MEU","1"
"GGG","1","DFW","1"
"GGJ","1","CWB","1"
"GGR","11","AAD ADD BIB BLW BSA DXB GLK HGA KMU MGQ NBO","6"
"GGT","7","ATL CLT FLL MIA NAS RSD YYZ","6"
"GGW","1","BIL","1"
"GH-0006","1","ACC","1"
"GHA","6","ALG AZR CZL ORN TMR VVZ","1"
"GHB","4","CLT ELH MIA NAS","4"
"GHC","1","NAS","3"
"GHS","3","AAP BPN DTD","2"
"GHT","1","MJI","2"
"GHV","16","AYT BUD DTM FCO FMM HER HRG KTW LCA LTN MIR MXP NAP NUE PMI WAW","7"
"GIB","5","BHX BRS LGW LHR MAN","2"
"GIC","2","HID SBR","1"
"GIG","57","AEP AJU AMS ASU ATL BEL BOG BPS BSB CDG CGB CGH CNF COR CWB CXJ DFW DXB EZE FCO FLN FOR FRA GRU GYN IAH IGU JFK JPA LHR LIM LIS MAD MAO MCP MCZ MDZ MIA MVD NAT NVT OPO POA PTY REC ROS SCL SJK SLZ SSA THE UDI VCP VIX VVI YUL YYZ","27"
"GIL","1","ISB","1"
"GIR","1","BOG","1"
"GIS","6","AKL HLZ NPE TRG WHK WLG","2"
"GIU","2","CMB TRR","1"
"GIZ","11","ADD AHB CAI DMM DXB HMB JED RUH SHJ TIF TUU","8"
"GJA","2","LCE RTB","1"
"GJL","2","ALG MRS","1"
"GJR","1","RKV","1"
"GJT","6","DEN DFW LAS PHX SLC SNA","5"
"GKA","3","HGU LAE POM","2"
"GKK","3","GAN KDO MLE","1"
"GKN","3","ANC MXY MYK","2"
"GLA","78","ACE AGA AGP ALC AMS AYT BCN BEB BER BFS BHD BHX BJV BOD BOJ BRR BRS CAL CDG CFU CHQ CMF CUN DBV DLM DUB DXB EAS EWR FAO FCO FNC FRA FUE GRO GVA HAJ HER HRG IBZ ILY KEF KGS KRK LCA LCY LGW LHR LPA LRM LSI LTN MAH MLA MXP NAP NBE ORK PMI PRG PRO PSA PUY RAK REU RHO SID SSH STN TFS TRN VIE VRN WMI WRO YYZ ZRH ZTH","19"
"GLH","2","ATL DFW","1"
"GLK","2","GGR MGQ","1"
"GLN","4","ACE CMN LPA TTA","2"
"GLT","1","BNE","2"
"GLU","2","CCU PBH","1"
"GLV","2","ELI WMO","1"
"GLX","0","","0"
"GMA","3","FIH LIQ MDK","3"
"GME","4","AYT LED SVO VKO","1"
"GMP","15","CJU HIN HND KHH KIX KPO KWJ NGO PEK PKX PUS RSU SHA TSA USN","20"
"GMQ","2","CTU XNN","2"
"GMR","2","HOI PPT","1"
"GMZ","2","LPA TFN","1"
"GNB","15","ARN BEG BHX BRS EDI GCI LGW LTN MAN NCL RTM SEN STN TLV WAW","9"
"GND","14","ANU ATL BGI CLT GEO JFK LGW LHR MIA POS SLU SVD UVF YYZ","11"
"GNI","1","TTT","1"
"GNJ","6","DME IST NAJ SAW SVO VKO","7"
"GNM","2","CNF SSA","1"
"GNS","5","KNO LXD PDG PKU SIW","2"
"GNU","2","BET PTU","1"
"GNV","4","ATL CLT DFW MIA","2"
"GNY","5","ADB AYT ESB IST SAW","4"
"GOA","20","AMS BCN BDS BRI BUD CAG CPH CTA FCO KRK MAD MAN MUC NAP OLB ORY OTP QSR TIA WAW","9"
"GOH","11","BLL CPH EWR JAV JEG JFR JHS KEF KUS SFJ YFB","4"
"GOI","23","ALA AMD BAH BHO BLR BOM CCU CJB COK DEL DXB HDO HYD IDR ISK IXC LKO MAA NQZ PEE PNQ RPR STV","8"
"GOJ","17","AER BEG CEK EVN HRG KGD KZN LED MRV OVB REN SSH SVO SVX TAS TBS UFA","11"
"GOM","10","ADD BJM BKY BNC BUX FBM FIH FKI FMI KND","4"
"GOP","6","BLR BOM CCU DEL HYD NMI","4"
"GOQ","5","CGO CTU LXA XIY XNN","4"
"GOT","27","AMS ATH BEG BER BIA BRU CAG CDG CFU DBV FCO GDN HRG JSI LHR LPA MXP PRG PUY PVK RHO RIX SKP TIA TZL VIE ZAG","13"
"GOU","3","DLA JED NSI","1"
"GOV","8","BNE CNS DRW ELC GTE LEL MGT RAM","3"
"GOX","31","AGX ALA AMD BDQ BLR BOM CCU DEL DIU DOH HYD IDR IXU JAI JLG LGW MAA MAN MCT MDA NDC NMI NQZ PAT PNQ RQY SHJ SSE SVO SVX TAS","14"
"GOY","1","KJA","1"
"GPA","19","BRU BTS DUS FRA HAJ KTW LIL LUX MUC MXP NTE ORY PRG RIX STR TSR VIE WAW ZRH","13"
"GPI","2","CLO PPN","1"
"GPN","1","DRW","1"
"GPS","3","CUE GYE UIO","2"
"GPT","8","ATL CLT DFW IAH LAS MCO MSP TPA","5"
"GRB","0","","0"
"GRI","3","AZA DFW LAS","2"
"GRJ","6","BFN CPT DUR HDS HLA JNB","3"
"GRK","1","DFW","1"
"GRO","32","AMS BBU BEM BHX BOH BRI BRS BRU BVA CRL EDI EMA GDN GLA KTW LBA LGW LTN LUX MAN NCL NRN NUE PAD PED POZ PSA PSR RAK RTM SJJ STN","8"
"GRQ","15","AYT BOJ DLM GZP HER HRG KGS LPA NOC NWI OSD PMI RHO SCR TFS","9"
"GRR","25","ATL AUS AZA BNA BWI CLT DEN DTW EWR FLL JAX LAL LAS LGA MCO MDW MIA MSP ORD PHL PIE SAV SNA TPA VPS","11"
"GRU","111","ADD AEP AJU AMS ASU ATL AUA BCN BEL BOG BPS BRC BSB BVB BYO CAC CBB CCS CDG CGB CGR CLV CMN CNF COR CPT CWB CXJ DFW DOH DXB EWR EZE FCO FEN FLN FOR FRA GEL GIG GYN IAD IAH IGU IMP IOS IST IZA JDO JFK JJD JJG JNB JOI JPA LAX LDB LHR LIM LIS MAD MAO MCO MCP MCZ MDZ MEX MGF MIA MOC MUC MVD MXP NAT NBJ NVT OPO OPS ORD PDP PEK PET PFB PMW PNZ POA PTY PUJ PVH RAO RBR REC ROS SCL SDU SJP SLA SLZ SSA THE UBA UDI USH VDC VIX VVI XAP YUL YYC YYZ ZRH","37"
"GRV","10","AYT DME IKA IST LED MED SGC SVO TAS VKO","8"
"GRW","1","TER","1"
"GRX","12","AMS BCN BIO LPA MAD MLN OPO ORY OVD PMI SDR TFN","6"
"GRY","1","AEY","1"
"GRZ","16","AOK AYT BER DUS FRA HAM HER HRG KGS LGW MUC RHO SAW TFS VIE ZRH","9"
"GSI","3","CAY LDX MPY","1"
"GSM","14","AWZ AZD DXB IFN JED KSH MCT MED MHD RAS SHJ SRY SYZ THR","23"
"GSO","13","ATL BDL CLT DCA DFW DTW LGA MCO MIA ORD PHL PIE SFB","7"
"GSP","27","ATL BDL BNA BWI CLT CMH DCA DEN DFW DTW EWR FLL HVN IAD IAH LAX LGA MCO MIA ORD PHL PIE PIT PVD RSW SFB SRQ","10"
"GST","1","JNU","2"
"GSV","14","AER AYT BUS EVN HRG KGD LED MCX NUX OVB SGC SVO SVX VKO","10"
"GTE","3","CNS DRW GOV","2"
"GTF","5","AZA DEN LAS SEA SLC","5"
"GTO","7","CGK LKM LUW MDC PWX UOL UPG","6"
"GTR","2","ATL DFW","2"
"GTS","4","ASP BNE DRW PER","3"
"GUA","16","ATL BOG DFW EWR FLL FRS HUX IAD IAH JFK LAX MCO MIA ORD SFO YUL","11"
"GUB","4","ESE GYM HMO MMCD","1"
"GUC","5","DAL DEN DFW IAH ORD","3"
"GUF","7","ATW BLV CVG MCI OKC OMA SGF","1"
"GUM","16","CEB HND HNL ICN KIX KSA KWA MAJ MNL NRT PUS ROP ROR TKK TPE YAP","10"
"GUP","2","LAS PHX","1"
"GUR","3","LSA MIS POM","2"
"GUW","19","AKX ALA AMS BUS CIT DMB DXB GYD IST KUT MXP NCU NQZ SAW SCO SVO TAS TBS URA","9"
"GVA","100","ABZ ADD AGA AJA ALC ALG AMM AMS ARN ASR ATH AUH AYT BAH BCN BEG BER BEY BHX BRS BRU CAI CDG CFU CMN CPH CTA DOH DUB DUS DXB EDI EMA ESB EWR FAO FCO FNC FUE GLA GOT HAM HEL IAD IST JED JTR KBP KEF KRK KWI LCA LCG LCY LGW LHR LIL LIS LPL LRH LTN LTT LUX LYS MAD MAN MRU MUC NCE NCL OLB OPO ORK ORY OSL OTP PEK PRG PRN PVG RAK RHO RIX RMO RNS RTM RUH SAW SEN STN TFS TIV TLL TLV TUN VIE VLC WAW YUL ZTH","55"
"GVR","1","CNF","1"
"GWL","4","AMD BLR BOM DEL","3"
"GWT","8","DUS FRA LUX MHG MUC STR VIE ZRH","6"
"GXF","3","ADE CAI JED","1"
"GXH","3","LXA TFU XIY","1"
"GYA","2","TDD VVI","1"
"GYB","3","BNE KYB PER","3"
"GYD","83","ADB ALA AMM ATH AUH AYT BAH BCN BEG BER BGW BJV BOM BSZ BUD BUS CAN CDG CEK CIT COV DEL DLM DME DMM DOH DXB DYU EBL ESB FCO FRA FZL GUW GVA IKA ISB IST ISU JED KBP KHI KJA KWI LED LHE LHR LWO MCT MED MLE MSQ MXP NAJ NJC NQZ OVB PEE PEK PRG REN RMO RUH SAW SCO SGC SHJ SKD SSH SVO SVX TAS TBS TBZ TGD TIV TJM TLV TZX URC VIE VKO WAW","44"
"GYE","17","AMS BOG CUE EZE FLL GPS JFK LIM MAD MIA PTY PUJ SAL SCL SCY SJO UIO","15"
"GYL","0","","0"
"GYM","2","GUB LTO","1"
"GYN","11","BSB CGB CGH CNF GIG GRU MCZ PMW REC SSA VCP","3"
"GYS","16","CAN CGO CSX HAK HGH KMG KWE LXA NGB NKG PEK PVG SJW SZX TNA URC","8"
"GYU","7","CTU FOC INC PKX PVG SJW XIY","4"
"GYY","0","","0"
"GZG","1","TFU","1"
"GZM","0","","0"
"GZP","20","AAL AER ALA AMS ARN BEG BER CLJ CPH ESB GRQ HEL INI IST LEJ NQZ OSL OTP SAW VKO","15"
"GZT","18","ADB AYT BER BGW BSL CGN DUS EBL ECN ESB FRA HAJ IST MUC SAW STN STR ZRH","6"
"HAA","2","HFT TOS","1"
"HAC","1","HND","2"
"HAD","2","ARN PRN","2"
"HAH","6","ADD DAR DZA IST NBO RUN","7"
"HAJ","59","ADB AGP AJR ALC AMS ASR ATH AYT BCN BEG BEY BIA BJV BOJ BVC BZO CDG CFU COV CPH DIY DJE DLM DWC EBL FAO FNC FRA FUE GLA GPA HER HRG IBZ IST KGS KLU LCA LHR LPA MAH MIR MUC MXP NCE OLB PMI PRN RHO RMF SAW SKG SUF SZF TFS VAR VIE XRY ZRH","29"
"HAK","129","ACX AKA AKL ALA AUH BAV BKK BZX CAN CGD CGK CGO CGQ CIF CIH CKG CSX CTU CZX DLC DSN DXB DXJ DYG ENH FOC FUG GYS HAN HCZ HDG HET HFE HGH HIA HKG HLD HNY HRB HSC HUZ HYN HZA INC IQN JED JGS JIQ JIU JJN JUZ KCH KHN KIX KMG KOW KTI KUL KWE KWL LHR LHW LLF LNL LPQ LYA LYG LYI LZH MEL MIG NAO NGB NKG NNG NRT NTG PEK PEN PKX PUS PVG SGN SHA SHE SHS SIN SJW SUB SVO SWA SYD SZX TAO TFU TNA TPE TSN TVS TYN URC UYN VTE WDS WEF WGN WMT WNZ WUH WUX WXN XAI XFN XIC XIY XMN XNN XUZ YBP YCU YIH YIN YIW YNZ YYA ZHA ZQZ ZUH ZYI","46"
"HAM","103","ACE ADB AGP ALC AMM AMS ARN ASR ATH AYT BBU BCN BEG BGO BIO BRI BRU BSL BUD BZO CAG CDG CFU CGN CHQ CPH DLM DOH DUB DUS DXB EBL ESB EVN FAO FCO FLR FNC FRA FUE GDN GRZ GVA HEL HER HRG IBZ IST JMK KAO KEF KGS KLU KLX KUT LCA LGW LHR LIN LIS LPA LUX LWO LYS MAD MAN MIR MUC MXP NAP NCE NTE OSL OTP PMI RAK RHO RIX RMF RMO SAW SBZ SCN SKG SKP SOF SPC SZG TFS TGD TIA TLL TZL VAR VIE VLC VRN WAW XRY ZAD ZAG ZRH ZTH","46"
"HAN","75","ADD ALA AMD AMS AUH BKK BLR BMV BOM CAN CCU CGK CGO CKG CNX CSX DAD DEL DLI DLU DMK DOH DPS DXB DYG ENH FOC FSZ HFE HGH HIJ HKG HND HUI ICN IKT IST KHH KMG KTI LHR LHW LPQ MEL MNL MUC MXP NGO NRT PEK PKX PQC PVG PXU RGN RMQ SAI SGN SIN SVO SZX TAO TBB TFU TLV TNA TPE VCS VDH VII VTE VVO WUH XIY XMN","45"
"HAO","0","","0"
"HAQ","6","BLR COK DRV IFU MLE TRV","1"
"HAS","8","CAI DMM DOH DXB JED KWI RUH SHJ","9"
"HAU","8","AGP ALC BGO CHQ GDN LPA OSL PMI","4"
"HAV","23","BCA BOG CCC CCS CDG CUN GEO GER IST JBQ MAD MEX MIA MID MTY PEK POS PTY SCU SVO TPA VLN YYZ","20"
"HAY","2","BAQ BOG","1"
"HBA","10","ADL AKL BNE CBR MEL NTL OOL PER SYD YWKS","7"
"HBE","21","AMM ATH AUH BEN BGY CAI CMN DMM DOH DXB HRG IST JED KWI MED MJI MRA RUH SAW SHJ SSH","15"
"HBQ","1","XNN","1"
"HBX","6","BLR BOM DEL HYD NMI PNQ","2"
"HCJ","1","SZX","1"
"HCQ","4","BME BQW FIZ KNX","2"
"HCR","4","ANI ANV KGX SHX","1"
"HCZ","6","CKG HAK NKG PKX PVG XIY","4"
"HDF","6","FDH FRA KSF LUX MHG ZRH","5"
"HDG","14","CAN CKG CTU DLC HAK HGH HRB KMG NNG PVG SHE SYX XMN XNN","7"
"HDK","3","DRV IFU MLE","1"
"HDM","4","JED MED MHD THR","2"
"HDN","16","ATL BNA BOS DAL DEN DFW EWR FLL IAD IAH LAX MSP ORD SAN SEA SFO","8"
"HDO","10","AIP BLR BUP CCU LUH MAA MDA NDC NMI VNS","3"
"HDS","3","CPT GRJ JNB","3"
"HDY","10","BKK BTZ CNX DMK HHQ HKT KUL SIN SZB UTH","10"
"HEA","2","JED KBL","2"
"HEH","11","KET LIW LSH MDL MOG MYT NYT NYU RGN SNW THL","5"
"HEK","7","DQA DTU HRB LDS OHE PKX PVG","3"
"HEL","78","ACE AGP ALC ALF AMS AOK ARN ATH AYT BCN BER BGO BGY BKK BLL BOJ BRU BUD CDG CHQ CPH DBV DEL DOH DUB DUS DXB FAO FCO FLR FNC FRA GOT GVA GZP HKT HND HRG IST JFK JOE JYV KBV KEF KGS KTT LAX LGW LJU LPA LPI LUX MAD MIA MUC MXP ORB OSL PKX PMI POR PVG RHO RIX SAW SEA SKG SPU SVG SVL TIV TRD URE VAR VCE VIE WMI YYZ","22"
"HER","121","ALA AMS ANR ATH AXD AYT BCN BEG BER BES BFS BGY BHX BLQ BOD BOH BRE BRN BRQ BRS BRU BSL BTS CDG CFU CGN CLJ CPH CRL CTA CWL DEB DUB DUS EDI EIN EMA ERF EVN EXT FCO FDH FMM FMO FRA GLA GOT GRQ GRZ GVA GYD HAJ HAM HFA HRG IST JCL JED JMK JNX JSY JTR KBP KGS KLV KLX KSC KTW LBA LCA LEJ LGW LHR LIL LPL LTN LUX LYS MAN MJT MRS MST MUC MXP NAP NCL NTE NUE NWI OMR ORY OSL OSR OST OTP PAS PMO PRG PRN RHO RIX RLG RMO RTM SCV SKG SOF STN STR SXB SZG TIA TLL TLS TLV TSR VIE VOL VRN WAW ZRH","51"
"HES","0","","0"
"HET","63","AXF CAN CGO CGQ CIF CIH CKG CSX CTU DLC DSN ENY FOC HAK HFE HGH HIA HKG HLD HLH HRB HUO INC JJN JNG KHN KMG KWE LFQ LYA NKG NNG NZH NZL PEK PVG RLK SHA SHE SJW SYX SZX TAO TFU TGO TNA TSN UBN URC WDS WNZ WUA WUH WUX XFN XIL XIY XMN XUZ YCU YIE YNT ZUH","33"
"HFA","8","AOK ATH ETM HER JMK PFO RHO SOF","1"
"HFE","64","BAR BHY BKK CAN CGQ CKG CTU DAT DLC DMK DNH DSN DXJ HAK HAN HET HKG HRB HSN HTN ICN INC JHG JJN KIX KMG KOW KWE KWL LHW LJG LLV LXA LZH LZY MFM MIG NAO NNG PEK PKX SHE SJW SWA SYX SZX TAO TFU TSN TYN URC UYN VTE WEH WMT XIY XMN XNN YBP YCU YNT YSQ ZHA ZUH","27"
"HFN","1","RKV","1"
"HFS","2","ARN TYF","1"
"HFT","4","ALF BJF BVG VDS","1"
"HGA","10","ADD BBO BSA CAI DXB JED JIB MGQ NBO SHJ","7"
"HGD","4","ISA JCK RCM TSV","1"
"HGH","130","ACX AKA AKL AKU ALA AUH BAV BHY BKI BKK BWN CAI CAN CDE CGD CGK CGO CGQ CIF CIH CJU CKG CSX CTU DLC DLU DMK DNH DOH DQA DSN DXB DYG ENH FUO GYS HAK HAN HET HIA HKG HKT HNY HRB HUZ HXD HZG ICN INC IQN JGN JHG JIC JJN JMU JXA KHG KIX KMG KOW KRL KRY KUL KWE KWL LFQ LHW LIS LJG LNL LUM LXA LYI LZH LZO MAD MDG MEL MFM MIG MNL MXZ NAO NNG NRT PEK PKX PVG SGN SHE SHS SIN SJW SVO SWA SYD SYX SZX TAO TAS TFU TNH TPE TSN TVS TYN UCB URC UYN VTE WDS WEH WMT WUH XFN XIC XIY XMN XNN YBP YCU YIH YLX YNT ZAT ZHA ZHY ZQZ ZUH ZYI","54"
"HGI","5","BOM CCU DEL GAU TEI","2"
"HGN","0","","0"
"HGO","1","ABJ","1"
"HGR","2","PIE SFB","1"
"HGU","8","CNS GKA MXH POM TBG TFM UNG WWK","4"
"HHH","8","ATL BOS CLT DCA EWR LGA ORD PHL","3"
"HHQ","5","CNX HDY HKT SZB URT","3"
"HHR","3","CEC MCE MMH","1"
"HHZ","2","HOI PPT","1"
"HIA","28","CAN CGQ CSX DLC FOC FUO HAK HET HRB HSN JJN KHN KMG KWE KWL LHW LJG SHE SJW SWA SZX TFU TSN TYN URC WNZ XIY XMN","12"
"HIB","1","MSP","1"
"HID","15","ABM BDD CNC CNS DAU GIC KUG MYI NLF OKR POM SBR SYU UBB XMY","3"
"HII","0","","0"
"HIJ","13","CJJ CTS DLC HAN HKG HND ICN NRT OKA PEK PVG SDJ TPE","12"
"HIN","2","CJU GMP","3"
"HIR","21","AKL AKS ATD BNE BNY CHY EGM FRE IRA KGE LLM MUA NAN NNB POM RNA RNL SCZ SON VAO VLI","4"
"HJJ","8","HAK HGH KMG LJG NKG PKX SYX XIY","5"
"HJR","2","DEL VNS","2"
"HKB","1","FAI","1"
"HKD","8","CTS HND ICN ITM NGO OIR OKD TPE","9"
"HKG","89","ADD AKL AMS AUH BKI BKK BWN CDG CEB CGK CGQ CJU CKG CNS CNX CRK CTS DAD DAT DEL DLC DMK DOH DPS DSN DVO DXB FCO FOC FRA HAK HAN HEL HGH HKT HND HRB ICN ILO INC IST KHH KIX KTI KTM KUL KWL LAX LHR LXA MEL MLE MNL NAN NGB NRT OKA PEK PKX POM PQC PUS PVG ROR SFO SGN SHA SHE SIN SJW SVO SYD SYX SZB TAO TFU TNA TPE TSN TYN UBN URC USM WUH WUX XIY YCU YVR ZRH","78"
"HKK","1","CHC","1"
"HKMM","0","","0"
"HKN","3","LAE POM RAB","2"
"HKNV","2","MRE WIL","1"
"HKT","95","AER ALA ARN AUH BAX BKK BLR BOM BRQ BTS CAN CCU CDG CEI CEK CGO CNX COK CPH DEL DMK DOH DPS DXB FRA GOJ GOT HAN HDY HEL HGH HHQ HKG HTA HYD ICN IKA IKT IST JED KHV KJA KKC KMG KUL KZN LED LGW LHR MAA MAN MCT MEL MRV MSQ MXP NKG NOZ NQZ OMS OSL OSR OVB PEK PEN PER PVG RGN RMQ RUH SAI SGC SGN SHJ SIN SOF SVO SVX SYD SZX TAS TFU TLV TOF TPE UBN UFA USM UTH UTP VKO VVO WAW XIY ZRH","76"
"HLA","5","CPT DUR ELS GRJ PLZ","1"
"HLD","25","BAV CAN CGO CIF CKG CSX FOC HET HKG HLH JGD KMG NZL PEK PKX PVG SHA SHE SJW SZX TAO TGO TNA XIL XIY","18"
"HLE","3","ASI CPT JNB","1"
"HLH","15","BAV CAN CGQ CIF DSN HET HLD PEK PKX PVG SHE TGO WUH XIY YIE","7"
"HLN","3","DEN SEA SLC","3"
"HLP","10","BDO CJN DPS JBB JOG KTG MLG MWK PKU PXA","5"
"HLZ","8","CHC GIS NPE OOL SYD WHK WLG WRE","3"
"HMA","20","AER CEK EYK GSV IRM KZN LED MRV NJC NNM NYA OMS OVB SLY SUI SVO SVX UFA URJ VKO","5"
"HMB","13","AHB AJF AMM AUH CAI DOH ELQ GIZ JED KWI RUH SHJ TUU","9"
"HME","6","AAE ALG BJA CZL IAM ORN","2"
"HMI","21","AAT AKU CGO CKG CSX HTN JBK KCA KHG KRL KRY LHW LYA PEK PVG TFU TNA URC XIY XMN YIN","7"
"HMO","16","CJS CSW CUL CUN CUU GDL GUB LAP MEX MTY MXL NLU PHX SJD TIJ TRC","8"
"HMS","2","BDJ BPN","2"
"HMV","2","AJR LYC","1"
"HNA","6","CTS FUK ITM NKM TPE UKB","3"
"HND","95","AKJ AOJ ARN ASJ ATL AXT BKK BOM CAN CDG CGK CPH CTS DAD DEL DFW DOH DTW DXB EWR FCO FRA FUK GAJ GMP GUM HAC HAN HEL HIJ HKD HKG HNL IAD ICN ISG IST ITM IWJ IWK IZO JFK KCZ KIX KKJ KMI KMJ KMQ KOJ KUH KUL LAX LHR MBE MMB MMY MNL MSJ MSP MUC MXP MYJ NGO NGS NTQ OBO OIT OKA OKJ ONJ ORD PEK PKX PVG SEA SFO SGN SHA SHB SHI SHM SIN SYD SYO TAK TAO TKS TPE TSA TSN UBJ UKB WKJ YGJ YYZ","47"
"HNH","1","JNU","1"
"HNL","59","AKL ANC APW ATL BOS BUR CXI DEN DFW DTW EWR GUM HND IAD IAH ICN ITO JFK JHM KIX KOA KSA KWA LAS LAX LGB LIH LNY LUP MAJ MKK MNL MSP NAN NGO NRT OAK OGG ONT ORD PAE PDX PHX PNI PPG PPT RAR SAN SEA SFO SJC SLC SMF SYD TKK YEG YVR YYC YYZ","19"
"HNS","2","JNU SGY","1"
"HNY","22","CKG FOC HAK HGH JHG JJN KMG LHW LJG NKG PEK PVG SHA SWA SYX TAO TFU TNA TSN WNZ XIY XMN","10"
"HOB","3","DAL DEN IAH","2"
"HOF","3","DXB JED MED","4"
"HOG","5","MIA YHZ YQB YUL YYZ","3"
"HOI","2","GMR PPT","1"
"HOK","0","","0"
"HOM","4","ANC KEB PGM SOV","2"
"HOR","5","CVU FLW LIS PDL TER","2"
"HOT","3","DFW HRO MEM","1"
"HOU","24","ABQ ATL AVL BWI COS DAL DCA DFW DSM GUF HVN JAN LAX LBB MEM MIA MSP OMA PUJ PVR PVU SMF TUS TYS","7"
"HOV","4","BGO OSL SDN SOG","1"
"HPA","1","TBU","1"
"HPB","3","BET SCM VAK","2"
"HPG","1","CAN","1"
"HPN","22","ACK ATL BDA CHS CLT DCA FLL FXE JAX LEB MCO MIA MVY MYR OPF ORD PBI PVC RDU RSW SAV SRQ","8"
"HQL","2","KHG URC","1"
"HQQ","6","CAN HRB SHE SYX SZX TFU","3"
"HRB","106","AQG BAR BAV BHY BQS CAN CGO CKG CSX CTU CZX DAT DLC DMK DOY DQA DSN FOC FUG FYJ HAK HDG HEK HET HFE HGH HKG HQQ HSN HUZ HZA ICN IKT INC JGD JJN JMU JNG JSJ JXA KHN KHV KIX KJA KMG KOW KUL KWE KWL LDS LHW LLV LYA LYG LYI LZH NGB NKG NNG NNY NRT NTG OHE PEK PKX PVG SHA SIN SJW SVX SWA SYX SZH SZX TAO TFU TNA TNH TSN TVS TXN TYN UBN UUS UYN VVO WEF WEH WNZ WUH WUS WUT WUX XFN XIL XIY XMN XUZ YCU YIH YKS YNT YNZ YTY ZUH ZYI","46"
"HRE","18","ADD AUH BUQ CPT DAR DOH DUR DXB EBB GBE JNB KGL LAD LLW LUN NBO SHO VFA","19"
"HRF","3","DRV HAQ MLE","2"
"HRG","102","AER ALA ALG AMM AMS ARN ASW BBU BEG BER BFS BHX BNX BOD BRQ BRS BRU BSL BTS BUD CAI CDG CEK CGN CLJ CPH CWL DEB DME DRS DUS EDI EIN EMA ERF EVN FCO FRA GDN GLA GOJ GOT GRQ GSV GVA HAJ HAM HEL IAS INI IST JED KRR KTW KWI KZN LBA LED LGW LTN LUX LYS MAN MRS MSQ MST MUC MXP NAP NCL NQZ NTE ORY OSL OSR OST OTP PAD PEE POZ PRG RIX RMO RUH SAW SOF STN STR SVO SVX TAS TLL TSR UFA UWWW VIE VKO VLC VOG WAW WRO ZRH","57"
"HRI","12","ALA BTC CMB GIU KCT MRV MSQ RML SOF TAS TJM UWWW","7"
"HRK","20","ASR AYT BCN BJV BOJ BTS BUS CFU DLM IST KBP LCA PRG RMI SAW SSH TIA TIV TLV WAW","6"
"HRL","7","AUS CUN DAL DFW HOU IAH MSP","5"
"HRO","3","DFW HOT MEM","1"
"HSA","10","AKX ALA BHK IST KSN KWI NQZ SCO SKD TDK","6"
"HSC","6","HAK PKX PVG SWA TFU XIY","4"
"HSF","2","DLC PEK","1"
"HSG","4","HND ICN PVG TPE","4"
"HSL","5","FAI GAL HUS RBY TAL","2"
"HSN","34","AQG CGO CGQ CKG CSX DLC DZH FOC FUG FUO HFE HKG HRB JJN JUH KHN KMG LYI NNG PKX SHE SWA SZX TAO TFU TNA TSN WNZ WUH XMN XUZ YNT YNZ YTY","18"
"HSR","6","BLR BOM DEL HYD NMI PNQ","2"
"HSS","2","AYJ JAI","1"
"HSV","18","ATL CLT DCA DEN DFW DTW FLL GUF IAD IAH LAS LGA MCO MIA ORD PIE SFB TPA","7"
"HSYE","2","EBB RUA","1"
"HTA","17","ABA BAX CXR CZR DME HKT HLD IKT KHV KJA OVB PEK SVX UIAE UUS VVO YKS","10"
"HTG","1","KJA","1"
"HTI","3","BNE MEL SYD","3"
"HTMR","0","","0"
"HTN","20","AKU CAN CGO CKG CSX FOC HFE IQM KCA KHG KRL LHW PEK RQA SHF TFU TLQ TSN URC XIY","11"
"HTO","1","NYS","1"
"HTS","7","CLT FLL MYR PGD PIE SFB VPS","2"
"HTT","3","DNH HXD XNN","1"
"HTY","5","ECN ESB IST RUH SAW","4"
"HUGG","1","EBB","1"
"HUH","4","BOB MOZ PPT RFP","2"
"HUI","3","DAD HAN SGN","4"
"HUKD","1","EBB","1"
"HUMW","1","EBB","1"
"HUN","4","ICN KHH RMQ TSA","3"
"HUO","5","CIF HET PEK SHE TNA","3"
"HUS","5","AET BTT FAI HSL TAL","1"
"HUU","3","LIM PCL TPP","2"
"HUX","13","DFW GDL GUA MEX MTY NLU OAX PBC YEG YVR YWG YYC YYZ","11"
"HUY","2","AMS PMI","2"
"HUZ","26","ACX CGD CGO CKG DXJ HAK HGH HRB INC KMG KWE NAO NGB NKG PEK PKX PVG SHE TFU TNA WMT WUH WUX XIY YIH YNZ","12"
"HVB","3","BNE MEL SYD","4"
"HVD","1","UBN","1"
"HVG","5","HFT KKN MEH TOS VDS","1"
"HVN","25","ATL BNA BWI CHS CLE DFW DTW EYW ILM IND JAX LAL MCO MYR ORD ORF PBI RDU RIC RSW SJU SRQ TPA USA VRB","2"
"HVR","1","BIL","1"
"HWN","0","","0"
"HWR","1","DEL","1"
"HXD","3","HGH HTT XNN","2"
"HYA","6","ACK BOS DCA JFK MVY ORD","4"
"HYD","81","ADD AGR AMS ATQ AUH AYJ BAH BBI BDQ BKK BLR BOM CDP CMB CNN DBR DED DEL DMK DMM DOH DXB FRA GAU GDB GOI GOP GOX HAN HBX HKG HKT HSR ISK IXA IXB IXC IXE IXG IXR IXU IXZ JAI JED JLG JRG KLH KNU KUL KWI LHR MAA MCT MED NAG NDC NMI PAT PNQ PNY RJA RKT RPR RQY RUH SAG SDW SGN SHJ SIN SSE STV SXR TIR TRV TRZ UDR VDY VGA VNS VTZ","33"
"HYG","1","WFB","1"
"HYL","1","WFB","2"
"HYN","26","CAN CGQ CKG CSX CTU ENH FUO HAK HRB KMG KWE NNG PEK PKX SHS SJW SWA SYX SZX TFU TNA TSN WUH XUZ YBP ZUH","14"
"HYS","1","DEN","1"
"HZA","14","CAN CGQ CKG CSX DLC HAK HGH HRB JJN KWE PVG SZX TFU WUH","5"
"HZG","15","CAN HGH INC KMG KWE NKG NTG PEK PKX PVG SZX URC UYN WNZ XMN","9"
"IAA","5","KCY KJA NSK SES THX","4"
"IAD","142","ABQ ADD ALB AMM AMS ANC ATL AUA AUH AUS AVL BCN BFD BGI BNA BOG BOS BRU BTV BUF BZN CAI CDG CHO CHS CKB CLE CLT CMH CMN CPH CPT CUN CVG DEN DFW DGAA DOH DTW DUB DXB EDI EGE FCO FLL FRA GCM GSO GSP GUA GVA HDN HND HNL IAH ICN IND IPT IST ITH JAX JED JFK JST KEF LAS LAX LFW LGA LHR LIS LNS LOS LYH MAD MCI MCN MCO MEX MGW MHT MIA MOB MSP MSY MUC MYR NAS OGS ORF PBG PDX PEK PGD PHL PHX PIT PLS PSP PTY PVD PVU PWM RDU RIC ROA ROC RSW RUH SAL SAN SAT SAV SBN SCE SDF SEA SFO SJO SJU SLC SMF SRQ STL STT SXM SYR TLV TPA TPE VCE VIE VPS VRB VVI YOW YTZ YUL YVR YYC YYZ ZRH","53"
"IAG","3","MYR PIE SFB","1"
"IAH","81","ABI ABQ AGU AKL AMA AMS ATL AUS BJX BOS BWI BZE CDG CLE CLT CUN CVG DCA DEN DFW DOH DSM DTW DXB ECP ELP EWR FCO FLL FRA FTW GCM GDL GEO GRR GUA HND HNL ICT IST JAX JFK LAX LGA LHR MCO MDE MEX MIA MLM MSP MSY MTY NRT ORD ORF PBC PBI PDX PHL PHX QRO RAP RDU SAL SAP SAT SEA SJO SLC SLP SRQ SYD TPE TUS VER XPL YUL YVR YYC YYZ","29"
"IAM","4","ALG HME OGX ORN","1"
"IAN","2","ORV OTZ","1"
"IAO","3","CEB CRK DVO","3"
"IAQ","3","IFN SYZ THR","1"
"IAR","7","AER KZN LED NNM PEE UWWW VKO","4"
"IAS","21","BCN BGY BSL BVA CRL DUB DXB FCO HER HRG LCA OTP PRG PSR RHO SAW SKG SSH TRN VIE VLC","10"
"IAX","2","MNA NAH","1"
"IBA","1","ABV","1"
"IBE","2","BOG EOH","3"
"IBR","4","CJJ CTS FUK UKB","2"
"IBZ","77","ALC AMS ANR ARN ATH BCN BER BFS BGY BHX BIO BLQ BOD BOH BRS BRU BTS BZO CDG CGN CPH CWL DUB DUS EDFH EDI EIN EMA EXT FCO FRA GLA GVA HAJ HAM LBA LCY LEN LGW LHR LIN LIS LPL LTN LUX LYS MAD MAH MAN MUC MXP NAP NCE NCL NRN NTE NWI OPO ORY OSL OST OTP OVD PMI RTM SDR STN STR SVQ SZG TLS TLV TSF VIE VLC VRN ZRH","38"
"ICC","0","","0"
"ICI","1","SUV","1"
"ICN","169","ADD AKL ALA AMS AOJ ASB ATH ATL AUH BCN BKI BKK BNE BOS BSZ BTH BUD BWN CAN CDG CEB CGK CGO CGQ CIT CJU CKG CMB CNX CPH CRK CSX CTS CXR DAC DAD DEL DFW DLC DLI DMK DOH DPS DSN DTW DXB DYG ENH EWR FCO FOC FRA FSZ FUK GUM HAK HAN HEL HFE HGH HIJ HKG HKT HND HNL HRB HSG HUN IAD IBR ISG IST JFK JMU KHH KIJ KIX KKJ KLO KMG KMI KMJ KMQ KOJ KTI KTM KUL KWE KWL LAS LAX LHR LIS MAD MDC MDG MEL MEX MFM MNL MSP MUC MXP MYJ NGO NGS NKG NQZ NRT OBO OIT OKA OKJ ORD PEK PKX PQC PRG PUS PVG RGN RMQ SAI SDJ SEA SFO SGN SHI SIN SJW SLC SPN SYD SYX SZX TAE TAG TAK TAO TAS TFU TKS TNA TPE TSN TXN UBN UKB VIE VTE WAW WEH WNZ WRO WUH WUX XIY XMN YGJ YNJ YNT YNZ YTY YUL YVR YYC YYZ ZAG ZRH","86"
"ICT","16","ATL AZA DCA DEN DFW IAH LAS MDW MIA MSP ORD PHX PIE SEA SFB VPS","9"
"IDA","11","AZA DEN DFW LAS LAX OAK ORD PDX PHX SEA SLC","6"
"IDR","17","AMD BLR BOM CCU DEL GDB GOI HYD IXC IXJ JAI JLG MAA PNQ RPR SHJ UDR","5"
"IEG","3","AYT LWO WAW","2"
"IEV","3","DLM LWO WAW","3"
"IFJ","1","RKV","1"
"IFN","31","ABD AKW AWZ BGW BND DOH DXB GSM IAQ IST JED KER KHK KIH KWI LVP MCT MED MHD MRX NJF PGU RAS SAW SRY SXI SYZ TBZ THR ZAH ZBR","28"
"IFO","1","KBP","1"
"IFP","0","","0"
"IFU","2","HAQ MLE","1"
"IGA","2","MYG NAS","1"
"IGD","3","ESB IST SAW","3"
"IGG","3","AKN DLG KLL","1"
"IGR","9","AEP COR EZE JUJ LIM RES ROS SLA TUC","3"
"IGT","2","AER SVO","2"
"IGU","10","BSB CGH CNF CWB FOR GIG GRU REC SCL VCP","4"
"IIA","2","INQ IOR","1"
"IIL","2","MHD THR","6"
"IJK","11","AER DME IKT KGD LED MCX MRV OVB SGC SVO SVX","5"
"IKA","35","ADB ALA BGW BOM BUS CAN DOH DXB DYU ESB EVN FRA GRV GYD HKT ISB IST ISU JED KBL KUL KWI LHE MCT MED MZR NJF PKX SAW SHJ SVO TAS TBS URC VIE","30"
"IKE","2","SAE UMD","1"
"IKG","2","BSZ OSS","2"
"IKI","1","NGS","1"
"IKO","1","DUT","1"
"IKS","2","VKO YKS","2"
"IKT","55","ABA AER ALA AZN BKK BQS BTK CAN CXR CZR DME DYU FEG HAN HKT HRB HTA IJK KHV KJA KLO KZN LED MJZ NER NMA NOZ NZH ODO OLZ OMS OSS OVB PEK PKC PKX PVG PYJ RGK SVO SVX SYX TAS TLK TOF UBN UFA UIKM UITK UKX ULK UTP UUD VVO YKS","22"
"IKU","5","ALA OSS OVB SVO TAS","8"
"ILG","4","FLL MCO MYR RSW","1"
"ILI","5","ANC KNK NNL PDB PTA","1"
"ILM","21","ATL BDL BNA BOS BWI CAK CLT DEN DFW EWR FLL HVN ILG ISP LGA MCO MSP ORD PVD ROC TPA","9"
"ILO","12","CEB CGY DGT DMK DRP DVO HKG MNL SIN TAC TAG ZAM","5"
"ILP","2","GEA NOU","1"
"ILR","2","ABV LOS","3"
"ILU","2","ASV WIL","1"
"ILY","1","GLA","1"
"IMF","13","AJL BLR BOM CCU DEL DMU GAU IXA IXB IXS MDL SHL TEI","5"
"IMK","2","KEP SKH","4"
"IMP","4","BSB CNF GRU SLZ","2"
"IMT","0","","0"
"INB","9","BZE CUK CYC CZH DGA PLJ PND SPR TZA","2"
"INC","59","AKU CAN CGO CKG CSX CTU CZX DLC DSN DXB ENH ENY FOC GYU HAK HET HFE HGH HKG HRB HUZ HZG JBK JGN JJN KHN KMG KRY KUL KWE KWL LJG LZO NKG PEK PKX PVG SHA SJW SWA SYX SZX TAO TFU TNA TSN TVS TYN URC UYN WNZ WUH XMN XNN XUZ YIH YNT YTY ZHA","24"
"IND","37","ATL AUS BOS BUR CHS CLT CUN DAL DCA DEN DFW DTW DUB ECP EWR FLL HVN IAD IAH LAS LAX MCO MIA MSP MYR ORD PHL PHX PUJ RSW SAV SEA SFO SLC USA VPS YYZ","15"
"INF","1","TMR","1"
"INH","2","MPM VNX","1"
"INI","15","ARN BEG BSL CGN DTM EDFH FMM IST LJU MIR MLA STR TIV VIE ZRH","4"
"INL","1","MSP","1"
"INN","33","AMS ARN ATH BHX BLL BRS BRU CAG CLY CPH EDI EIN FRA HAM HER KEF KGS KLX LCY LGW LHR LTN MAD MAN NCL PMI PVK RHO RIX RTM SUF VIE WAW","17"
"INQ","2","IIA IOR","1"
"INU","6","BNE MAJ NAN ROR SUV TRW","1"
"INV","14","AMS BHD BHX BRS DUB KOI LGW LHR LPA LSI LTN MAN PMI SYY","7"
"INZ","3","ALG HME TMR","2"
"IOA","8","AAL ARN ATH BLL CPH GOT OSL SVG","3"
"IOM","15","AGP BHX BRS DUB EDI FAO IBZ LGW LHR LPL LTN MAN NQY PMI TFS","5"
"ION","1","BZV","1"
"IOQ","1","AGM","1"
"IOR","2","IIA INQ","1"
"IOS","5","CGH CNF GRU SSA VCP","3"
"IOT","2","JUU UMD","1"
"IPH","2","JHB SIN","3"
"IPI","2","BOG CLO","2"
"IPL","2","LAX PHX","1"
"IPN","1","CNF","1"
"IPT","1","IAD","1"
"IQM","5","HTN KCA KRL RQA TLQ","2"
"IQN","10","CKG DNH HAK HGH KWE LHW PKX PVG SZX TSN","8"
"IQQ","7","ANF ARI ASU CCP LPB LSC SCL","5"
"IQR","1","CEB","1"
"IQT","8","CIX LIM PCL SPBC SPEE SPGP TDP TPP","4"
"IRA","1","HIR","1"
"IRC","2","CEM FAI","1"
"IRG","3","AUU CNS WEI","1"
"IRI","2","DAR DOD","3"
"IRJ","2","AEP CTC","1"
"IRK","1","ORD","1"
"IRM","2","HMA TJM","1"
"IRP","7","BKY BNC BUX FBM FKI FMI GOM","1"
"IRZ","2","MAO TFF","1"
"ISA","19","BEU BNE BQL BUC BVI CNJ CNS CTL DMD HGD JCK KRB NTN ONG RCM TSV ULP WNR WTB","5"
"ISB","42","AAN AUH BAH BGW BKK BSZ CAN CDG CJL DMM DOH DXB DYU ELQ GIL GYD IKA IST JED KBL KDU KHG KHI KUL KWI LGW LHE LHR MAN MCT MED NJF PEK PKX RKT RUH SHJ SKZ TAS UET URC YYZ","31"
"ISC","4","EXT LEQ NQY PZE","2"
"ISE","1","IST","1"
"ISG","11","FUK HKG HND ICN KIX MMY NGO NRT OGN OKA TPE","11"
"ISK","5","AMD BLR DEL GOI HYD","1"
"ISP","14","BOS BWI CHS FLL ILM MCO MYR ORF PBI RIC RSW TPA USA VRB","6"
"IST","225","ABJ ABV ADB ADD ADF AER AGP AHB AJI AKX ALA ALG ALP AMM AMS ASB ATH ATL AUH AWZ AZN BAH BCN BEG BEN BEY BGW BJV BKK BLQ BOD BOG BOM BUD CAI CAN CCS CDG CEK CGK CIT CLJ CMN COO COV CPH CPT CRA CTA CUN DAC DAM DAR DEL DFW DGAA DIY DLA DLM DME DMM DNZ DOH DPS DSS DUB DUR DUS DXB DYU EBL EDI EDO EVN EZS FRA GDN GOJ GRU GRV GUW GYD HAH HBE HER HKT HND HRK HSA IAS ICN IFN IKA INI ISB ISE JED JIB JMK JTR KBL KBP KCM KEF KGF KHE KHI KIK KIX KLF KRK KRR KRT KSQ KSY KTI KVO KWI KZN KZR LAX LBD LED LGW LHR LTN LUN LUX LWO LYS MAD MBA MCT MCX MED MEL MEX MGQ MIA MJI MLA MLX MPL MRA MRU MRV MSQ MUC MXP MZH MZR NBC NBJ NMA NQZ NRT NSI NTE OGU OGZ OHD ONQ OPO ORD ORN ORY OSL OTP OUA OVB PEK PKX PMO PNR PRG PRN PTY PVG PZU RBA RHO RIX RMO ROB RUH RVN SCO SEZ SHJ SIN SJJ SKD SKG SPU SSH SVO SVX SXB SYD SYZ TAS TBZ TFU TGD TIA TIF TIV TJK TJM TNG TRN TSR TUN UBN UFA URC UWWW VKO XIY YKO YUL YYZ ZAG ZIA ZNZ","103"
"ISU","11","AMM BEY BGW BSR CAI DOH DUS DXB IKA IST SAW","9"
"ITB","1","MAO","1"
"ITH","2","IAD JFK","2"
"ITM","28","AOJ ASJ AXT CTS FKS FUK GAJ HKD HNA HND IZO KCZ KIJ KMI KMJ KOJ KUM MMJ MSJ MYJ NGS NRT OIT OKA OKI SDJ TJH TNE","7"
"ITO","3","HNL LAS OGG","2"
"ITU","2","UUS VVO","1"
"IUE","1","AKL","1"
"IUI","2","JUV TQA","1"
"IUP","2","MAO MNX","1"
"IVC","3","AKL CHC SZS","2"
"IVL","9","AMS DUS FRA HEL KKN LGW ORY VIE ZRH","9"
"IVR","2","BNE SYD","1"
"IWA","5","AER KGD LED MCX MRV","3"
"IWD","2","MSP ORD","1"
"IWJ","2","HND ITM","1"
"IWK","2","HND OKA","2"
"IXA","11","AMD BLR CCU DEL DIB GAU HYD IMF IXB IXS MAA","3"
"IXB","14","AMD BKK BLR BOM CCU DEL DIB GAU HYD IMF IXA MAA PBH PNQ","5"
"IXC","18","AMD AUH BLR BOM CCU DEL DHM DXB HSS IXJ IXL JAI LKO MAA NMI PAT PNQ SXR","4"
"IXD","7","BBI BLR BOM DEL HYD PAB RPR","3"
"IXE","14","AUH BAH BLR BOM DEL DMM DXB HYD JED KWI MAA MCT NMI TRV","2"
"IXG","5","BLR BOM DEL HYD NMI","2"
"IXI","4","CCU GAU SHL TEZ","1"
"IXJ","13","AMD BLR BOM CCU DEL HDO HYD IDR IXC IXL MAA NMI SXR","5"
"IXK","3","AMD BOM DIU","1"
"IXL","5","BOM DEL IXC IXJ SXR","3"
"IXM","7","AUH BLR BOM CMB DEL DXB MAA","4"
"IXP","2","DEL JAI","1"
"IXR","11","AMD BBI BLR BOM CCU DEL HYD LKO MAA PAT PNQ","2"
"IXS","3","AJL CCU IMF","1"
"IXT","2","GAU HGI","1"
"IXU","5","BLR BOM DEL GOX HYD","2"
"IXW","2","BBI CCU","1"
"IXX","1","BLR","1"
"IXZ","6","BLR CCU DEL HYD MAA VTZ","4"
"IZA","3","CGH GRU VCP","3"
"IZO","7","FSZ FUK HND ITM NGO NKM OKI","4"
"IZT","2","NLU OAX","3"
"JAC","14","CLT DEN DFW IAD IAH JFK LAX MSP ORD PDX SAN SEA SFO SLC","7"
"JAE","1","LIM","1"
"JAF","3","MAA RML TRZ","4"
"JAI","29","AMD AUH BEK BHO BLR BOM CCU DEL DMK DXB GAU GOX HYD IDR IXD IXG IXP JDH JSA KUU LKO MCT NMI PGH PNQ SHJ STV UDR VNS","10"
"JAN","6","ATL CLT DFW HOU IAH MCO","5"
"JAU","1","LIM","2"
"JAV","8","BGIL CPH JEG JGO JQA KEF NAQ PQT","2"
"JAW","1","REC","1"
"JAX","39","ATL AUS BDL BNA BOS BWI CAK CLT CMH DAL DCA DEN DFW DSM DTW EWR FLL HOU HPN HVN IAD IAH IND JFK LAS LGA MDT MDW MIA MSP MSY ORD ORF PHL PHX RDU SJU STL YYZ","14"
"JBB","2","DPS HLP","2"
"JBD","1","BSZ","2"
"JBK","11","AKU CGO CSX FOC HMI INC KHG LHW PKX XIY YIN","3"
"JBQ","8","AUA BAQ BON CTG CUR HAV SCU SXM","1"
"JBR","2","BNA STL","1"
"JCH","5","BGIL JAV JEG JGO QJI","2"
"JCK","4","HGD ISA RCM TSV","1"
"JCL","7","AYT BOJ HER HRG MIR PMI RHO","5"
"JDH","8","AMD BLR BOM DEL HYD IDR JAI PNQ","3"
"JDO","4","FOR GRU REC VCP","3"
"JDZ","9","CAN KMG PEK PKX SHA SZX TAO TFU XMN","3"
"JED","94","AAN ADD AGP AHB ALA ALP AMD ASM ATH ATZ AUH BAH BCN BER BHH BHK BJV BLR BOM BRU BSZ BTJ BUD BUS CAI CCE CCJ CGK CGN CNN COK COV DAC DAM DBB DEL DHX DMM DOH DWC DXB DYU EBB ELQ FCO FEG GYD HBE HEA HMB HOF HYD IST IXE JIB KBL KHT KRT LAX LGW LHR LKO LXR MCX MRV MXP MZR NMA OHS OSS PEN PKX PRN PZU RKT RZV SAW SCT SHJ SIN SKD SPX STR SZG TAS TRZ TZX UPG VCE VIE VKO YIA YNB ZRH","38"
"JEG","9","BGKA GOH JAV JCH JGO QCU QGQ QJE QMK","1"
"JEJ","3","KWA MAJ MJE","1"
"JFK","188","ABJ ABQ ACK ADD AKL AMM AMS ANU ARN ATH ATL AUA AUH AUS BAH BCN BDA BDL BEG BER BGI BGR BNA BOG BOM BOS BQN BRU BTV BUF BUR BZE BZN CAI CAN CDG CHS CLE CLT CMH CMN CPH CTA CTG CUN CUR CVG DAB DCA DEL DEN DFW DOH DSS DTW DUB DXB EDI EGE EZE FCO FLL FOC FRA GCM GEO GIG GND GRU GUA GVA GYE HEL HKG HND HNL HYA IAD IAH ICN IND IST ITH JAC JAX JED KBP KEF KIN KWI LAS LAX LGW LHR LIM LIR LIS LOS MAD MAN MBJ MCI MCO MDE MEM MEX MIA MKE MLA MNL MSP MSY MTY MUC MVY MXP NAS NBO NCE OLB ONT OPO ORD ORF OSL OTP PBI PDL PDX PEK PHX PIT PLS PMO POS PRG PSP PTY PUJ PVD PVG PVR PWM RDU RIC RNO ROC RSW RUH SAL SAN SAP SAV SCL SEA SFO SIN SJD SJO SJU SKB SLC SLK SNA SNN SRQ STL STT SVD SXM SYD SYR TAB TAS TLV TPE UIO UVF VCE VIE VRB WAW YQB YUL YVR YYC YYZ ZRH","82"
"JFR","2","GOH JJU","1"
"JGA","4","AMD BOM NMI STV","3"
"JGB","5","DEL HYD JLR PAB RPR","2"
"JGD","6","DLC HLD HRB OHE PKX PVG","3"
"JGN","18","CAN CGO CKG DNH HGH INC JUZ KMG KRL LHW NKG PKX PVG SHA TFU URC WUH XIY","7"
"JGO","3","JAV JCH JEG","1"
"JGS","11","CKG HAK KMG NGB PEK PVG SHA TFU XIY XMN ZUH","6"
"JHB","20","AOR BKI CAN CGK DMK IPH JED KBR KCH KMG KUL LGK MED MYY PEN SBW SGN SUB SZB TWU","6"
"JHG","47","CAN CGO CGQ CKG CNX CSX CTU DLU FOC HGH HNY JJN KHN KMG KWE KWL LHW LJG LUM NGB NKG NNG NTG PEK PKX PVG SGN SHA SHE SJW SZX TAO TFU TNA TSN TYN VTE WDS WNZ WUH WUX XIY XMN XUZ YIH YTY ZYI","28"
"JHM","1","HNL","1"
"JHS","3","GOH JAV SFJ","1"
"JIA","2","AIR CGB","1"
"JIB","12","ADD ADE BSA CAI CDG DIR DOH DXB HGA IST JED MGQ","10"
"JIC","10","CAN CKG DNH HGH LHW PKX PVG URC WUH XIY","6"
"JIJ","2","ADD GDE","1"
"JIK","3","ATH LXS SKG","2"
"JIN","1","EBB","2"
"JIO","1","AMQ","1"
"JIQ","2","KMG PVG","1"
"JIU","6","HAK NGB PEK SZX TFU XIY","4"
"JJD","3","BSB CNF GRU","3"
"JJG","1","GRU","1"
"JJM","1","WIL","1"
"JJN","66","AKA CAN CEB CGO CGQ CKG CSX CTU CZX DLC DXJ DZH HAK HET HFE HGH HIA HKG HNY HRB HSN JHG JUH KHN KMG KTI KUL KWE KWL LHW LYG MIG MNL NKG NNG NTG PEK PKX PVG SHA SHE SJW TAO TFU TNA TSN TYN URC WDS WEH WHA WMT WUH WUX WXN XIY XNN XUZ YBP YCU YIH YNZ YTY YYA ZHA ZUH","32"
"JJU","7","JFR JNN JNS KEF LLU QUW UAK","2"
"JKG","0","","3"
"JKH","6","ATH LXS MJT RHO SKG SMI","3"
"JKL","5","ATH JTY KGS LRS RHO","1"
"JKR","2","KTM PHH","3"
"JLG","7","AMD BOM DEL GOX HYD IDR PNQ","2"
"JLN","2","DEN ORD","1"
"JLR","7","BLR BOM DEL HYD IDR JGB PAB","2"
"JMA","1","CNF","1"
"JMJ","3","KMG KWE LUM","3"
"JMK","43","AMS ATH AUH BAH BCN BEG BEY BLQ BRU BUD CDG DOH DUS DXB FCO FRA GVA HER HFA IST KWI LGW LHR LTN LUX LYS MAD MUC MXP NAP NCE ORY OTP PFO RHO RUH SKG STR TLV VCE VIE VRN ZRH","34"
"JMO","1","PKR","3"
"JMS","1","DEN","1"
"JMU","14","CAN DLC FYJ HGH HRB KHV NKG PEK PKX PVG SZX TAO TNA YNT","8"
"JNB","72","ABJ ADD ALG AMS APL ATL AUH BBK BEW BFN BLZ BUQ BZV CAI CDG CPT DAR DLA DOH DUR DXB EBB ELS EWR FBM FIH FRA FRW GBE GRJ GRU HDS HKG HRE IST KGL LBV LFW LHR LLW LOS LUN LVI MAD MNC MPM MQP MRU MUB MUC NBJ NBO NLA NOS PEK PER PLZ POL RUN SEZ SHO SIN SYD SZK SZX TET TNR VFA VNX WDH ZNZ ZRH","48"
"JNG","19","CAN CKG CSX FOC HET HRB HSN JUZ KHN KMG KWE KWL SHE SYX SZX TFU UYN WXN YNT","6"
"JNH","2","PKX XIY","1"
"JNN","6","JJU LLU QFN QUV QUW XEQ","2"
"JNS","1","JJU","1"
"JNU","10","ANC CYM EXI FNR GST KTN PSG SEA SIT YAK","3"
"JNX","3","ATH HER SKG","3"
"JNZ","7","CZX FOC KHN PVG SZX TFU WUH","3"
"JOE","1","HEL","1"
"JOG","3","BDO HLP KWB","3"
"JOI","4","BPS CGH GRU VCP","3"
"JOK","2","LED VKO","1"
"JOL","2","CBO ZAM","2"
"JOS","2","ABV LOS","3"
"JPA","12","BSB CGH CNF EZE GIG GRU RAO REC SJP SSA UDI VCP","3"
"JPE","1","BEL","1"
"JPO","1","REC","1"
"JPR","3","CGB PVH VCP","2"
"JQA","2","JAV UMD","1"
"JQE","0","","0"
"JRG","6","BBI BLR CCU DEL HYD NMI","2"
"JRH","3","BLR CCU DEL","1"
"JRJ","3","PKX PVG ZYI","3"
"JRO","9","ADD BRU CDG DOH DXB EBB IST MXP NBO","10"
"JRT","6","ITB MTE OBI ORX STM TMT","1"
"JSA","5","AMD BLR BOM DEL JAI","4"
"JSH","6","AOK ATH AXD KSJ PVK RHO","2"
"JSI","38","AMS ARN ATH BEG BGY BHX BRI BRS BSL BTS BUD CPH EDI EMA FCO FRA GOT KLU LBA LCA LCY LGW LTN MAN MUC MXP NAP NCL ORY OSL OTP PRG PSA SOF STN SVG VIE ZRH","19"
"JSJ","4","DLC HRB PEK TAO","2"
"JSK","2","SYZ THR","3"
"JSR","3","CGP CXB DAC","3"
"JST","2","IAD ORD","1"
"JSY","3","ATH HER SKG","2"
"JTC","5","BPS MCZ NAT REC VCP","1"
"JTR","59","AMS ARN ATH AUH BAH BCN BEG BGY BHX BRI BRS BRU BUD CDG CGN CPH DUB DUS DXB EDI FCO FRA GDN GVA HAM HEL HER IST KRK LCA LGW LHR LUX LYS MAD MAN MRS MUC MXP NAP NCE NTE ORY OSL OTP PMO PRG RHO RIX RUH SKG STN STR TLV VCE VIE VRN WAW ZRH","35"
"JTY","4","ATH JKL KGS LRS","1"
"JUB","6","ADD CAI DXB IST NBO PZU","6"
"JUH","12","CAN CKG HSN JJN KWE PKX SHE SZX TAO TFU XIY XMN","6"
"JUJ","7","AEP ASU COR EZE IGR IQQ MDZ","3"
"JUK","1","UMD","1"
"JUL","1","LIM","2"
"JUM","2","KEP SKH","4"
"JUU","2","IOT UMD","1"
"JUV","5","AOQ BGKL IUI JAV KGQ","1"
"JUZ","15","AKU CAN CGO DOY HAK HSN JGN KMG KWE PEK PKX SZX TAO TFU XIY","5"
"JWN","5","JED KIH MED MHD THR","3"
"JXA","14","CAN DLC HGH HRB OHE PEK PKX SHA SHE TAO TFU TNA TSN YNT","7"
"JYV","1","HEL","1"
"JZH","2","PEK TFU","2"
"K1RL","1","BLI","1"
"KAA","1","LUN","1"
"KAB","2","HRE VFA","1"
"KAD","1","LOS","4"
"KAE","3","JNU PSG SIT","1"
"KAI","2","GEO OGL","2"
"KAL","4","FAI GAL NUL RBY","2"
"KAN","13","ABB ABV ADD BNI CAI DOH JED KRT LOS MED NIM PHC QOW","11"
"KAO","11","BER BHX DUS FRA HAM HEL LGW MAN RIX RTM ZRH","9"
"KAT","2","AKL WRE","2"
"KAW","3","MGZ RGN TVY","2"
"KAX","0","","0"
"KAZ","2","MDC TTE","1"
"KBC","3","CIK FAI FYU","1"
"KBH","1","DAR","1"
"KBL","20","AUH DEL DOH DXB HEA IKA ISB IST JED KDH KHT KWI MHD MZR RUH SAW SHJ SVO TAS URC","11"
"KBP","98","ADB ALA ALC AMM AMS ARN ASR ATH AYT BCN BEG BER BEY BGY BJV BLQ BOJ BRU BTS BUD BUS BVA BZG CAI CDG CGN CHQ CPH CTA DBV DEL DNK DOH DUB DUS DXB ESB EVN FCO FRA GDN GVA GYD HEL HER HHN HRG HRK IFO IST JFK KGS KHE KRK KTW LCA LGW LJU LWO MAD MAN MLA MUC MXP NAP NQZ NRN ORY OSL PFO POZ PRG PUY RHO RIX RKT RMF RMO SHJ SOF SPU SSH STN TBS TIA TLV TRN TSF UDJ VCE VIE VLC VNO WMI WRO YYZ ZAG ZRH","25"
"KBR","8","BKI CGK JHB KCH KUL PEN SIN SZB","5"
"KBU","1","BDJ","1"
"KBV","17","AUH BKK BLR BOM CPH DEL DMK DXB GOT HEL KUL OSL PRG SHJ SIN USM WAW","17"
"KCA","16","CGO DSN HMI HTN KHG KRY NGB PKX QSZ SHA TAO TFU TLQ URC XIY YIN","9"
"KCC","1","WFB","1"
"KCG","5","AKN KCL KCQ KPV PTH","1"
"KCH","18","BKI BTU BWN CAN CGK HAK JHB KBR KUL LMN MKM MYY MZV PEN PNK SBW SIN TGC","9"
"KCL","5","AKN KCG KCQ KPV PTH","1"
"KCM","3","ESB IST SAW","3"
"KCO","1","TZX","1"
"KCQ","6","AKN KCG KCL KPV PTH UGB","1"
"KCT","3","CMB HRI RML","4"
"KCVX","2","6Y8 KSJX","2"
"KCY","8","ABA BAX BGS BKA GOY NOJ SES VAQ","1"
"KCZ","8","FUK HND ITM KIX NGO NKM NRT TPE","7"
"KDA","1","DSS","1"
"KDH","3","DXB JED KBL","2"
"KDI","5","APD CGK SUB UPG WNI","8"
"KDL","1","TLL","1"
"KDM","4","FVM GAN KDO MLE","1"
"KDO","5","GAN GKK KDM MLE VAM","2"
"KDU","4","DXB ISB KHI LHE","2"
"KDV","2","NAN SUV","1"
"KEA","2","ASB BKN","1"
"KEB","1","PGM","1"
"KEDC","1","TSM","1"
"KEF","67","AGP ALC AMS BCN BER BFS BHX BRS BSL BUD BWI CDG CPH DTW DUS EDI EMA EWR FAE FCO FRA GDN GLA GOH GVA HEL IAD INN IST JAV JFK KTW KUS LBA LGW LHR LPA LPL LTN MAD MAN MCO MSP MUC MXP NCE NCL ORD ORY OSL PIT RDU RIX SEA STN TFS VIE VRN WAW WRO YEG YHZ YUL YWG YYC YYZ ZRH","28"
"KEH","8","DHB FBS RSJ W39 WSX YPT YWH ZNA","1"
"KEJ","9","AER DME HTA KJA KZN LED OVB SVO SVX","6"
"KEK","4","DLG KGK KMO KNW","1"
"KEM","2","HEL KOK","1"
"KEO","2","ABJ MJC","1"
"KEP","9","BJU DOP IMK JUM KTM PHH TPU VNRR VNSL","9"
"KER","12","AWZ DXB IFN JED KIH MED MHD NJF PGU SYZ TBZ THR","13"
"KET","2","HEH MDL","2"
"KEU","2","MBA WIL","4"
"KFE","2","PER PHE","3"
"KFG","0","","0"
"KFP","2","CDB KVC","1"
"KFS","1","IST","1"
"KGA","3","FBM FIH MJM","3"
"KGD","29","ARH AYT CEE CEK CSY DME EVN GOJ IJK IWA KLF KVK KVX KZN LED MMK MSQ OVB PEE PES PKV REN SSH SVO SVX TJM UFA VKO VOG","16"
"KGE","2","HIR VAO","1"
"KGF","10","ALA AYT DZN IST OVB PLX SCO SVO UKK URA","5"
"KGG","0","","0"
"KGI","1","PER","5"
"KGK","3","DLG KEK KNW","1"
"KGL","29","ADD AMS BGF BJM BRU BZV CAI CDG COO DAR DGAA DLA DOH DXB EBB HRE IST JNB JRO KME LBV LHR LOS LUN MBA MWZ NBO SEU ZNZ","10"
"KGP","4","PEE SVX TJM VKO","2"
"KGQ","2","BGKL JUV","1"
"KGS","61","AMS ATH BER BFS BGY BHX BLQ BOH BRI BRN BRQ BRS BRU BTS CGN CWL DUB DUS EDI EIN EMA EXT FRA GDN GLA GRQ GRZ GVA HAJ HAM HEL HER JKL JTY KBP LBA LGW LNZ LRS LTN LUX MAN MUC MXP NAP NCL NUE ORY OSR PRG PSA RHO RTM SKG STN STR SZG VCE VIE ZAG ZRH","30"
"KGT","1","CTU","1"
"KGX","2","ANI SHX","1"
"KHD","2","MHD THR","4"
"KHE","4","AYT IST KBP SAW","4"
"KHG","36","AAT ACF AKU BPL CAN CGO CKG CSX HGH HMI HTN INC ISB JBK KCA KRL KRY LHW NGB NGQ PEK PKX PVG QSZ SHA SZX TCG TFU TLQ TNA TWC URC XIY XNN YIN YTW","17"
"KHH","34","BKK CJU CKG CMJ CNX CTS DAD DMK FOC FUK GMP HAN HKG HUN ICN KIX KMJ KNH KUL LZN MFM MNL MZG NRT OKA OKJ PUS PVG SDJ SGN SIN WOT WUH XMN","28"
"KHI","35","ADD AUH BAH BGW BKK CMB DAC DMM DOH DXB GYD IKA ISB IST JED KDU KUL KWI LHE LYP MCT MED MHD MUX NJF PEK PEW RUH SAW SHJ SKT SKZ UET YYZ ZBR","31"
"KHK","5","AWZ BUZ IFN SYZ THR","2"
"KHM","2","MDL RGN","3"
"KHN","53","ACX BHY CAN CGQ CKG CSX CTU DLC DLU DMK ENH HAK HET HRB HSN JHG JNG JNZ KIX KMG LHW LJG LUM LYA LZO NGB NNG NTG PEK PKX PVG SHA SHE SJW SYX SZX TAO TFU TNA TSN TYN URC UYN WEH WMT XIY XMN XNN YCU YNZ YTY ZHA ZUH","20"
"KHT","5","AAN DXB JED KBL KWI","2"
"KHV","43","BKK BPE BQG BQS CXR DAD DLC DYR EKS GDX HKT HRB HTA IKT JMU KJA KLO MJZ NER NGK NLI OHH OHO OVB PKC PKX PVG SKD SVO SVX SYX TAS TSN TYD UHHY UHNA UTP UUD UUS VVO WEH YKS YNT","15"
"KHX","1","EBB","1"
"KHZ","1","PPT","1"
"KIH","22","ABD AWZ AZD BGW BND DXB DYU GBT IFN JWN KER KSH MHD NJF OMH PGU RAS SRY SYZ TBZ THR ZAH","23"
"KIJ","12","CTS FUK ICN ITM KIX NGO NKM OKD PVG SDJ TPE UKB","10"
"KIK","4","BGW ESB GYD IST","2"
"KIM","2","CPT JNB","2"
"KIN","19","ANU ATL BGI FLL GCM HAV JFK LGW MBJ MIA NAS PLS POS PTY PUJ SCU SDQ SXM YYZ","16"
"KIO","2","MAJ NDK","1"
"KIR","7","ALC BES DUB FAO MAN PUF STN","2"
"KIS","4","EBB MBA NBO WIL","4"
"KIT","1","ATH","2"
"KIX","92","AMS ASJ AUH BKI BKK BNE CAN CDG CEB CGQ CJJ CJU CKG CNS CNX CSX CTS CZX DAD DLC DMK DOH DXB FOC FUK GMP GUM HAK HAN HEL HFE HGH HKG HND HNL HRB ICN ISG IST KCZ KHH KHN KIJ KMI KMJ KOJ KUH KUL KWE LAX LYI MFM MMB MMY MNL MUC MWX NGB NGS NKG NRT NTG OKA PEK PKX PUS PVG SDJ SFO SGN SHE SHI SIN SYD SZX TAE TAO TFU TNA TPE TSN UBN URC WNZ WUH WUX XIY XMN YNZ YTY YVR YYZ","70"
"KIY","5","DAR MFA PMA TGT ZNZ","1"
"KJA","78","ABA AER ALA BAX BGS BKA BKK BQS BSZ CEK CIT CMB CXR CZR DME DYR DYU EVN FEG GDX GOY GYD HKT HMA HRB HTA HTG IAA IKT KEJ KHV KRR KYZ KZN LBD LED MCX MJZ MRV NER NJC NMA NSK NUX NZH OMS OSS OVB PEE PKC PKX PYJ REN RGK SES SGC SKD SVO SVX SYX TAS TGP THX TJM TLK TOF UBN UFA UIKG UIUN ULK UTP UUD UUS VAQ VEO VKO VVO","21"
"KJB","3","BLR VGA VTZ","1"
"KJH","6","ACX CAN FOC JJN TFU XIY","4"
"KJI","2","KHG URC","2"
"KJJ","0","","0"
"KJT","1","SIN","1"
"KKA","3","OME SKK UNK","2"
"KKC","4","BKK CNX DMK HKT","4"
"KKE","1","AKL","2"
"KKH","2","BET WTL","1"
"KKI","4","AKI BET KWT TLT","1"
"KKJ","4","CJJ HND ICN TPE","4"
"KKN","13","ALF BJF BVG HEL HFT HVG IVL MEH OSL SOJ TOS VAW VDS","4"
"KKX","2","ASJ KOJ","1"
"KLF","7","AER KGD KZN LED MRV MSQ SVX","3"
"KLG","2","ANI RSH","1"
"KLH","5","AMD BLR BOM HYD NMI","2"
"KLL","3","AKN DLG IGG","1"
"KLN","2","ADQ KYK","1"
"KLO","6","ICN IKT KHV KWL MNL NGB","5"
"KLP","2","BDJ PKY","1"
"KLR","2","ARN LPA","2"
"KLU","8","CGN FCO HAJ HAM PAS PMI STN VIE","5"
"KLV","3","AYT BOJ TAS","3"
"KLW","3","JNU KTN SIT","2"
"KLX","25","AMS ARN ATH BGY BHX BRS BUD CDG DUS EDI FRA GVA HAM HER INN LGW MAN MUC ORY SKG STN TIA TLV VIE ZRH","17"
"KMA","3","OPU POM TDS","1"
"KME","0","","0"
"KMG","140","BAV BFJ BKK BSD BZX CAN CCU CGD CGK CGO CGQ CIH CKG CMB CNX CSX CTU CWJ CZX DAC DAT DIG DLC DLU DMK DNH DSN DXB DYG ENH ENY FOC FUG GYS HAK HAN HDG HET HFE HGH HIA HJJ HKG HKT HNY HRB HUZ HYN ICN INC JDZ JGN JGS JHB JHG JIQ JJN JMJ JNG JUZ KHN KNO KOS KOW KTI KTM KUL LHW LIJ LJG LLF LLV LNJ LPQ LUM LXA LYA LYG LYI LZO MDL MLE NAO NGB NKG NNG NRT NTG PEK PEN PKX PVG RGN RIZ SAI SGN SHA SHE SIN SJW SQD SQJ SWA SYX SZB SZX TAO TCZ TFU TLQ TNA TSN TXN TYN URC UYN VTE WDS WHA WMT WNZ WUH WUX XAI XFN XIY XMN XNN XUZ YBP YCU YIH YIW YNT YNZ YTY ZAT ZHA ZHY ZUH","42"
"KMI","9","FUK HND ICN ITM KIX NGO NRT OKA TPE","10"
"KMJ","14","AXJ HND ICN ITM KHH KIX NGO NKM NRT OKA PUS RMQ TNN TPE","14"
"KMN","1","FBM","1"
"KMO","4","DLG KEK TOG TWA","1"
"KMQ","8","CTS FUK HKG HND ICN OKA PVG TPE","9"
"KMS","3","ACC LGW WZA","3"
"KMU","2","MGQ NBO","3"
"KMV","2","MDL RGN","2"
"KMW","3","GOJ KZN LED","1"
"KND","3","FIH FKI GOM","3"
"KNG","5","FKQ MKW NBX SOQ TIM","3"
"KNH","6","CYI KHH MZG RMQ TNN TSA","2"
"KNK","1","ILI","1"
"KNO","28","AUH BPN BTH BTJ CGK DAD DJB DMK FLZ FSH GNS JED KMG KUL LKI LSW MCT MED MEQ PDG PEN PKU PLM PNK SIN SUB TXE YIA","16"
"KNQ","1","GEA","1"
"KNS","6","BWT HBA LST MBW MEB MEL","3"
"KNU","4","BLR BOM DEL HYD","1"
"KNW","3","DLG KEK KGK","1"
"KNX","5","BME BQW DRW HCQ PER","3"
"KOA","8","DFW LAX ORD SEA SJC SLC SMF YVR","8"
"KOC","2","BMY GEA","1"
"KOE","17","ABU ARD BJW CGK DPS ENE LBJ LKA LWE MOF RTG RTI SAU SUB TMC UPG WGP","8"
"KOI","7","ABZ BHD EDI GLA LHR MAN NRL","1"
"KOJ","21","ASJ FSZ FUK HND ICN ITM KIX KKX KUM MYJ NGO NRT OKA OKE PUS PVG RNJ TKN TNE TPE UKB","17"
"KOK","3","AYT HEL KEM","2"
"KOO","3","BKY FMI GOM","1"
"KOP","1","DMK","2"
"KOS","11","BKK CAN KMG KUL MFM SAI SGN SZX TFU WUX XMN","5"
"KOT","2","BET EMK","1"
"KOU","1","LBV","1"
"KOV","3","ALA CIT SCO","2"
"KOW","24","CGO CKG CZX DLC HAK HFE HGH HRB KMG KWE NGB NKG NNG PEK PKX PVG SHA SYX TAO TFU TNA XIY ZHA ZUH","10"
"KOZ","2","ADQ ORI","1"
"KPB","1","WFB","1"
"KPCW","4","3T7 3W2 3X5 CYPT","1"
"KPN","1","BET","1"
"KPO","2","CJU GMP","1"
"KPV","5","AKN KCG KCL KCQ PTH","1"
"KPW","3","DYR GDX PWE","2"
"KQA","1","DUT","2"
"KQH","3","AMD NAG PNQ","2"
"KQR","0","","0"
"KQT","1","SVO","1"
"KRB","5","CNS DMD ISA NTN ONG","1"
"KRK","90","ABZ ADB AGA AGP ALC AMS AOI ARN ATH AUH AYT BBU BCN BEG BFS BGO BGY BHX BOJ BRS BRU BSL BUD BZG CAG CDG CFU CHQ CIA CPH DUS DXB EIN EMA ESB EWR FCO FRA FUE GDN GLA GRO GVA HEL HER IST KBP KWI LBA LGW LHR LPL LUX MAD MAN MRS MUC MXP NAP NCL ORD ORY OSL PMI PMO RAK RIX RMF RMI RUH SHJ STN STR SVG TFS TIA TLS TLV TRD TRS TSF VAR VCE VIE VLC VRN WAW ZAD ZRH ZTH","34"
"KRL","29","ACF AKU BPL CGO CKG HGH HMI HTN IQM JGN KHG KRY LHW PEK PKX PVG QSZ RQA SHF SJW TAO TCG TFU TNA URC WUH XIY YIN YTW","16"
"KRN","4","ARN CDG CPH DUS","4"
"KRO","3","AER DME LED","2"
"KRP","2","CPH PMI","2"
"KRR","25","AER AYT BUS CEK CIT CXR DME DWC DXB EVN HKT IST KZN LED NMA OVB SGC SKD SSH SVO SVX TBS TLV UFA VKO","22"
"KRS","10","ALC AMS BGO BOO CHQ CPH LPA OSL PMI TRD","5"
"KRT","34","ADD ADE AHB AMM ASM AUH BAH BEN CAI DAM DMM DOG DOH DXB EBB EBD EGN ELF IST JED JUB KAN KSL MCT MED MJI MWE NBO NDJ PZU RSS RUH UYL WUU","21"
"KRW","3","ASB IST MSQ","2"
"KRY","16","AAT AKU CGO HGH HMI INC KCA KHG LHW PEK PVG TFU URC XIY YIN ZFL","8"
"KSA","6","GUM HNL KWA MAJ PNI TKK","2"
"KSC","13","AGP BOJ BTS DUB FCO LPL LTN PRG RHO VIE WAW ZRH ZTH","6"
"KSD","5","ARN CPH LPA PMI RHO","3"
"KSE","1","EBB","1"
"KSF","4","BZO GWT HDF PMI","3"
"KSH","6","GSM KIH MHD PGU SYZ THR","13"
"KSJ","3","AOK JSH RHO","1"
"KSJX","2","KCVX MCD","1"
"KSL","2","KRT PZU","2"
"KSM","4","ANC BET MLL MOU","3"
"KSN","7","ALA AYT CIT HSA NQZ SSH SVO","5"
"KSO","2","ATH KZI","1"
"KSQ","6","DME IST LED TAS VKO ZIA","4"
"KSR","1","UPG","1"
"KSU","4","BGO CHQ LPA OSL","2"
"KSX","3","AMQ JIO KOE","2"
"KSY","4","ADB ESB IST SAW","4"
"KSZ","1","LED","1"
"KTA","4","BME GET PER PHE","6"
"KTB","1","WFB","3"
"KTD","1","OKA","1"
"KTF","3","NSN NZKM WLG","1"
"KTG","3","HLP PKN PNK","2"
"KTI","42","AUH BKK CAN CGK CGO CKG CSX CXR DAD DEL DMK DOH DSY DXB FOC GAY HAN HKG ICN IST JJN KMG KUL MFM MNL NNG PEK PEN PQC PVG RGN SAI SGN SIN SYX SZX TFU TPE VTE WUH XIY XMN","29"
"KTL","1","WIL","1"
"KTM","54","AUH BDP BHP BHR BIR BKK BLR BOM BWA CAN CCU CKG CMB DAC DEL DHI DMK DMM DNP DOH DXB HKG ICN IST JKR KEP KMG KUL KWI LDN LUA LXA MCT NRT PBH PHH PKX PPL PVG RHP RJB RUH RUM SHJ SIF SIN SKH TAO TFU TMI TPJ VNKD VNS VNTH","37"
"KTN","5","JNU KLW SEA SIT WRG","2"
"KTR","9","ASP BOX DRW GOV GTE HOK KFG RPM TCA","2"
"KTS","3","OME TLA WAA","1"
"KTT","28","ALF AMS BER BHX BRS BRU CDG CPH DUB DUS EMA FRA GLA HAM HEL LGW MAN MUC MXP NCL ORY OTP RIX RTM TLL TMP VIE ZRH","19"
"KTW","67","AAR ADB AGA AGP ALC ATH AUH AYT BJV BLL BOJ BRI CFU CRL CUN DBV DJE DLM EFL FAO FCO FNC FRA FUE GHV GPA HER HRG HRI KBP KGS LCA LIS LPA LWO MAD MAH MIR MJT MLA OHD OPO PMI PMO PMV PQC PSA PUY REG RHO RJK RMF RMI RMO SID SKG SSH TBJ TCP TFS TGD TIA VAR VRA ZAD ZNZ ZTH","22"
"KUA","2","KUL SIN","2"
"KUG","3","BDD HID UBB","2"
"KUH","5","CTS HND KIX NRT OKD","5"
"KUK","2","BET NUP","1"
"KUL","153","ADD ADL AKL ALA ALG AMD AMM AMS AOR ASB ATQ AUH BAH BAR BDJ BGW BKI BKK BLR BNE BOM BPN BTH BTJ BTU BWN CAN CCJ CCU CDG CEB CGK CGO CGQ CKG CMB CNX COK CSX CXR DAC DAD DEL DIL DLI DMK DNH DOH DPS DSN DXB FOC FRA FUK HAK HAN HDY HFE HGH HKG HKT HND HYD ICN IKA ISB IST JED JHB JJN KBR KBV KCH KHH KHI KHN KIX KMG KNO KTI KTM KUA KWE KWL LBJ LBU LGK LGW LHE LHR LHW LKO LOP MAA MCT MED MEL MFM MLE MNL MRU MYY NKG NNG NRT OKA PBH PDG PEK PEN PER PKU PKX PLM PNK PQC PUS PVG RGN RUH SAI SBW SDK SGN SHJ SIN SRG SUB SWA SYD SYX SZX TAO TAS TFU TGG TNA TPE TRV TRZ TWU TXN TYN UPG URC VTE WUH WUX XIY XMN XNN YIA YTY","79"
"KUM","3","FUK ITM KOJ","2"
"KUN","15","AGP ALC AYT BFS BGY BRI BRS GOT HER LPL LTN PSA RIX RMI TLV","6"
"KUS","3","AGM GOH KEF","2"
"KUT","17","ALA ATH BCN CRL DTM EDFH FMM KTW MAD MSQ MXP SAW SCO UGMS VKO WAW ZIA","9"
"KUU","3","DED DEL JAI","1"
"KUV","1","CJU","2"
"KUZ","1","AGM","1"
"KVA","19","ATH BEG BER BHX BRQ CGN DUS FRA LGW MAN MUC NUE OTP PRG STN STR TSR VIE WAW","9"
"KVC","2","CDB KFP","1"
"KVG","3","MAS POM RAB","1"
"KVK","5","DME KGD LED SVO VKO","4"
"KVL","1","OTZ","1"
"KVM","1","DYR","1"
"KVO","3","IST SKG TIV","1"
"KVX","7","AER KGD KZN LED MRV NNM SVO","6"
"KWA","1","HNL","1"
"KWB","2","JOG SRG","1"
"KWE","89","ACX BAR BKK CAN CDG CGD CGK CGO CGQ CIF CSX CXR CZX DLC DLU DYG DZH ENH FOC FUG GYS HAK HET HFE HGH HKG HNY HRB HUZ HYN HZA HZG INC IQN JHG JJN JMJ JNG JUH KHN KIX KOW LHW LJG LLV LNL LUM LXA LYI MFM MXP NGB NKG NTG PEK PKX PVG SAI SHA SHE SJW SWA SYX SZX TAO TFU TNA TPE TSN TYN URC WMT WNZ WUH WUT WUX XIC XIY XMN XNN XUZ YCU YIH YIW YNT YNZ YTY ZHA ZUH","41"
"KWI","81","AAN ADD ADE ADJ AER AGP AHB AJF ALA AMD AMS ATZ AUH AWZ AYT BGY BJV BLR BOM BUD BUS BWA CAI CAN CCJ CGP CMB CNN COK DAC DAM DEL DME DYU ELQ EVN FEG GOX HBE HMB HRG HSA HYD IFN IKA ISB IST JFK JMK KBL KHI KHT KRK KTM LCA LFM LRR LXR MAA MAD MCT MHD MXP NMA PRG PZU RZV SAW SHJ SJJ SKT SLL SPX SYZ TAS TBS TIA TIV TRV TZX ZRH","26"
"KWJ","2","CJU GMP","5"
"KWK","3","BET KKH WTL","2"
"KWL","46","CGO CGQ CKG CZX DLC FOC HAK HFE HGH HIA HKG HRB ICN INC JHG JJN JNG KUL LHW LJG LYI NGB NKG PEK PKX PVG SHE SHS SJW SWA SYX TAO TFU TNA TSN TVS TYN WHA WNZ WUT XIY XMN XUZ YIH YNT YNZ","21"
"KWM","2","CNS EDR","1"
"KWN","1","BET","1"
"KWT","0","","0"
"KWY","2","LAU WIL","1"
"KWZ","2","FBM FIH","2"
"KXB","1","UPG","1"
"KXF","1","SUV","2"
"KXK","1","VVO","1"
"KXO","2","EBB KJJ","2"
"KYA","8","ADB AMS ARN CPH DUS IST SAW STR","4"
"KYB","3","BNE GYB PER","2"
"KYD","1","TTT","1"
"KYK","0","","0"
"KYP","3","AKY RGN SNW","1"
"KYU","3","FAI GAL NUL","1"
"KYZ","5","DME KJA OVB UBN UUD","3"
"KZI","2","ATH KSO","1"
"KZN","76","AER ALA ASB AUH AYT BAX BEG BHK BSZ BUS CEE CEK CXR DLM DME DXB DYU EVN FEG GOJ GRV GYD HMA HRG HRI IAR IKT IST KEJ KGD KJA KLF KQT KRR KVX LBD LED MCX MMK MQF MRV MSQ NAL NJC NNM NOZ NQZ NSK NUX OGZ OMS OSS OVB PEE PVG REN RKT RMZ SGC SHJ SKD SKX SLY SSH SVO SVX SYX TAS TBS TJM TOF UFA USK UUD UWWW VKO","37"
"KZO","3","ALA AYT NQZ","3"
"KZR","2","DUS IST","3"
"LAD","0","","0"
"LAE","11","BUA BUL FIN GKA GUR HKN MAG MAS PNP POM RAB","3"
"LAF","1","ORD","1"
"LAH","2","MDC TTE","1"
"LAK","1","YEV","1"
"LAL","6","ATL BNA DTW HVN ROC SJU","1"
"LAN","4","DCA DTW MCO ORD","4"
"LAO","2","BSO MNL","3"
"LAP","15","AGU CEN CJS CUL CUU GDL HMO LAX LMM MEX MTY MZT NLU QRO TIJ","7"
"LAQ","1","MJI","2"
"LAR","0","","0"
"LAS","170","ABQ ACV ALB AMA AMS ANC APA ATL ATW AUS AVL AZA BDL BHM BIL BIS BLI BLV BNA BOI BOS BUF BUR BWI BZN CAK CCR CDG CHA CID CLD CLE CLT CMH COS CUN CVG DAL DCA DEN DFW DSM DTW DUB EAU ELP EUG EWR FAR FAT FCA FLL FNT FRA FSD FWA GDL GEG GFK GJT GPT GRI GRR GTF GUP HNL HOU HSV IAD IAH ICN ICT IDA IND ITO JAX JFK KOA LAX LBB LEX LGB LHR LIH LIT LNK LRD MAF MAN MCE MCI MCO MEM MEX MFE MFR MIA MKE MLI MOT MRY MSO MSP MSY MTY OAK OGG OKC OMA ONT ORD ORF PAE PDX PGA PHL PHX PIA PIT PSC PSP PTY PVR PVU RAP RDM RDU RFD RIC RNO SAL SAN SAT SBA SBN SCF SCK SDF SEA SFO SGF SHV SJC SJD SLC SMF SMO SMX SNA STL STS SYD SYR TPA TUL TUS TWF TYS VNY VPS XNA XWA YEG YUL YVR YWG YXE YYC YYZ ZRH","37"
"LAU","4","KWY MBA NBO WIL","3"
"LAW","1","DFW","1"
"LAX","178","ABQ ACV AGU AKL AMS ANC ASE ATL AUS BCN BJX BKK BNA BNE BOG BOI BOS BUF BWI BZE BZN CAI CAN CDG CHS CLE CLT CMH CMN CPH CSW CUN CVG DAL DCA DEN DFW DOH DSM DTW DUB DXB EGE ELP EUG EWR FAT FCO FLL FRA GCM GDL GEG GRU GSP GUA HDN HEL HKG HND HNL HOU IAD IAH ICN IND IPL IST JAC JAX JED JFK KIX KOA LAP LAS LHR LIH LIM LIR LIS LTO MAD MCE MCI MCO MDW MEL MEM MEX MFR MIA MID MLM MNL MSN MSO MSP MSY MTY MUC MZT NAN NLU NRT OAK OAX OGG OKC OMA ORD ORF ORY PAE PBC PBI PDX PEK PHL PHX PIT PPT PSC PSP PTY PVD PVG PVR PWM QRO RDM RDU RIC RNO RSW SAF SAL SAN SAT SBA SBP SCL SDF SEA SFO SGN SIN SJC SJD SJO SLC SMF STL STS SUN SYD SZX TFU TLV TPA TPE TUL TUS UPN VIE WAW XMN XNA YEG YLW YUL YVR YYC YYZ ZCL ZIH ZLO ZRH","80"
"LBA","33","AGA AGP ALC AMS AYT BCN BFS BHD BJV BUD CDG CFU CHQ CLJ CTA DBV DUB GCI GRO GVA IBZ KRK MAH OTP PMI POZ PRO SKG VIE VRN WAW WRO ZTH","9"
"LBB","7","AUS DAL DEN DFW HOU IAH LAS","4"
"LBC","5","AGP AYT MUC PMI STN","3"
"LBD","16","CEK DME DYU KHG KJA KZN LED MRV OVB SGC SVX TJM UFA URC VKO ZIA","7"
"LBE","2","MCO MYR","1"
"LBF","1","DEN","1"
"LBJ","11","BJW CGK DPS ENE KOE KUL LOP MOF SIN SUB WGP","8"
"LBL","2","DDC DEN","1"
"LBP","3","BBN MUR MYY","1"
"LBR","2","CIZ PVH","1"
"LBS","2","NAN SUV","2"
"LBU","3","BKI KUL MYY","3"
"LBV","27","ABJ ADD BGF BZV CDG CMN COO DLA FIH IST JNB KGL KOU LAD LFW LOS MJL MKU MVB NSI OYE PCP PNR POG SSG TCH TMS","12"
"LBW","3","LNU NNX TRK","1"
"LCA","104","AAL ALA AMM AMS ARN ATH AUH BAH BCM BCN BEG BER BEY BFS BGO BHX BLE BLL BOH BRN BRS BRU BSL BTS BUD CAI CDG CLJ CPH CRA CWL DEB DOH DUS DXB EMA EVN FCO FRA GDN GHV GLA GOT GVA HAJ HEL HER HFA HRK IAS JSI KBP KRK KSC KTW KUT KWI LGW LHR LLA LTN LWO MAD MAN MLA MMX MUC MXP NCL NQZ ORB ORY OSL OTP POZ PRG PVK RHO RIX RMO RUH SBZ SKG SOF STN STR SVG SZG TBS TGM TIA TLL TLV TRD TRF TZL UME VCE VIE VRN VXO WAW WRO ZRH","57"
"LCE","6","GCM GJA RTB SAP TGU UII","3"
"LCG","6","BCN GVA LPA MAD MXP TFN","5"
"LCH","2","DFW IAH","2"
"LCJ","10","AGP ALC AYT BGY BHX BJV BOJ CRL STN TIA","4"
"LCK","11","CHS EYW FLL JAX MYR PGD PIE SAV SFB SRQ VPS","1"
"LCR","2","ACR LET","1"
"LCX","7","CAN CSX CTU KMG NKG PKX PVG","4"
"LCY","27","AGP AMS BCN BER BHD CMF DUB EAS EDI EGC FAO FLR FRA GCI GLA IBZ IOM LIN LUX MAD NCE OLB PMI RTM SPU TLN ZRH","8"
"LDB","6","BPS CGH CWB GRU MCZ VCP","3"
"LDE","9","BGY CTA FCO LIS MLA NAP ORY PMO STN","2"
"LDG","1","VKV","1"
"LDH","4","NTL OOL PQQ SYD","2"
"LDN","1","KTM","1"
"LDS","7","CAN DLC HEK HRB PKX PVG SHE","4"
"LDU","2","BKI SDK","1"
"LDX","3","CAY GSI MPY","1"
"LEB","2","BOS HPN","1"
"LEC","1","SSA","1"
"LED","114","ABA AER ALA ARH ASF AYT AZN BAX BEG BHK BJV BKK BQT BSZ BUS CEE CEK CIT CMB CMN CSY CXR DLM DME DXB DYU EVN FEG GDZ GME GOJ GRV GSV GYD HKT HMA HRG IAR IJK IKA IKT IST IWA JOK KEJ KGD KJA KLF KMW KRO KRR KSQ KVK KVX KZN LBD MCX MIR MMK MQF MRV MSQ NAL NBC NJC NMA NNM NOJ NOZ NQZ NSK NUX NYM OGZ OMS OSS OSW OVB OVS PEE PEK PEZ PVG REN RGK RMZ SAW SCW SGC SKD SKX SLY SSH STW SVO SVX SYX TAS TBS TBW TFU TJM TJU TLV TMJ TOF UCT UFA UGC ULV VGD VKO VOG YKS","51"
"LEI","22","BCN BHX BRS BRU BUD CRL LBA LGW LPA LPL LTN LUX MAD MAN MLN OPO ORY PMI PRG RTM SEN STN","11"
"LEJ","15","AYT BJV BOJ DJE FNC FRA FUE HER HRG IST LPA MIR PMI TFS VIE","12"
"LEL","2","DRW GOV","3"
"LEN","6","AGP BCN IBZ LPA MAH PMI","1"
"LEQ","1","ISC","1"
"LER","1","PER","1"
"LET","5","BOG LCR LPD SJE TCD","3"
"LEU","2","MAD PMI","1"
"LEV","1","SUV","1"
"LEX","19","ATL CLT DCA DEN DFW DTW FLL LAS LGA MIA MSP MYR ORD PGD PHL PIE SFB SRQ VPS","6"
"LFM","5","AWZ BND MHD SYZ THR","5"
"LFQ","15","CAN CGQ CKG CSX HET HGH KMG NGB NKG PEK PVG SZX TFU TSN WUH","6"
"LFR","2","CCS PMV","2"
"LFT","4","ATL CLT DFW IAH","3"
"LFW","16","ABJ ABV ADD BRU CDG CMN COO DGAA EWR IAD NDJ NSI OUA RAI SSG TMS","8"
"LGA","85","ACK ALB ATL AUA AVL BGR BHM BNA BOS BTV BUF BZN CAE CHA CHO CHS CLE CLT CMH CVG DAL DCA DEN DFW DSM DTW ECP EYW FCA FLL GRR GSO GSP HHH HOU HSV IAD IAH ILM IND JAX LEX LIT MCI MCO MDW MEM MIA MKE MSN MSP MSY MVY MYR NAS OKC OMA ORD ORF ORH PBI PIT PNS PWM RDU RIC ROA ROC RSW SAV SDF SJU SLC SRQ STL SYR TPA TUL TVC TYS VPS XNA YHZ YUL YYZ","13"
"LGB","3","HNL OGG SLC","3"
"LGD","0","","0"
"LGG","2","LPA TFS","1"
"LGI","3","NAS SML ZSA","2"
"LGK","9","BLR DXB JHB KUL PEN SIN SZB TAS WAW","9"
"LGL","3","BBN MUR MYY","1"
"LGS","6","AEP BHI CRD MDZ NQN PMY","2"
"LGW","147","AAL ABV ABZ ACE ADB ADD AES AGA AGP ALC AMD ANU ARN ASB ATH ATQ AYT BAH BCN BGI BGO BIO BJL BLL BOD BOJ BOS BUD BVC BZO CAG CAN CDG CFU CGN CGO CHQ CMB CMN CPH CPT CUN DGAA DLM DOH DUB DXB EBB EBL EDI FAE FAO FLR FNA FNC FRA FUE GCI GEO GOX GVA GYD HEL HER HRG IST IVL JED JFK JMK JTR KAO KEF KGS KLX KRK KUL LCA LIS LOS LPA MAD MCO MLA MRU NAP NBO OLB OPO ORK OSL OTP OVD PEK PFO PMI PMO PRG PRO PUJ PUY PVG PVK RBA REU RHO RIX SAW SCQ SCR SHJ SIN SKG SNN SOF SPU SSH STR SUF SVG SVQ SZG TAO TAS TFS TGD TIA TLL TLS TLV TNG TRD TRN TTU TUN VIE VLC VRN WAW YHZ YOW YUL YYT YYZ ZAD ZRH ZTH","58"
"LHE","20","BAH BGW BKK CAN CMB DMM DXB GYD ISB IST JED KDU LHR MAN MCT MHD NJF RUH TAS UET","19"
"LHG","1","WGE","1"
"LHN","1","CNF","1"
"LHR","170","ABV ABZ ADD ALA ALG AMM AMS ANU ARN ATH ATL AUH AUS BAH BCN BDA BEG BER BEY BGI BIO BKK BLL BLR BOG BOM BOS BRU BSL BUD BWI BWN CAI CDG CFU CHQ CKG CLT CMB CMN CPH CPT CSX DAC DEL DEN DFW DGAA DMM DND DOH DTW DUB DUS DXB EDI EWR FAO FCO FLR FRA GCI GIG GRU GVA GYD HAK HAM HAN HEL HKG HKT HND IAD IAH ICN IOM ISB IST JED JFK JMK KEF KGL KOI KUL KWI LAS LAX LCA LHE LIS LOS LSI LUX LXR MAA MAD MAN MCO MCT MEL MEX MIA MLA MLE MRS MSP MSY MUC NAP NAS NBO NUE OLB ORD ORK ORY OSL OTP PEK PER PHL PHX PKX PMO PRO PSA PVG PVK RDU RUH SEA SFO SGN SIN SNN SOF SPU STL STR SVQ SYD SZG SZX TAO TAS TBS TFS TFU TIA TLV TOS TPA TPE TSN TUN VIE WAW WUH XIY YHZ YOW YVR YYC YYZ ZAG ZRH ZTH ZYL","84"
"LHW","85","AAT ACF AKA AKU BKK BPL CAN CGO CGQ CKG CSX CTU DHH DLC DMK DNH DSN DYG ENH ENY FOC FYN HAK HET HGH HIA HNY HTN HZG IQN JGN JHG JIC JJN JUH JUZ KHG KHN KMG KRL KUL KWE KWL LFQ LJG LNL LXA LYA LYG NGO NKG NNG PEK PKX PVG QSZ SHA SHE SHF SIN SJW SWA SYX SZX TAO TEN TFU TNA TSN TYN URC UYN VTE WDS WMT WNZ WUH WUX XMN YIH YIN YTY YZY ZUH ZYI","29"
"LIF","4","GEA MEE NOU UVE","2"
"LIG","13","AGP AJA BCN LBA LYS MAH MAN MRS ORY PMI RAK RMA STN","3"
"LIH","4","PDX SFO SMF YVR","3"
"LIJ","11","CAN CKG CSX HSN KMG KWE PEK PVG TAO TFU XIY","8"
"LIL","32","AGA AJA ALC ALG ATH BCN BIA BIQ BJA BOD BRI BSL CFU CIY CLY DBV DSS FEZ HER LPA MIR MPL MRS OPO PMI PMO RHO SPU SVQ TGD VAR VCE","9"
"LIM","64","AEP AMS ANF ANS AQP ASU ATA ATL AUA AYP AYX BCN BOG BSB CDG CHH CIX CJA COR CTG CUN CUZ EWR EZE FLL GIG GRU GYE HUU IAH IGR IQT JAE JAU JFK JUL LAX LPB MAD MBJ MDZ MEX MIA MVD MZA PCL PEM PIU PTY PUJ SAL SCL SDQ SJO SLA SLC TBP TCQ TPP TRU UIO VVI YUL YYZ","35"
"LIN","35","AHO AMS AOI ARN BCN BHX BRI BRU CAG CDG CPH DUB DUS EBA FOG FRA FSC HEL IBZ LCY LHR LMP LUX MAD MLA MUC NAP OLB OPO PMI PNL SPU STR TFS VIE","20"
"LIO","3","BOC SJO TTQ","1"
"LIQ","2","BMB GMA","1"
"LIR","30","ATL BOS BWI CLT DEN DFW DTW EWR FLL HOU IAH JFK LAX MIA MSP NOB ORD PHL SFO SJO TMU TNO XQP YOW YUL YVR YWG YYC YYZ ZRH","14"
"LIS","163","ADB AGA AGP ALC ALG AMS ARN ATH AUH AZS BCN BEG BEL BER BGY BHX BIO BJL BLQ BOD BOS BRS BRU BSB BUD BVA BVC CCS CDG CGN CLJ CMN CNF CPH CRL CUN CWB DJE DOH DSS DUB DUS DXB EDI EIN ESB EWR FAO FCO FLN FLR FNC FOR FRA GIG GLA GRU GVA HAJ HAM HEL HGH HOR IAD IBZ ICN IST JFK KEF KRK LAX LDE LGW LHR LIN LPA LPL LRM LTN LUX LWO LYS MAD MAH MAN MAO MBJ MCO MCZ MIA MIR MLA MPL MPM MRS MRU MUC MXP NAP NAT NBJ NCE NCL NDR NTE OPO ORD ORY OSL OTP OUD OVD OXB PDL PHL PIX PKX PMI PMO POA POZ PRG PSA PUJ PXO RAI RAK REC RIX RMO RTM SFB SFO SID SLZ SMA SOF SSA STN STR SVQ TER TFS TIA TLS TLV TMS TNG TSF TUN VCE VCP VIE VLC VXE WAW WMI WRO YHZ YUL YYZ ZNZ ZRH","63"
"LIT","18","ATL BNA CLT DAL DCA DEN DFW HOU IAH LGA MCO MIA ORD PHX PIE SFB SLC VPS","8"
"LIW","4","HEH MDL NYT RGN","5"
"LIX","2","LLW MFU","1"
"LJA","1","FIH","1"
"LJG","50","BKK CAN CGO CKG CSX CTU DZH FOC HAN HFE HGH HIA HJJ HKG INC JHG KHN KMG KWE KWL LHW LUM LXA NGB NKG PEK PKX PVG SGN SHA SHE SWA SZX TFU TNA TSN TYN WNZ WUH WUX XFN XIY XMN YBP YCU YNT YNZ ZAT ZUH ZYI","22"
"LJU","38","AMS ATH BCN BEG BRU CDG CPH DXB EDI FRA HEL HER HRG INI IST KBP KGS LGW LHR LPA LTN LUX MAD MAN MIR MUC ORY PRN RIX SAW SKP SMI TFS TGD TIV TLV WAW ZRH","28"
"LK-0001","1","RML","1"
"LKA","1","KOE","1"
"LKB","1","SUV","1"
"LKE","9","CXH DHB FBS RSJ W39 WSX YPT YWH ZNA","2"
"LKG","3","LOK RBX WIL","1"
"LKH","2","MUR MYY","1"
"LKI","2","BTJ KNO","2"
"LKL","2","OSL TOS","2"
"LKM","2","GTO MDC","2"
"LKN","6","BOO OSL RET SKN SVJ TOS","1"
"LKO","16","AUH BHO BOM DEL DMK DXB HYD JED JRG KQH KUL MCT NMI PNQ RKT RUH","9"
"LKY","6","ARK DAR HTMR MWZ SEU ZNZ","2"
"LLA","5","ARN GOT ORY PJA ZRH","6"
"LLB","2","ACX WMT","1"
"LLF","3","HAK PKX XIY","2"
"LLI","4","ADD AXU BJR GDQ","1"
"LLJ","1","CGK","1"
"LLK","1","VKO","1"
"LLM","1","HIR","1"
"LLO","1","UPG","1"
"LLU","2","JJU JNN","1"
"LLV","15","CKG HAK HGH HRB KMG KWE NKG PEK PKX PVG SHE TFU TSN WUH XIY","9"
"LLW","10","ADD BLZ DAR EBB HRE JNB LIX LUN MFU NBO","6"
"LMA","1","FAI","1"
"LMC","2","BOG VVC","2"
"LML","2","KWA MAJ","1"
"LMM","10","CSW CUU GDL LAP LTO MEX MTY MXL SJD TIJ","6"
"LMN","4","BKI KCH LWY MYY","1"
"LMP","10","BGY BLQ CTA LIN MXP NAP PMO TPS VCE VRN","6"
"LMT","0","","0"
"LMU","2","BTH TNJ","2"
"LMV","0","","0"
"LMY","3","BOT OBX UNG","1"
"LNB","1","VLI","1"
"LNE","2","SON VLI","1"
"LNJ","4","KMG PKX PVG TFU","1"
"LNK","5","DEN DFW LAS MCO ORD","3"
"LNL","10","DNH HAK HGH KWE LHW PKX PVG TAO URC XIY","6"
"LNO","2","LVO PER","2"
"LNS","4","IAD MCO ORD PIT","3"
"LNU","4","BPN LBW LPU TRK","2"
"LNV","4","CNS KVG POM RAB","3"
"LNY","3","HNL MKK OGG","2"
"LNZ","8","ALC AYT BRI FRA HER KGS PMI STN","4"
"LOD","2","SON VLI","1"
"LOE","1","DMK","1"
"LOH","1","UIO","1"
"LOK","3","EDL LKG WIL","4"
"LOP","13","BMU BPN BWX CGK DPS KUL SIN SUB SWQ TMC UPG WGP YIA","12"
"LOS","54","ABB ABJ ABV ADD AKR AMS ATL AUH BEY BGI BJL BNI CAI CBQ CDG CMN COO DAR DGAA DLA DNAN DNBK DNBY DOH DSS DXB EBB ENU FIH FNA FRA IAD IBA ILR IST JFK JNB JOS KAD KAN KGL LBV LFW LGW LHR MXP NBJ NBO PHC QOW QRW QUO ROB SSG","36"
"LPA","74","AES AGA AMS ARN BCN BER BFS BGO BGY BHX BJZ BLE BLL BOH BRS BRU BSL BUD CPH CWL DUS EDFH EIN EMA EUN EXT FRA FUE GCI GLA GOT GRQ GVA HAJ INV KLR KRS KSD KTW LBA LCG LEJ LGW LIN LJU LPL LTN MUC MXP NCL NDB NRK NTE OSL OST OTP OVD PIK PRG PSA RTM SDL STR TKU TRD TRF TSF VIE VIT VLC VRN VXO WRO ZRH","25"
"LPB","12","BOG CBB CIJ CUZ IQQ LIM SCL SRE TDD TJA UYU VVI","6"
"LPD","1","LET","1"
"LPF","5","HUZ NKG PEK SZX TEN","4"
"LPI","3","AMS HEL ORB","2"
"LPK","5","AAQ AER DME LED SIP","2"
"LPL","46","AGP ALC AMS AYT BCN BGO BHD BJV CDG CIA DUB EGAE FAO GDN GVA HRG IAS IOM KGS KRK KSC LCA LEI LIS MLA NBE NCE ORK OTP PFO PMI POZ PRG RHO RVN SOF SPU SZZ TFS TRN VIE WAW WMI WRO ZAD ZTH","6"
"LPM","1","VLI","1"
"LPQ","9","BKK CNX DMK HAK HAN KMG SAI VTE XKH","7"
"LPT","1","DMK","1"
"LPU","2","AAP TJS","1"
"LPY","1","ORY","1"
"LPZ","2","BGA EOH","1"
"LQM","1","PUU","1"
"LRD","4","DFW IAH LAS MTY","4"
"LRE","3","BNE TSV WIN","2"
"LRH","9","BRS CRL DUB GVA LYS MAN MRS NCE RAK","2"
"LRM","11","BHX DUS FCO FRA LWO MAD MIA MXP ORY VRN YUL","11"
"LRR","5","DOH DXB KWI SHJ THR","7"
"LRS","5","ATH JKL JTY KGS RHO","2"
"LRT","1","TLS","1"
"LRU","1","ABQ","1"
"LRV","1","CCS","5"
"LSA","1","GUR","1"
"LSC","5","ANF ARI CJC IQQ SCL","3"
"LSE","0","","2"
"LSH","2","HEH RGN","1"
"LSI","7","ABZ BHD EDI GLA KOI LHR MAN","1"
"LSP","2","CCS CUR","4"
"LSR","1","BTJ","1"
"LST","10","ADL BNE BWT CBR FLS HBA KNS MEL PER SYD","6"
"LSW","1","KNO","1"
"LTD","1","MJI","1"
"LTI","1","UBN","1"
"LTK","0","","0"
"LTM","1","OGL","1"
"LTN","104","ABZ ACE ADB AGA AGP ALC AMS ATH AYT BBU BCM BCN BEG BHD BIO BJV BOD BOJ BTS BUD BZR CFU CHQ CLJ CND CRA CTA DEB DLM DTM EVN FAO FCO FUE GHV GNB GRO GVA HER HRG IAS IBZ INN INV IOM IST JMK KEF KRK KSC KTW KUN LCA LIS LPA LUZ LWO LYS MAD MAH MXP NAP NCE NOC OLB OPO ORK OTP PMI PMO POZ PRG PRN PSA PUY PVK REU RHO RMO RMU RZE SCV SKP SOF SPU SPX SSH SVQ SZG TAT TBS TFS TIA TIV TLL TLV TOS TRN TSR VCE WAW WRO ZRH ZTH","10"
"LTO","8","DFW GYM LAX LMM PHX SFO TIJ YYC","5"
"LTT","6","CUF GVA MCM NCE PMF SIR","3"
"LTX","0","","0"
"LUA","3","KTM PPL RHP","3"
"LUD","1","ERS","1"
"LUH","0","","0"
"LUM","22","CAN CKG CSX CZX HGH JHG JMJ KHN KMG KWE LJG MDL NGB NKG PKX PVG RGN SJW SWA TFU WUH WUX","15"
"LUN","20","ADD CPT DAR DOH DXB EBB GBE HRE IST JNB KAA KGL LLW LVI MFU MNS NBO NLA SLI WDH","15"
"LUP","2","HNL MKK","1"
"LUQ","1","AEP","1"
"LUR","1","OTZ","1"
"LUV","2","AMQ TIM","3"
"LUW","4","CGK MDC PLW UPG","3"
"LUX","77","ADB AJA ALC AMS ATH AUH BCN BDS BER BGY BIA BIO BIQ BLQ BOD BRI BVC CAG CAN CFU CGO CLY CPH CTA DBV DUB DWC FAO FCO FLR FNC FRA FSC GPA GWT HAM HEL HER IBZ IST JMK JTR KGS KRK LCY LHR LIN LIS LPA LXR MAD MAH MAN MLA MRS MUC MXP NAP NCE OPO PMI PMO PRN QSR RAI RHO RMF RMI SID SKG STN SVQ VLC WAW ZAD ZRH ZTH","18"
"LUZ","10","BGY BOJ DUB FCO GDN LTN MST RJK SPU WAW","4"
"LVI","6","CPT JNB LUN MQP NBO WDH","6"
"LVO","2","LNO PER","3"
"LVP","4","AWZ IFN SYZ THR","2"
"LWB","2","CLT ORD","1"
"LWE","1","KOE","1"
"LWO","57","AYT BCN BER BJV BLL BRI BTS BUD BUS BVA CIA CRL CTA DLM DTM EIN ELQ FCO FMM FRA GDN GYD HAM HRG IEG IEV IST KBP KTW LCA LIS LRM LTN MAD MXP NAP NCE NRN PED PMO POZ PSA RHO RIX RMF RUH SAW SSH TIV TLL TLV TSF VIE VLC VNO WAW WRO","15"
"LWS","2","SEA SLC","1"
"LWY","4","BKI BKM LMN MYY","1"
"LXA","46","AHJ BPX CAN CGO CKG CSX CTU CZX DIG DZH GOQ GXH GYS HET HFE HGH HKG KMG KTM KWE LHW LJG LYI LZO MIG NAO NGQ NKG NNG NTG PEK PHH PVG SHA SIN SZX TAO TFU TSN TYN URC WDS WMT WUH XIY XNN","10"
"LXD","3","FLZ GNS PDG","1"
"LXG","1","VTE","2"
"LXR","25","ATH BCN BER BIO BLQ BRU CAI CDG CTA DUS FCO HRG JED KWI LGW LHR LUX MAN MXP ORY SAW SSH VLC VRN ZRH","19"
"LXS","9","ATH HEL JIK JKH MJT RHO SKG SMI VIE","6"
"LYA","24","BAV BHY BKK CAN CIF CKG DLC FOC HAK HET HMI HRB KHN KMG KWE NNG PVG SHA SHE SYX SZX TFU URC ZUH","9"
"LYB","2","CYB GCM","1"
"LYC","3","AJR ARN HMV","1"
"LYG","26","CAN CGQ CKG CSX DLC DSN FOC HAK HRB JJN KHN KMG KWE LHW NGB NNG PEK SHE SJW SWA SZX TFU TSN WUH XMN ZUH","13"
"LYH","3","CLT IAD ORD","2"
"LYI","34","CAN CGQ CKG CSX CTU DLC DYG FOC HAK HGH HRB HSN INC KHN KIX KMG KWE KWL LXA NGB NNG PVG SHA SHE SWA SYX SZX TFU TYN URC WNZ WUH XIY XMN","15"
"LYP","0","","0"
"LYR","5","ENSA MMK OSL QEN TOS","4"
"LYS","111","AAE ACE ADB ADD AGA AJA ALC ALG AMM AMS ARN ASR ATH AYT BCN BDS BER BEY BIA BIQ BJA BLJ BLL BLQ BOD BRU BSK BUD CAI CFU CHQ CLJ CLY CMN CPH CTA CZL DJE DSS DUB DUS DWC DXB EVN FCO FEZ FLR FNC FRA FSC FUE GVA HAM HER HRG IBZ IST JED KRK KUT LGW LHR LIG LIS LPA LPL LTN LXR MAD MAH MAN MED MIR MLA MUC MXP NAP OPO ORK ORN OSL OTP PFO PRG PRN PUF QSF RAK RBA RHO RMO RNS RUN RVN SAW SID SKP SOF SPU SXB TFS TGD TIA TLM TLV TNG TUN VIE VLC WAW YUL","46"
"LZG","4","CAN PEK PVG SZX","3"
"LZH","18","BAR CGO CGQ CKG DLC HAK HFE HGH HRB NGB NKG PEK PVG TAO TFU WUH XIY XMN","8"
"LZN","3","KHH RMQ TSA","2"
"LZO","25","CAN CSX DLU FOC HFE HGH HUZ JHG KHN KMG LJG LXA NGB NKG NNG PKX SWA SZX TNA WUH XIC XIY XMN XNN ZUH","12"
"LZY","8","CAN CKG CTU HFE MIG PEK TFU XIY","6"
"MAA","46","ADD AMD AUH BAH BKK BLR BOM BWN CCU CMB CNN COK DAC DED DEL DMK DOH DXB FRA GAU GOI HDO HKG HKT HYD IXA IXB IXM JAI KNU KUL KWI LHR LKO MCT MRU PAT PNQ RDP RGN RQY RUN SAG SHJ SIN SXV","34"
"MAB","3","BEL BSB CNF","3"
"MAD","180","ACE ADB ADD ALC ALG AMM AMS AOI ARN ASU ASW ATH ATL AUH BCM BCN BEG BEY BIO BKK BLQ BOG BOS BRI BRU BSL BUD BVC CAG CAI CAN CBB CCS CDG CFU CKG CLJ CLO CLT CMN COR CPH CRA CTA CTG CUN DFW DOH DSS DUB DUS DXB EDI EIN ESB EWR EZE FCO FEZ FLR FRA GDL GDN GOA GRU GUA GVA HAV HEL HGH HKG IAD IAS IBZ ICN IST JED JFK JMK JNB JTR KBP KEF KRK KTW KUN KUT KWI LAX LCG LCY LGW LHR LIM LIS LJU LPA LRM LTN LUX LWO LXR LYS MAH MAN MDE MEX MIA MLA MPL MRS MRU MTY MUC MVD MXP NCE NDR NTE OLB ORD ORY OSL OTP OVD PEK PHL PMI PRG PUJ PVG RBA REC RIX RMO RUH SAL SAW SBZ SCL SDQ SFO SID SJO SKP SOF SSG SZX TAS TFN TFU TIA TIV TLS TLV TNG TOS TRN TSF TSR TTU TUN UGC UIO VCE VCP VGO VIE VIT VRN VVI WAW WNZ WRO XPL YHZ YUL YYZ ZAG ZRH","88"
"MAF","8","AUS DAL DEN DFW HOU IAH LAS PHX","5"
"MAG","5","LAE MAS POM VAI WWK","2"
"MAH","70","AGP ALC AMS BCN BER BES BFS BGY BHX BIO BLQ BOD BOH BRS BRU BSL BZO CDG CGN CWL DUS EAS EDI EMA EXT FCO FLR FRA GLA GVA HAJ IBZ LBA LEN LGW LIL LIN LIS LPA LPL LTN LUX LYS MAD MAN MPL MRS MUC MXP NAP NCL NTE NWI OPO ORY OSL OVD PMI PRG STN STR SVQ TLS VCE VIE VLC VRN WAW ZAZ ZRH","27"
"MAJ","32","AIC AIM AUL BII BNE EAL EBO EJT ENT GUM HNL INU JEJ KIO KSA KWA LML MAV MIJ MJB MJE NDK PNI RNP ROR TKK TRW UIT UJE UTK WTE WTO","3"
"MAM","2","MEX NLU","2"
"MAN","145","ABZ ACE ADB ADD AEY AGA AGP ALC ALG AMM AMS ANU ARN ATH ATL AUH AYT BAH BCN BER BFS BGI BGO BGY BHD BJV BLQ BOJ BOM BRU BTS BUD BVC CAI CCF CDG CFU CHQ CMF CMN CPH CTA CUN DAC DBV DEL DLM DOH DUB DUS DXB EFL EGAE EGC EXT FAO FCO FNC FRA FUE GCI GNB GOA GOX GRO GVA HAM HEL HER HKG INV ISB IST JED JFK JMK JTR KAO KBP KEF KGS KOI KRK KTT KVA KWI LAS LEI LHE LHR LIG LIS LPA LUX LYS MAD MCO MLB MUC MXP NBE NQY OLB OPO OSL PEK PMI POZ PRG PRO PUJ PVG PVK REU RHO RIX RMU RVN SAW SCR SDR SID SIN SKG SOF SSH STR SUF SVG SZG TFS TIV TLS TOS TRN VIE VLC VRN WRO YYZ ZAD ZAG ZRH ZTH ZYL","51"
"MAO","32","BAZ BEL BOG BSB BVB CAF CIZ CNF FOR GIG GRU IRZ ITB IUP LBR LIS MBZ MIA MNX PIN PTY PVH RBB RBR REC RPU SJL STM TBT TFF TMT VCP","8"
"MAQ","1","DMK","1"
"MAR","8","CCS CGU MUN PMV PTY STB UIO VLN","10"
"MAS","4","KVG LAE MAG POM","1"
"MAU","3","BOB PPT RFP","1"
"MAV","2","AUL MAJ","1"
"MAY","1","NAS","2"
"MAZ","1","SJU","1"
"MBA","24","ADD AMS ASV DAR DXB EBB EDL FCO FRA IST KEU KGL KIS LAU MRE MXP MYD NBO PRG UKA VRN WIL WRO ZNZ","19"
"MBE","1","HND","1"
"MBI","1","ZNZ","1"
"MBJ","44","AMS ATL BHX BOG BOS BWI CLT DFW DTW FLL FRA GCM GLA IAD JFK KIN LGW LHR LIM LIS MAN MCI MCO MDE MDW MKE MSP MXP NAS NEG ORD PHL PTY STL TPA VRN YEG YHZ YQB YUL YWG YYC YYZ ZRH","29"
"MBL","1","ORD","1"
"MBQ","3","EBB JIN PAF","1"
"MBS","2","DTW ORD","2"
"MBT","2","CEB CRK","1"
"MBW","2","DPO KNS","2"
"MBZ","1","MAO","1"
"MCD","2","6Y8 KSJX","2"
"MCE","3","HHR LAS LAX","2"
"MCG","3","MRI NIB TCT","2"
"MCI","58","ABQ ATL AUS BNA BOS BWI CHS CLT CMH CUN DAL DCA DEN DFW DTW ECP EWR FLL GUF HOU IAD IAH IND JFK LAS LAX LGA MBJ MCO MDW MIA MKE MSP MSY MYR ORD ORF PDX PGD PHL PHX PIE PNS PUJ RDU RSW SAN SAT SAV SEA SFO SJD SLC SMF SRQ STL TPA VPS","12"
"MCK","1","DEN","1"
"MCM","1","NCE","5"
"MCN","3","BWI FLL IAD","1"
"MCO","164","ABE ALB AMS ATL ATW AUA AUS AVL BDA BDL BGR BHM BNA BOG BOS BQN BRO BSB BTV BUF BWI CAK CDG CID CLE CLT CMH CNF CRW CUN CVG DAL DCA DEN DFW DSM DTW DUB DXB EDI ELP ERI EVV EWN EWR EYW FAR FLL FOR FRA GCM GDL GPT GRR GRU GSO GSP GUA HOU HSV HVN IAD IAH ILG ILM IND ISP JAN JFK KEF LAN LAS LAX LGA LGW LHR LIM LIS LNK LNS MAD MAN MBJ MCI MDE MDW MEM MEX MHT MIA MID MKE MSN MSP MSY MTY MUC MYR NAS OGS OKC OMA ORD ORF PBI PDX PHL PHX PIT PLS PNS POS PSE PSM PTY PUJ PVD PVU PWM QRO RDU REC RIC ROC RSW SAL SAN SAP SAT SBN SBY SCL SDF SDQ SEA SFO SJO SJU SLC SMF SNA SPI SRQ STI STL STT SWF SYR TRI TTN TUL TYS VCP XNA YEG YHM YHZ YOW YQB YUL YVR YWG YYC YYZ","45"
"MCP","5","BEL BSB GIG GRU OYK","4"
"MCT","47","ADD AER AHB ALA AMS AUH BAH BGW BOM CAI CGP CNN COK DAC DAM DAR DEL DMM DOH DXB HYD IKA ISB IST KHI KRT MHD MLE MSH MUX NBO NJF PKX RUH SAW SHJ SIN SJJ SPX SYZ TAS TIF TRV TZX VIE ZBR ZYL","26"
"MCV","1","DRW","1"
"MCW","1","ORD","1"
"MCX","40","AER AUH BHK BSZ CEE CEK CSY DME DWC DXB EVN GSV IST JED KJA KRR KZN LED MRV MSQ NBC NMA NNM NUX PEE PES SCO SGC SHJ SVO SVX TAS TJM UFA UGC ULV UWWW VKO VOG ZIA","18"
"MCY","9","ADL AKL BNE CNS DPS EMD MEL SIN SYD","6"
"MCZ","21","ARU BSB CAC CGH CNF COR CPV EZE GIG GRU JTC LDB LIS PPB RAO REC SJP SSA UBA UDI VCP","5"
"MDA","0","","0"
"MDC","27","AMQ BPN BRG CAN CGK DJJ DPS FOC GTO ICN KAZ KMG LAH LKM LUW MNA NAH NGB NKG SIN SOQ SUB SZX TIM TPE TTE UPG","16"
"MDE","43","ADZ AUA AXM BAQ BGA BLB BOG BON CCS CLO CTG CUC CUN CUR EZE FLL GUA GYE IAH JFK LIM MAD MBJ MCO MEX MIA MTR NLU PAC PEI PSO PTY PUJ SAL SCL SDQ SJO SJU SMR UIO VLN YUL YYZ","26"
"MDG","11","CAN CKG DLC HGH ICN PEK PVG SHA SZX TAO TFU","7"
"MDK","3","BNB FIH GMA","4"
"MDL","30","AKY BKK BMO CNX DMK HEH HFE HGH IMF JJN KET KHM KHN KMG KMV LIW LSH LUM LYI MYT NYT NYU OVB PKK RGN SNW SRU THL TPE YNT","7"
"MDQ","7","AEP BHI BRC COR MDZ PMY REL","2"
"MDT","16","ATL BNA BOS CLT DFW DTW FLL IAD JAX MIA MYR ORD PGD PIE SFB SRQ","7"
"MDW","77","ABQ AGU ALB ATL AUS AVL BHM BJX BNA BOS BUF BUR BWI BZN CHS CLE CLT CMH CUN DAL DCA DFW DGO DSM DTW ECP ELP EWR GDL GEG GRR HOU IAH JAX LAS LAX LGA MCO MEM MIA MKE MLM MSP MYR OAK OKC OMA ONT ORF PGD PHL PHX PIT PSP PUJ PVU PWM RDU RIC ROC SAN SAT SDF SEA SJD SJU SLC SLP SMF SRQ STL TPA TUL TYS VPS YTZ ZCL","7"
"MDZ","22","AEP AUA BHI BRC COR CRD EZE FLN GIG GRU JUJ LGS LIM MDQ NQN PMY PTY PUJ ROS SCL SLA VCP","12"
"MEB","2","FLS KNS","1"
"MEC","2","PTY UIO","3"
"MED","85","ADB ADD ADU AHB ALA ALG AMM ASB ATZ AUH AWZ AZD BAH BEY BGW BND BOM BTJ BUZ CAI CGK CGP CMN DAC DMM DOH DXB ESB GBT GRV GSM GYD HAS HBE HDM HMB HOF HYD IFN IKA ISB IST JED JWN KAN KBL KER KHI KNO KRT KUL KWI LGW LHE LYP LYS MCT MHD MNL MRS MUX OMH ORY RAK RAS RUH SAW SHJ SKD SKT SPX SRY SSH SUB SYZ TAS TBZ TLS TUN TUU TZX UPG XBJ YIA ZAH","45"
"MEE","5","GEA LIF NOU TGJ UVE","2"
"MEH","5","BJF BVG HFT HVG VDS","1"
"MEL","72","ADL AKL ASP AUH AYQ BKK BME BNE BNK BQB BWN BWT CAN CBR CFS CGK CHC CMB CNS DBO DEL DFW DOH DPO DPS DRW DXB HAK HAN HBA HEL HGH HKG HKT HTI HVB ICN IST KUL LAX LHR LST MCY MGB MLE MNL MQL NAN NKG NRT NTL OAG OOL PEK PER PPP PVG SCL SFO SGN SIN SYD SZX TAO TFU TPE TSV WGA WLG WOL XMN ZQN","47"
"MEM","36","ATL AUS BNA BOS BWI CLT CUN DAL DCA DEN DFW DTW EWR FLL HOT HRO IAH LAS LAX LGA MCO MDW MIA MSP ORD PHL PHX PIE PNS RDU SAT SFB SLC TPA TYS VPS","13"
"MEQ","4","BTJ FSH KNO LKI","2"
"MEU","2","BEL GGF","1"
"MEX","107","ACA AGU AMS ATL AUS BCN BJX BOG BOS CDG CEN CJS CLO CLT CME CPE CTM CUL CUN CUU CZM DEN DFW DGO DTW DXB EWR EZE FCO FRA GDL GRU GUA HAV HMO HUX IAD IAH ICN IST JFK LAP LAS LAX LHR LIM LMM MAD MAM MCO MDE MGA MIA MID MLM MSP MTT MTY MUC MXL MZT NLD NRT OAK OAX ORD PEK PHL PHX PTY PUJ PVR PXM QRO RDU REX SAL SAP SAT SCL SDQ SEA SFO SJD SJO SLC SLP SMF SZX TAM TAP TGZ TIJ TPA TPQ TQO TRC VER VSA XPL YUL YVR YYC YYZ ZCL ZIH ZLO","30"
"MFA","4","DAR PMA TGT ZNZ","3"
"MFE","7","AUS DFW IAH LAS MCO MTY PHX","6"
"MFJ","1","SUV","1"
"MFK","1","TSA","1"
"MFM","49","BKK BOM CEB CGK CKG CZX DAD DEL DMK FOC FUK HAK HAN HFE HGH HYD ICN JJN KHH KHN KIX KOS KTI KUL KWE MNL NGB NKG NNG NRT NTG PEK PKX PUS PVG RMQ SHA SIN TAO TFU TNA TPE TWU TYN VVO WNZ WUH WUX XMN","25"
"MFN","4","NZTL TEU WKA ZQN","11"
"MFR","10","DEN LAS LAX PDX PHX SAN SEA SFO SLC SNA","6"
"MFU","3","LIX LLW LUN","3"
"MGA","11","BEF GUA HAV IAH MEX MIA PTY PUZ RNI SJO YUL","9"
"MGB","2","ADL MEL","2"
"MGF","4","CGH CWB GRU VCP","3"
"MGM","4","ATL CLT DCA IAH","3"
"MGQ","15","AAD ADD BIB BSA DXB EBB GGR GLK HGA IST JED JIB KMU MCT NBO","13"
"MGS","1","RAR","1"
"MGT","3","DRW GOV MNG","2"
"MGW","2","IAD ORD","1"
"MGY","0","","0"
"MGZ","2","KAW RGN","2"
"MHD","52","ABD ACZ ADU AMD AWZ AZD BEY BGW BND BUZ DEF DMM DOH DXB DYU GBT GSM HDM IFN IIL IST JED JWN KBL KDH KER KHD KHI KIH KSH KWI LFM LHE MCT MRX NJF NSH OMH PGU RAS RZR SAR SAW SHJ SRY SYZ TBZ THR UET XBJ ZAH ZBR","37"
"MHG","3","EBA GWT HDF","1"
"MHH","6","ATL CLT FPO MIA NAS PBI","5"
"MHK","2","DFW ORD","1"
"MHQ","3","ARN HEL TKU","2"
"MHT","11","BWI CHS CLT DCA FLL IAD MCO MDW ORD PHL RSW","5"
"MHX","1","RAR","1"
"MIA","173","AMS ANU ARN ATL AUA AUS AVL AXA BAQ BCN BDA BDL BEL BGI BHM BIM BNA BOG BOS BQN BSB BWI BZE CAP CCS CDG CHA CHS CID CLE CLO CLT CMH CMN CMW COR CPH CTG CUN CUR CVG CYB CZM DAL DCA DEN DFW DOH DOM DSM DTW DUB DXB EWR EZE FCO FDF FOR FPO FRA GCM GDL GEO GGT GHB GIG GND GRR GRU GSP GUA GYE HAV HEL HOG HOU HPN HSV IAD IAH ICT ILM IND IST JAX JFK KEF KIN LAS LAX LGA LHR LIM LIR LIS LRM MAD MBJ MCI MCO MDE MDT MDW MEM MEX MGA MID MKE MSN MSP MSY MTY MVD MXP NAS OKC OMA ORD ORF ORY PAP PBM PDX PHL PHX PIT PLS PNS POP POS PTP PTY PUJ RDU RIC SAL SAP SAT SAV SCL SCU SDF SDQ SEA SFO SJO SJU SLC SNU SRQ STI STL STX SYR TLH TLV TPA TQO TUL TYS UIO UVF VPS VRA VVI WAW XSC YOW YUL YVR YYZ ZRH ZSA","64"
"MID","17","BJX CUN DFW FRS GDL GUA HAV IAH MEX MIA NLU TGZ TIJ TLC VER VSA YYZ","13"
"MIG","31","CAN CKG CSX CZX FOC HAK HFE HGH JHG JJN KMG LHW LXA LZY NGB NKG PEK PKX PVG SHE SJW SYX SZX TNA TSN URC WNZ WUH XIC XMN YTY","15"
"MII","1","VCP","1"
"MIJ","1","MAJ","1"
"MIM","3","MEL MYA SYD","2"
"MIR","21","BER BRE BRN BRU CDG DUS FRA HAJ HAM LIL LUX LYS MRS MUC NCE NTE OPO ORY STR SZG VIE","10"
"MIS","1","GUR","1"
"MJB","2","AIM MAJ","1"
"MJC","2","ABJ KEO","1"
"MJE","3","JEJ KWA MAJ","1"
"MJF","3","BOO MQN TRD","1"
"MJI","23","AMM ATH BEN CAI CMN DAM DXB FCO GHT HBE IST JED LAQ LTD MED MLA MXP NIM QUB SEB SFA TOB TUN","19"
"MJK","2","CVQ PER","1"
"MJL","1","LBV","1"
"MJM","5","ADD FBM FIH KGA KWZ","4"
"MJN","2","DZA TNR","2"
"MJT","18","AMS ATH BHX BRU CPH HER JKH KTW LGW LXS MAN PRG RHO SKG SMI STN TLV VIE","12"
"MJU","2","BPN UPG","3"
"MJZ","9","DME IKT KHV KJA KRR OVB PYJ SVX YKS","4"
"MKE","29","ATL AUS BOS BWI CLT CUN DAL DCA DEN DFW DTW EWR FLL IAH JFK LGA MCO MDW MIA MSP ORD PHL PHX PUJ SEA SLC SRQ STL TPA","11"
"MKG","1","ORD","1"
"MKK","4","HNL LNY LUP OGG","1"
"MKL","2","ATL ORD","1"
"MKM","5","BTU KCH MYY SBW TGC","1"
"MKQ","5","BXD DJJ EWE TMH UPG","4"
"MKR","2","MMG PER","3"
"MKU","1","LBV","1"
"MKW","8","AGD BXB DJJ FOO KNG NBX SOQ UPG","5"
"MKY","4","BNE CNS ROK TSV","4"
"MKZ","1","SIN","1"
"MLA","94","AGP AMS ARN ATH BCN BEG BEN BER BFS BGY BHX BLL BLQ BOD BOH BRI BRS BRU BSL BUD BVA CAG CDG CGN CHQ CLJ CPH CTA DOH DUB DUS DXB EDI EIN EMA FCO FMM FRA GLA GOT GVA HEL INI IST JFK KBP KTW LCA LGW LIN LPL LUX MAD MAN MJI MRA MUC MXP NAP NCE NCL NTE NWI OPO ORY OSL OTP PEG PFO PMI PSR RIX RZE SEN SKG SKP SNN STN STR SUF SVQ TIA TLL TLS TLV TPS TRS TUN VIE VLC WAW WMI ZAG ZRH","31"
"MLB","10","ABE ATL BFS CLT CVG GLA LGW MAN NCL PIT","4"
"MLE","63","ALA AUH BAH BKK BLR BOM CDG CKG CMB COK DAC DDD DEL DMK DOH DRV DWC DXB FCO FRA FVM GAN GKK GYD HAQ HDK HKG HRF HYD IFU IST JED KDM KDO KMG KTW KUL LHR LMV MEL MUM MXP NQZ PEK PKX PRG PVG RSI RUH RUL SHJ SIN SVO TAS TFU TRV VAM VIE VRN WAW XIY XMN ZRH","43"
"MLG","2","CGK HLP","3"
"MLI","10","ATL AZA CLT DFW LAS ORD PGD PIE SFB SRQ","4"
"MLL","2","BET KSM","2"
"MLM","16","CUN DFW IAH MDW MEX MTY NLU OAK ONT ORD PVR SAT SJC SMF TIJ UPN","6"
"MLN","7","AGP BCN GRX LEI MAD PMI TFN","1"
"MLO","2","ATH SKG","2"
"MLU","2","ATL DFW","2"
"MLX","7","ADB AYT DUS ESB FRA IST SAW","4"
"MLY","2","FAI MNT","1"
"MMB","4","CTS HND KIX OKD","6"
"MMCD","2","ESE GUB","1"
"MMD","1","OKA","1"
"MME","8","AGP ALC AMS CFU FAO GCI PMI PRO","4"
"MMG","3","MKR PER WUN","1"
"MMH","2","CLD HHR","1"
"MMJ","4","CTS FUK ITM UKB","2"
"MMK","10","AER ARH CEE KGD KZN LED LYR MSQ PES SVO","9"
"MMO","1","RAI","1"
"MMP","2","CTG EOH","1"
"MMX","15","ARN AYT BEG CLJ IAS OTP PRN SKP STN TFS TGD TIA TZL WMI ZAG","5"
"MMY","8","FUK HND ISG KIX NGO OKA PUS TRA","6"
"MNA","3","IAX MDC NAH","3"
"MNB","1","FIH","1"
"MNC","2","JNB MPM","2"
"MNF","1","NAN","1"
"MNG","3","DRW ELC MGT","2"
"MNI","2","ANU SXM","3"
"MNL","74","ADD AMS AUH BAH BCD BKI BKK BNE BWN BXU CAN CDG CEB CGY CKG CYZ DAD DEL DGT DMK DMM DOH DPL DVO DXB FUK GES GUM HAN HKG HND HNL ICN ILO IST JED JJN KHH KIX KLO KTI KUL KWI LAX MCT MED MFM NGO NRT PEK PER POM PPS PUS PVG ROR RUH RXS SFO SGN SIN SPN SYD SZX TAC TAG TFU TPE TUG UBN VRC XMN YVR ZAM","49"
"MNS","2","LUN NLA","1"
"MNT","2","FAI MLY","1"
"MNX","1","MAO","2"
"MNY","1","MUA","1"
"MOB","5","ATL CLT DFW IAD IAH","3"
"MOC","3","CGH CNF GRU","3"
"MOF","3","KOE LBJ UPG","2"
"MOG","1","HEH","1"
"MOH","3","APD PLW UPG","3"
"MOI","2","MUK RAR","1"
"MOK","1","NCU","2"
"MOL","4","BGO LPA OSL RHO","4"
"MOO","3","ADL BBL BNE","1"
"MOQ","1","TNR","1"
"MOT","4","AZA DEN LAS MSP","3"
"MOU","2","BET KSM","2"
"MOV","2","BNE CNS","4"
"MOZ","4","BOB HUH PPT RFP","2"
"MPA","2","MUB WDH","1"
"MPC","2","BKS PDG","1"
"MPH","5","CEB CRK DVO ENI MNL","6"
"MPL","44","ACE AGA AGP AJA ALG AMS ARN ATH BES BIA BOD BSL CDG CFR CMN CPH DJE DUB FCO FEZ FRA HER IST LGW LIL LIS LUX MAD MAH MAN NTE ORN ORY OSL PMI RAK RBA RNS SVQ SXB TFS TNG TUN ZRH","15"
"MPM","20","ADD APL BEW CPT DAR DOH INH IST JNB LIS MNC NBJ NBO POL TET UEL VJB VNX VPY VXC","10"
"MPN","4","PSY PUQ RGL SCL","2"
"MPY","4","CAY GSI LDX XAU","1"
"MQF","5","AER KZN LED MRV SVO","5"
"MQJ","1","YKS","1"
"MQL","2","MEL SYD","2"
"MQM","4","ADB ESB IST SAW","4"
"MQN","4","BOO MJF OSY TRD","1"
"MQP","8","BBK CPT DUR JNB LVI SZK VFA VNX","5"
"MQS","4","BQU CIW SVD UNI","3"
"MQT","3","DTW MSP ORD","3"
"MQX","1","ADD","1"
"MRA","9","AMM BEN CAI HBE IST JED MLA SFA TUN","10"
"MRD","1","CCS","1"
"MRE","7","EBB HKMM HKNV MBA NYK UAS WIL","5"
"MRI","5","MCG NCN NIB TCT TEK","1"
"MRS","83","AAE ADD AGA AJA ALC ALG AMM AMS ATH AYT BCN BES BEY BIA BIQ BJA BLJ BOD BRI BRS BRU CAI CDG CFK CFR CHQ CLY CMN CPH CZL DBV DJE DSS DUS DZA EDI EVN FCO FEZ FNC FRA FSC GJL HER HRG IBZ ICN IST JED JTR LHR LIL LIS LYS MAD MAH MED MIR MRU MUC ORN ORY PMI PRG PVG RAK RBA RUN SAW SID SPU SVQ TLM TLV TNG TUF TUN VCE VIE YQB YUL ZAD ZRH","35"
"MRU","37","BLR BOM BRQ BTS CDG CPT DEL DXB FCO FRA GVA IST JED JNB KUL LGW LYS MAA MAD MRS MXP NBO ORY OSL OSR PER RRG RUH RUN SEZ SOF SVO TNR VIE WAW ZRH ZSE","26"
"MRV","62","AER ALA ASF AYT BHK BJV BUS CEE CEK CSY DME DXB DYU EVN GOJ GSV HKT HRG IAR IJK IST JED KEJ KGD KJA KLF KVX KZN LBD LED MCX MQF MSQ NBC NJC NOJ NQZ NSK NUX OMS OSS OVB PEE PES PEZ PKV REN SGC SKX SLY SSH SVO SVX TAS TBS TJM TLV UFA UUD UWWW VKO YKS","23"
"MRX","4","IFN MHD SYZ THR","3"
"MRY","12","BUR CLD DEN DFW LAS LAX ORD PHX SAN SEA SFO SNA","7"
"MRZ","1","SYD","1"
"MSA","3","XBE YQT YXL","2"
"MSH","2","DQM MCT","1"
"MSJ","3","HND ITM OKD","3"
"MSL","2","CLT PNS","1"
"MSN","19","ATL BOS CLT DCA DEN DFW DTW EWR LAX LGA MCO MIA MSP ORD PHL PHX RDU RSW TPA","9"
"MSO","14","AZA DEN DFW LAS LAX MSP OAK ORD PDX SAN SEA SFO SLC SNA","10"
"MSP","136","ABQ ABR AMS ANC ATL ATW ATY AUA AUS AVL BDL BIL BIS BNA BOI BOS BRD BTV BUF BWI BZE BZN CDG CHS CID CIU CLE CLT CMH CPH CUN CVG CZM DAL DEN DFW DLH DTW DUB ESC EWR FAR FCA FCO FRA FSD FWA GCM GEG GFK GPT GRR HDN HIB HND HOU HPN HRL IAH ICN ICT ILM IND IWD JAC JAX JFK KEF LAS LGA LHR LIR MBJ MCI MCO MDW MEM MIA MKE MQT MSN MSO MSY MYR MZT OKC OMA ORD ORF PBI PDX PGD PHL PHX PIE PIT PSC PSP PVR PWM RAP RDU RIC RNO RSW SAN SAT SBN SDF SEA SFO SJC SJD SJU SLC SMF SNA SRQ STL STT TPA TUL TUS TVC TVF VPS XWA YEG YQR YUL YVR YWG YXE YYC YYZ ZIH","20"
"MSQ","45","AER ALA ARH BJV BUS CEE CEK DBB DEL DME DXB EVN GYD HKT HRG HRI IST KGD KLF KRW KUT KZN LED MCX MMK MRV NBE NQZ PEE PEK PES PQC SSH SVO SVX SYX TAS TBS TLV UFA ULV URC UTP VKO XIY","10"
"MSR","4","ESB IST SAW YEI","3"
"MSS","1","BOS","1"
"MST","14","AGP ALC HRG KTW LPA LUZ NDR OUD SID SVQ TFS TGD TZL VLC","3"
"MSU","1","JNB","1"
"MSY","41","ATL AUS BNA BOS BWI CHS CLT CUN CVG DCA DEN DFW DTW EWR IAD IAH JAX JFK LAS LAX LGA LHR MCO MDW MIA MSP ORD ORF PDX PGD PIT RDU RIC RSW SAV SEA SFO SLC TPA XNA YYZ","16"
"MSZ","2","LAD VPE","1"
"MTE","5","JRT OBI ORX STM TMT","1"
"MTJ","9","ATL BNA DEN DFW EWR IAH ORD SFO SNA","6"
"MTK","1","TRW","1"
"MTM","1","WFB","3"
"MTR","4","BAQ BOG EOH MDE","4"
"MTT","4","CME MEX VER VSA","3"
"MTV","1","SON","1"
"MTY","50","ACA AGU ATL AUS BJX BOG BRO CDG CJS CUN CUU DEN DFW DGO DTW GDL HAV HMO IAH ICN JFK LAS LRD MAD MCO MEX MFE MIA NLU OAK ORD PBC PDS PHX PTY PVR PXM SFO SJD SJO SLC SLP TAM TIJ TLC TQO TRC VSA YVR YYZ","17"
"MUA","7","BAS BNE EGM HIR MNY RBV VAO","1"
"MUB","9","ADD BBK CPT GBE JNB MPA NLA VFA WDH","6"
"MUC","191","ACE ADB AGP AJA AJR ALC AMM AMS ARN ASR ATH ATL AUH AYT BAH BCN BDS BEG BER BGO BIO BJV BKK BLQ BLR BOM BOS BRI BRS BRU BSL BUD BVC CAI CDG CFU CGN CHQ CIT CLJ CLT CLY CMN COV CPH CPT DBV DEB DEL DEN DJE DLM DOH DRS DTW DUB DUS DWC DXB DYU EBL EDI EDO EFL ESB EVE EWR FAO FCO FEZ FLR FNC FRA FUE GDN GOA GOT GPA GRU GRZ GVA HAJ HAM HAN HEL HER HKG HND HRG IAD IAH IBZ ICN IST JED JFK JNB JSI KBP KEF KGS KIX KLX KRK KTT KVA KWI LBC LCA LGW LHR LIN LIS LJU LPA LUX LYS MAD MAH MAN MCT MEX MIA MIR MLA MLE MRS MXP NCE NTE OLB OMR OPO ORD ORK OSI OSL OTP PAD PEK PEV PMI PRG PRN PRO PUJ PVG PVK RHO RIX RJK RMF RMO RUH RVN SAN SAW SBZ SEN SFO SGN SHJ SIN SKP SNN SOF SPC SPU STR SUF SXB TAS TBS TFS TLL TLV TOS TPE TRD TUN VCE VIE VLC WAW XRY YUL YVR YYZ ZAG ZRH ZTH","83"
"MUH","9","BEG BRQ BTS FCO KTW MXP OSR PRG VRN","3"
"MUK","2","MOI RAR","1"
"MUM","2","GAN MLE","1"
"MUN","6","CCS MAR PMV STD SVZ TUV","4"
"MUR","6","BBN LBP LGL LKH MYY ODN","1"
"MUU","1","SSA","1"
"MUX","11","AUH DMM DOH DXB ELQ JED KHI MCT MED RUH SHJ","9"
"MUZ","2","DAR MWZ","2"
"MVB","1","LBV","2"
"MVD","18","AEP ASU BOG CNF FLN FOR GIG GRU LIM MAD MIA NAT PTY REC RVY SCL SSA STY","15"
"MVP","2","BOG VVC","1"
"MVQ","3","AYT SSH VKO","1"
"MVR","2","DLA NSI","1"
"MVT","2","PPT RGI","1"
"MVY","14","ACK BOS CLT DCA DXR EWB HPN HYA JFK LGA ORD OWD PHL TEB","7"
"MWA","1","ORD","1"
"MWE","1","KRT","1"
"MWF","1","SON","1"
"MWK","1","HLP","1"
"MWX","10","BKI CJU CXR DAD HAN KIX LPQ NGS SAI TPE","6"
"MWZ","12","ARK BKZ DAR JRO KGL LKY MUZ NBO NPY SEU TKQ ZNZ","4"
"MXH","3","CNS HGU POM","2"
"MXL","11","BJX CUL CUN GDL HMO LMM MEX MLM MTY PVR SJD","4"
"MXP","146","ACE ADB ADD AGP AHO ALA ALC ALG AMM AMS ARN ASB ATH ATL AUH AYT BAH BCN BDS BEG BER BIO BIQ BKK BOD BOS BRI BRU BUD BVC CAI CDG CFU CGN CHQ CKG CLJ CLY CMN CPH CTA DBB DJE DUB DUS DXB EVE EVN EWR FNC FRA FSC FUE GDN GHV GLA GUW GVA GYD HAJ HAM HAN HER HKG HND HRG ICN IST JED JFK JMK JSI JTR KEF KGS KRK KUT KWE LCA LCG LHR LPA LTN LUX LXR MAD MAN MCT MIA MIR MJI MLE MUC MUH NBE NTE OHD OLB OPO ORY OSL OTP PDV PHL PKX PMI PMO PTP PVG QSR RAK RHO RIX RMF RMO RSI RUH SID SIN SKG SOF SPU SPX SSH STR SUF SVG SVQ TAS TFS TFU TGD TLS TLV TOS TPE TPS VLC WAW WNZ XIY YUL YYZ ZAD ZRH ZTH","76"
"MXQ","1","SSA","1"
"MXS","0","","0"
"MXV","2","CJJ UBN","2"
"MXX","2","ARN EVG","1"
"MXY","2","CXC GKN","2"
"MXZ","6","CAN HAK KWE PKX WNZ ZHA","4"
"MYA","2","MIM SYD","1"
"MYD","4","LAU MBA NBO WIL","4"
"MYE","1","OIM","2"
"MYEB","1","NAS","1"
"MYG","2","IGA NAS","1"
"MYI","3","HID NLF OKR","2"
"MYJ","10","FUK HND ICN ITM KOJ NGO NRT OKA PUS TPE","7"
"MYK","1","GKN","1"
"MYP","3","ASB BKN TAZ","1"
"MYQ","2","HYD MAA","1"
"MYR","53","ACY ATL AVP BDL BKW BLV BNA BOS BWI CAK CLE CLT CMH CRW CVG DAL DCA DEN DFW DTW ELM EWR FLL FWA GRR HGR HPN HTS HVN IAD IAG ILG IND ISP LBE LEX LGA MCI MCO MDT MDW MHT MSP MSY ORD PBG PIT PVD ROC RST SDF STL SYR","14"
"MYT","3","MDL PBU RGN","5"
"MYU","2","BET KSM","1"
"MYW","1","DAR","2"
"MYY","19","BBN BKI BKM BTU JHB KCH KUL LBP LBU LGL LKH LMN LWY MKM MUR MZV ODN SBW SIN","5"
"MZA","1","LIM","1"
"MZG","7","CMJ CYI KHH KNH RMQ TNN TSA","3"
"MZH","2","IST SAW","2"
"MZI","2","BKO TOM","1"
"MZK","2","ABF TRW","1"
"MZL","3","BOG CTG EOH","1"
"MZR","5","IKA IST JED KBL MHD","4"
"MZT","23","AGU CJS CUU DFW GDL HMO IAH LAP LAX MEX MSP MTY NLU PHX QRO TIJ YEG YLW YUL YVR YWG YYC YYZ","12"
"MZV","3","BKI KCH MYY","1"
"MZW","3","ALG EBH TIN","2"
"NAA","3","BNE NTL SYD","2"
"NAG","14","AMD BLR BOM CCU DEL DOH GOX HYD IDR KQH NDC NMI PNQ SHJ","6"
"NAH","4","BRG IAX MDC MNA","3"
"NAJ","5","GNJ GYD IST SAW VKO","4"
"NAL","6","AER KWI KZN LED SVO VKO","4"
"NAM","1","AMQ","1"
"NAN","38","ADL AKL APW BNE CBR CHC CNS CXI DFW FUN HIR HKG HNL INU KDV LAX LBS MEL MNF NOU NRT OOL POM PTF RTA SFO SIN SUV SVU SYD TBU TRW TVU VAV VLI WLG WLS YVR","12"
"NAO","17","CAN CSX FOC HAK HFE HGH HUZ KMG LXA PKX PVG SZX TAO TSN WNZ WUH XMN","7"
"NAP","97","AHO ALC AMS ARN ATH ATL BBU BCN BEG BER BHX BIO BLL BOD BRU BTS BUD CDG CGN CHQ CLJ CMN CPH CRA CTA DUB DUS DXB EDI EMA EWR FCO FRA GHV GLA GOA GVA HAM HEL HER HRG IST JFK JMK JSI JTR KBP KGS KTW LBA LGW LHR LIN LPA LPL LUX LWO LYS MAD MAN MLA MUC MXP NCE OLB OMO ORD ORY OSL PHL PMI PMO PRG PVK RAK RHO RIX RMF RMO SKP SOF SPU SSH STN STR SZG TIA TLV TRN TUN VCE VIE WAW WRO YUL ZRH ZTH","45"
"NAQ","5","BGMO JAV JUV SRK THU","1"
"NAS","51","ASD ATL BIM BOS BWI CAP CLT CRI DCT DEN DFW DTW ELH EWR FLL FPO GCM GGT GHB GHC IAD IAH IGA JFK KIN LGI LHR MAY MBJ MCO MHH MIA MSP MYEB ORD PHL PLS PTY RCY RSD SAQ SML TBI TPA TYM TZN YOW YUL YYC YYZ ZSA","22"
"NAT","20","AEP BSB CAC CGH CNF CPV CWB EZE FOR GIG GRU JTC LIS PPB RAO REC SJP SSA UDI VCP","5"
"NAV","2","IST SAW","2"
"NAW","2","BKK DMK","1"
"NBC","9","AER LED MCX MRV NJC NUX RMZ SVO TAS","8"
"NBE","39","AMS BBU BFS BHX BRQ BRS BRU BSL CWL DUB EDI EMA GDN GLA GVA KTW LCJ LGW LIS LPL LTN LUX MAN MSQ MXP NCL OSR PDV POZ PRG RIX SEN SKP SOF STN VAR VRN WAW WRO","16"
"NBJ","22","ABJ ADD BZV CAB CDG CMN DOH DXB FIH FRA GRU HAV IST JNB LFW LIS LOS MPM NBO OPO TMS WDH","11"
"NBO","50","ABJ ADD AMS AUH BAH BJM BLZ BOM BRU BSA BZV CAI CAN CDG CSX DAR DGAA DOH DXB EBB EDL FRA GGR GOM HGA HRE IST JED JNB JRO JUB KGL KIS KRT LAU LFW LHR LLW LUN MBA MCT MGQ MPM MYD NBJ POL RUH SHJ UKA ZNZ","37"
"NBS","3","DLC NGB PVG","3"
"NBX","7","AMQ DJJ EWI KNG MKW TIM UPG","4"
"NCA","1","PLS","1"
"NCE","120","AAL AGA AGP AJA ALC ALG AMS ARN ATH ATL AUH BAH BCN BEG BER BES BEY BFS BGO BHX BIA BLL BOD BOS BRI BRS BRU BTS BUD BVE CAG CDG CFR CGN CHQ CMN CPH CZL DJE DOH DSS DUB DUS DXB EIN EVN EWR FCO FRA GCI GDN GOT GVA HAJ HAM HEL IAD IBZ IST JFK JTR KEF KRK KWI LBA LCY LGW LHR LIL LIS LPL LTN LUX LWO LYS MAD MAN MCM MIR MLA MUC MXP OLB ORK ORY OSL OTP PHL PMI PMO PRG RAK RBA RIX RMO RNS RUH SAW SOF SPX STN STR SVG SVQ SXB TBS TFS TIA TLL TLS TLV TRD TRF TUN VCE VIE WAW WRO YUL ZRH","61"
"NCL","39","ACE ALC AYT BER BFS BGY BJV BOJ CFU CGN CHQ CPH CRL DUB DXB EXT FCO FNC GRO GVA HER IBZ KGS KRK LPA NQY OPO PFO PMI PMO PRG RHO SSH TFS TRN VRN WRO ZAD ZTH","9"
"NCN","1","MRI","1"
"NCU","6","ALA IST MOK SCO TAS VKO","6"
"NDA","2","AHI AMQ","1"
"NDB","3","LPA NKC OUZ","1"
"NDC","6","AMD BLR GOX HDO HYD PNQ","1"
"NDG","11","CAN DLC PEK PKX PVG SHE SJW TAO TFU TNA TSN","6"
"NDJ","11","ABV ADD CAI CDG CMN DLA IST KRT LFW NIM NSI","8"
"NDK","1","MAJ","1"
"NDR","23","AGP ALC AMS ANR BCN BRU BVA CGN DUS EDFH EIN FRA LIS MAD MPL OPO ORY PMI PRG RTM SXB TLS TNG","12"
"NDU","1","ERS","1"
"NDY","3","KOI NRL SOY","1"
"NEG","1","MBJ","1"
"NER","6","DME IKT KHV OVB VKO YKS","3"
"NEU","2","LPQ VTE","3"
"NEV","6","AXA DCF SBH SKB STT STX","5"
"NFO","1","TBU","1"
"NGB","66","ACX BKK BUD BZX CAN CGO CGQ CKG CSX CTU DLC DXJ GYS HAK HKG HRB HUZ INC JGS JHG KHN KMG KOW KWE LFQ LHW LJG LUM LYG LYI LZO MDC MFM MIG MPH NBS NNG NRT PEK PKX PQC PVG SGN SHE SWA SYX SZX TAO TFU TPE TSN TYN URC VTE WEH WUH XIC XIY XMN XNN YBP YCU YNT YYA ZUH ZYI","36"
"NGD","1","EIS","1"
"NGE","2","DLA NSI","1"
"NGI","1","SUV","1"
"NGK","2","KHV UUS","1"
"NGO","51","AKJ AXT BKK CJJ CTS DLC DMK FOC FUK GMP GUM HAN HEL HGH HKD HKG HND HNL ICN ISG IZO KCZ KHH KIJ KMI KOJ LHW MMY MNL MYJ NGS NKG NRT OBO OIT OKA OKD PEK PKX PUS PVG RMQ SDJ SGN SIN TAO TPE TSN XIY YCU YNT","44"
"NGQ","6","KHG LXA QSZ URC XIY XNN","3"
"NGS","10","FUJ HND ICN IKI ITM KIX NGO NRT TSJ UKB","10"
"NHV","4","AUQ PPT UAH UAP","2"
"NIB","1","MCG","1"
"NIM","15","ABJ ADD ALG BKO CDG CMN COO DSS GAQ IST LFW MJI NDJ OUA TUN","13"
"NIQ","1","UMD","1"
"NJC","25","AER CEK CSY GYD HMA KJA KZN LED MCX MRV NMA NYA OMS OSS OVB PEE SVO SVX TAS TJM TOF UFA UUA UWWW VKO","13"
"NJF","30","ADU AMD AMM AZD BAH BEY BGW BOM CPH DMM DOH DXB EBL IFN IKA ISB IST ISU KBL KER KHI KIH KWI MCT MHD RAS SHJ SRY SYZ TBZ","30"
"NKC","13","ALG BJL BKO CDG CKY CMN DSS EMN IST LFW LPA NDB TUN","9"
"NKG","110","AOG BAV BFJ BHY BKK BPE BSD BZX CAN CGK CGO CGQ CIF CJU CKG CQW CSX CTU CXR DAT DLC DLU DMK DNH DSN DYG DZH ENH ENY FOC GYS HAK HCZ HDG HET HJJ HKG HKT HNY HRB HUZ HZG ICN INC JGN JHG JJN JMU KIX KMG KOW KUL KWE KWL LCX LFQ LHW LJG LLV LPF LUM LXA LZH LZO MDC MEL MFM MIG MPH MXP NGO NNG NNY NRT PEK PKX PVG RMQ SGN SHE SIN SWA SYD SYX SZX TAO TFU TPE TYN UKB URC UYN WDS WEH WMT WXN XFN XIC XIY XMN XNN YBP YCU YIN YKH YNJ YNT ZHA ZUH ZYI","50"
"NKM","9","AOJ FUK GAJ HNA IZO KCZ KIJ KMJ OKD","1"
"NKT","3","ESB IST SAW","2"
"NLA","8","ADD DAR JNB LUN MNS MUB NBO WDH","6"
"NLD","2","MEX NLU","2"
"NLF","3","HID MYI OKR","2"
"NLG","2","CDB PML","1"
"NLH","1","KMG","1"
"NLI","1","KHV","1"
"NLK","2","BNE SYD","1"
"NLT","1","URC","1"
"NLU","43","ACA AGU BOG CCS CJS CLQ CPE CTG CTM CUL CUN CVM DGO GDL IZT LAP MAM MDE MID MLM MTY MZT NLD OAX PQM PUJ PVR PXM REX SDQ SJD SLP SLW TAM TGZ TIJ TPQ TQO TRC UPN VER VSA ZIH","8"
"NMA","18","AER DEL DME DXB IKT IST JED KRR KWI LED MCX OVB PEE SVX TAS UWWW VKO ZIA","8"
"NME","1","BET","1"
"NMF","3","HAQ IFU MLE","1"
"NMI","22","AGR BDQ BHO BLR CJB CNN DEL GOX HSR IXB IXC IXE IXM LKO NAG PAT RPR SXR TIR TRV VNS VTZ","3"
"NNB","1","HIR","1"
"NNG","65","BKK BWN CGO CGQ CKG CSX CTU CZX DLC FOC FUG HAK HET HFE HGH HRB HSN HYN INC JHG JJN JNG JUZ KHN KMG KOW KTI KUL LHW LJG LXA LYA MFM MIG NAO NGB NKG PEK PKX PVG SHA SHE SHS SIN SJW SYX TAO TFU TNA TSN TYN URC UYN VTE WDS WNZ WUH WUX XFN XIY XMN XNN XUZ YCU YTY","30"
"NNL","2","ILI PTA","1"
"NNM","14","AER ARH HMA IAR KVX KZN LED MCX PEE SCW SVX UFA VKO ZIA","4"
"NNT","1","DMK","2"
"NNX","0","","2"
"NNY","17","CAN HAK HGH HRB KHN KMG NKG NNG PVG SWA SYX SZX TAO TSN URC XIY ZUH","8"
"NOB","2","LIR SJO","1"
"NOC","13","AGP ALC BGY BHX BRS CGN EMA FAO GRO GRQ LHR LPL PMI","3"
"NOJ","11","AER DME KJA KZN OMS OVB SLY SVX UFA UUA VKO","9"
"NON","1","BSZ","2"
"NOP","2","IST SAW","2"
"NOS","9","ADD DIE DZA FCO JNB MXP POZ RUN TNR","6"
"NOU","12","AKL BKK BNE ILP LIF MEE NAN PPT SIN SYD UVE VLI","5"
"NOV","5","CBT LAD SDD SPP VPE","1"
"NOZ","11","AER DME HKT HTA IKT KJA KZN LED OVB SVO UUD","7"
"NPE","8","AKL CHC GIS HLZ TRG WHK WIR WLG","3"
"NPL","3","AKL CHC WLG","1"
"NPY","4","DAR MWZ TBO TKQ","2"
"NQN","10","AEP BHI COR CRD LGS MDZ PMY ROS SCL SLA","5"
"NQU","3","CLO EOH UIB","2"
"NQY","13","AGP ALC BHD DUB DUS FAO GLA IOM ISC LGW MAN NCL ZRH","7"
"NQZ","66","AKX ALA AYT BEG BJV BSZ BUS CAN CIT CXR DAD DBB DMB DOH DXB DYU DZN ESB EVN FRA GOI GOX GUW GYD GZP HKT HSA ICN IKU IST KBP KSN KUT KZN KZO LCA LED MLE MRV MSQ OMS OVB PEK PLX PPK PQC PRG SAW SCO SKD SSH SVO SVX SYX TAS TBS TGD UBN UKK URA URC UTP UZR VKO WAW XIY","26"
"NRE","1","AMQ","1"
"NRK","5","AYT CHQ LCA LPA PMI","2"
"NRL","4","EOI KOI NDY PPW","1"
"NRN","24","AGA AGP ALC AOI BRI BZR EDI ESU FAO HER IBZ KBP LWO OUD PSR PUY RBA SKG SVQ TFS TNG TPS ZAD ZAG","2"
"NRR","3","CPX STT VQS","2"
"NRT","107","ADD AKJ AKL AMS ASJ AUH BKK BLR BNE BOM BRU BWN CAI CAN CEB CGK CGO CGQ CJJ CJU CKG CNS CRK CSX CTS DAD DEL DFW DLC DMK DOH DPS DXB FOC FUK GUM HAK HAN HEL HGH HIJ HKG HNL HRB IAH ICN ISG IST ITM KHH KIX KMI KOJ KTM KUH KUL LAX MAD MEL MEX MFM MNL MTY MYJ NAN NGB NGS NKG OIT OKA ORD PEK PER PKX POM PPT PUS PVG RMQ SEA SFO SGN SHE SHI SIN SJW SYO SZX TAE TAK TAS TFU TLV TPE TSN UBN VIE WAW WUH XIY XMN YNT YUL YVR YYC YYZ ZRH","82"
"NSH","2","MHD SYZ","2"
"NSI","17","ABJ ADD BRU BZV CDG CMN DLA GOU IST JED LBV LFW MED MVR NDJ NGE SSG","10"
"NSK","20","ABA AER CEK DKS DME GOJ HTG KJA KRR KZN LED MCX MRV OMS OVB PEE SVX THX TJM UFA","4"
"NSN","8","AKL BHE CHC KTF NZKM PMR PPQ WLG","4"
"NST","2","BKK DMK","4"
"NTE","87","ACE AGA AGP AJA ALC ALG AMS ATH AYT BCN BER BIA BRI BRU BSL BUD BVC CDG CFU CHQ CLY CMN CPH CRL CTA DBV DJE DSS DUB EDI ESU FAO FCO FDF FEZ FNC FRA FUE GVA HAM HER HRG IBZ IST JTR LCA LGW LIS LPA LYS MAD MAH MAN MLA MPL MRS MUC NCE OLB OPO ORN ORY OUD PGF PMI PMO PTP RAK RBA RHO SID SPC SPU STN SVQ SXB TFS TGD TIA TLN TLS TNG TUN VCE VLC YQB YUL","19"
"NTG","32","CAN CGO CGQ CKG CSX DLC FOC HRB JJN KHN KIX KMG KWE LXA MFM NNG PEK PKX SHE SJW SWA SYX SZX TFU TSN TYN UYN WUH XIY XMN YIH ZUH","12"
"NTI","3","BXB MKW SOQ","1"
"NTL","13","ADL BNE CBR CNS DPS HBA LDH MEL NAA OOL PER SIN SYD","6"
"NTN","7","BUC CNS DMD ISA KRB ONG YCNY","2"
"NTQ","1","HND","1"
"NTT","1","TBU","1"
"NTX","2","BTH LMU","3"
"NUE","27","ADB ALC ASR AYT BEG BEY BIA BJV CLJ FCO FNC FUE GHV HER LHR LPA OTP PRN PVK RBA RHO RMF RMO SBZ SKG VAR ZAD","15"
"NUI","2","BRW SCC","1"
"NUL","0","","0"
"NUM","6","CAI DMM DOH DXB JED RUH","5"
"NUP","1","BET","1"
"NUS","2","SON VLI","1"
"NUX","19","DME GSV KJA KZN LED MCX MRV NBC OMS OVB RMZ SLY SVO SVX TJM UFA UUA UWWW VKO","7"
"NVA","3","BOG CLO SVI","4"
"NVI","2","TAS VKO","2"
"NVT","7","BSB CGH CNF GIG GRU VCP XAP","3"
"NWI","14","ABZ ALC AMS CFU FAO GRQ IBZ MAH MLA PFO PMI PRO RHO TFS","5"
"NYA","5","EYK NJC SVX TJM ZIA","3"
"NYI","1","ACC","1"
"NYK","3","MRE UAS WIL","3"
"NYM","11","AER DME LED MRV OMS OVB OVS SVX TJM UFA VKO","3"
"NYO","9","AGP ALC BBU BEG CLJ OTP PMI RMO WAW","3"
"NYR","1","YKS","1"
"NYS","1","HTO","1"
"NYT","5","AKY HEH LIW MDL RGN","3"
"NYU","8","HEH KET MDL MYT NYT RGN SNW THL","4"
"NZE","0","","0"
"NZH","7","CIF HET IKT KJA PEK TSN UBN","7"
"NZKM","2","KTF NSN","1"
"NZL","4","CIF HET HLD PKX","2"
"NZNE","1","GBZ","2"
"NZTL","0","","0"
"OAG","3","BNE MEL SYD","3"
"OAI","0","","0"
"OAJ","2","ATL CLT","2"
"OAK","0","","10"
"OAL","2","CGB VCP","1"
"OAX","11","CUN DFW HUX IAH IZT MEX MTY NLU PXM QRO TIJ","8"
"OBI","5","JRT MTE ORX STM TMT","1"
"OBN","3","COL CSA TRE","1"
"OBO","3","CJJ HND ICN","3"
"OBU","3","ABL OTZ SHG","1"
"OBX","3","BOT LMY SKC","1"
"OBY","1","CNP","1"
"OCC","1","UIO","2"
"OCJ","2","MIA PLS","2"
"OCM","6","ALH BNE BQB GET PER WLP","2"
"OCV","2","CUC EOH","1"
"ODB","3","BCN LPA PMI","3"
"ODE","1","PMI","1"
"ODN","3","BBN MUR MYY","1"
"ODO","1","IKT","1"
"ODY","1","VTE","2"
"OEC","1","DIL","1"
"OER","3","ARN CHQ RHO","2"
"OFU","1","PPG","1"
"OGD","1","SNA","1"
"OGG","8","ATL MSP ORD SAN SLC VNY YVR YYC","5"
"OGL","6","ANU BGI KAI LTM PBM POS","5"
"OGM","0","","0"
"OGN","2","ISG OKA","1"
"OGS","3","IAD MCO RDU","1"
"OGU","8","ADB DUS ECN ESB IST MUC SAW STR","5"
"OGV","2","OKU WDH","2"
"OGX","10","ALG AZR CZL DJG ELG IAM ORN TMR TUN VVZ","1"
"OGZ","9","AYT DME DWC IST LED SGC SSH SVO VKO","4"
"OHD","15","AMS BEG BSL BTS DTM FMM IST KTW LGW MAN MXP STR VIE WRO ZRH","9"
"OHE","8","DTU FYJ HEK HRB JGD JXA PKX PVG","3"
"OHH","2","KHV UUS","2"
"OHO","2","KHV NLI","1"
"OHS","3","SHJ SLL SYZ","4"
"OIA","2","BEL CKS","1"
"OIM","1","MYE","2"
"OIR","2","HKD OKD","1"
"OIT","6","HND ICN ITM NGO NRT TPE","12"
"OJU","1","PLW","1"
"OKA","45","ASJ BKK CJJ CTS DMK FOC FSZ FUK HGH HIJ HKG HND IBR ICN ISG ITM IWK KHH KIX KMI KMJ KMQ KOJ KTD KUL MMD MMY MYJ NGO NRT OGN OKE OKJ PEK PUS PVG RMQ RNJ SDJ SHI SIN TNN TPE UEO UKB","34"
"OKC","22","ATL AUS BWI CLT CUN DCA DEN DFW GUF IAH LAS LAX LGA MCO MDW MSP ORD PHX SEA SFB SLC VPS","10"
"OKD","11","AXT HKD KIJ KUH MMB MSJ NGO NKM OIR RIS SHB","3"
"OKE","4","ASJ KOJ OKA TKN","1"
"OKI","2","ITM IZO","2"
"OKJ","7","CTS HND ICN KHH OKA PVG TPE","7"
"OKL","1","DJJ","1"
"OKR","4","CNC HID MYI XMY","1"
"OKU","1","OGV","1"
"OLA","3","EVE OSL SRP","1"
"OLB","60","AMS ARN ATH BCN BER BES BHX BLQ BOD BTS BZO CDG CGN CLJ CPH DOL DUB DUS EIN FCO FRA FRL FSC GOA GVA HAM JFK KRK LCY LGW LHR LIL LIN LTN LYS MAD MAN MUC MXP NAP NCE NTE ORY OSL PEG PRG PSA RIX SOF STN STR SXB SZG TLS TRN TSR VCE VIE VRN ZRH","31"
"OLF","1","BIL","1"
"OLH","2","ADQ AKK","1"
"OLZ","2","KJA YKS","3"
"OMA","34","ATL AUS AZA BNA CLT DAL DCA DEN DFW DTW FLL GUF HOU IAH LAS LAX LGA MCO MDW MIA MSP ORD PGD PHL PHX PIE SEA SFB SFO SLC SRQ STL TPA VPS","9"
"OMD","1","ERS","1"
"OME","16","ANC DRG ELI GAM KKA KTS OTZ SHH SMK SVA TLA TNC UNK WAA WBB WMO","2"
"OMH","5","JED KIH MED MHD THR","13"
"OMN","2","SKD TAS","2"
"OMO","9","BEG BGY BRI DUB DUS FCO PMO SOF ZAG","5"
"OMR","9","AYT BGY DTM FCO HER MIR MUC OTP WAW","8"
"OMS","24","AER DME HKT HMA IKT KJA KZN LED MRV NJC NMA NQZ NYM OVB RMZ SGC SLY SSH SVO SVX TAS UFA UUD VKO","17"
"OND","1","ERS","1"
"ONG","5","BUC CNS DMD ISA NTN","1"
"ONJ","1","HND","1"
"ONK","1","YKS","1"
"ONQ","3","DTM DUS IST","3"
"ONS","1","PER","2"
"ONT","30","ATL AUS BJX BNA BOI BWI CLT DAL DEN DFW GDL HNL HOU IAH JFK LAS MDW MLM OAK ORD PDX PHX SAL SEA SFO SJC SLC SMF STS TPE","14"
"ONX","1","PAC","1"
"OOK","3","BET MYU TNK","2"
"OOL","22","ADL AKL AVV CBR CHC CNS DPS DRW DUD HBA HLZ HVB LDH MEL NAN NTL PER PQQ SYD WLG YRED ZQN","8"
"OOM","2","BNE SYD","1"
"OPF","4","DAL FTW HPN TEB","1"
"OPO","99","ADB ADD AGA ALC AMS ARN ATH BCN BEG BER BES BFS BHX BIO BLL BOD BOS BRI BRS BRU BSL BVC CAG CDG CGN CMN CPH CUN DJE DSS DUS EIN EWR FCO FNC FRA GIG GOT GRU GRX GVA HAM IBZ IST JFK KTW LAD LBA LGW LIN LIS LPL LTN LUX LYS MAD MAH MAN MIR MUC MXP NAP NBJ NCL NDR NRN NTE ORY OSL OTP PDL PMI PMO PRG PUJ PXO RAI RDZ REC RIX SID SOF STR SVQ SXB TER TFS TLV TUF VAR VCP VIE VRN VXE WAW WMI YUL YYZ ZRH","46"
"OPP","1","BEL","1"
"OPS","4","BSB CGB GRU VCP","3"
"OPU","3","DAU KMA TDS","1"
"ORB","5","HEL LCA LPA LPI RHO","2"
"ORD","251","ABE ABQ ADD ALB ALO AMM AMS ANC ASE ATH ATL ATW AUA AUH AUS AVL AVP AZO BCN BDL BEG BHM BIL BIS BJX BMI BNA BOG BOI BOS BRL BTV BUF BWI BZE BZN CAE CAI CAK CDG CGI CHA CHO CHS CKB CLE CLT CMH CMI CMX COS COU CPH CRW CUN CUR CVG CWA CZM DAL DAY DCA DEL DEN DFW DLH DOH DSM DTW DUB DXB EAU ECP EDI EGE ELP ERI EUG EVV EWR EYW FAI FAR FAT FCA FCO FLL FOD FRA FSD FWA GCM GDL GEG GRB GRR GRU GSO GSP GUA GUC HDN HEL HHH HKG HND HNL HPN HSV HVN HYA IAD IAH ICN ICT IDA ILM IND IRK IST IWD JAC JAX JFK JLN JST KEF KOA KRK LAF LAN LAS LAX LEX LGA LHR LIR LIS LIT LNK LNS LSE LWB LYH MAD MBJ MBS MCI MCO MDT MEM MEX MHK MIA MKE MKG MKL MLI MLM MNL MQT MSN MSO MSP MSY MTJ MTY MUC MVY MWA MYR NAS NRT OGG OKC OMA ONT OTP OWB PAH PBI PDX PHX PIA PIT PLS PNS PSP PTY PUJ PVD PVR PWM QRO RAP RDU RIC RNO ROA ROC RST RSW SAF SAL SAN SAT SAV SBN SCE SDF SEA SFO SGF SGU SHD SJC SJO SJU SLC SMF SNA SPI SRQ STL STT STX SUN SUX SXM SYR TBN TLV TPA TPE TRI TUL TUS TVC VIE WAW XNA YEG YHZ YQB YTZ YUL YVR YWG YYC YYZ ZRH","56"
"ORF","32","ATL BDL BOS BWI CHS CLT CMH DCA DEN DFW DTW EWR FLL HVN IAD IAH JAX JFK LAS LAX LGA MCI MCO MIA MSY ORD PHL PIT PVD SJU STL TPA","11"
"ORH","4","FLL LGA PHL RSW","3"
"ORI","2","ADQ KOZ","1"
"ORK","28","ACE ADB AGP ALC AMS BHX BIO BOD BRS BVA CCF CDG EDI FAO FUE GLA LHR LPA LYS MUC NCE PMI PRG RHO SZG TFS ZAD ZRH","6"
"ORN","29","AAE ALC ALG AZR BCN BOD BRU BSL CBH CDG CZL EBH ETZ GHA HME IAM IST LIL LYS MAD MPL MRS MZW NTE ORY PGF SSH TLS TUN","12"
"ORU","1","CBB","1"
"ORV","2","IAN OTZ","1"
"ORX","5","JRT MTE OBI STM TMT","1"
"ORY","108","AAE ABJ ACE ADB AGA AGP AHO AJA ALC ALG AOI ATH AUR AZS BCN BER BIA BJA BKO BLJ BSK BUD BVE CAG CAI CAY CFU CIY CLY CMN COO CUN CZL DCM DJE DUB DZA ESU EVN EWR FAO FCO FDF FEZ FLR FSC GOA GVA IBZ JED JSI KBP KGS KRK KTT LDE LIG LIN LIS LLA LPY MAD MED MIA MIR MLA MPL MRU NAP OLB OPO ORN OSL OTP OUD OVD PMI PMO PPT PSA PTP PUF QSF RBA REU RHO RUN SAW SKG SOF SPU SVQ TBS TFS TLM TLV TNG TNR TOE TRN TUN VAR VIL VLC VRN WAW YUL ZSA","25"
"OSD","5","AMS ARN CPH GRQ UME","4"
"OSI","4","DBV MUC SPU STN","2"
"OSL","92","AAL AAR ADB ADD AES AGP AJA ALC ALF AMS ATH BCN BDU BEG BER BGO BGY BHX BKK BLQ BOJ BRU BSL BTS BUD CDG CFU CTA DOH DUB DXB EFL EIN EVE FAE FAO FCO FLR FRA FRO GDN GVA GZP HEL HER HKT IST JTR KBP KEF KGS KKN KTW LGW LHR LIS LPA LUX MAD MAN MUC NCE OLA ORY PEK PLQ PMI PMO PRN PVK RHO RIX RRS SAW SDN SOF SPU SRP SSJ STN SVG SVJ SZZ TFS TLL VAR VCE VIE VLC VRN WAW ZRH","40"
"OSM","1","BGW","1"
"OSR","20","AGP AYT BOJ DJE DLM GRO HKT HRG KGS MIR MRU MUH NBE PMI PVK RMF RMU STN TIA WAW","5"
"OSS","28","ALA BSZ CEK DME IKG IKT IKU JED KHG KJA KWI KZN LED MCT MRV NJC OVB SAW SGC SHJ SVO SVX TAS TJM URC UWWW VKO ZIA","20"
"OST","8","ALC AOE CHQ IBZ LPA PMI RHO RMU","1"
"OSW","3","AER LED SVO","2"
"OSY","3","MQN RVK SSJ","1"
"OTD","1","PAC","1"
"OTH","2","DEN SFO","1"
"OTI","1","TTE","1"
"OTP","100","ALC AMM AMS ARN ATH AUH AYT BAY BCN BDS BEG BER BEY BGY BHX BJV BLL BLQ BRU BUD BVA CAI CDG CFU CGN CHQ CLJ CRL DAM DOH DTM DUB DUS DWC DXB EFL EIN ESB FAO FCO FRA GDN GOA GVA HEL HER IAS IBZ IST JFK JMK JSI JTR LBA LCA LGW LHR LIS LUX MAD MAN MLA MRS MUC MXP NCE NUE OMR ORD ORY OSL PEG PFO PMI PRG PSR RAK RHO RIX RMO RTM SAW SCV SKG STN STR SUF SVQ TFS TLV TSF TSR VIE VLC VRN WAW ZAD ZAZ ZRH ZTH","33"
"OTS","2","ESD FRD","1"
"OTZ","14","ABL ANC BKC DRG IAN KVL LUR OBU OME ORV PHO SHG WLK WTK","2"
"OUA","18","ABJ ADD ALG BKO BOY BRU CAI CDG CKY CMN COO DGAA DSS FNA IST LFW NIM TUN","14"
"OUD","22","AGA BCN BIA BRU BVA CDG CMN CRL EIN LIL LIS LYS MPL MRS NRN NTE ORY RAK RTM SXB TLS TNG","8"
"OUE","1","BZV","1"
"OUI","1","BES","1"
"OUL","5","CHQ FRA HEL RHO RIX","4"
"OUZ","1","NDB","1"
"OVB","90","ABA AER ALA ASB AYT AZN BAX BHK BKK BQS BSZ BTK BUS CEK CIT CMB CSY CXR DME DWC DXB DYU EVN FEG GDX GOJ GOX GSV GYD HKT HMA HTA IJK IKT IST KEJ KGD KGF KHV KJA KRR KYZ KZN LBD LED MCX MDL MJZ MRV NER NJC NMA NOJ NOZ NQZ NSK NUX NYM OMS OSS PEE PKC PKX PVG PWE PYJ REN RGK RMZ SGC SKD SLY SVO SVX SYX TAS TBS TJM TOF UFA UKK ULV UTP UUD UUS VKO VOG VVO XIY YKS","26"
"OVD","20","AGP ALC AMS BCN BGY BRU CRL DUB FLR FRA FUE LIS LPA MAD MLN MUC NRN PMI SVQ TFN","9"
"OVR","0","","0"
"OVS","10","AAQ AER DME EYK HMA LED NYM SVX TJM VKO","5"
"OWB","2","CLT ORD","1"
"OWD","1","MVY","1"
"OXB","7","ABJ CMN DSS IST LFW LIS RAI","7"
"OXC","0","","5"
"OYC","1","CAY","1"
"OYE","2","LBV POG","2"
"OYK","1","MCP","2"
"OZC","2","CEB MNL","3"
"OZG","2","CMN OZZ","1"
"OZZ","5","BCN CMN MRS ORY OZG","3"
"PAB","3","CCU DEL IXD","1"
"PAC","21","ACU BFQ BOC CHX CTD CZJ DAV ELE JQE MDE OGM ONX OTD PDM PUE PVE PYC RIH SIC SYP TUW","2"
"PAD","9","AGP ALC AYT FUE HRG LPA MUC PMI PRN","10"
"PAE","6","LAS PDX PHX PSP SAN SNA","1"
"PAF","1","EBB","1"
"PAG","2","CEB MNL","2"
"PAH","2","IAH ORD","1"
"PAP","10","ANU CAP CUR CYA FLL JFK MIA PUJ SDQ YUL","6"
"PAQC","1","WFB","0"
"PAS","5","ATH GRZ HER KLU SKG","4"
"PAT","16","AMD BBI BLR BOM CCU DEL DGH GAU GOX HDO HYD IXC IXR LKO MAA PNQ","4"
"PBA","1","SSA","1"
"PBC","17","AGU BJX CUN EWR GDL HUX IAH LAX MID MTY PVR SJD SLP TGZ TIJ VSA ZIH","3"
"PBD","1","BOM","1"
"PBG","5","FLL IAD PGD PIE SFB","2"
"PBH","17","BKK BOM BUT CCU DAC DEL DXB GAU GAY GLU HKG IXB KTM KUL PHH SGN SIN","2"
"PBI","42","ACY ATL AVL BDL BNA BOS BUF BWI CAK CHS CLE CLT CVG DCA DEN DFW DTW EWR GRR HPN HVN IAD IAH ILG ISP JFK LAX LGA MCO MEM MHH MSP ORD ORF PHL PIT PVD RDU RIC TEB YUL YYZ","16"
"PBM","13","AMS AUA BEL CAY CMW GEO HAV MIA OGL POS PTY SCU SDQ","8"
"PBO","2","BQB PER","2"
"PBQ","1","PVH","1"
"PBU","1","MYT","4"
"PCL","9","AYX IQT LIM SPBL SPCM SPEP SPPB SPSE TPP","5"
"PCN","1","WLG","1"
"PCP","1","TMS","2"
"PCR","2","BOG VVC","1"
"PDA","2","BOG VVC","1"
"PDB","2","ILI KNK","1"
"PDG","12","BTH CGK GNS HLP KNO KUL LXD MPC PKU RKI SIN YIA","10"
"PDL","26","AMS BCN BOS CDG DUS EWR FAO FLW FNC FRA HOR JFK LHR LIS LPA MAD OPO PIX PRG SJZ SMA TER VIE YUL YYZ ZRH","15"
"PDM","1","PAC","1"
"PDP","6","AEP ASU COR GRU POA VCP","4"
"PDS","1","MTY","1"
"PDT","1","PDX","1"
"PDV","9","AYT BFS BHX BTS LTN MAN MXP STN TLV","5"
"PDX","80","ABQ AMS ANC ATL ATW AUS AZA BFI BIL BLI BOI BOS BUR BWI BZN CLT CUN CVG DAL DCA DEN DFW DSM DTW EAT EUG EWR FAI FLL FNT FRA GDL GEG GRR HNL IAD IAH IDA IND JAC JFK KEF LAS LAX LGB LHR MCI MCO MDW MIA MSP MSY OAK ONT ORD PAE PDT PHL PHX PSC PSP PVR PVU RDM RNO SAN SBA SBP SEA SFO SJC SJD SLC SMF SNA STL STS TPA YVR YYC","22"
"PEC","1","JNU","1"
"PED","16","AGP ALC AYT BJV BOJ CFU GRO HER HRG KGS LWO MIR PMI RHO RMF SUF","4"
"PEE","33","AER AYT EVN GOI GYD HKT HRG KGD KGP KJA KRR KZN LED MCX MRV MSQ NJC NMA NNM NSK NUX OVB PES RGK SGC SSH SUI SVO TAS TJM USK UWWW VKO","21"
"PEG","11","CAG CTA LHR LMP MLA OLB PMO PNL RTM SUF TIA","6"
"PEI","8","ADZ BOG CTG EOH JFK MDE PTY SMR","5"
"PEK","229","AAT ADD AKL AKU ALA ALG AMS AQG ARN ASB ATH AUH BAR BAV BCN BEG BER BGW BHY BKK BOS BPX BRU BSR BSZ BUD CAI CAN CDG CGK CGO CGQ CIH CJU CKG CNX CPH CSX CTS CTU CXR CZX DAC DDG DEL DLC DLU DNH DOY DQA DSN DUB DXB DYG DZH EDI ENY FCO FNJ FOC FRA FUG FUK FYJ GMP GRU GVA GYD GYS HAK HAN HAV HET HFE HGH HIJ HKG HKT HLD HLH HMI HND HNY HRB HSF HTA HTN HUO HUZ HYN HZG IAD ICN IKA IKT INC ISB IST JDZ JFK JGS JHG JIQ JIU JJN JMU JNB JSJ JUZ JXA JZH KHG KHI KHN KIX KMG KOW KRL KRY KTI KUL KWE KWL LAX LED LFQ LGW LHR LHW LIJ LJG LLV LNL LPF LXA LYG LZH LZY MAD MDG MEL MFM MIG MLE MNL MSQ MUC MXP NDG NGB NGO NKG NNG NQZ NRT NTG NZH OKA OSL PRG PUS PVG RGN RLK RUH SDJ SEA SFO SGN SHA SHE SIN SQD SVO SWA SYD SYX SZX TAO TAS TFU TGO TIJ TLV TNH TPE TWC TXN TYN UBN URC UYN VIE VVO WAW WDS WEH WGN WMT WNZ WUA WUH WUX WXN XFN XIC XIL XIY XMN XNN YBP YCU YIC YIH YIN YIW YLX YNJ YNT YNZ YSQ YTY YVR YYA YYZ YZY ZHA ZHY ZUH","47"
"PEM","2","CUZ LIM","2"
"PEN","33","BKI BKK BTJ CAN CGK CKG DMK DOH DXB HAK HKG HKT JHB KBR KCH KMG KNO KUL KWE LGK MAA PVG RDN RGN SGN SIN SUB SZB SZX TAO TFU TPE XMN","30"
"PER","73","ADL AKL ALH ASP BKK BME BNE BQB BWB BYP CAN CBR CCK CDG CGK CJF CKW CNS CUY CVQ DOH DPS DRW DXB EPR FCO GET GTS GYL HBA HKG HKT JNB KAX KFE KGI KNX KQR KTA KUL LER LNO LST LVO MEL MJK MKR MMG MNL MRU NRT NTL OCM ONS OOL PBO PHE QPL SGN SIN SLJ SYD TEF WME WUI WUN WWI XCH YDLO YJUN YLAW YSRD ZNE","32"
"PES","13","AER DME KGD KZN MCX MMK MRV MSQ PEE SVO SVX UWWW VKO","3"
"PET","4","CGH FLN GRU POA","3"
"PEU","1","TGU","1"
"PEV","1","MUC","1"
"PEW","9","AUH DOH DXB JED KHI MCT RKT RUH SHJ","11"
"PEX","1","SCW","1"
"PEZ","5","AER DME LED MRV SVO","5"
"PFB","2","GRU VCP","3"
"PFO","47","AAR AMM AMS ATH BER BFS BGY BHX BOH BRS BRU BVA CGN CWL EMA EVN EXT GDN GLA HFA JMK KBP KTW KUN LBA LGW LHR LPL LTN MAN MLA MUC NAP NCL NWI ORY OTP POZ RHO SOF STN TLS TLV VIE WAW WMI WRO","22"
"PGA","3","DEN LAS PHX","1"
"PGD","42","ACY ALB ATW BGR BLV BNA CAK CHA CID CVG DAY DSM ELM GRR IAD IAG IND LCK LEX MDT MDW MLI MSP MSY MYR OMA PBG PIA PIT PSM PVD RFD RIC ROC SDF SGF SPI SWF SYR TOL TTN USA","2"
"PGF","8","CRL DUB LIL NTE ORN ORY RAK STN","5"
"PGH","1","DEL","1"
"PGK","5","BTH CGK PLM TJQ YIA","5"
"PGM","0","","0"
"PGQ","1","TTE","2"
"PGU","14","AJK AWZ CQD GBT IFN KER KIH KSH MHD RAS SRY SYZ TBZ THR","17"
"PGV","1","CLT","1"
"PHB","1","FOR","1"
"PHC","6","ABV DOH FRA KAN LOS SSG","7"
"PHE","5","BME GET KTA PER ZNE","7"
"PHF","1","CLT","1"
"PHH","11","BDP BHR BIR BWA JKR KEP KTM LXA PBH SIF TFU","9"
"PHL","124","ACK ALB AMS ART ATL AUA AUS AVL BCN BDA BDL BGI BGR BHM BNA BOS BTV BUD BUF CAE CDG CHS CLE CLT CMH CPH CUN CVG DAL DAY DCA DEN DFW DOH DSM DTW DUB ECP EDI EYW FCO FLL FRA GCM GRR GSO GSP HHH HYA IAD IAH ILM IND JAX LAS LAX LEX LHR LIR LIS MAD MBJ MCI MCO MDT MDW MEM MEX MHT MIA MKE MSN MSP MSY MVY MXP MYR NAS OMA ORD ORF ORH PBI PDX PHX PIT PLS PNS PRG PUJ PVD PWM RDU RIC ROA ROC RSW SAN SAV SBY SCE SDF SDQ SEA SFO SJU SLC SRQ STI STL STT SXM SYR TPA TVC TYS VCE VPS XNA YHZ YQB YUL YYZ ZRH","20"
"PHO","3","KVL LUR OTZ","1"
"PHS","1","DMK","3"
"PHX","133","ABI ABQ ANC ASE ATL ATW AUS AVL BDL BFL BHM BIL BNA BOI BOS BUF BUR BWI BZN CDG CEZ CLD CLE CMH CNY COS CUL CUN CVG DAL DCA DEN DFW DSM DTW EGE ELP EUG EWR FAT FCA FLG FLL GDL GEG GRR GUP HNL HOU IAD IAH ICT IDA IND IPL JAX JFK KOA LAS LAX LHR LIT LTO MAF MCI MCO MDW MEM MEX MFR MIA MKE MRY MSN MSP MSY MZT OGG OKC OMA ONT ORD ORF PAE PDX PGA PHL PIT PVR PVU RDM RDU RIC RNO RSW SAN SAT SBA SBP SCK SEA SFO SGF SGU SJC SJD SLC SMF SMX SNA SOW STL STS SUN SVC TEX TPA TPE TUL TUS TYS VEL YEG YLW YOW YQR YUL YVR YWG YXE YYC YYZ ZLO","29"
"PIA","13","AZA BNA CLT DEN DFW FLL LAS ORD PGD PIE SFB SRQ VPS","3"
"PIE","54","ABE ALB AVL BGR BLV BMI BNA CAK CID CKB COS CVG DAY DSM ELM EVV EYW FAR FNT FSD FWA GRR GSP HGR HSV HTS IAG IND LCK LIT MDT MEM MLI MSP OMA PBG PIA PIT PSM RFD RIC ROA SBN SDF SGF SWF SYR TOL TRI TTN TVC TYS USA XNA","2"
"PIH","1","SLC","1"
"PIK","3","ACE ALC FAO","1"
"PIN","1","MAO","1"
"PIP","3","AKN PTH UGB","1"
"PIR","1","DEN","1"
"PIS","4","AJA EDI LYS STN","3"
"PIT","55","ATL AUS BFD BNA BOS CHS CLT CUN DCA DEN DFW DTW DUB DUJ EWR EYW FLL IAD IAH JAX JFK KEF LAS LAX LGA LHR LNS MCO MIA MLB MSP MSY MYR ORD ORF PBI PGD PHL PHX PIE PUJ PVD RDU SAN SAV SDF SEA SFB SFO SLC SRQ TPA VPS YUL YYZ","19"
"PIU","1","LIM","3"
"PIX","3","LIS PDL TER","2"
"PIZ","1","BRW","1"
"PJA","1","LLA","1"
"PKA","0","","0"
"PKB","2","BKW CLT","1"
"PKC","15","BQS DYR GDX IKT KHV KJA OVB SVO UHPD UHPK UHPL UHPT UHPX UUS VVO","6"
"PKK","1","MDL","1"
"PKN","5","CGK KTG SMQ SRG SUB","3"
"PKR","1","JMO","3"
"PKU","13","BTH CGK GNS HLP KNO KUL PDG SIN SIQ SUB TJB WIEP YIA","12"
"PKV","4","AER KGD MRV VKO","1"
"PKX","190","AAT ACX AEB AKA ALA AMS AOG AUH AVA BAR BFJ BHY BKI BKK BSZ BWN BZX CAN CGD CGQ CIH CJU CKG CMB CMN CQW CSX CTS CTU CZX DAC DBC DIG DLC DLU DMK DMM DNH DOH DOY DPS DQA DSN DXJ DYG DYU ENH ERL FOC FRA FUO GMP GYU HAK HAN HCZ HEK HEL HFE HGH HJJ HKG HLD HND HRB HSC HSN HUZ HYN HZG ICN IKA IKT INC IQN ISB IST JBK JDZ JED JGD JGN JHG JIC JIQ JJN JMU JNH JRJ JUH JUZ KHG KHN KHV KIX KJA KLO KMG KOW KRL KTI KTM KUL KWE KWL LHR LHW LJG LLF LNL LUM LYI LZO MCT MEL MFM MIG MLE MXP MXZ NAO NBS NDG NGB NGO NKG NNG NRT NTG NZL OHE OVB PQC PVG RLK RUH SGN SHA SHE SHS SIN SQJ SVO SVX SWA SYD SYX SZX TAO TAS TCG TFU TGO UBN UKB URC UUS UYN VTE VVO WDS WEH WHA WNH WNZ WUA WUH WUX WUZ XIC XIY XMN XNN YBP YCU YIE YIH YIN YIW YKS YNJ YSQ YTW YTY YUS YZY ZAT ZHA ZUH ZYI","48"
"PKY","9","BDJ BPN CGK HMS KLP SMQ SRG SUB YIA","7"
"PKZ","5","CAN LPQ SAI SGN VTE","2"
"PLJ","4","BZE DGA PND TZA","2"
"PLM","8","BTH CGK HLP KUL PXA SIN SUB YIA","10"
"PLN","2","DTW ORD","2"
"PLO","1","ADL","2"
"PLQ","8","AMS AYT BGO CPH OSL RIX SSH STN","7"
"PLS","32","ANU ATL BGI BOS BWI CAP CLT DFW DTW EWR GDT HAV IAD IAH JFK KIN LHR MCO MIA MSP NAS NCA OCJ ORD PAP PHL POP SDQ STI XSC YUL YYZ","14"
"PLW","10","BPN CGK LUW MOH OJU PWX SUB TLI UOL UPG","7"
"PLX","5","ALA CIT KGF NQZ UZR","2"
"PLZ","4","CPT DUR HLA JNB","4"
"PMA","6","ARK DAR KIY MWZ TGT ZNZ","6"
"PMC","6","BBA BRC CCP PNT PUQ SCL","3"
"PMF","3","CAG PMO RMO","2"
"PMG","1","VCP","1"
"PMI","170","AAL ABZ ALC ALG AMS ANR ARN ATH AUH BCN BEG BER BES BFS BGO BHD BHX BIO BLL BOD BOH BRE BRN BRQ BRS BRU BSL BTS BUD BVA BZG CDG CGN CPH CRA CWL DRS DTM DUB DUS EDI EMA ERF EWR EXT FAE FCO FDH FKB FMM FMO FRA GCI GDN GHV GLA GOT GRO GRQ GRX GRZ GVA HAJ HAM HAU HEL IAS IBZ INV IOM JCL JKG KLR KRP KRS KSC KSD KSF KTW LBA LBC LCG LCY LEI LEJ LEN LGW LHR LIG LIL LIN LIS LNZ LPA LPL LTN LUX LYS MAD MAN MLN MME MMX MPL MRS MUC MXP NAP NCE NCL NDR NOC NRK NRN NTE NUE NWI ODE OMR OPO ORB ORK OSD OSL OSR OST OTP OVD PAD PED PIK POZ PRG PSA QSR REU RIX RJL RMO RNN RZE SBZ SCN SEN SIR SLM SNN SOF STN STR SVG SXB TFN TIA TLL TLS TRD TSF TSR VBY VIE VLC VLL VRN WAW WMI WRO YUL ZAZ ZRH","63"
"PML","3","AKN CDB NLG","1"
"PMO","78","AMS AOT ARN ATH BCN BEG BES BGY BHX BLQ BOD BRI BRS BRU BTS BUD CDG CGN CPH CUF DOL DTM DUB DUS EDI EWR FCO FLR FRA GVA HER IST JFK JTR LDE LGW LHR LIL LIN LMP LTN LUX LWO LYS MAD MAN MLA MUC NAP NCL NTE OLB OMO ORY OSL PMF PMI PNL PRG PSA RMI RTM SKP SOF SSH STR SXB TLV TRN TRS TUN VCE VIE VRN WAW WMI WRO ZRH","35"
"PMR","4","AKL BHE CHC NSN","2"
"PMV","17","AGV BLA BNS BRM CCS CGU ICC LFR MAR MUN POS STD SVZ TUV VIG VKO VLN","8"
"PMW","7","AUX BSB CNF GRU GYN SSA VCP","3"
"PMY","1","AEP","2"
"PNA","4","IBZ LPA MAD TFN","2"
"PND","2","BZE PLJ","2"
"PNH","34","BKK CAN CGK CGO CKG CSX DEL DMK DOH DSY DXB HAN HKG ICN KMG KOS KUL MFM MNL NGB NNG PEK PQC PVG SAI SGN SIN SYX SZX TFU TPE VTE WUH XIY","21"
"PNI","12","BNE ENT GUM HNL INU KSA KWA MAJ ROR TKK TRW YAP","3"
"PNK","14","BPN BTH CGK DPS KCH KNO KTG KUL PSU SIN SQG SRG SUB YIA","11"
"PNL","10","BGY BLQ CTA FCO LIN PEG PMO TPS VCE VRN","4"
"PNP","2","POM TFI","2"
"PNQ","38","AMD ATQ AUH BDQ BHO BKK BLR CCU CJB COK DED DEL DXB GAU GOI GOX HBX HYD IDR IXB IXC IXE IXR JAI JDH JLG KQH LKO MAA NAG NDC PAT SDW SSE STV TIR TRV VNS","8"
"PNR","14","ABJ ADD BKO BZV CDG COO DLA FIH IST LAD LBV LFW NKC POG","12"
"PNS","25","ATL BOS CGI CLT DAL DCA DEN DFW DTW FLL HOU IAH LGA MCO MDW MEM MIA MSL ORD PHL RDU SAT STL TPA XNA","11"
"PNT","2","PMC SCL","3"
"PNY","3","BLR HYD RJA","1"
"PNZ","4","GRU REC SSA VCP","3"
"POA","19","AEP BRC BSB CGH CNF CWB FLN GEL GIG GRU LIM LIS PDP PET PTY REC SCL URG VCP","8"
"POG","3","LBV OYE PNR","4"
"POJ","1","CNF","1"
"POL","4","DAR JNB MPM NBO","2"
"POM","21","AKL BNE CAN CNS DAU GKA GUR HGU HID LAE LNV MNL MXH PNP RAB SYD TBG TFI UNG VAI WWK","6"
"POP","17","ATL BOS CLT EWR FRA JFK KTW MIA PTY WAW YHZ YOW YQB YUL YYC YYZ ZRH","12"
"POR","1","HEL","1"
"POS","25","AMS ANU BGI CCS CUR DOM EWR FLL GEO IAH JFK LGW MCO MIA NAS OGL PBM PMV PTP PTY SLU SVD SXM TAB YYZ","12"
"POZ","44","ALC AMM AMS ARN AYT BJV BOJ BRI BSL BVA CFU CHQ CIA CPH DUB DXB FCO FRA GRO HER HRG KBP KUT LBA LPA LTN LWO MUC NBE NOS PFO PMI PMO PRG PUY SSH TGD TIA TRF TSF VLC VRN WAW ZAD","13"
"PPB","6","BPS CGH MCZ NAT REC VCP","2"
"PPG","5","APW FGI FTI HNL OFU","3"
"PPK","4","ALA CIT NQZ SSH","2"
"PPL","2","KTM LUA","4"
"PPN","3","BOG GPI TBD","3"
"PPP","5","ADL BNE CNS MEL SYD","3"
"PPQ","3","AKL BHE NSN","2"
"PPR","1","BTH","1"
"PPS","5","CEB CRK DVO ILO MNL","4"
"PPT","30","AHE AKL AUQ AXR BOB CDG FAV FGU GMR HHZ HNL HOI KHZ LAX MOZ NHV NOU NRT ORY RAR RFP RGI RMT RRR RUR SFO TIH TKV TKX TUB","10"
"PPV","1","WFB","1"
"PPW","3","KOI NRL WRY","1"
"PQC","42","ALA BKK BOM BSZ BTS CIT DAD DEL DMB DMK HAN HKG ICN IKT IST KHH KMG KTI KTW KUL MSQ NQZ OTP OVB PKX PRG PUS RMO RMQ SAI SGN SIN SVX SZB TAS TPE UBN VCA VGA VVO WAW XIY","35"
"PQI","1","BOS","1"
"PQM","1","NLU","1"
"PQQ","3","BNE LDH SYD","3"
"PQT","1","JAV","1"
"PRA","1","AEP","1"
"PRC","2","DEN LAX","1"
"PRG","141","ADB AGA AGP ALA ALC AMM AMS AOK ARN ASR ATH AUH AYT BAH BCN BDS BEG BEY BHX BIO BJV BKK BLQ BOD BOH BOJ BRI BRS BRU BSL BUD CAI CDG CFU CGN CPH CTA DBB DBV DJE DOH DUB DUS DXB EDI EIN EMA EVN FCO FLR FRA FUE GDN GVA GYD HAM HAN HEL HRG HRK IAS ICN IST JFK JSI KBP KBV KEF KSC KWI LBA LCA LGW LHR LIS LPA LPL LTN LUX LYS MAD MAN MLA MLE MUC MUH MXP NCE NOS NQZ NTE OLB OPO ORK ORY OSL OTP PEK PHL PMI PMO PQC PUJ PVK PVR PXO RHO RIX RMO RUH SAW SHJ SKG SKP SKU SOF SPC SPU SSH STN SVQ TAS TCP TFS TGD TIA TIV TLV TPE TRS TSF TSR VAR VIE VRN WAW YYZ ZAD ZAG ZNZ ZRH","74"
"PRI","1","SEZ","1"
"PRN","37","ADB ARN AYT BER BRU BSL BTS CGN CPH DTM DUS FCO FMM FMO FRA GOT GVA HAD HAJ HAM HEL HRG IST JED LJU LTN LUX MUC MXP NUE OSL RMI SAW STR SZG VIE ZRH","16"
"PRO","26","ACI AGP AMS BES BHX BRS CDG DUB DUS EMA EXT FAO GCI GLA LBA LGW LHR LPL MAN MME MUC NCL NWI PMI SGD TFS","12"
"PSA","48","AHO AMM AMS ARN ATH BDS BEG BHX BRI BRS BTS CAG CGN CIY CMN CPH DXB EBA EFL FRA HEL IAS IBZ JSI KTW LBA LGW LHR LTN LWO MAN NTE OLB ORY OSL OTP PMO PRG RBA REG RIX SEN SVQ TIA TLS TPS WAW ZAD","17"
"PSC","11","AZA DEN LAS LAX MSP PDX PHX SEA SFO SLC SNA","7"
"PSE","1","MCO","1"
"PSG","4","JNU KAE SIT WRG","2"
"PSJ","2","PLW UPG","2"
"PSM","5","MCO PGD PIE RSW SFB","2"
"PSO","3","BOG CLO MDE","3"
"PSP","29","ATL AUS BLI BOI DAL DEN DFW DSM IAD IAH JFK LAS LAX MDW MSP OAK ORD PAE PDX PHX SEA SFO SLC STS YEG YVR YWG YYC YYZ","15"
"PSR","17","AHO BGY CAG CRL EDFH FMM IAS KUN LUX MLA MXP NRN OTP PRG TIA TPS VLC","3"
"PSS","2","AEP COR","2"
"PSU","1","PNK","1"
"PSY","0","","0"
"PTA","1","ILI","1"
"PTF","1","NAN","1"
"PTG","1","JNB","1"
"PTH","6","AKN KCG KCL KCQ KMO KPV","1"
"PTO","2","CWB VCP","1"
"PTP","21","ANU BGI CAY CDG DOM FDF GBJ MIA MXP NTE ORY PAP POS SBH SDQ SFG SLU SXM YQB YUL YYZ","13"
"PTQ","2","BEL BVS","1"
"PTU","2","BET DLG","2"
"PTX","2","BOG CLO","2"
"PTY","49","ADZ AMS ASU ATL AUS BAQ BGI BOG BRM BSB BWI BZE CCS CDG CLO COR CUR DEN EWR FLL FLN GCM GIG GRU GUA GYE HAV IAH IST JFK MAD MAR MBJ MCO MDE MEX MIA POP POS PUJ SAL SDQ SFO SJO SJU TPA TUC VLN YYC","19"
"PUB","1","DEN","1"
"PUE","0","","0"
"PUF","8","AJA BES CDG FSC KIR LYS MRS ORY","5"
"PUG","3","ADL PXH YCPT","1"
"PUJ","85","AMS ARN ATL BFS BHX BNA BOG BOS BRM BTS BWI CCS CDG CLE CLO CLT COR CUR CVG DEN DFW DOM DTW EWR EZE FLL FRA GRU GYE HOU IAH IND JFK KIN KTW LGW LHR LIM MAD MAR MCI MCO MDE MDW MDZ MEX MIA MKE MSP MXP NLU OPO ORD ORY PAP PHL PTY RDU ROS SCL SFB SJU STL TPA UIO VLN YBG YDF YEG YFC YHM YHZ YOW YQB YQM YQR YQX YUL YWG YXE YXU YYC YYT YYZ ZRH","44"
"PUQ","9","BBA CCP MPN PMC PNT RGL SCL WPR WPU","4"
"PUS","44","ALA BKI BKK CEB CJU CNX CRK CTS CXR DAD DPS DYG FSZ FUK GUM HAN HKG KHH KIX KMJ KUL MFM MMY MNL MYJ NGO NRT PEK PQC PVG RMQ SGN SHE SIN SJW SYX TAG TAK TAO TPE UBN VTE XIY YNJ","22"
"PUU","4","BOG CLO IPI LQM","1"
"PUW","2","BOI SEA","1"
"PUY","28","AMS ARN BEG BHX CGN CPH CRL DUS EDI EMA FRA GOT HAJ KBP KTW LGW LTN MAN MUC NRN OSL POZ RTM STN STR ZAD ZAG ZRH","14"
"PUZ","2","BEF MGA","1"
"PVA","1","ADZ","1"
"PVC","2","BOS HPN","1"
"PVD","30","ATL BNA BWI CHS CLT CUN CVG DAB DCA DEN DTW FLL GSP ILM JFK LAX MCO MDW MSP ORD ORF PBI PGD PHL PIT RAI RIC RSW SAV SRQ","12"
"PVE","0","","0"
"PVG","206","AAT ADD ADL AKL AKU ALA AMS ARN ATH AUH AYN BAH BAR BAV BCN BEG BFJ BKI BKK BNE BRU BUD CAI CAN CCU CDG CEB CGK CGO CGQ CIF CIT CJU CKG CMB CMN CNX CPH CSX CTS CTU DBC DDG DEL DFW DLC DLU DMK DOH DOY DPS DQA DSN DTW DXB DZH ENH ENY EZE FCO FOC FRA FUG FUK FUO GVA HAK HAN HEL HET HFE HGH HIJ HKG HKT HLD HLH HND HNY HRB HUZ HZA ICN IKA IKT INC IQN IST JFK JGN JGS JHG JJN JMU JRJ KHH KHN KHV KIX KMG KMQ KOJ KOW KRL KRY KTI KTM KUL KWE KWL KZN LAX LED LGW LHR LHW LJG LNJ LNL LUM LYA MAD MAN MDG MEL MFM MIG MNL MRS MUC MXP NAO NBS NDG NGB NGO NGS NKG NNG NNY NRT OHE OKA OVB PEK PEN PKX PUS RUH SDJ SEA SFO SGN SHE SHF SHS SIN SJW SVO SWA SYD SYX SZH SZX TAE TAK TAO TAS TBS TEN TFU TNA TPE TSN TWU UBN UKB URC UYN VCE VIE VTE VVO WDS WEH WNZ WUH WUZ XIL XIY XMN XNN XNT YIW YKH YLX YNT YSQ YTW YVR YYA YYZ ZHA ZRH ZUH ZYI","89"
"PVH","8","BSB CGB CNF GRU JPR LBR MAO PBQ","4"
"PVK","45","AMS ARN BER BGY BHX BLQ BRI BRQ BRS BTS BUD BZO CFU CPH DUS EDI EFL EMA FCO FRA GOT HEL INN JSH LCA LGW LHR LTN MAN MUC MXP NCL NUE ORY OSL OSR PRG RDO STN STR SVG TLV VIE ZRH ZTH","25"
"PVR","49","AGU ATL AUS CJS CSW DEN DFW DTW GDL HOU IAH JFK LAS LAX MEX MSP MTY MXL NLU ORD PBC PDX PHX PRG QRO SAN SEA SFO SJC SLC SLP SMF SNA TIJ TLC YEG YHM YLW YOW YQB YQQ YQR YUL YVR YWG YXE YYC YYJ YYZ","24"
"PVS","1","DYR","1"
"PVU","17","AUS AZA BNA BUR DFW HOU IAD LAS MCO MDW PDX PHX RDU SBD SFB SFO SNA","3"
"PWE","6","DYR KPW NJC OVB VKO YKS","3"
"PWM","21","ATL BNA BWI CHS CLT CMH CVG DCA DFW DTW IAD JFK MCO MDW MSP ORD PHL RDU RSW SFO TPA","10"
"PWQ","2","ALA NQZ","2"
"PWX","2","GTO PLW","1"
"PXA","3","BKS HLP PLM","2"
"PXH","2","ADL PUG","3"
"PXM","10","DFW GDL IAH MEX MTY NLU OAX YVR YYC YYZ","10"
"PXN","4","AMD CCU DEL HYD","2"
"PXO","6","BGY FNC LIS LUX OPO PRG","7"
"PXU","3","DAD HAN SGN","4"
"PYB","2","BBI VTZ","1"
"PYC","0","","0"
"PYH","1","CCS","1"
"PYJ","4","IKT KJA MJZ OVB","3"
"PYT","1","CNF","1"
"PZE","0","","0"
"PZI","4","CAN CTU PKX XIY","4"
"PZU","10","ADD CAI DOG IST JED JUB KRT KSL MCT RUH","7"
"PZY","2","AYT LCA","2"
"QBC","1","YVR","1"
"QCU","2","JEG QJI","1"
"QEN","1","LYR","1"
"QFN","2","JNN QUV","1"
"QGP","1","REC","1"
"QGQ","2","BGKA JEG","1"
"QJE","1","JEG","1"
"QJI","2","JCH QCU","1"
"QMK","2","BGKA JEG","1"
"QOW","2","ABV LOS","6"
"QPL","0","","0"
"QRO","28","ACA ATL CJS CUN CUU DFW DGO DTW GDL HMO IAH LAP LAX MAD MCO MEX MID MTY MZT OAX ORD PVR SAT SJD TIJ TRC VER ZIH","9"
"QRW","2","ABV LOS","3"
"QRY","2","BGKA QFI","1"
"QSF","6","ALG LIL LYS MRS ORN ORY","5"
"QSR","14","BGY CRL GOA JMK JTR LUX LYS MXP NTE PMI RHO STN VIE ZTH","5"
"QSZ","13","AAT AKU BPL HMI HTN KCA NGQ TFU TWC URC XIY XNN YIN","5"
"QUB","1","MJI","1"
"QUO","2","ABV LOS","1"
"QUV","2","QFN XEQ","1"
"QUW","2","JJU JNN","1"
"RAB","5","BUA HKN KVG LNV POM","3"
"RAE","5","CAI DMM HAS JED RUH","5"
"RAH","3","HAS JED RUH","2"
"RAI","20","BVC CDG CMN DSS LFW LIS LUX LYS MMO MRS OPO OXB PDL PVD REC SFL SID SNE VXE ZRH","11"
"RAK","90","ACE ALC AMS ARN ATH ATL BCN BER BES BFS BHX BIO BLQ BOD BRS BRU BSL BUD BVC CDG CIA CLJ CMN CPH DOH DSS DUB DUS EDI EIN EUN EWR FAO FCO FNC FNI FRA GLA GVA HEL IST JED LBA LGW LHR LIL LIS LPA LPL LTN LUX LYS MAD MAN MED MPL MRS MUC MXP NCE NCL NTE OPO ORY OSL OTP PMO PRG RAI RIX RNS RTM SEN SID SOF SSH STN SXB TFN TFS TLS TLV TRN VIE VIL VXE WAW XCR YUL ZRH","41"
"RAM","2","DRW GOV","2"
"RAO","11","BPS CGH CNF FOR GRU JPA MCZ NAT REC SSA VCP","3"
"RAP","9","ATL AZA CLT DEN DFW LAS MSP ORD SFB","8"
"RAQ","1","UPG","1"
"RAR","12","AIT AIU AKL BNE CHC HNL MGS MHX MOI MUK PPT SYD","5"
"RAS","5","GSM MED NJF SYZ THR","4"
"RBA","36","AGA AGP AMS BCN BOD BRU BSL BVA CDG CIA CRL ERH EUN FKB GVA IST JED LGW LYS MAD MAN MPL MRS MXP NCE NRN NTE OPO ORY OUD PSA STN SVQ TUN VIL VLC","10"
"RBB","1","MAO","1"
"RBQ","1","CBB","2"
"RBR","5","BSB CNF CZS GRU MAO","3"
"RBV","1","MUA","1"
"RBX","0","","0"
"RBY","5","FAI GAL HSL KAL TAL","2"
"RCB","1","JNB","1"
"RCE","2","FBS LKE","1"
"RCH","3","BAQ BOG MDE","3"
"RCM","4","HGD ISA JCK TSV","1"
"RCQ","1","ROS","1"
"RCU","1","AEP","1"
"RCY","1","NAS","1"
"RDD","4","DEN LAX SEA SFO","2"
"RDM","10","BUR DEN LAS LAX PDX PHX SAN SEA SFO SLC","6"
"RDN","2","SZB XSP","1"
"RDO","4","AYT LCA PVK TIA","4"
"RDP","5","BLR BOM DEL HYD MAA","1"
"RDU","72","ACY ATL AUS BGR BNA BOS BTV BWI CAK CDG CLE CLT CMH CUN CVG DAB DAL DCA DEN DFW DUB EWR EYW FLL FRA HOU HPN HVN IAD IAH IND ISP JAX JFK KEF LAS LAX LGA LHR MCI MCO MDW MEX MHT MIA MSN MSP MSY ORD PBI PHL PHX PIT PTY PVD PWM ROC RSW SAN SDF SEA SFO SJU SLC SRQ STL SYR TPA VRB YUL YVR YYZ","23"
"RDV","3","ANI SLQ SRV","1"
"RDZ","7","AJA BIA CRL OPO ORY PMI STN","2"
"REC","33","AEP AJU BEL BSB CAU CGH CJZ COR CPV CWB EZE FEN FOR GIG GRU IGU JAW JDO JPO LIS MAD MAO OPO PNZ POA PPB QGP RAI SCL SJP SSA THE UDI","8"
"REG","14","BCN BER BLQ BVA CRL FCO KTW LIN MXP PMF PSA STN TRN VCE","2"
"REL","3","AEP FTE USH","1"
"REN","10","AER GOJ GYD KZN LED MRV OVB SSH SVO SVX","11"
"RES","4","AEP COR IGR SLA","2"
"RET","2","BOO SVJ","1"
"REU","20","ABZ BFS BHX BOH BRS BRU CRL CWL EMA GLA LBA LGW LPL LTN MAN NCL OPO ORY PMI STN","8"
"REW","5","BHO DEL IDR JLR RPR","3"
"REX","5","CUN GDL MEX NLU VER","4"
"RFD","8","AZA BNA FLL LAS PGD PIE SFB SRQ","1"
"RFP","5","BOB HUH MAU MOZ PPT","2"
"RGA","5","AEP CRD FTE RGL USH","2"
"RGI","6","BOB FAV MVT PPT TIH XMH","2"
"RGK","14","DME HTA IKT KCY KJA KZN LED OVB PEE SGC SVO SVX UFA UUD","10"
"RGL","9","AEP CRD EZE FTE MPN PUQ REL RGA USH","4"
"RGN","29","BKK CAN CKG CNX CSX DAC DAD DEL DMK DXB GAY HAN HKT ICN KAW KMG KTI KUL MAA MGZ NNG NYT PEK PEN SGN SIN TPE TVY VTE","14"
"RGO","1","FNJ","1"
"RGT","1","BTH","1"
"RHD","1","AEP","1"
"RHI","2","MSP ORD","2"
"RHO","116","AMS AOK ARN ATH BAH BEG BER BFS BGY BHX BLQ BOH BRI BRN BRQ BRS BRU BTS BUD CDG CGN CHQ CLJ CPH CTA CWL DUB DUS EDI EIN EMA ERF EVN EXT FCO FDH FMM FMO FRA GLA GOT GRQ GRZ GVA HAJ HAM HEL HER HFA IAS JCL JKH JKL JMK JNX JTR KBP KGS KSC KUN LBA LCA LGW LHR LIL LIN LLA LPL LRS LTN LUX LWO LXS LYS MAN MJT MLO MOL MUC MXP NAP NCL NRN NTE NUE NWI ORY OSL OSR OST OTP POZ PRG RIX RMO RTM RZE SAW SBZ SKG SMI STN STR SVG SZG TIA TKU TLL TLV TRD TSR VIE VRN WAW WMI ZRH","48"
"RHP","3","KTM LUA PPL","3"
"RIA","2","FLN POA","1"
"RIB","2","TDD VVI","1"
"RIC","35","ATL BDL BNA BOS BWI CHS CLT DEN DFW DTW FLL IAD IAH ISP JAX JFK LAS LAX LGA MCO MDW MIA MSP MSY ORD PBI PGD PHL PHX PIE PVD RSW SFO SJU SRQ","13"
"RIH","3","PAC YUL YYZ","3"
"RIM","1","TPP","1"
"RIS","2","CTS OKD","2"
"RIW","1","DEN","1"
"RIX","67","AAR ABZ AGP ALC AMS ARN ATH AYT BCN BEG BER BGO BGY BOJ BRU BUD CGN CPH CRL DUB DXB EDI EMA FCO FRA GOT GPA GVA HAM HEL HER HRG IST KBP KEF LBA LGW LWO MAN MLA MUC NBE NCE OLB OPO PFO PLQ PRG RAK SKG SOF SSH STN TAS TFS TIA TIV TKU TLL TRF TSF VCE VIE VLC VRN WAW ZRH","18"
"RIY","5","ADE CAI DWC JED SCT","1"
"RIZ","8","DLC DSN KMG PVG SHE SZX TYN WUH","5"
"RJA","6","BLR BOM DEL HYD MAA TIR","3"
"RJB","1","KTM","1"
"RJH","2","CXB DAC","3"
"RJK","13","ARN BEG CGN CRL DUS FRA GDN HAM KTW LUZ MUC STN ZRH","7"
"RJL","3","BCN MAD PMI","2"
"RJM","1","SOQ","1"
"RJN","1","THR","2"
"RKD","1","BOS","1"
"RKE","2","BYR EKAE","2"
"RKI","1","PDG","1"
"RKS","1","DEN","1"
"RKT","12","CAI CCJ CNN COK DME HYD JED KBP KZN LKO SVX TAS","3"
"RKV","7","AEY BIU CNP EGS GJR IFJ VEY","2"
"RKZ","4","CTU SJW XIY XNN","2"
"RLG","1","AYT","1"
"RLK","9","CAN CGO HET PEK PKX PVG TFU TGO XIL","5"
"RLO","2","AEP VME","2"
"RMA","2","BNE CTL","2"
"RMF","28","AMS BER BGY BLQ BRQ BTS BUD CAI CGN DUS FCO FRA GDN HAJ HAM KBP LWO MUC MXP NUE OSR PRG STR SZG VIE VRN WRO ZRH","12"
"RMI","19","BSL BUD CAG CGN HRK KTW KUN LGW LHR LUX MUH PMO PRN RMO SOF SSH STN TIA VIE","8"
"RML","8","ACJ BTC GIU HRI JAF KCT TRR VCCV","3"
"RMO","63","ADB ALC AMS ATH AYT BCN BER BGY BJV BLQ BRE BRI BUD BVA CGN CPH CRL DTM DUB DUS DXB EDFH EVN FMM FRA GYD HAM HER HRG IST KBP KTW LCA LIS LYS MAD NCE NYO ORY OTP PMF PMI PRG RIX RMI SAW SSH STN STR TAS TBS TFS TIV TLV TRN VCE VIE VLC VRN WAW WMI WRO ZTH","24"
"RMP","1","FAI","1"
"RMQ","19","CJU DAD HAN HKG HUN ICN KMJ KNH LZN MFM MZG NGO NKG OKA PQC PUS SGN TAK UKB","11"
"RMT","2","PPT RUR","1"
"RMU","21","BCN BHX BIO BOH BRQ BRS DUB EMA LGW LIL LPA LTN MAN MRS NDR OST OVD PIK PRG TFN VCE","7"
"RMZ","11","KZN LED NBC NUX OMS OVB SGC SVX UFA UWWW VKO","1"
"RNA","1","HIR","1"
"RNI","2","BEF MGA","1"
"RNJ","1","KOJ","1"
"RNL","2","BNY HIR","1"
"RNN","9","BLL CHQ CPH JSI KGS LPA PMI RHO SGD","5"
"RNO","22","ATL AUS BNA BUR DAL DEN DFW GDL JFK LAS LAX LGB MDW MSP ORD PDX PHX SAN SEA SFO SJC SLC","14"
"RNP","2","BII EAL","1"
"RNS","16","AJA AMS BIA CDG CLY DUB FSC GVA LGW LYS MAN MPL MRS NCE RAK TLS","9"
"ROA","9","ATL CLT DFW LGA ORD PHL PIE SFB SRQ","5"
"ROB","11","ABJ ADD BJL BRU CKY CMN DGAA FNA LFW LOS NBO","8"
"ROC","25","ATL BNA BOS BWI CHS CLT DCA DTW EWR FLL IAD JFK LAL LGA MCO MDW MIA ORD PGD PHL RDU RSW SRQ TPA USA","11"
"ROI","1","DMK","1"
"ROK","4","BNE CNS MKY TSV","3"
"RON","3","BOG EOH EYP","2"
"ROP","2","GUM SPN","1"
"ROR","12","BNE CRK GUM HKG INU MAJ MNL NRT PNI TPE TRW YAP","10"
"ROS","15","AEP BRC CFB FLN GIG GRU IGR LIM MAD MDZ NQN PTY PUJ RCQ SLA","8"
"ROT","3","AKL CHC WLG","1"
"ROV","40","AER ASF AYT BEG BSZ CAI CEK DME DXB EVN GOI GOJ GRV GSV GYD HKT IST KGD KLF KZN LED MCX MRV MSQ NSK OGZ OMS OVB PEE SIP SVO SVX TAS TJM TLV UFA UTP VKO VOG ZNZ","17"
"ROW","2","DEN DFW","2"
"RPLN","2","CYZ TUG","3"
"RPLT","2","BSO TUG","3"
"RPM","2","DRW GOV","1"
"RPR","16","AMD BBI BHO BLR BOM CCU COK DEL GOI HYD IDR JGB LKO MAA NMI PNQ","2"
"RPSB","1","CEB","1"
"RPU","2","CAF MAO","1"
"RQA","5","HTN IQM KRL TLQ URC","3"
"RQY","5","BLR GOX HYD MAA TIR","3"
"RRG","2","MRU RUN","2"
"RRJ","2","CNF VCP","1"
"RRK","1","BBI","1"
"RRR","1","HOI","1"
"RRS","1","OSL","1"
"RSA","1","AEP","1"
"RSD","11","BIM FPO GGT GHB GHC MAY MHH MYEB NAS TYM ZSA","2"
"RSH","1","ANI","1"
"RSI","6","DOH DXB JED MLE MXP RUH","4"
"RSJ","1","LKE","1"
"RSS","1","KRT","1"
"RST","2","MSP ORD","3"
"RSU","2","CJU GMP","3"
"RSW","76","ABE ACY ALB ATL ATW AUS BDL BGR BNA BOS BTV BUF BWI CAK CHS CLE CLT CMH CVG DAL DCA DEN DFW DSM DTW EAU EWR FRA GRR GSP HAV HOU HPN HVN IAD IAH ILG ILM IND ISP JFK LAN LAS LAX LGA MCI MCO MDW MHT MKE MSN MSP MSY ORD ORF ORH PHL PHX PIT PSM PVD PWM RDU RIC ROC SBN SDF SEA SFO SLC STL SWF SYR TTN YUL YYZ","17"
"RTA","2","NAN SUV","2"
"RTB","16","ATL BZE DEN DFW GJA GUA IAH LCE MIA MSP SAP TGU UII XPL YUL YYZ","10"
"RTG","1","KOE","1"
"RTI","2","KOE SAU","2"
"RTM","24","AGP AHU ALG ATH EGC FUE GRO HER IBZ INN KAO KGS LCY LPA NDR OTP PMO RHO SAW SPU TLN TNG ZAD ZTH","9"
"RTU","2","AAP BEJ","1"
"RUA","3","EBB HSYE KJJ","3"
"RUH","113","ABT ADD ADE AER AHB AJF AMM AMS AQI ATH ATL ATZ AUH AYT BAH BCN BEY BGW BHH BJV BLR BOM BUS CAI CAN CCJ CDG CMB CMN CNN COK DAC DAM DBB DEL DMK DMM DOH DWC DXB EAM EBB ELQ EVN FCO FRA GIZ GVA GYD HAS HBE HKG HMB HRG HTY HYD ISB IST JED JFK JMK JTR KBL KHI KRK KRT KTM KWI LHE LHR LKO LWO MCT MED MLE MNL MUC MUX NBO NCE PEK PEW PKX PRG PVG PZU RAE RZV SAW SHJ SIN SJJ SKT SLL SPX SSH SUB SZG SZX TAS TBS TIA TIF TIV TRV TUU TZX ULH URY VCE VIE VKO WAW","65"
"RUI","1","DEN","1"
"RUL","4","GAN GKK KDM MLE","1"
"RUM","1","KTM","2"
"RUN","12","BKK CDG DIE DZA JNB MAA MRS MRU ORY TLS TMM TNR","7"
"RUP","2","CCU GAU","1"
"RUR","3","PPT RMT TUB","1"
"RUT","1","BOS","1"
"RVE","3","BGA BOG TME","2"
"RVK","2","OSY TRD","1"
"RVN","43","ADB AMS BCN BER BFS BGY BHX BOD BRS BVA CDG CPH CRL DUB DUS EDI FCO FRA GVA HEL IST LGW LPL LTN LUX LYS MAD MAN MUC MXP NAP NCE NCL ORY SEN SNN STN STR TLV TOS VIE WAW ZRH","22"
"RVV","3","PPT RUR TUB","1"
"RVY","1","MVD","1"
"RXS","1","MNL","3"
"RZE","15","ALC BJV BRS DUB EWR FCO FRA GDN LTN MAN MLA MXP TGD WAW ZAD","5"
"RZR","2","MHD THR","2"
"RZV","9","ADB ELQ ESB IST JED KWI MCT RUH SAW","6"
"S31","2","BLI FRD","1"
"SAB","1","SXM","1"
"SAE","2","IKE UMD","1"
"SAF","6","DAL DEN DFW IAH LAX PHX","3"
"SAG","5","BLR CJB DEL HYD MAA","1"
"SAH","1","AMM","1"
"SAI","17","BKK CCU DAD DMK DXB HAN HKT KMG KOS KTI KUL LPQ PKZ PQC SGN SIN SZX","12"
"SAL","32","ATL BOG BOS CUN DFW EWR GUA GYE IAD IAH JFK LAS LAX LIM MAD MCO MDE MEX MGA MIA OAK ONT ORD PTY RTB SAP SFO SJO UIO XPL YUL YYZ","15"
"SAN","76","ABQ AMS ANC ATL AUS BOI BOS BWI BZN CLT CMH COS CVG DEN DFW DTW EGE ELP EUG EWR FAT FCA FLL GEG HDN HNL HOU IAD IAH IND JAC JAX JFK LAS LAX LHR MCO MFR MIA MKE MRY MSO MSP MSY MUC NRT OAK OGG OMA ORD ORF PDX PHL PHX PIT PTY PVR RDU RNO SAT SBA SBP SEA SFO SJC SLC SMF STL STS TPA TUL TUS YUL YVR YYC YYZ","20"
"SAP","17","ATL BZE EWR FLL GUA IAH JFK LCE MAD MCO MEX MIA MSY PTY RTB SAL SJO","15"
"SAQ","1","NAS","1"
"SAR","2","MHD THR","1"
"SAT","46","ABQ ATL BJX BNA BOS BWI CLT COS CUN DAL DCA DEN DFW DTW ELP EWR FLL HOU IAD IAH JFK LAS LAX MCI MCO MDW MEM MEX MIA MSP MSY MTY ORD PHL PHX PNS QRO RDU SAN SEA SFO SLC STL TPA TRC YYZ","14"
"SAU","3","ENE KOE WGP","1"
"SAV","27","ATL ATW BDL BOS BWI CAK CLT CMH DCA DEN DFW DTW EWR FLL GRR HPN HVN IAD IAH JFK LGA MIA MSP ORD PHL PVD STL","13"
"SAW","98","ADB ADF AKX ALA ALC ALG AMS ARN AUH AYT BAH BAL BEG BER BEY BGW BGY BHX BJV BRS BSL BSZ CAI CGN CIT CMN COV CRL DMM DNZ DOH DTM DUS DXB EDO ELQ ESB EZS FCO FRA GYD GZT HAM HBE HEL HRK HSA IFN IGD JED KBL KHE KHI KSY KUL KWI LED LGW LJU LWO LYS MCT MED MJT MQM MRS MUC MZH NAV NCE NQZ NUE OGU OSL OTP PRG PRN RHO RMO RUH RZV SCO SHJ SPX SSH STN STR SZF TBS TJK TNG TZX URA VAN VAS VIE ZAG ZRH","17"
"SBA","12","DEN DFW LAS LAX ORD PDX PHX SAN SEA SFO SLC SMF","7"
"SBD","2","PVU SFO","1"
"SBG","1","BTJ","1"
"SBH","8","ANU AXA PTP SAB SFG SJU STT SXM","7"
"SBN","13","ATL CLT DFW DTW FLL IAD LAS MCO MSP ORD RSW SFB TYS","5"
"SBP","6","DEN DFW LAX PDX PHX SFO","5"
"SBR","4","GIC HID SYU XMY","2"
"SBT","2","DME VKO","2"
"SBW","8","BKI BTU JHB KCH KUL MKM MYY SIN","5"
"SBY","4","CLT FLL MCO PHL","2"
"SBZ","12","BGY DTM FCO FKB FMM HAM HER LCA MAD NUE RHO VIE","4"
"SCC","5","ANC BRW BTI FAI NUI","2"
"SCE","2","ORD PHL","2"
"SCF","8","APA BUR CLD DAL LAS SLC SMO SNA","1"
"SCK","2","LAS PHX","1"
"SCL","65","AEP AKL AMS ANF ARI ASU ATL BBA BCN BOG BRC BSB CCP CDG CJC CLO CNF COR CTG CUN CUZ CWB DFW EZE FLN FOR FTE GIG GRU GYE IAH IGU IQQ IST JFK LAX LHR LIM LPB LSC MAD MCO MDE MDZ MEL MEX MIA MPN MVD NQN PDP PMC PNT POA PTY PUJ PUQ REC SSA SYD TRU VVI YUL YYZ ZCO","25"
"SCM","3","BET HPB VAK","1"
"SCN","8","ALC AYT BER HAM HER PMI RHO SUF","6"
"SCO","22","AKX ALA BUS CIT DOH DXB EVN GUW GYD HSA IST KGF KOV KUT NCU NQZ SAW SVO TBS UFA UGC URA","7"
"SCQ","24","ACE AGP ALC AMS BCN BIO BSL CRL DUB EWR FRA FUE GVA IBZ MAD MLN ORK RAK STN SVQ TFN TFS XRY ZRH","9"
"SCR","12","AAL AAR AGH AMS ARN BRU CPH DUS GRQ LGW MAN THN","9"
"SCT","4","AAY ADE JED RIY","1"
"SCU","7","CUR HAV JBQ KIN MIA PAP PBM","6"
"SCV","11","BGY BHX BLQ CRL DTM FKB HER LCA LTN OTP SSH","5"
"SCW","11","AER LED MRV NNM PEX SVO SVX USK UTS VKO VKT","7"
"SCY","2","GYE UIO","2"
"SCZ","2","HIR LLM","1"
"SDD","5","CBT LAD NOV VPE WDH","1"
"SDE","1","AEP","2"
"SDF","27","ATL BOS BWI CHS CLT DCA DEN DFW EWR FLL IAD LAX LGA MCO MDW MIA MSP ORD PHL PHX RDU RSW SAV SFB SFO TPA VPS","10"
"SDG","2","EBL THR","3"
"SDJ","14","CTS DMK FUK HIJ HKG ICN ITM KHH KIX NGO OKA PVG TPE UKB","17"
"SDK","4","BKI KUL LDU TWU","4"
"SDL","2","ARN LPA","2"
"SDN","4","BGO HOV OSL SOG","1"
"SDP","2","ANC CDB","1"
"SDQ","20","ANU BOS BRM CCS EIS EWR EZE FCO GEO MAR MIA PAP PBM PHL SAL SJU STX SXM VLN YUL","9"
"SDR","20","AGP ALC BCN BLQ CRL DUB GRX IBZ LPA MAD MAH OTP PMI SOF SVQ TFN TIA VGO VLC XRY","6"
"SDU","7","BPS BSB CGH CNF GRU SSA VCP","3"
"SDW","3","BLR HYD PNQ","1"
"SDY","1","BIL","1"
"SEA","122","ABQ ACV AMS ANC ATL AUS BCN BIL BLI BNA BOI BOS BUR BWI BZE CDG CKG CLE CLT CMH CPH CUN CVG DCA DEN DFW DOH DTW DUB DXB EAT EGE EUG EWR FAI FAT FCA FCO FRA GDL GEG GTF HDN HEL HKG HLN HND HNL HOU IAD IAH ICN ICT IDA IND IST JAC JFK JNU KEF KOA LAS LAX LGB LHR LIH LIR LWS MCI MCO MDW MEX MFR MIA MNL MRY MSP NRT OAK OGG OKC OMA ONT ORD PDX PEK PHL PHX PIT PSC PSP PUW PVG PVR RDM RDU RNO RSW SAN SAT SBA SBP SFO SIN SIT SJC SJD SLC SMF SNA STL STS SUN TPA TPE TUL TUS YKM YLW YVR YYC YYZ","40"
"SEB","2","BEN MJI","4"
"SEK","2","PWE YKS","2"
"SEN","16","ACE ALC AMS AYT BCN BER BUD GVA LEI LPA NBE PRO PSA RAK SZG TFS","1"
"SES","1","KJA","1"
"SEU","8","ARK DAR EBB JRO LKY MWZ PMA ZNZ","8"
"SEZ","20","ADD AUH BOM CDG CMB DAR DOH DXB FCO FRA IST JNB MRU NBO PRI SVO TFU TLV TNR ZRH","14"
"SFA","4","BEN MJI MRA ORY","3"
"SFB","0","","1"
"SFD","1","CCS","1"
"SFF","1","BFI","1"
"SFG","3","FDF PTP SBH","2"
"SFJ","4","CPH GOH JAV JHS","1"
"SFL","1","RAI","1"
"SFN","1","AEP","1"
"SFO","132","ABQ ADL AKL AMS ANC ASE ATL AUS BCN BIH BNA BNE BOI BOS BUR BWI BZE BZN CAN CDG CHC CLE CLT CMH CPH CUN CVG DAL DCA DEL DEN DFW DOH DTW DUB DXB EGE EUG EWR FCO FLL FRA GDL GEG GUA HDN HKG HND HNL IAD IAH ICN IND IST JAC JFK KIX KOA LAS LAX LHR LIH LIR LIS LTO MAD MCI MCO MDW MEL MEX MFR MIA MNL MRY MSO MSP MSY MTJ MUC NAN NRT OGG OMA ONT ORD ORY OTH PDX PEK PHL PHX PIT PPT PSP PTY PVG PVR PVU RDM RDU RIC RNO RSW SAL SAN SAT SBA SBD SBP SDF SEA SGN SIN SJD SJO SLC SNA STL SYD TER TPA TPE TUS WAW WUH YUL YVR YYC YYZ ZIH ZRH","59"
"SFT","2","ARN GDN","3"
"SGC","39","AER AYT BAX BSZ CEK CSY DWC EVN EYK FEG GRV GYD HKT KJA KRR KZN LBD LED MCX MRV NBC OMS OSS OVB PEE RGK RMZ STW SVO SVX TAS TJM TOF UFA URJ UUA UWWW VKO VOG","13"
"SGD","3","CPH PRO RNN","1"
"SGF","7","ATL CLT GUF LAS ORD PHX PIE","4"
"SGG","1","AGM","1"
"SGN","72","AMD ASB BKI BKK BLR BMV BOM CAN CCU CDG CEB CKG CSX CXR DAD DEL DIN DLI DMK DPS DXB DYG HAK HAN HGH HKG HND HUI ICN IST KHH KMG KOS KTI KUL LHR LJG MEL MNL MUC NGB NGO NKG NNG NRT PBH PEK PER PKX PKZ PQC PUS PVG PXU RGN RMQ SAI SIN SVO SYD SZX TAO TBB TFU TNA TPE UBN VDH VII VTE WUH XMN","53"
"SGO","4","BNE CMA WTB XTG","1"
"SGU","6","DEN DFW LAX ORD PHX SLC","3"
"SGX","2","DAR MYW","1"
"SGY","2","HNS JNU","1"
"SHA","82","BHY CAN CGD CGO CGQ CKG CSX CTU CWJ DAT DIG DLU DNH DOY DQA DSN ENH FOC FUG FUO GMP HAK HET HKG HLD HLH HND HNY HRB INC IQN JDZ JGN JJN JUH KCA KHG KHN KMG KOW KWE LHW LJG LUM LXA LYA LYI LZH LZO MDG MFM PEK PKX SHE SJW SQJ SWA SYX SZX TAO TFU TNA TSA TSN TYN URC UYN WEH WNH WUA WUH WUS XAI XFN XIY XMN XNN YNJ YNT YNZ ZQZ ZUH","25"
"SHB","3","CTS HND OKD","3"
"SHC","3","ADD MQX SZE","1"
"SHD","1","CLT","1"
"SHE","102","AYN BAV BHY CAN CGO CIH CJJ CJU CKG CSX CTU CXR CZX DOY DSN DXB DYG DZH ENY FNJ FOC FRA HAK HAN HDG HET HFE HGH HIA HKG HLD HLH HSN HUO HUZ ICN IKT INC JHG JMU JNG JUH JXA KHN KIX KMG KWE KWL LDS LHW LJG LYA LYG NDG NGB NKG NNG PEK PKX PUS PVG RIZ SAI SHA SHF SHS SIN SJW SWA SYX SZX TAO TCG TCZ TFU TNA TPE TYN URC UYN VVO WDS WEF WNZ WUH WUT WUX XAI XFN XIY XMN XNN XUZ YBP YCU YIH YIW YNT YNZ YTY ZHA ZUH","44"
"SHF","16","AAT ACF AKU DLC FOC HMI HTN KRL LHW PVG SHE SJW TCG TNA TWC YIN","5"
"SHG","3","ABL OBU OTZ","1"
"SHH","2","OME WAA","1"
"SHI","10","FUK HKG HND ICN KIX NRT OKA RMQ TPE UKB","5"
"SHJ","80","ADD AER AHB AJF ALA ALP AMD AMM ATQ ATZ AWZ BAH BEY BGW BKK BLR BND BOM BSA CAI CCJ CGP CNN COK DAC DAM DEL DME DMM DOH EBB EBL ELQ EVN FCO GOX GSM HAS HBE HKT HYD IDR IKA ISB JED KBL KRK KUL KWI LGW LHE LKO LOS LRR LYP MAA MCT MED MHD MLE MSQ MUX PEW RUH SAW SKT STV SVX TAS TBS TRV TRZ UET VGA VIE VNS WAW WMI ZBR ZYL","30"
"SHL","9","AJL CCU DEL DIB DMU GAU IMF IXI TEZ","3"
"SHM","1","HND","1"
"SHO","4","CPT DUR HRE JNB","2"
"SHR","1","DEN","1"
"SHS","22","CAN CKG FOC HAK KMG KWE KWL NNG PKX PVG SHE SYX SZX TAO TFU TNA TSN TYN WNZ XIY XMN ZUH","10"
"SHV","9","ATL BNA CLT DEN DFW IAH LAS SFB VPS","4"
"SHW","4","AHB JED RUH TIF","2"
"SHX","1","MRI","1"
"SIC","0","","0"
"SID","50","AMS ARN BCN BGO BGY BHX BIO BLL BOD BRQ BRS BRU BTS BVC CDG CMN CPH DSS DUS EIN FCO FRA GOT HAJ KTW LGW LIS LPA LUX LYS MAD MAN MRS MUC MXP OPO ORY OSL PRG SNE SOF STR SVG TLS VIE VIT VRN VXE WAW ZRH","22"
"SIF","2","KTM PHH","3"
"SIG","2","CPX VQS","2"
"SIH","1","DHI","1"
"SIN","129","ADD ADL AKL AMD AMS ATQ AUH BAH BKI BKK BLR BNE BOM BWN CAN CCU CDG CEB CGK CGO CGQ CHC CJU CKG CMB CNX CRK CSX CTS DAC DAD DEL DIL DMK DOH DPS DRW DVO DXB DYG FCO FOC FRA GAU HAK HAN HEL HFE HGH HKG HKT HND HRB HYD ICN ILO IPH IST JED JJN JNB KBR KCH KHH KHN KIX KMG KNO KTI KTM KUA KUL KWE LGK LGW LHR LHW LXA MAA MCT MCY MDC MEL MFM MNL MUC NAN NGB NKG NOU NRT NTL PBH PEK PEN PER PKX PLM POM PQC PUS PVG RGN SFO SGN SUB SWA SYD SYX SZB SZX TAO TFU TNA TPE TRZ UBN USM VTE VTZ WNZ WUH WUX XIY XMN YIA YIH YVR ZRH","82"
"SIP","42","ARH CEE CSY DME EGO ESL GSV IKT IWA KEJ KJA KMW KRO KRR KVX KZN LED LPK MMK MQF MRV NBC NJC NOZ OMS OVB PES PEZ ROV SCW SGC SVO TJM TOF UFA ULV URS UUA VKO VOG VOZ YKS","18"
"SIQ","6","BTH DJB PGK PKU TJB TNJ","2"
"SIR","1","PMI","1"
"SIT","15","AFE AGN ELV GST HNH HNS JNU KAE KLW KTN PAQC PEC SEA SGY TKE","3"
"SIW","0","","0"
"SJC","32","ATL AUS BJX BOI BUR BWI DEN DFW GDL GEG HNL HOU IAH KOA LAS LAX LIH MDW MLM MSP NRT ONT ORD PDX PHX PVR RNO SAN SEA SJD SLC ZCL","11"
"SJD","42","ATL AUS BNA BWI CUL DEN DTW EWR FRA GDL IAH IND JFK LAS LAX MCI MDW MEX MSP NLU OAK ORD PTY SAN SEA SFO SJC SLC SMF SNA STL TIJ TLC VNY YEG YLW YUL YVR YWG YYC YYJ YYZ","20"
"SJE","2","BOG LET","1"
"SJI","1","CRK","1"
"SJJ","33","ADB ARN AYT BEG BER BGY BJV CGN CPH CRL DXB ESB FCO FRA HRG IST JED KWI LTN MCT MIR NRN ORY OSL RUH SAW STN STR TLV VIE WAW ZAG ZRH","25"
"SJK","1","GIG","1"
"SJL","1","MAO","1"
"SJO","42","AMS ATL BLB BNA BOC BOG BWI CDG CLT CUN DEN FLL FRA GUA IAD IAH JFK LAX LHR LIM MAD MCO MDE MEX MGA MIA MTY NOB ORD PTY SAL SAP SDQ TMU TNO TPA TTQ UIO XQP YUL YYZ ZRH","32"
"SJP","12","BPS BSB CGB CGH CNF FOR GRU JPA MCZ NAT REC VCP","3"
"SJT","1","DFW","1"
"SJU","58","ATL AUS AXA BDL BNA BOG BOS BUF BWI CLT CPX DCA DEN DFW DOM DTW EIS EWR FLL HOU HPN HVN IAD IAH ILG IND JAX JFK LAL LGA MAD MAZ MCO MDE MDW MIA MSP ORD ORF PHL PTY PUJ PVD RDU RIC SBH SDQ SKB STI STL STT STX TPA USA VIJ VQS YUL YYZ","21"
"SJW","63","BAV BHY BPE CAN CDE CGQ CIF CKG CTU DBC DLC DLU FOC FUO GYS GYU HAK HET HGH HIA HKG HLD HRB HUZ ICN INC JHG KHN KMG KRL KWE KWL LHW LUM LXA LYG LZO MIG NDG NTG PUS PVG RKZ SHA SHE SHF SYX SZX TFU TGO UCB URC UYN WNZ XMN XNN YIH YIW YKH YNJ YNZ YSQ ZQZ","22"
"SJZ","2","PDL TER","1"
"SKB","19","ANU ATL AXA BGI CLT DOM EIS EUX EWR JFK LGW MIA NEV POS SDQ SJU STT SXM YYZ","13"
"SKC","2","DAU OBX","1"
"SKD","29","ADB AER ALA BHK CAN DME DXB DYU GYD HSA IST JED KHV KJA KRR LED MED NMA NQZ OVB SVO SVX TAS TLV UFA UGC VKO XIY ZIA","19"
"SKG","85","ADB AMM AMS ARN ATH BCN BEG BER BGY BHX BLQ BRS BRU BSL BTS BUD BVA BZO CAI CDG CGN CHQ CLJ CPH DBV DUB DUS EDI EMA EVN FRA GDN GVA HAJ HAM HEL HER IAS IST JIK JKH JMK JNX KGS KLX KRK KTW KUT KVO LBA LCA LCY LGW LHR LUX LXS MAN MJT MLO MUC MXP NAP NCL NUE ORY OSL OTP PAS POZ PRG RHO RIX RMO SMI STN STR TBS TLV TSR VCE VIE WAW WMI ZRH ZTH","35"
"SKH","5","BJU IMK JUM KTM VNRR","4"
"SKJ","1","CGK","2"
"SKK","3","KKA OME UNK","2"
"SKN","4","ANX BOO OSL TOS","1"
"SKP","32","ADB ATH AYT BCN BEG BER BJV BRI BTS COV CRL DTM EDFH ESB FCO FRA GVA IST LJU LTN MAD NUE ORY OSL PMO PRG SAW TRF VIE WAW ZAG ZRH","15"
"SKT","11","AUH BAH DMM DOH DXB JED KHI KWI MCT RUH SHJ","10"
"SKU","3","ATH PRG SKG","3"
"SKX","8","AER AYT KZN LED MRV SSH SVO SVX","4"
"SKZ","2","ISB KHI","2"
"SLA","15","AEP ASU BRC COR EZE FLN GRU IGR LIM MDZ NQN PTY RES ROS TUC","6"
"SLC","93","ABQ AMS ANC ATL AUS BIL BNA BOI BOS BTM BUR BWI BZN CDC CDG CLE CLT CMH CVG DAL DCA DEN DFW DTW EKO EUG EWR FAT FCA FLL GDL GEG GTF HLN HNL HOU IAH IDA IND JAC JFK KOA LAS LAX LGA LGB LHR LIM LIT MCI MCO MDW MEM MEX MKE MSO MSP MTY OAK OGG OMA ONT ORD PDX PHL PHX PIH PIT PSC PSP PVR RDM RDU RNO RSW SAN SAT SCF SEA SFO SGU SJC SJD TPA TUL TUS TWF WYS XNA YEG YVR YYC YYZ","19"
"SLE","0","","0"
"SLH","1","SON","1"
"SLI","1","LUN","2"
"SLJ","1","PER","2"
"SLK","2","BOS JFK","1"
"SLL","20","ALA AUH BTS CCJ COK DMM DOH DXB KWI MCT MSQ NQZ OHS PRG RUH SHJ SVO SVX TAS ZRH","16"
"SLM","1","PMI","2"
"SLN","2","IAH ORD","1"
"SLP","9","CUN DFW IAH MDW MEX MTY NLU SAT TIJ","8"
"SLQ","2","ANI SRV","1"
"SLU","9","ANU BGI DOM FDF GND POS PTP SVD SXM","6"
"SLV","3","ATQ DEL DHM","1"
"SLW","4","CUN GDL MTY NLU","3"
"SLX","0","","0"
"SLY","4","HMA KZN NUX OVB","4"
"SLZ","12","BEL BSB CGH CNF FOR GIG GRU IMP LIS REC SSA VCP","4"
"SMA","2","LIS PDL","2"
"SMF","49","ANC ATL AUS BJX BNA BOI BUR BWI CLT DAL DEN DFW DTW EUG EWR GDL GEG HNL HOU IAD IAH JFK KOA LAS LAX LGB LIH MCI MCO MDW MLM MSP OGG ONT ORD PDX PHX PSP PVR SAN SBA SEA SFO SJD SLC SNA STL YVR YYZ","15"
"SMI","21","AMS ARN ATH BHX BRU DUS FRA JKH LGW LXS MAN MJT MUC MXP PRG RHO SKG STN TRD VIE ZRH","19"
"SMK","3","OME UNK WBB","2"
"SML","3","FXE LGI NAS","3"
"SMO","3","APC LAS SCF","1"
"SMQ","6","BDJ CGK PKN PKY SRG SUB","2"
"SMR","6","BGA BOG CLO MDE PEI PTY","5"
"SMS","2","TMM TNR","1"
"SMT","2","CGB VCP","1"
"SMX","2","LAS PHX","2"
"SNA","51","APC ATL ATW AUS BNA BOI CCR CLT CMH COS CVG DAL DEN DFW DSM DTW EUG EWR GEG GJT GRR IAH JFK LAS MCO MRY MSP MTJ OAK OGD ORD PAE PDX PHX PSC PVR PVU RDU RNO SCF SEA SFO SJC SJD SLC SMF STS TPA TUS YVR YYC","14"
"SNB","2","DRW GPN","2"
"SNE","3","RAI SID VXE","1"
"SNN","18","AGP ALC BHX BOS CFU CIA EWR FRA JFK KUN LGW LHR LPA MAD ORD PMI REU TRN","5"
"SNO","1","DMK","2"
"SNP","4","ANC CDB DUT STG","2"
"SNU","5","MIA PTY YHZ YUL YYZ","4"
"SNV","2","CAJ CGU","1"
"SNW","6","AKY BSX HEH KYP MDL RGN","4"
"SOC","5","CGK DPS JED MED TIM","6"
"SOF","65","ADB AHO ALC AMM AMS ATH AUH AYT BCN BEG BER BHX BRI BRU CDG CFU CGN CHQ CIA CTA DOH DTM DUB DXB FCO FKB FRA HEL HER HFA HKT IST JSI KBP LCA LGW LHR LIS LPL LTN LYS MAD MAN MUC NCE NCL OPO ORY OSL OTP PRG RIX SAW SDR SUF TIA TLV TRN VAR VIE VLC WAW WRO ZAD ZRH","32"
"SOG","4","BGO HOV OSL SDN","1"
"SOJ","6","BVG HFT KKN MEH TOS VDS","1"
"SON","12","BNE HIR LNE LOD MTV MWF NUS SLH SSR VLI WLH ZGU","2"
"SOQ","17","AMQ AYW BIK BXB CGK DJJ DPS FKQ GEB KNG MDC MKW NBX NTI RJM TIM UPG","7"
"SOU","16","ACI ALC AMS BCN BFS BHD DUB EDI FAO GCI GLA MAN NCL ORY PMI PRO","6"
"SOV","0","","0"
"SOW","1","PHX","1"
"SOY","2","KOI NDY","1"
"SPBC","1","IQT","1"
"SPBL","0","","0"
"SPC","24","ACE AGP AMS BCN BER BSL DUS FRA FUE HAM LGW LPA LUX MAD MAN MUC NTE PRG SCQ STN STR TFN TFS ZRH","17"
"SPCM","2","PCL TPP","1"
"SPD","3","CGP CXB DAC","4"
"SPEE","1","IQT","1"
"SPEP","0","","0"
"SPGP","1","IQT","1"
"SPI","3","MCO ORD PGD","3"
"SPN","7","GUM HKG ICN MNL NRT ROP TIQ","7"
"SPP","1","LAD","1"
"SPPB","0","","0"
"SPR","4","BZE CUK CZH TZA","1"
"SPSE","0","","0"
"SPU","64","AMS ARN ATH BCN BEG BGO BHX BIO BOD BRI BRU CDG CGN CPH DUB DUS EDI EWR FCO FRA GDN GOT GVA HAM HEL INN IST KRK KTW LBA LCY LGW LHR LIL LLA LTN LUZ LYS MAD MAN MRS MUC NAP NTE OER ORY OSD OSI OSL PRG RIX RTM SFT STN SVG TLL TLS TRD UME VIE WAW WRO ZAG ZRH","31"
"SPX","19","AHB AUH AYT BER BUD DXB FCO GVA JED KWI LTN MCT MED MXP NCE RUH SAW SHJ ZRH","10"
"SPY","1","ABJ","1"
"SQD","13","CAN CKG DLC HAK HRB KMG NNG PEK SZX TFU TSN TYN XIY","6"
"SQG","1","PNK","1"
"SQJ","7","CKG CTU KMG LXA PKX SHA TAO","4"
"SQL","1","TKF","67"
"SQN","2","AMQ TTE","1"
"SQR","1","UPG","2"
"SRE","3","CBB LPB VVI","2"
"SRG","14","BDJ BPN BTH CGK DPS KUL KWB PKN PKY PNK SIN SMQ SUB UPG","10"
"SRK","1","NAQ","1"
"SRP","1","OSL","1"
"SRQ","54","ALB ATL ATW AUS AVL BDL BLV BOS BUF BWI CAK CID CLE CLT CVG DAL DCA DEN DFW DTW EWR FNT FWA GRR HOU HVN IAH ILG IND ISP JFK LEX LGA MCI MKE MLI MSP ORD PBG PHL PIT PSM PVD PWM RDU RIC ROA ROC SBN SDF SYR TOL TUL YYZ","14"
"SRT","0","","0"
"SRU","1","MDL","1"
"SRV","1","ANI","1"
"SRY","13","AWZ BND DWC GSM IFN JED KIH MED MHD PGU SYZ THR ZBR","9"
"SSA","40","AEP AJU BPS BRA BSB CDG CGH CNF COR CPV CWB EZE FOR GIG GNM GRU GYN IOS JPA LEC LIS MAD MCZ MUU MVD MXQ NAT PBA PNZ POA PTY RAO REC SCL SDU SLZ THE VCP VDC VIX","11"
"SSE","4","BLR BOM GOX HYD","2"
"SSG","12","ADD BSG CDG CMN DLA FRA GEM LBV LFW MAD NSI PHC","11"
"SSH","106","ADB AER AKX ALA ALG AMM AMS ARN ATH AYT BAH BBU BCN BEG BER BEY BFS BGW BGY BHX BLQ BQT BRI BRS BRU BSZ BUD CAI CDG CEK CIT CMN CPH CTA CZL DME DNK EDI EIN EMA EVN FCO FRA GLA GOJ GVA GYD HBE HRG HRK IST JED KBP KGD KRR KSN KTW KWI KZN LBA LED LGW LPL LTN LWO LXR MAN MCX MRV MSQ MUC MXP NAP NCL NQZ OMS ORN PEE PPK PRG RAK RDO RIX RMO RUH SAW SCO SKX SOF STN SVO SVX TAS TJM TNG UFA URA VCE VIE VKO VOG VRN VTB WAW ZIA ZRH","64"
"SSJ","6","BNN BOO OSL OSY RVK TRD","1"
"SSR","2","SON VLI","1"
"STB","2","CCS MAR","1"
"STC","2","AZA PGD","1"
"STD","5","CCS MAR MUN PMV VLN","5"
"STG","3","CDB DUT SNP","1"
"STI","11","BOS EWR FLL JFK MAD MCO MIA PHL PLS PTY SJU","11"
"STL","52","ATL BOS CHS CLT CMH CUN DAL DCA DEN DFW EWR FLL FRA HOU IAD IAH JBR LAS LAX LGA LHR MBJ MCI MCO MDW MIA MSP MYR ORD ORF PDX PHL PHX PIT PNS PUJ PVR RDU RSW SAN SAT SAV SEA SFO SJU SLC SMF SRQ TPA VPS YUL YYZ","15"
"STM","11","BEL BSB BVS CNF ITB JRT MAO MTE OBI ORX TMT","4"
"STN","132","AAR ACE ADB AGA AGP AHO ALC ALG AMM AMS AOI ARN ASR ATH AYT BCN BDS BER BFS BGY BJV BLQ BRE BRQ BVE BZR CDG CFU CGN CHQ CIA CMF CMN COV CTA DLM DUB DXB EDI EFL EIN ESB ESU FCO FEZ FLR FMO FNC FNI GDN GLA GNB GOA GOT GRO GVA GZT HAM HEL HER IBZ IST JTR KGS KLU KLX KRK KSC KTW KUN LCA LEI LIG LIS LPA LRH LUX MAH MLA MMX NAP NBE NCE NOC NTE OLB OMR ORK OSI OSR PEG PFO PLQ PMF PMI PMO PUY QSR RAK REU RHO RMO RMU RTM RVN RZE SAW SKG SOF SPC SSH SUF SVQ SZG SZY SZZ TFS TIV TLL TLS TLV TNG TRN TUF VCE VIE VRN ZAD ZAG ZAZ ZRH ZTH","18"
"STR","92","ADB AGP ALC AMM AMS ASR ATH AYT BCN BDS BEG BIO BJV BOJ BUD BVC BZO CAG CFU CLJ COV CPH DBV DIY DJE DLM DUB DXB EBL EDI EDO ESB EZS FAO FCO FNC FRA FUE GPA GZT HER HRG IAS IBZ IST JMK JTR KGS KLX KRK KVA KYA LHR LIS LPA MAH MIR MLA MXP OGU OMO OSL OTP PRN PUY PVK RHO RJK RMF RMO RVN SAW SID SJJ SKG SKP SOF SPC SZF TIA TIV TLV TUN TZX VAR VCE VIE WAW XRY YEI ZAD ZRH","29"
"STS","8","AUS BUR DEN DFW LAS LAX PHX SNA","4"
"STT","27","ATL AXA BOS BWI CLT DFW DOM EIS EWR FLL IAD IAH JFK MCO MIA MSP NEV NGD NRR ORD PHL SBH SDQ SJU SKB STX VQS","14"
"STV","13","BKK BLR CCU DEL DIU DXB GOI HYD JAI JGA MAA MDA PNQ","3"
"STW","5","AER LED SGC SVO SVX","5"
"STX","10","ATL CLT FLL MIA NEV ORD SDQ SJU STT VQS","7"
"STY","1","MVD","1"
"SUB","41","AAP AMQ BDJ BEJ BPN BTH BWN BWX BXW CAN CGK DMK DPS FOC HKG HLP JED JHB KDI KNO KOE KUL LBJ LOP MDC MED PEN PKN PKU PKY PLM PLW PNK SIN SMQ SRG TIM TMC TRK TTE UPG","23"
"SUF","42","BGY BLQ BRQ BRU BSL BTS BUD BZO CGN CRL DUS FCO FKB FRA GOA GVA INN KTW LGW LIN LUX MAN MXP ORY OSR PRG SCN SOF STR SZG TIA TRN TRS TSF VCE VIE VLC VRN WAW WRO YYZ ZRH","16"
"SUG","1","CEB","1"
"SUI","3","PEE SVO VKO","2"
"SUJ","2","LTN OTP","2"
"SUK","1","YKS","1"
"SUN","9","DEN LAX ORD PHX SAN SEA SFO SLC VNY","5"
"SUP","1","BXW","1"
"SUR","2","YFH YWP","1"
"SUV","15","FUN ICI INU KDV KXF LBS LEV LKB MFJ NAN NGI RTA SVU TVU VBV","3"
"SUX","2","DEN ORD","1"
"SUY","1","YKS","1"
"SVA","2","GAM OME","1"
"SVB","4","DIE TMM TNR WMN","1"
"SVC","2","ABQ PHX","1"
"SVD","21","ANU ATL BGI BQU CIW CLT CRU DCF DOM FDF GND JFK LHR MIA MQS POS SLU SXM UNI UVF YYZ","13"
"SVG","26","ABZ ALC AMS ARN AYT BGO BGY CDG CPH DBV EBJ FRA GDN HEL KRK LGW MAN NCE OSL PMI RHO SID SPU TRD TRF WAW","10"
"SVI","3","ACR BOG NVA","1"
"SVJ","4","BOO OSL RET TOS","1"
"SVK","1","TZA","1"
"SVL","1","HEL","1"
"SVO","130","ABA AER ALA ALG ARH ASF AUH AYT BAH BAX BEG BHK BJV BKK BQT BSZ CAI CAN CEE CEK CKG CMB CMN COV CSY CXR DEL DLM DOH DPS DXB DYR ESB ESL EVN FEG FNJ GDZ GOJ GOX GRV GSV GYD HAK HAN HAV HGH HKG HKT HMA HOG HRG IGT IJK IKA IKT IKU IST KBL KEJ KGD KGF KHV KJA KQT KRR KSN KVX KZN LED MCT MCX MHD MLE MMK MQF MRU MRV MSQ MVQ NAL NBC NBE NJC NOZ NQZ NUX OGZ OMS OSW OVB PEE PEK PES PKC PKX PVG REN RGK RUH SCO SCW SEZ SGN SHE SKD SKX SLL SLY SSH STW SVX SYX SZX TAO TAS TFU TJM TOF UCT UFA UGC ULV URC UUD UUS VOG VRA WUH XIY","36"
"SVP","1","LAD","1"
"SVQ","69","ACE ALC AMS ARN ATH BCN BEG BER BIO BLL BLQ BOD BRI BRU BSL CDG CMN CPH DUB DUS EAS EIN FCO FLR FRA FUE GVA IST LEI LGW LHR LIL LIS LPA LPL LTN LUX LYS MAD MAH MLA MLN MPL MRS MUC MXP NCE NRN NTE OLB ORY OTP OVD PMI PRG RBA RTM SAW SCQ SDR TFN TRN TRS VCE VIE VRN WAW WRO ZRH","24"
"SVR","1","THU","1"
"SVS","1","FAI","1"
"SVU","2","NAN SUV","2"
"SVX","84","ABA AER ALA AYT BAX BHK BUS CEE CXR DLM DME DOH DWC DXB DYU ESL EVN EYK GDZ GOJ GOX GSV GYD HKT HMA HRG IJK IKT IST KEJ KGD KHV KJA KRR KVX KZN LBD LED MCX MMK MRV MSQ NJC NMA NNM NOJ NOZ NSK NUX NYA NYM OGZ OMS OSS OVB OVS PES REN RGK RKT RMZ SCO SCW SGC SHJ SKX SLL SLY SSH STW SVO SYX TAS TBS TJM TOF UFA ULV URJ UUD VKO VOG VVO YKS","31"
"SVZ","4","BRM CCS PMV VLN","4"
"SWA","52","BKK CGO CGQ CKG CSX CTU CZX DLC HAK HGH HIA HNY HSC HSN HYN INC KMG KUL LHW LUM LXA LYI LZO NGB NKG NNG NNY NTG PEK PKX PVG SHA SIN TAO TFU TNA TSN TYN UYN VTE WDS WNZ WUH WUX XIY XUZ YIH YIW YNT YNZ YTY ZHA","23"
"SWF","9","CHS FLL MCO MYR PGD PIE RDU RSW SFB","2"
"SWO","1","DFW","1"
"SWQ","2","DPS LOP","1"
"SWT","1","TOF","2"
"SWV","1","GDX","1"
"SXB","40","ACE AJA BCN BOD CFU CLY CMN CPH DJE EDI FCO FEZ FRA FSC HER IST LGW LPA LYS MAD MAN MPL MRS MUC MXP NAP NCE NDR NTE OLB OPO OUD PMI PMO RAK RDZ STN TLS TUN WAW","15"
"SXI","5","AWZ BND IFN SYZ THR","2"
"SXK","2","AMQ JIO","2"
"SXM","37","AMS ANU ATL AXA BGI BON BOS BWI CAP CDG CLT CUR DOM EWR FLL IAD JBQ JFK KIN MIA MNI MSP NEV ORD ORY POS PTP PTY SAB SBH SDQ SJU SKB SLU STI YUL YYZ","26"
"SXP","2","BET EMK","1"
"SXR","8","AMD ATQ BLR BOM DEL IXC IXJ IXL","5"
"SXV","4","BLR COK HYD MAA","2"
"SYD","79","ADL AKL AUH AYQ BHQ BKK BLR BNE BNK BQB BXG CAN CDG CGK CGO CHC CKG CMB CNS CTS DEL DOH DPS DRW DXB FCO HAN HGH HKG HLZ HND HNL HVB IAH ICN JFK KIX KUL LAS LAX LDH LHR LST MIM MNL MQL NAN NKG NOU OAG OOL OOM PEK PER PKX POM PPP PPT PVG RAR SCL SFO SGN SIN SZX TAO TBU TFU TNA TPE TSN TSV VLI WLG WUH XIY YVR YYZ ZQN","46"
"SYM","5","CKG CSX TFU XIY ZAT","2"
"SYO","1","HND","1"
"SYP","0","","0"
"SYQ","0","","0"
"SYR","22","ATL BNA BOS CHS CLT DCA DEN DTW FLL JFK LAS MCO MSP MYR ORD ORF PGD PIE RDU RSW SRQ TPA","10"
"SYS","1","YKS","1"
"SYU","4","CNC HID SBR XMY","1"
"SYX","83","ALA BKK CAN CGO CGQ CKG CSX CTU DLC DQA DSN ENY FOC FRA HDG HET HFE HGH HJJ HKG HNY HQQ HRB IKT INC JJN JNG KHN KHV KMG KOW KTI KUL KWE KWL KZN LED LHW LYA LYI MSQ NGB NKG NNG NNY NQZ NTG OVB PEK PKX PVG SHA SHE SIN SJW SQD SZX TAO TAS TFU TNA TSN TXN TYN UBN URC UYN VTE WDS WNZ WUH WUX XFN XIY XMN XNN YBP YCU YIC YIH YNZ ZUH ZYI","46"
"SYY","4","BEB EDI GLA INV","2"
"SYZ","38","ABD AKW AWZ BDH BND DOH DXB GBT GSM IAQ IFN IST JED JSK KER KHK KIH KSH KWI LFM LVP MCT MED MHD MRX NJF NSH OHS PGU RAS SAW SHJ SRY SXI TBZ THR ZAH ZBR","32"
"SZA","2","CAB NBJ","1"
"SZB","18","AOR BKI CGK DMK HDY HHQ HKG JHB KBR KMG LGK PEN PQC RDN SIN TGG USM XSP","6"
"SZE","5","ADD BJR GDQ MQX SHC","1"
"SZF","15","ADB AYT BER BGW CGN COV DUS ESB FRA HAJ IST MUC SAW STR VIE","9"
"SZG","49","ALC AMS ARN AYT BCN BEG BER BEY BFS BHX BOJ BRS BRU CDG CLY CPH CWL DUB DUS DXB EIN FRA GLA HEL HRG IBZ IST KEF LBA LCA LGW LHR LPA MAN MIR NAP NCL OLB PMI RHO RIX RTM RUH SEN STN TFS TLL TLV ZTH","23"
"SZH","5","CAN CSX HRB PVG TSN","3"
"SZI","1","UKK","1"
"SZK","2","CPT JNB","1"
"SZS","2","IVC ZQN","2"
"SZX","175","ACX AKA AKL AQG AUH BCN BFJ BFY BKI BKK BPE BRU BSD BUD BZX CAI CGD CGK CGO CGQ CIH CJU CKG CNX CSX CTS CTU CZX DAT DDG DLC DLU DMK DOH DOY DSN DXB DZH EHU ENH ENY FOC FRA FUG GYS HAK HAN HCJ HET HFE HGH HIA HKT HLD HND HQQ HRB HSN HYN HZA HZG ICN IKA INC IQN JDZ JHG JIU JMU JNB JNG JUH JUZ KHG KHH KHN KIX KMG KOS KTI KUL KWE LAX LFQ LHR LHW LIJ LJG LPF LXA LYA LYG LYI LZG LZH LZO LZY MAD MDC MDG MEL MEX MIG MNL MXP NAO NDG NGB NKG NNG NNY NRT NTG PEK PEN PKX PVG RGN RUH SAI SGN SHA SHE SHS SIN SJW SQD SVO SYD SYX TAO TAS TFU TGO TNA TPE TSN TXN TYN URC UYN VIE VTE WDS WEH WGN WHA WNZ WSK WUA WUH WUS WUX WXN XAI XFN XIC XIY XMN XNN XUZ XZM YBP YCU YIC YIH YIW YLX YNT YNZ YTY YVR ZHA ZHY ZYI","49"
"SZY","5","DTM KRK NRN RMF STN","4"
"SZZ","7","BGO DUB KRK LPL OSL STN WAW","3"
"TAB","5","BGI FRA JFK LGW UVF","3"
"TAC","4","CEB DVO ILO MNL","4"
"TAE","18","BKK CEB CJU CXR DAD DSN DYG FUK GUM HKG ICN KIX NRT PVG TAO TPE UBN YNJ","12"
"TAG","8","CRK DVO ENI ICN ILO MNL NRT PUS","10"
"TAK","9","HKG HND ICN NRT OKA PUS PVG RMQ TPE","10"
"TAL","4","FAI HSL HUS RBY","1"
"TAM","8","CUN DFW IAH MEX MTY NLU VER VSA","6"
"TAO","113","AKU AVA BHY BKK BPE BZX CAN CGO CGQ CIF CIH CJU CKG CSX CTU CZX DLC DQA DXB DYG ENH ENY FOC FSZ FUK FUO HAK HAN HET HFE HGH HKG HLD HND HNY HRB HSN HYN ICN INC JDZ JHG JJN JMU JSJ JUH JUZ JXA KCA KHN KMG KOW KRL KTM KUL KWE KWL LGW LHR LHW LNL LXA LZH MDG MFM MLB NAO NBS NGB NGO NKG NNG NNY NRT OKA PEK PKX PUS PVG SGN SHA SHE SHS SIN SJW SQJ SVO SWA SYD SYX SZX TAE TFU TPE TYN URC VVO WHA WNZ WUH WUS WUX XAI XFN XIY XMN XNN YBP YIC YIH YNJ YSQ ZUH","45"
"TAP","4","GDL MEX MTY TIJ","4"
"TAS","106","ADB AER ALA AUH AYT AZN BGY BHK BKK BOM BSZ BUD BUS CAN CDG CKG CXR DAD DEL DME DOH DPS DXB DYU ESB FCO FEG FRA GOJ GRV GUW GYD HGH HKT ICN IKA IKT ISB IST JED JFK KBL KHV KJA KRR KSQ KUL KWI KZN LED LGK LGW LHE MAD MCT MCX MED MLE MRV MSQ MUC MXP NBC NCU NJC NMA NQZ NRT NVI OMN OMS OVB PEE PEK PKX PQC PRG PVG RIX RKT RMO RUH SGC SHJ SKD SSH SVO SVX SYX SZX TBS TFU TGD TLV TMJ TZX UFA UGC URC UTP UUD VKO VVO WAW XIY ZIA","46"
"TAT","2","GDN LTN","1"
"TAZ","3","ASB BKN MYP","1"
"TBB","2","HAN SGN","4"
"TBD","2","CLO PPN","2"
"TBF","1","TRW","1"
"TBG","4","CNS HGU POM UNG","3"
"TBI","1","NAS","2"
"TBJ","0","","0"
"TBN","2","DFW ORD","1"
"TBO","2","DAR TKQ","1"
"TBP","1","LIM","2"
"TBS","59","AER ALA AMM AMS ATH AUH BAH BEG BER BGW BGY BOM CDG CIT CPH DEL DOH DUS DXB ESB EVN FRA FRL GOJ GVA GYD IKA IST JED KBP KRR KWI LCA LED LHR LTN MRV MSQ MUC MXP NCE ORY PVG RIX RMO RUH SAW SCO SHJ SVX TAS TLV UFA URC UWWW VIE VKO WAW ZRH","51"
"TBT","2","MAO TFF","1"
"TBU","8","AKL EUA HPA NAN NFO NTT SYD VAV","4"
"TBW","2","LED VKO","1"
"TBZ","19","ADB AWZ AZD BND DXB EVN GYD IFN IST JED KER KIH MED MHD NJF PGU SAW SYZ THR","24"
"TCA","3","ASP DRW KTR","1"
"TCD","1","LET","1"
"TCG","14","AAT AKU BPL CGO FOC KHG PKX SHE SHF TFU TLQ URC XIY YIN","5"
"TCH","1","LBV","1"
"TCO","1","CLO","2"
"TCP","6","BRQ BUD CAI KTW PRG WAW","3"
"TCQ","1","LIM","2"
"TCR","2","BLR MAA","1"
"TCT","1","MCG","1"
"TCZ","6","CKG CSX KMG TFU TYN XIY","4"
"TDD","6","CBB CIJ GYA LPB RIB VVI","2"
"TDK","3","HSA NQZ USJ","3"
"TDL","0","","0"
"TDP","0","","0"
"TDS","3","AWB KMA OPU","1"
"TDX","1","BKK","1"
"TEB","7","ACK ASE FXE MVY OPF PBI VNY","3"
"TEF","2","MEB PER","1"
"TEI","4","GAU HGI IMF JRH","1"
"TEK","1","MRI","1"
"TEN","6","ACX BHY CKG LPF PKX PVG","4"
"TEQ","1","ESB","1"
"TER","12","BOS FLW FNC GRW HOR LIS OPO PDL PIX SJZ YYZ ZRH","4"
"TET","2","JNB MPM","3"
"TEU","0","","0"
"TEX","2","DEN PHX","1"
"TEZ","5","CCU GAU IXI IXT SHL","1"
"TFF","1","MAO","1"
"TFI","3","PNP POM RAB","2"
"TFM","1","HGU","1"
"TFN","23","ACE AGP ALC BIO BJZ CCS DUS FRA FUE GMZ GRX LCG LPA MAD MLN OVD RAK RMU SCQ SPC SVQ VDE VLC","8"
"TFS","95","AAL ABZ AGA AMS ANR ARN BEG BER BES BFS BGO BGY BHX BIO BLQ BOD BOH BRS BRU BSL BUD CGN CMN CPH CRL CWL DUB DUS EDFH EDI EIN EMA EXT FCO FMM FMO FNC FRA GDN GLA GRQ GRZ HAJ HAM HEL IOM KEF KRK KTW LGW LHR LIL LIN LIS LPA LTN LUX LYS MAD MAN MPL MUC MXP NCE NCL NRN NTE NWI ORY OSL OST OTP OVD PIK PRG PRO RIX RMO RTM SEN SPC STN STR SVG SZG TLL TLS TSR VCE VIE VRN WAW YUL YYZ ZRH","41"
"TFU","173","AAT ACF ACX ADD AEB AKL AKU AOG ATH AUH AYN BAR BAV BHY BKK BPL BRU BSD BSZ CAN CDE CGD CGO CGQ CIF CIH CMB CNX CQW CSX CXR CZX DAT DCY DDG DHH DIG DLC DLU DMK DNH DOH DPS DSN DXB DYG DZH ENH ENY FCO FOC FUO FYN GXH GZG HAK HAN HET HFE HGH HIA HKG HKT HRB HSN HTN HUZ HYN ICN INC JDZ JGS JHG JIU JJN JNG JNZ JUZ JXA JZH KBV KCA KHG KHN KIX KLO KMG KOW KRL KRY KTI KTM KUL KWL LAX LED LFQ LHR LHW LJG LLV LNJ LUM LXA LYI LZH LZY MAD MEL MFM MLE MNL MXP NBS NDG NGB NKG NNG NRT NTG PEK PEN PKX PVG QSZ RLK SGN SHA SHE SIN SJW SQD SVO SWA SYD SYX SZX TAO TNA TPE TSA TSN TVS TWC TYN URC USM UYN VTE WGN WHA WNH WNZ WUH WUS WUT WUX XAI XFN XIC XMN XNN XUZ YIN YIW YLX YNT YNZ YSQ YUS YVR ZHA ZUH","59"
"TGC","2","KCH MKM","1"
"TGD","30","ADB ALA ATH AYT BCN BEG BER BRQ BSL BTS CDG CTA ESB FCO FRA GDN IST KTW LJU NQZ NTE ORY POZ PRG SAW STN VIE WAW WRO ZRH","14"
"TGG","2","KUL SZB","3"
"TGI","1","LIM","1"
"TGJ","2","GEA LIF","1"
"TGM","11","BGY BSL BUD BVA CRL DTM FCO FMM HER LCA LTN","2"
"TGO","17","AXF BAV CKG DSN ERL HET HLD HLH NZH PEK PKX PVG RLK SJW SZX TNA XIY","8"
"TGP","2","KCY THX","1"
"TGT","4","ARK DAR PMA ZNZ","3"
"TGU","4","LCE PEU RTB SAP","3"
"TGZ","4","CUN GDL MEX TIJ","4"
"THD","8","BMV DAD DLI PQC SGN UIH VCA VCS","4"
"THE","9","BSB CGH CNF FOR GIG GRU REC SSA VCP","3"
"THG","1","BNE","1"
"THL","6","HEH KET LSH MDL MYT RGN","4"
"THN","3","ARN BMA SCR","1"
"THO","2","AEY VPN","1"
"THR","15","AFZ AZD BJB HDM JSK KHD KSH MHD OMH RAS RJN SAR SDG XBJ YES","11"
"THS","1","BKK","1"
"THU","4","CPH NAQ SFJ SVR","1"
"THX","4","IAA KJA TGP TJM","3"
"TIA","82","ADB AGP AMM AMS AOI ARN ATH AYT BCN BEG BJV BLQ BOD BRI BRQ BRU BTS BUD BVA CDG CGN CIY CPH CRL CTA DEB DUS DXB EIN ESB FCO FRA GDN GOA GOT GVA HEL HER IST KRK KTW LCJ LGW LHR LIS LPL LTN LYS MAD MUC NAP NTE NUE ORY OSL OTP PMI POZ PRG PSR RDO RHO RIX RMI RMO RUH SAW SOF SSH STN STR TLL TLV TRF TSF VIE VRN WAW WMI WRO YYZ ZRH","39"
"TIF","15","AHB CAI DMM DOH DXB GIZ HBE IST JED KWI MCT MED RUH SHJ SHW","15"
"TIH","5","BOB PPT RFP RGI XMH","1"
"TIJ","40","ACA AGU BJX CEN CJS CLQ CUL CUN CUU DGO GDL HMO LAP LMM LTO MEX MID MLM MTY MZT NLU OAX PBC PEK PHX PVG PVR QRO SAN SJD SLP TAP TGZ TLC TPQ TRC UPN VER ZCL ZIH","11"
"TIM","15","CGK DJJ DPS EWE EWI KNG LUV MDC NBX SOC SOQ SUB UPG WMX YIA","10"
"TIN","4","ALG CBH CZL ORN","2"
"TIQ","1","SPN","1"
"TIR","8","BLR BOM DEL HYD RJA RQY VGA VTZ","4"
"TIU","1","WLG","1"
"TIV","43","AMS ARN BCN BEG BER BHX BNX BRQ BRS BRU CPH DUS DXB EVN FRA GVA GYD HEL HRK INI IST KVO KWI LHR LJU LTN LUX LWO MAD MAN MUC ORY OSL PRG RIX RMO STN STR TLL TLV VIE WAW ZRH","30"
"TJA","3","CBB LPB VVI","1"
"TJB","2","PKU SIQ","1"
"TJH","1","ITM","1"
"TJK","3","ADB IST SAW","3"
"TJM","48","AER BAX BVJ CEK CXR DWC DYU EVN EYK GYD HKT HMA HRI IKT IRM KGP KJA KZN LBD LED MCX MRV NBC NJC NOJ NSK NUX NYA NYM OMS OSS OVB OVS PEE SBT SGC SLY SSH STW SVO SVX TLK TOF UFA URJ USMQ VKO VOG","16"
"TJQ","3","CGK PGK SIN","4"
"TJS","3","BPN LBW LPU","2"
"TJU","1","DME","2"
"TKD","1","ACC","2"
"TKE","1","JNU","1"
"TKF","1","SQL","1"
"TKG","3","BTH CGK KUL","7"
"TKK","8","GUM HNL KSA KWA MAJ PNI ULI YAP","2"
"TKN","3","ASJ KOJ OKE","2"
"TKP","2","PPT TKX","1"
"TKQ","1","DAR","1"
"TKS","3","FUK HND ICN","4"
"TKU","9","ARN CPH GDN LPA MHQ OTP RHO RIX VNO","6"
"TKV","1","PPT","1"
"TKX","2","PPT TKP","1"
"TLA","3","KTS OME WAA","1"
"TLC","7","CUN GDL MID MTY PVR SJD TIJ","2"
"TLH","7","ATL CLT DCA DFW FLL MIA RDU","4"
"TLI","1","PLW","1"
"TLK","12","BTK IKT KJA KRR NOJ NUX OMS OVB SGC TJM UFA VKO","8"
"TLL","61","AGP AMS ARN ATH AYT BCN BER BHX BJV BLL BOJ BRU BUD CFU CPH CTA DUB DUS EDI FAO FCO FNC FRA GDN GVA HAM HEL HER HRG HRI IST KDL KRK KTT LBA LCA LGW LPA LTN LWO MAN MLA MUC NBE NCE ORY OSL PRG RHO SPU SSH STN SUF TFS TIA TIV URE VCE VIE WAW ZRH","23"
"TLM","7","ALG BRU CDG LIL LYS MRS ORY","5"
"TLN","12","AJA ALG BES BIA BOD FSC LCY LIL LUX NTE ORY RTM","6"
"TLQ","14","AAT AKU CSX DSN HTN KMG KRY PKX TCG TFU TWC XIY YIN ZHY","4"
"TLS","72","AGA AJA ALC ALG AMS ATH BES BGY BHX BIA BRS BRU BSL BUD BVC CDG CFU CLY CMN CPH CRL DJE DSS DUB DZA EDI FAO FCO FEZ FLR FSC HER IBZ IST JED LHR LIL LIS LPA LRT LUX LYS MAD MAH MED MUC MXP NAP NCE NDR NTE OLB OPO ORN ORY OSL PMI PMO PRG PSA RAK RBA RNS RUN SID SXB TFS TSF TUN VCE VLC YUL","26"
"TLT","0","","0"
"TLU","2","BOG EOH","2"
"TLV","97","ADD AER AGP AMS ATH ATL AUH BCN BEG BER BGY BKK BLQ BOJ BOS BRU BTS BUD BUS CAG CDG CFU CIT CLJ CPH CTA DEB DEL DME DUS DXB EVN EWR FCO FRA GYD HAM HAN HER HKT IAD JFK JMK KGS KRK KRR LAX LCA LED LHR LIS LTN LYS MAD MLA MRS MRV MSQ MUC MXP NAP OPO ORD OTP PDV PEK PFO PMO PRG PVK RHO RIX RMO RVN SEZ SJJ SKD SKG SOF STN STR SZX TAS TBS TIA TIV TLS VAR VCE VIE VRN WAW YYZ ZAG ZIA ZNZ ZRH","54"
"TMC","4","DPS KOE LOP SUB","3"
"TME","2","BOG RVE","1"
"TMH","4","BXD DJJ MKQ OKL","2"
"TMI","2","BIR KTM","6"
"TMJ","4","AER LED TAS VKO","5"
"TML","1","ACC","2"
"TMM","5","RUN SMS SVB TNR WMN","2"
"TMP","4","AGP CHQ KTT RIX","2"
"TMR","9","ALG BMW ELG GHA INF INZ OGX ORN VVZ","2"
"TMS","5","LBV LFW LIS NBJ PCP","5"
"TMT","6","JRT MAO MTE OBI ORX STM","2"
"TMU","2","SJO SYQ","3"
"TMW","2","BNE SYD","2"
"TNA","68","BKK BZX CAN CGQ CIF CKG CSX CTU DLC DSN DYG ENH FOC HAK HAN HET HKG HLD HNY HRB HSN HYN ICN INC JHG JJN JMU JXA KHG KHN KIX KMG KOW KWE KWL LHW LJG MFM MIG NDG NNG PVG SGN SHA SHE SHF SHS SIN SWA SYD SYX SZX TFU URC UYN VTE WEH WMT WNZ WUH WUS XIY XMN XNN YCU YIH YNT ZUH","27"
"TNC","3","KTS OME TLA","1"
"TNE","3","FUK ITM KOJ","2"
"TNG","33","AGA AGP AHU AMS ANR BCN BEM BGY BRU BSL CAI CCF CDG CGN CPH CRL EIN GRO GVA LGW LIS LPA LYS MAD NDR NTE ORY OSL RAK RTM SAW SSH SVQ","18"
"TNH","7","CAN DLC HGH PEK PVG TSN YNT","3"
"TNJ","3","CGK LMU SIQ","3"
"TNK","1","BET","2"
"TNN","4","KMJ KNH MZG OKA","2"
"TNO","2","SJO SYQ","3"
"TNR","8","ADD DXB DZA JNB MOQ NBO RUN SEZ","6"
"TOB","0","","0"
"TOE","2","ORY TUN","2"
"TOF","16","AER CXR DME HKT IKT KJA KZN LED NJC OVB SGC SVO SVX SWT TJM UTP","9"
"TOG","3","DLG KMO TWA","1"
"TOL","2","PGD SFB","1"
"TOM","2","BKO MZI","1"
"TOS","37","ALF AMS ANX BCN BEG BER BGY BOO BRS BVG CDG CPH DUB DUS FRA GDN GVA HAA HAM HEL KEF LGW LHR LPA LTN LYR MAD MAN MEH MUC ORY RVN TRD VAW VDS VIE ZRH","18"
"TOU","1","GEA","1"
"TOY","5","CTS HND ICN PVG TPE","5"
"TPA","95","ACY ALB AMS ATL AUS AVP BDL BGR BHM BNA BOG BOS BUF BWI CAK CHS CLE CLT CMH CRW CUN CVG DAL DCA DEN DFW DTW ERI EWR EYW FLL FRA GCM GRR HAV HPN HSV HVN IAD IAH ILG ILM IND ISP JFK LAS LAX LGA LGW LHR MBJ MCI MDW MEM MEX MIA MKE MSN MSP MSY MYR NAS ORD ORF PDX PHL PHX PIT PNS PTY PUJ PVD PWM RDU RIC ROC SAN SAT SDF SDQ SEA SFO SJO SJU SLC STL TTN TYS YHZ YOW YUL YYC YYT YYZ ZRH","24"
"TPE","70","AKJ AKL AMS AUH AXT BKI BKK BWN CAN CEB CGK CGO CJJ CJU CKG CNX CRK CTS CXR DAD DMK DPS DXB FOC FUK GUM HAN HGH HKD HKG HND ICN IST KIX KKJ KMQ KUL MDC MFM MNL MWX MXP NGB NGO NKG NRT OKA OKJ PEK PHX PQC PUS PVG RGN ROR SDJ SEA SFO SGN SIN SZX TAE TAO TFU UKB VDH VIE WUH XMN YVR","63"
"TPJ","1","KTM","4"
"TPP","5","CIX IQT LIM PCL RIM","5"
"TPQ","6","IAH LAX MEX NLU NON YYC","6"
"TPS","15","BGY BLQ BRI BTS CRL FCO LUZ MXP NRN PNL SCN STN SVQ TRN VRN","3"
"TPU","0","","0"
"TQA","2","IUI JUV","1"
"TQO","13","ATL DFW EWR GDL IAH MEX MIA MTY NLU YQB YUL YYC YYZ","11"
"TQP","0","","0"
"TRA","1","MMY","1"
"TRC","11","CJS CUN CUU DFW GDL MEX MTY MZT QRO SJD TIJ","6"
"TRD","30","AES ALC AMS AYT BGO BNN BOJ BOO CHQ FRA GDN HEL KRK LCA LGW LPA MJF MUC NCE OSL OSY PMI RHO RIX SPU SSJ SVG TFS TOS VAR","11"
"TRE","3","COL GLA OBN","2"
"TRF","17","AGP ALC BGO BGY CHQ CLJ CPH LCA LPA OTP PMI PSA RHO SKP SVG TIA WAW","7"
"TRG","8","AKL CHC GBZ GIS NPE WLG WRE WTZ","3"
"TRI","8","ATL CLT DFW IAD MCO ORD PIE SFB","5"
"TRK","3","BPN CGK SUB","5"
"TRN","46","AGP AMS ARN BBU BCM BCN BFS BHX BIO BRI BRS BUD CDG CIY CMN CTA CWL DUB EMA FCO FOG FRA GLA HEL IAS IST LGW LTN MAD MAN MUC NAP NCL OLB ORY OTP PMO QSR RMO SNN SOF STN TIA TPS VLC WAW","22"
"TRR","4","CMB HRI JAF RML","4"
"TRS","19","BCN BDS BER BRI BVA CTA DUB FCO FRA KRK MLA OLB PRG QSR RTM STN SUF TIA VLC","6"
"TRT","1","UPG","2"
"TRU","2","LIM SCL","4"
"TRV","25","AMD AUH BAH BLR BOM CMB CNN COK DEL DMM DOH DXB HAQ HYD IXE KUL KWI MAA MCT MLE PNQ RUH SHJ SIN TRZ","16"
"TRW","13","ABF AEA BBG BNE CXI INU MAJ MTK MZK NAN PNI ROR TBF","3"
"TRZ","13","AUH BLR BOM CMB DEL DOH HYD KUL MAA MCT SHJ SIN TRV","6"
"TSA","15","CKG FOC GMP HND HUN KNH LZN MFK MZG PVG SHA TFU TTT WUH XMN","13"
"TSF","27","AGP ALC AMM BCM BHX BVA CFU CHQ CRL EMA GDN IAS KBP KGS KTW LTN LWO MAD MAH OTP POZ PRG TFS TIA TLS TSR WRO","3"
"TSH","0","","0"
"TSJ","2","FUK NGS","1"
"TSM","5","BUR CLD DAL DEN KEDC","2"
"TSN","88","AKA AQG BAV BHY BKK CAN CGQ CIF CIH CJU CKG CSX CTU CXR DLC DLU DMK DOY DSN ENH ENY FOC HAK HET HFE HGH HIA HKG HKT HND HRB HSN HTN HYN ICN INC JHG JJN JXA KHN KHV KIX KMG KOW KWE KWL LFQ LHR LHW LJG LLV LXA LYG NAO NDG NGB NGO NNG NNY NRT NTG PVG SHA SHS SIN SQD SWA SYX SZH SZX TFU TGO TNH TPE TYN URC UYN WMT WNZ WUH XIY XMN XNN YCU YIH YIW ZHA ZUH","37"
"TSO","0","","0"
"TSR","27","ATH AYT BCN BHX BLQ BRI BVA CFU CHQ CIA CPH DWC EFL GPA HER HRG IST LCA MAD MUC OLB OTP PMI RHO TSF VLC ZTH","11"
"TST","1","DMK","3"
"TSV","17","BNE CNJ CNS DRW HGD ISA JCK LRE MEL MKY MOV RCM ROK SYD TQP WIN YCNY","9"
"TTA","1","CMN","1"
"TTE","12","AMQ CGK GEB GLX KAZ LAH MDC OTI PGQ SQN SUB UPG","8"
"TTN","7","FLL MCO PBI PGD PIE RSW TPA","2"
"TTQ","1","SJO","1"
"TTT","3","GNI KYD TSA","3"
"TTU","13","AGP AHU ALC AMS BCN BRU CDG CMN CRL LGW MAD MRS SVQ","5"
"TUB","3","PPT RUR RVV","1"
"TUC","11","AEP BRC COR EZE FLN IGR LIM MDQ PTY PUJ SLA","5"
"TUD","0","","0"
"TUF","4","DUB MRS OPO RAK","2"
"TUG","4","BSO MNL RPLN RPLT","4"
"TUI","4","DMM HAS JED RUH","2"
"TUL","20","ATL AUS CLT CUN DCA DEN DFW IAH LAS LGA MCO MSP ORD PHX PIE SAN SEA SFB SLC VPS","11"
"TUN","46","ABJ ALG AMM ATH AUH BCN BEN BGW BLQ BOD BRU BSL CAI CDG CMN DJE DOH DUS DXB FCO FRA IST LHR LIL LIS LUX LYS MAD MJI MLA MPL MRA MRS MUC NAP NCE NIM NKC NTE ORY PMO RBA STR TOE VCE YUL","27"
"TUO","1","AKL","1"
"TUP","2","BNA DFW","1"
"TUR","1","BEL","1"
"TUS","16","ATL DAL DEN DFW HOU IAH LAS LAX MDW MSP ORD PDX PHX SAN SEA SLC","10"
"TUU","11","AHB ATZ CAI DMM DOH DXB HMB JED MED RUH SHJ","10"
"TUV","1","MUN","1"
"TUW","0","","0"
"TVC","17","ATL AZA BOS CLT DCA DEN DFW DTW EWR FLL LGA MSP ORD PGD PHL PIE SFB","9"
"TVF","1","MSP","1"
"TVS","11","CKG CSX DLC HAK HRB INC KMG KWL PVG TFU XIY","7"
"TVU","2","NAN SUV","1"
"TVY","2","KAW RGN","4"
"TWA","3","DLG KMO TOG","1"
"TWC","14","ACF AKU CAN CGO HGH KHG KRL PEK SHF TFU TLQ URC XIY YIN","7"
"TWF","2","LAS SLC","2"
"TWT","2","CBO ZAM","3"
"TWU","8","BKI CAN HKG JHB KUL MFM PVG SDK","7"
"TXE","1","KNO","2"
"TXK","1","DFW","1"
"TXN","10","HKG HRB ICN KUL PEK PUS SYX SZX XIY XMN","7"
"TYD","2","BQS KHV","1"
"TYF","2","ARN HFS","1"
"TYL","1","LIM","3"
"TYM","1","NAS","1"
"TYN","55","BAV BHY BKK CAN CGQ CKG CSX CTU DLC DSN FOC HAK HFE HGH HIA HRB INC JHG JJN KHN KMG KUL KWE KWL LHW LJG LUM LYI MFM NGB NKG NNG PEK PVG SHA SHE SHS SQD SWA SYX SZX TAO TFU TSN URC WDS WNZ WUH XMN XNN YBP YIH YIW YNZ ZUH","30"
"TYR","1","DFW","1"
"TYS","20","AUS BOS DEN EWR EYW FLL GUF HOU IAD JAX LAS MCO MDW PGD PHL PHX PIE SFB SRQ VPS","1"
"TZA","8","CUK CYC DGA INB PLJ PND SPR SVK","2"
"TZL","18","AYT BER BSL BTS BVA CGN DTM EDFH FMM GOT HAM HRG LCA MMX MST SAW STR ZRH","8"
"TZN","1","NAS","1"
"TZX","27","ADB AHB AUH AYT BAH COV DMM DOH DUS DXB DYU ECN ELQ ESB GYD IST JED KCO KWI MCT MED MUC RUH SAW SHJ TAS YEI","19"
"UAH","3","AUQ NHV UAP","1"
"UAI","0","","0"
"UAK","1","JJU","1"
"UAM","0","","0"
"UAP","3","AUQ NHV UAH","1"
"UAQ","3","AEP COR EZE","2"
"UAS","2","MRE WIL","2"
"UBA","3","CNF GRU MCZ","2"
"UBB","3","BDD HID SBR","1"
"UBJ","1","HND","3"
"UBN","35","ALA CAN CJJ CXR DLZ DSN HET HKG HKT HVD ICN IKT IST KIX KJA KYZ LTI MNL MWX MXV NRT NZH PEK PKX PQC PRG PUS PVG SGN SIN SYX TAE ULG ULO YNY","20"
"UBP","2","BKK DMK","5"
"UCB","10","CAN CGO CIF CKG HGH SJW TGO WUH XIL XIY","4"
"UCT","3","LED SVO VKO","2"
"UDI","12","BPS BSB CGH CNF FOR GIG GRU JPA MCZ NAT REC VCP","3"
"UDJ","1","KBP","1"
"UDR","6","BHO BLR BOM CCU DEL JAI","4"
"UDSG","2","AER LCA","2"
"UEL","4","APL BEW MPM TET","1"
"UEO","2","HND OKA","3"
"UET","8","DXB ISB JED KHI LHE MHD SHJ ZAH","7"
"UFA","55","AER ASF AYT BVJ CEK CXR DME DWC DXB DYU EVN GOJ GSV HKT HMA HRG IAA IKT IST KGD KGP KJA KRR KZN LBD LED MCX MRV MSQ NJC NMA NNM NOJ NSK NUX NYM OVB RMZ SCO SGC SHJ SKD SLY SSH SVO SVX SYX TAS TBS TJM TLK USK USMQ UTP VKO","29"
"UGAM","1","UGSA","1"
"UGB","4","AKN EGX KCQ PIP","1"
"UGC","17","BGY BHK DME FCO FRA GYD HSA IST LED MAD MCX MXP SKD SVO TAS VKO ZIA","12"
"UGMS","1","KUT","1"
"UGSA","2","BUS UGMS","1"
"UHBS","1","BQS","1"
"UHHY","1","KHV","2"
"UHMF","1","GDX","1"
"UHMH","1","GDX","1"
"UHML","1","DYR","1"
"UHMN","2","GDX KPW","3"
"UHNA","0","","1"
"UHPD","1","PKC","1"
"UHPK","1","PKC","1"
"UHPL","1","PKC","1"
"UHPT","1","PKC","1"
"UHPX","1","PKC","1"
"UIAE","0","","0"
"UIB","8","BOG BSC CLO COG CRC EOH NQU PEI","4"
"UIH","2","HAN SGN","3"
"UII","3","LCE RTB SAP","2"
"UIKG","1","UUD","1"
"UIKM","0","","0"
"UIN","1","ORD","1"
"UIO","24","AMS ATL BLB BOG CUE EZE GPS GYE IAH JFK LIM MAD MAR MDE MEC MEX MIA PTY PUJ SAL SCY SJO YUL YYZ","19"
"UIT","2","MAJ MIJ","1"
"UITK","2","IKT UUD","2"
"UIUN","3","KCY KYZ UUD","1"
"UJE","3","KWA LML MAJ","1"
"UKA","3","MBA NBO WIL","5"
"UKB","18","AOJ CJJ CTS HNA HND IBR ICN KIJ KOJ MMJ NGS NKG OKA PKX RMQ SDJ SHI TPE","12"
"UKE","2","BBI RPR","1"
"UKG","1","YKS","1"
"UKK","9","ALA AYT CIT DME KGF NQZ OVB SZI UZR","5"
"UKX","1","IKT","2"
"ULG","1","UBN","1"
"ULH","8","AMM BAH DMM DOH DXB JED KWI RUH","6"
"ULI","2","TKK YAP","2"
"ULK","3","BTK IKT YKS","4"
"ULO","1","UBN","1"
"ULP","8","BEU BNE BQL BVI CTL ISA WNR WTB","1"
"ULV","9","AER CEE LED MRV MSQ OVB SVO SVX VKO","8"
"ULZ","1","UBN","1"
"UMD","2","IKE JQA","2"
"UME","5","ARN HEL LPA OSD VAA","5"
"UMS","1","YKS","1"
"UNG","5","HGU LMY POM SKC TBG","2"
"UNI","9","ANU BGI BQU CIW CRU GND MQS SVD UVF","3"
"UNK","5","KKA OME SKK SMK WBB","2"
"UNN","1","DMK","1"
"UOL","2","GTO PLW","2"
"UPG","42","AMQ APD BDJ BEJ BIK BMU BPN BTW BUW CGK DJJ DPS GTO JED KDI KOE KSR KUL KXB LLO LOP LUW MDC MED MJU MKQ MKW MOF MOH NBX PLW PSJ RAQ SIN SOQ SQR SRG SUB TIM TRT TTE YIA","18"
"UPN","4","LAX MLM NLU TIJ","2"
"URA","8","AKX AYT KGF NQZ SAW SCO SSH TAS","6"
"URC","108","AAT ACF AKA AKU ALA ASB BKK BPL BZX CAN CGO CIT CKG CSX CTU DLC DXB DYU DZH EVN FEG FOC FRA FUG FYN GYD GYS HAK HET HFE HGH HKG HQL HTN IKA INC IQN ISB IST JGN JIC JJN KBL KCA KHG KHN KJI KMG KRL KRY KUL KWE LBD LHW LNL LXA LYA LZO MIG MSQ NGB NGQ NKG NNG NNY NQZ OSS PEK PKX PVG QSZ SHA SHE SJW SVO SYD SYX SZX TAO TAS TBS TCG TFU TNA TSN TWC TYN UYN WNZ WUH WUX XIY XMN XNN XUZ YBP YCU YIH YIN YIW YNZ YTW YTY YZY ZFL ZHA ZUH ZYI","35"
"URE","4","EERU EPU HEL TLL","3"
"URG","2","FLN POA","1"
"URJ","3","HMA SGC TJM","1"
"URS","0","","0"
"URT","4","BKK CNX DMK HHQ","5"
"URY","2","JED RUH","2"
"USA","11","ALB FLL HVN IND ISP LAL PGD PIE ROC SFB SJU","2"
"USH","9","AEP COR CRD EZE FTE GRU REL RGA RGL","6"
"USJ","2","NQZ TDK","2"
"USK","7","KZN PEE SCW UFA UUA UWWW VKO","2"
"USM","5","BKK DMK KBV SIN SZB","3"
"USMQ","3","TJM UFA VKO","1"
"USN","2","CJU GMP","3"
"USR","1","YKS","1"
"USU","3","CEB CRK ENI","4"
"UTH","6","BKK CNX DMK HDY HKT UTP","5"
"UTK","1","MAJ","1"
"UTN","2","CPT JNB","1"
"UTOD","1","DYU","1"
"UTP","18","BAX CNX HKT IKT KHV KJA MSQ NOZ OVB SVO SVX TAS UFA USM UTH UWWW VKO VVO","6"
"UTS","1","SCW","1"
"UUA","6","NJC NOJ NUX SGC USK VKO","1"
"UUD","19","BAX BQS DME GDX IKT KEJ KHV KJA KYZ KZN OVB RGK SVO TAS UIKG UIUN UUS VVO YKS","12"
"UUS","16","BQS DEE EKS HRB ITU KHV KJA NGK OHH OVB PKC PKX SVO UUD VVO ZZO","5"
"UVE","3","GEA LIF NOU","2"
"UVF","13","ATL BOS CLT EWR GEO GND JFK LGW MIA ORD PHL TAB YYZ","7"
"UVI","1","CWB","1"
"UVL","1","CAI","2"
"UWWW","44","AER ALA BAX BUS CEK DME DXB DYU EVN GOJ HKT HRG HRI IAR IST KGD KJA KZN LBD LED MCX MRV MSQ NJC NMA NUX OSS OVB PEE PES RMZ SGC SHJ SSH SVO SVX TAS TBS TJM UGC USK UTP VKO ZIA","21"
"UYL","2","ELF KRT","3"
"UYN","31","AKA CAN CGO CGQ CKG CSX DLC FOC HAK HGH HRB INC KMG LHW NKG NNG PEK PKX PVG SHA SHE SWA SZX TFU TNA URC WUH XIY XMN YTY YYA","9"
"UYU","3","CBB CUZ LPB","1"
"UZR","1","ALA","1"
"VAA","4","ARN HEL LPA UME","3"
"VAG","1","CNF","1"
"VAI","1","WWK","2"
"VAK","3","BET HPB SCM","2"
"VAM","1","MLE","1"
"VAN","6","ADB AYT COV ESB IST SAW","4"
"VAO","4","FRE HIR KGE MUA","1"
"VAQ","2","KCY KJA","3"
"VAR","42","ATH BCN BEG BER BGO BRE BRQ BRU BTS BVA CDG CGN CPH CRL DTM DUS EDFH EIN FMM FRA HAJ HAM HEL IST KLV KRK KTW LCA LIL LTN LUX MUC NTE ORY OSL OSR PRG SOF STR TLV VIE ZRH","23"
"VAS","4","ADB CGN IST SAW","4"
"VAV","2","NAN TBU","2"
"VAW","4","BJF BVG KKN VDS","1"
"VBS","0","","0"
"VBV","1","SUV","1"
"VBY","3","ARN CPH HEL","3"
"VCA","6","DAD HAN PQC VCS VDO VII","3"
"VCCV","2","CMB RML","3"
"VCE","90","ADB AHO ALC AMS ARN ATH ATL BCN BDS BEG BHX BIO BOD BRI BRS BRU BSL BUD CAG CAI CDG CFU CGN CLJ CMN CPH CTA DFW DOH DUB DUS DXB EDI EVN EWR FCO FRA HAM HEL IAD ICN IST JED JFK JTR KEF KRK KUT LCA LHR LIS LMP LTN LUX LYS MAD MAN MRS MUC NAP NCE NTE OLB ORY OSL OVD PEK PHL PMO PNL PVG RIX RMO RUH SAW SSH STN STR SUF SVQ TFS TLS TLV TPS TUN VIE WAW YUL YYZ ZRH","54"
"VCP","47","AFL AJU AQA ARU BAT BEL BRC BSB BVB BYO CAC CGB CGR CMG CNF CWB CXJ FLL FLN FOR FRC GIG GYN IGU IOS JPR JTC MAO MCO MCZ MGF MII NAT NVT OAL OPO PDP PET PFB PMG PMW PNZ PTO REC RRJ SSA XAP","4"
"VCS","3","HAN SGN VCA","2"
"VDC","3","CNF GRU SSA","3"
"VDE","2","LPA TFN","2"
"VDH","4","DAD HAN SGN TPE","3"
"VDM","2","AEP BRC","1"
"VDO","1","SGN","1"
"VDS","10","ALF BJF BVG HFT HVG KKN MEH SOJ TOS VAW","1"
"VDY","2","BLR HYD","2"
"VDZ","2","ANC FAI","1"
"VEE","3","ARC FAI FYU","2"
"VEL","2","DEN PHX","1"
"VEO","2","KJA OVB","1"
"VER","12","CME CUN DFW GDL IAH MEX MTT MTY QRO TAM TIJ VSA","7"
"VEY","1","RKV","1"
"VFA","13","ADD BUQ CPT DAR FRA HRE HWN JNB KAB MQP MUB NBO WDH","11"
"VGA","11","BLR BOM CDP DEL HYD KJB MAA SHJ SIN TIR VTZ","4"
"VGD","3","LED VKO VUS","1"
"VGO","8","ACE BCN LPA MAD PMI SDR TFN VLC","4"
"VGZ","1","BOG","1"
"VHM","3","AJR ARN LYC","1"
"VHV","1","YKS","1"
"VIE","161","ACH ADB ADD AGA AGP ALC ALG AMM AMS ARN ASR ATH AUH AYT BCN BEG BER BFS BGO BHX BIA BIO BJV BKK BLQ BOD BOH BOJ BOS BRE BRI BRS BRU BSL BUD CAG CAI CDG CGN CPH DEL DIY DJE DLM DOH DUB DUS DXB EDI EMA ESB EVN EWR FCO FLR FNC FRA FRL GLA GRZ GVA GYD HAJ HAM HEL HND HRG IAD IAS IBZ ICN IKA INN IST JED JFK JTR KBP KLU KRK KSC KWI LAX LBA LCA LEJ LGW LHR LIN LIS LPA LPL LUX LWO LYS MAD MAH MAN MCT MIR MLA MLE MRS MRU MUC NAP NCE NCL NTE OLB ORD ORY OSL OTP PEK PMI PRG PRN PVG RAK RHO RIX RMF RMO RUH RVN SAW SBZ SHJ SID SIN SJJ SKG SKP SMI SOF SPU STN STR SZF SZX TBS TFS TFU TGD TIA TLL TLV TPE TUN VAR VCE VLC WAW XIY YUL YYZ ZAD ZAG ZRH ZTH","75"
"VIG","2","CCS PMV","6"
"VII","10","BMV CXR DAD DLI HAN PQC SGN UIH VCA VCS","5"
"VIJ","3","AXA EIS SJU","3"
"VIL","9","ACE AGA CMN EUN LPA MAD ORY RAK RBA","4"
"VIT","7","ALC BCN LPA MAD MAH PMI SVQ","3"
"VIX","8","BSB CGH CNF GIG GRU REC SSA VCP","3"
"VJB","2","MPM VPY","1"
"VKO","93","ADB AER ALA AYT AZN BGW BHK BJV BSZ BUS BVJ CAN CCS CEK CIT CMB DLM DWC DXB DYU ESB EVN FEG GDZ GME GNJ GRV GSV GYD GZP HMA HRG IAR IST JED JOK KGD KGP KJA KRR KSQ KVK KZN LBD LED LLK MCX MJZ MRV MSQ NAJ NAL NCU NER NJC NMA NNM NOJ NQZ NUX NVI NYM OGZ OMS OSS OVB PEE PES PKV PMV RMZ RUH SAW SCW SGC SKD SSH SUI SVX TAS TBS TBW TJM TMJ UCT UFA UGC ULV USK USMQ UUA VGD YKS","30"
"VKT","2","SCW ZIA","2"
"VKV","3","CSH KSZ LDG","1"
"VLC","88","ACE AGP ALG AMS ARN ATH BCM BCN BEG BER BHX BIO BLQ BOD BRI BRS BRU BSL BUD BVA CAI CDG CGN CLJ CMN CPH DUB DUS EDFH EIN EMA FCO FEZ FLR FNC FRA FUE GVA HAM HEL HRG IAS IBZ IST KBP KRK LCG LGW LHR LIL LIS LPA LTN LUX LWO LXR LYS MAD MAH MUC MXP ORY OSL OTP OVD PMI POZ PRG RBA RIX RMO RTM SDR SOF STR SVQ TFN TIA TNG TSR VCE VGO VIE WAW WRO XRY YUL ZRH","35"
"VLD","1","ATL","1"
"VLG","0","","0"
"VLI","14","AKL BNE CHC HIR LNE LOD NAN NOU NUS POM SON SSR SYD WLH","9"
"VLL","4","BCN LPA PMI TFN","3"
"VLN","10","BOG CCS CGU HAV MAR MDE PMV PTY PUJ SVZ","6"
"VLV","2","CCS PMV","1"
"VME","2","AEP RLO","1"
"VMR","0","","0"
"VNE","0","","1"
"VNKD","1","KTM","3"
"VNO","65","AGP AMS ARN ATH AYT BCN BER BGO BGY BJV BLL BOJ BRE BRU BUD BVA CDG CFU CPH CTA DUS DXB FCO FNC FRA GNB GPA GZP HAM HEL HER HRG HRI IST KEF KRK KUT KVA LCA LPA LTN MUC MXP NCE OLB OSL PMI RHO RMF RMI SSH SUF SZG TFS TGD TIA TIV TKU TLL TLV TRN VAR VIE WAW ZRH","24"
"VNRR","2","KEP SKH","3"
"VNS","13","AMD BBI BKK BLR BOM CCU DEL HDO HJR HYD MAA RDP SHJ","5"
"VNSL","2","KEP KTM","1"
"VNTH","1","KTM","1"
"VNX","4","INH JNB MPM MQP","2"
"VNY","8","APC ASE FTW LAS OGG SJD SUN TEB","1"
"VOG","14","AER DME DXB EVN HRG KGD KZN LED MCX OVB SSH SVO SVX VKO","12"
"VOL","4","BRQ CRL DUS HER","4"
"VOZ","20","AER AYT BSZ DME DWC DYU EVN HKT IST KZN LED MRV NSK OSS OVB SIP SVO SVX TAS VKO","16"
"VPE","7","CBT LAD MSZ NOV SDD SPP SVP","1"
"VPN","2","AEY THO","1"
"VPS","32","ATL BLV BNA BOS CAK CKB CLT COU CVG DAL DCA DEN DFW DSM EWR FNT HOU HTS IAD JFK LAS LGA LIT MCI MIA MSP OKC ORD PIT STL TYS XNA","8"
"VPY","3","BEW MPM VJB","1"
"VQS","5","CPX NRR SIG SJU STX","3"
"VRA","6","MIA YHZ YQB YQM YUL YYC","3"
"VRB","7","BDL BOS CLT HPN IAD ISP PVD","3"
"VRC","1","MNL","1"
"VRN","75","AAL AHO AMS AOK ATQ BCN BDS BFS BHD BHX BRI BRS BWK CAG CAI CDG CGN CMN CPH CTA DUB DUS EDI EMA FRA FUE GDN GLA HAM HEL HER IBZ JMK JTR KEF KGS KRK LBA LGW LMP LPA LRM LTN LXR MAD MAH MAN MBA MBJ MIR MLE MUC MUH NBE NCL OLB OMO ORY OSL PMI PMO POZ RHO RIX RMF RMO STN SUF TFS TIA TLV VLC ZAD ZNZ ZTH","24"
"VSA","9","CUN GDL MEX MID MTT MTY NLU TAM VER","5"
"VST","3","AGP ALC STN","1"
"VTB","2","AYT SSH","1"
"VTE","46","BKK BOR CAN CKG CSX DMK DSN FOC HAK HAN HFE HGH HKG ICN JHG KMG KTI KUL LHW LPQ LXG MWX NEU NGB NNG ODY PKX PKZ PUS PVG RGN SGN SIN SWA SYX TAE TFU TNA WNZ WUH WUX XIY XKH ZBY ZHA ZVK","29"
"VTZ","15","AUH BBI BLR BOM CCU DEL HYD IXZ KJB NMI PYB RPR SIN TIR VGA","5"
"VUP","3","BAQ BOG EOH","3"
"VUS","2","CEE VGD","2"
"VVC","8","AUC BOG CLO EOH LMC MVP PCR PDA","3"
"VVI","18","AEP ASU BCN BOG CBB CIJ EZE GIG GRU IAD LIM LPB MAD ORU PTY SCL TDD TJA","11"
"VVO","38","BHK BKK BPE BQS CXR DAD DLC DYR FNJ GDX HAN HKT HRB HTA IKT ITU KHV KJA KXK LED MFM NER OVB PEK PKC PKX PQC PVG SVO SVX SYX TAS UTP UUD UUS XIY YKS YNT","19"
"VVZ","6","ALG AZR DJG GHA OGX TMR","2"
"VXC","3","APL MPM UEL","1"
"VXE","9","AMS CDG LIS LUX OPO ORY RAI SID ZRH","7"
"VXO","8","AGP ALC BMA GDN LCA LPA PMI RHO","5"
"VYI","1","YKS","1"
"WAA","3","KTS OME SHH","2"
"WAE","3","AHB JED RUH","2"
"WAG","1","AKL","1"
"WAW","111","ADB ADD AGA AGP ALA ALC AMS ARN ATH AUH AYT BBU BCN BEG BER BJV BKK BLQ BRU BUD BZG BZO CAI CDG CFU CHQ CMB CPH CRL CTA DOH DUB DUS DXB EIN ESB FAO FCO FNC FRA GHV GNB GPA GRO GYD HEL HER HRG HRK IEV INN IST KEF KGS KUT LBA LCA LHR LIS LJU LPA LWO LYS MAD MAN MIA MLA MLE MUC NAP NCE NOS NQZ NRT OPO OSL OTP PEK PFO PMI PMO POP POZ PQC PRG PSA RAK RIX RMF RVN RZE SFO SHJ SID SKG SPU SSH SUF SVQ TBS TCP TFS TIA TIV TLL TLV TRF TRN VIE ZAG ZRH","35"
"WBA","1","AMQ","1"
"WBB","3","OME SMK UNK","2"
"WBM","1","POM","1"
"WBQ","1","FAI","1"
"WDH","17","ADD BBK BUG CBT CPT FRA GBE JNB LAD LUN LVI MUB NBJ NLA OGV VFA ZRH","12"
"WDS","35","CAN CKG DLC HAK HET HFE HGH HUZ JHG JJN KMG KWE LHW LJG LXA NGB NKG NNG PEK PKX PVG SHE SWA SYX SZX TAO TFU TNA TSN TYN URC WNZ WUX XIY XMN","15"
"WEF","8","CAN CGQ CKG DLC HAK HGH HRB SHE","4"
"WEH","25","CAN CGQ CKG CZX DLC FOC HFE HGH HRB ICN KHN KHV NGB NKG PEK PKX PVG SHA SHE SZX TFU TNA XIY XMN YTY","11"
"WEI","4","AUU BNE CNS IRG","3"
"WFB","11","CGA HYG HYL KCC KPB KTB MTM PAQC PPV WHD WWP","1"
"WGA","3","BNE MEL SYD","2"
"WGE","2","DBO LHG","1"
"WGN","5","HAK PEK SZX TFU XIY","3"
"WGP","5","KOE LBJ LOP RTG SAU","2"
"WHA","11","CAN CGQ CKG CSX DLC FUO KMG KWL PKX SZX TFU","7"
"WHD","1","WFB","1"
"WHK","4","AKL GIS HLZ NPE","2"
"WIC","1","ABZ","1"
"WIEP","1","PKU","1"
"WIK","0","","0"
"WIL","21","ARK ASV EBB EDL HKNV ILU JJM JRO KIS KTL KWY LAU LOK MBA MRE MYD NYK UAS UKA WJR ZNZ","6"
"WIN","2","LRE TSV","1"
"WIR","1","NPE","1"
"WJR","2","NBO WIL","2"
"WKA","0","","0"
"WKJ","2","CTS HND","2"
"WLE","1","BNE","1"
"WLG","22","AKL BHE BNE CHC CHT DUD GIS HLZ KTF MEL NAN NPE NPL NSN OOL PCN ROT SYD TIU TRG WSZ ZQN","9"
"WLH","2","SON VLI","1"
"WLK","1","OTZ","1"
"WLP","0","","0"
"WLS","2","NAN NOU","1"
"WME","0","","0"
"WMI","28","AHO ALC ATH BCN BDS BGO BGY BLQ BOJ CFU CTA DUB EIN KBP LIS LPL MAD MLA PFO PMI PMO RMO SHJ SOF STN TSF ZAD ZTH","3"
"WMN","3","SVB TMM TNR","1"
"WMO","3","ELI GLV OME","1"
"WMT","30","ACX CAN CGO CKG CSX DLC HAK HFE HGH HUZ JHG JJN KHN KMG KWE LLB LXA NGB NKG PEK PVG SZX TNA TSN WNZ WUH XIY XMN ZHA ZUH","10"
"WMX","4","DEX DJJ OKL TIM","4"
"WNA","0","","0"
"WNH","3","CAN PKX TFU","2"
"WNI","2","KDI UPG","1"
"WNP","1","CRK","1"
"WNR","8","BEU BNE BQL BVI CTL ISA ULP WTB","1"
"WNZ","67","ACX AKU CAN CGO CGQ CIF CKG CSX CTU DLC DOY DZH ENH FCO FUO HAK HET HIA HKG HRB HSN HZG ICN INC KHN KMG KOW KWE KWL LJG LYI MAD MFM MIG MXP NAO NNG PEK PKX PQC PVG SHE SIN SJW SWA SYX SZX TAO TFU TNA TSN TYN URC UYN VTE WDS WMT WUH WXN XIY XMN YBP YCU YIH YNT ZUH ZYI","30"
"WOL","2","BNE MEL","1"
"WOS","1","FNJ","1"
"WOT","1","KHH","1"
"WPL","2","CAM9 CXH","1"
"WPR","1","PUQ","1"
"WPU","1","PUQ","1"
"WRE","5","AKL GBZ HLZ KAT TRG","2"
"WRG","3","KTN PSG SIT","2"
"WRO","49","AGA AGP ALC AMS ARN ATH AYT BBU BCN BJV BLQ BRI CPH CTA DTM DXB EIN FCO FKB FRA FUE GRO ICN KBP KUT LIS LTN LWO MAD MBA MUC NAP NBE ORY PMO PSA RMF RMI SLL SNN SPU STN SUF TGD TIA VAR WAW ZAD ZRH","12"
"WRY","2","KOI PPW","1"
"WSI","2","AKL SIN","2"
"WSK","3","CAN KWE YNT","2"
"WSN","3","AKN CLP DLG","1"
"WST","1","BID","2"
"WSX","1","LKE","1"
"WSZ","1","WLG","1"
"WTB","12","BEU BNE BQL BVI CMA CTL ISA SGO SYD ULP WNR XTG","2"
"WTE","1","MAJ","1"
"WTK","2","KVL OTZ","2"
"WTL","1","BET","1"
"WTO","4","KWA LML MAJ UJE","1"
"WTZ","3","AKL GBZ TRG","2"
"WUA","14","CGO CIF CKG HET HGH PEK PKX SHA SZX TFU TSN WUH XIL XIY","8"
"WUH","112","AKA AKU BAR BAV BHY BKK BPL CAN CDE CGK CGQ CIF CIH CKG CTU DAT DLC DLU DMK DOY DSN DXB DYG ENH FOC HAK HAN HET HGH HKG HKT HLD HLH HPG HRB HSN HTN HUZ HYN HZA ICN INC JHG JJN JNZ KHH KIX KMG KRL KTI KUL KWE LFQ LHR LHW LJG LUM LXA LYG LYI LZH LZO MFM MIG NAO NGB NGO NNG NRT NTG PEK PKX PVG RIZ SFO SGN SHA SHE SIN SQJ SVO SWA SYD SYX SZX TAO TFU TNA TPE TSA TSN TYN URC UYN VTE WDS WMT WNZ WUA XIY XMN XNN YBP YCU YIN YIW YNT YNZ YZY ZHA ZUH ZYI","34"
"WUI","0","","0"
"WUN","3","MKR MMG PER","1"
"WUS","7","CAN PKX SZX TAO TFU TNA XMN","3"
"WUT","10","CAN HRB KMG KWE KWL PVG SHE TFU WUH XMN","6"
"WUU","0","","13"
"WUX","44","BKK BSD BZX CAN CGQ CIF CIH CJU CKG CSX CTU DLC DSN FOC HRB ICN JHG JJN KIX KMG KUL KWE LJG MFM NNG PEK PKX SHE SWA SZX TAO TFU TYN URC VTE WDS XFN XIY XMN YBP YCU YKH ZUH ZYI","14"
"WUZ","3","CSX PKX PVG","2"
"WVB","2","CPT JNB","2"
"WWI","0","","0"
"WWK","4","HGU MAG POM VAI","2"
"WWP","1","WFB","1"
"WWT","1","BET","1"
"WXN","18","CAN CSX FOC HAK HGH HUZ JNG KMG LHW NGB NKG PEK PVG SZX URC WNZ XIY XMN","11"
"WYA","1","ADL","1"
"WYS","2","DEN SLC","2"
"WZA","2","ACC KMS","1"
"XAI","9","CKG HAK HGH PVG SZX TFU TSN XIY XMN","4"
"XAP","5","CGH FLN GRU NVT VCP","3"
"XAU","2","CAY MPY","1"
"XBE","2","YTL YXL","4"
"XBJ","4","JED MED MHD THR","5"
"XCH","2","CCK PER","2"
"XCR","2","OPO RAK","1"
"XEQ","2","JNN QUV","1"
"XFN","28","CAN CGQ DLC FOC HAK HET HGH HRB INC KMG LHW LJG NGB NKG NNG PEK SHA SHE SYX SZX TAO TFU URC WNZ WUX XIY XMN ZUH","9"
"XGR","1","YVP","1"
"XIC","19","CAN CGO CKG CSX CTU HAK JHG KWE LZO MIG NGB NKG PEK PKX PVG SZX TFU XIY YBP","6"
"XIL","15","AXF BAV CIF CKG ERL HET HLD PEK PKX PVG RLK TGO UCB WUA XIY","5"
"XIY","180","AAT AKU ALA ASB BAV BHY BKK BPX BSZ BUD BZX CAN CDG CGD CGQ CIF CIT CJU CKG CNX CSX CTS CTU CZX DHH DIG DLC DLU DMK DNH DOH DOY DQA DSN DXB DXJ DYG EHU ENH ENY FOC FUG FUK GOQ GXH GYU HAK HAN HCZ HET HFE HGH HIA HJJ HKG HKT HLD HLH HRB HSC HTN HUZ ICN INC IST JBK JGN JGS JHG JIC JIQ JIU JJN JNH JUZ KCA KHG KHN KIX KMG KRL KRY KTI KUL KWE KWL LHR LJG LLF LLV LNL LXA LYI LZH LZO LZY MDG MEL MSQ MXP NGB NGO NKG NNG NNY NQZ NRT NTG OVB PEK PEN PKX PQC PUS PVG PZI QSZ RKZ SGN SHA SHE SHS SIN SJW SKD SVO SWA SYD SYX SZX TAO TAS TCG TCZ TFU TGO TLQ TNA TNH TSN TVS TWC TXN UCB URC UYN VTE VVO WDS WEH WGN WHA WMT WNZ WUH WUX WXN XAI XFN XIC XIL XMN XNN YBP YIC YIH YIN YIW YKH YNT YNY YTY YUS YYA YZY ZAT ZHA ZHY ZUH ZYI","47"
"XKH","1","VTE","3"
"XKS","2","YWP YXL","1"
"XLB","3","XTL YTH YWG","1"
"XMH","2","AHE PPT","1"
"XMN","115","AKA AMS BAV BKK CAN CDG CGK CGO CGQ CKG CSX CTU CZX DIL DLC DMK DOH DOY DPS EHU ENH ENY FOC HAK HAN HDG HET HFE HGH HIA HKG HMI HNY HRB HSN ICN INC JDZ JGS JHG JUH KHH KHN KIX KMG KOS KTI KUL KWE KWL LAX LHW LJG LXA LYG LYI LZH LZO MEL MFM MIG MLE MNL NAO NGB NKG NNG NRT NTG PEK PEN PKX PVG RGN RIZ SGN SHA SHE SHS SIN SJW SYD SYX SZX TAO TFU TNA TPE TSA TSN TXN TYN URC UYN WDS WEH WMT WNZ WUH WUS WUT WUX WXN XAI XFN XIY XUZ YCU YNT YNZ YTY YVR YYA ZUH ZYI","41"
"XMY","4","CNC HID OKR SYU","2"
"XNA","22","ATL BNA CLT DCA DEN DFW DTW FLL GUF IAH LGA MCO MSP MSY ORD PHX PIE PNS SFB SLC TPA VPS","9"
"XNH","0","","0"
"XNN","45","CAN CGO CKG CSX CTU DNH ENY FOC GMQ GOQ HAK HDG HFE HGH HKG HTT HXD INC JJN KHG KHN KMG KUL KWE LXA LZO NKG NNG PEK PKX PVG SHA SHE SYX SZX TAO TFU TNA TYN URC WUH XIY YCU YUS ZHY","22"
"XNT","5","CAN HAK HRB PVG TFU","4"
"XPL","11","BCN DFW FLL IAH MAD MEX MIA MSY PTY SAL SJO","8"
"XQP","2","SJO SYQ","3"
"XQU","1","YVR","1"
"XRY","22","BCN BER BHX BRN BRU DUS FRA HAJ HAM KEF LBA LPA LUX MAD MAN MUC OVD PMI SDR STR TFN ZRH","14"
"XSC","3","GDT MIA PLS","3"
"XSP","2","RDN SZB","2"
"XTG","4","BNE CMA SGO WTB","1"
"XTL","2","XLB YTH","1"
"XUZ","28","CAN CGQ CKG CSX DLC DLU DYG HAK HET HKG HRB HSN JHG JJN KHN KMG KWE KWL NNG SHE SWA SYX SZX TFU XMN YBP YIH ZUH","14"
"XWA","3","DEN LAS MSP","3"
"XYI","1","HAK","1"
"XZM","0","","0"
"YAA","1","YVR","1"
"YAB","3","YFB YIO YRB","1"
"YAC","2","CKD9 YXL","3"
"YAK","0","","0"
"YAM","5","YQT YSB YTZ YYC YYZ","4"
"YAP","5","GUM PNI ROR TKK ULI","3"
"YAT","5","YFA YMO YPO YTS ZKE","2"
"YAV","1","YVR","2"
"YAX","1","YXL","2"
"YAY","4","YBX YWK YYR YYT","1"
"YAZ","1","YVR","2"
"YBB","4","YCB YHK YYH YZF","1"
"YBC","4","YHR YHU YQB YZV","1"
"YBE","4","YPA YSF YXE ZFD","1"
"YBG","1","YUL","1"
"YBK","1","YRT","1"
"YBL","2","YVR YYC","2"
"YBP","29","CAN CGO CKG CSX CZX DLU FOC HFE HGH JJN KMG LJG LXA NKG PEK PKX SHE SYX SZX TAO URC WNZ WUH WUX XIC XIY XUZ YIW YNZ","8"
"YBT","2","YTH YWG","1"
"YBV","3","CYAV YDV YWG","3"
"YBW","2","CXH YVR","2"
"YBX","11","YAY YHR YHU YIF YNA YQB YUL YYR YYT YZV ZGS","3"
"YCB","5","YBB YCO YHK YYH YZF","3"
"YCD","5","YEG YLW YVR YYC YYZ","5"
"YCK","3","YGH YVQ YZF","1"
"YCNY","0","","0"
"YCO","3","YCB YHI YZF","1"
"YCPT","2","ADL PUG","1"
"YCR","2","YNE YWG","1"
"YCS","1","YRT","2"
"YCU","35","BKK CAN CGQ CKG CSX CTU HAK HGH HRB JJN KHN KMG KUL KWE LJG NGB NGO NKG NNG PEK PKX PVG SHE SYX SZX TFU TNA TSN URC WNZ WUH WUX XMN XNN ZUH","9"
"YCY","2","YFB YXP","1"
"YDA","4","FAI YEV YOC YXY","1"
"YDF","12","CUN YAY YHZ YOW YQM YQX YUL YWK YYC YYR YYT YYZ","5"
"YDLO","0","","0"
"YDP","6","YHO YMN YNP YRG YSO YYR","1"
"YDV","2","CYAV YBV","2"
"YEG","47","AMS ATL CUN DEN IAH LAS LAX MBJ MCO MSP ORD PHX PVR SEA SFO SJD SLC YCD YHM YHU YHY YHZ YKA YKF YLW YMM YOJ YOW YPY YQQ YQR YQU YSM YUL YVR YWG YXE YXS YXT YXX YXY YYC YYG YYJ YYT YYZ YZF","14"
"YEI","8","AYT COV DIY DUS ERZ MSR STR TZX","2"
"YEK","1","YRT","2"
"YER","1","YXL","1"
"YES","1","THR","2"
"YEV","11","LAK YDA YGH YHI YOC YPC YSY YVQ YXY YZF ZFM","4"
"YFA","5","YAT YMO YPO YTS ZKE","2"
"YFB","5","GOH YOW YRB YRT YVP","2"
"YFC","6","CUN YOW YTZ YUL YYC YYZ","6"
"YFH","7","SUR YLH YOG YPL YQN YQT YWP","3"
"YFO","2","YQD YWG","1"
"YFS","2","YHY YZF","2"
"YGG","3","CAM9 CXH YWH","3"
"YGH","3","YCK YEV YVQ","1"
"YGJ","3","HND ICN TPE","4"
"YGL","3","YGW YPX YUL","1"
"YGO","3","CYAV YTH YWG","2"
"YGP","5","YGR YHU YQB YUL YVB","2"
"YGR","6","FSP YGP YHU YQB YUL YVB","4"
"YGT","1","YFB","1"
"YGW","14","AKV YGL YIK YKQ YKU YNC YPH YPX YSK YUD YUL YVO YZG ZEM","2"
"YGX","3","YTH YWG YYQ","1"
"YGZ","1","YRB","1"
"YHH","4","YAL YMP YPW YVR","1"
"YHI","3","YCO YEV YZF","2"
"YHK","4","YBB YCB YYH YZF","1"
"YHM","10","CUN MBJ MCO PUJ PVR YEG YHZ YOW YYC YYT","2"
"YHO","2","YNP YSO","1"
"YHP","0","","0"
"YHR","11","YBC YBX YHU YIF YNA YQB YUL YZV ZGS ZLT ZTB","2"
"YHU","16","YEG YGP YGR YHM YHZ YQB YQM YSJ YTZ YVB YVR YWG YYC YYG YYT YYZ","2"
"YHY","3","YEG YSM YZF","2"
"YHZ","50","BCN BDA BGI BOS CCC CDG CPH CUN DCA DTW DUB EWR FLL FRA FSP HOG IAD KEF LGA LGW LHR LIS MBJ MCO NAS ORD PHL POP PUJ SNU TPA VRA YDF YEG YHM YHU YKF YOW YQR YQX YSJ YUL YVR YWG YXE YYC YYR YYT YYZ ZRH","17"
"YIA","21","AAP BDJ BPN BTH CGK DJB DPS JED KNO KUL LOP MED PDG PGK PKU PKY PLM PNK SIN TIM UPG","13"
"YIC","7","CAN CKG DLC PEK SYX SZX XIY","4"
"YIE","3","HET HLH PKX","2"
"YIF","7","YBX YHR YNA YQB YUL YZV ZGS","2"
"YIH","39","BHY CAN CTU FOC HAK HGH HKG INC JHG JJN KMG KWE KWL LHW NGB NTG PEK PKX PVG SHE SIN SJW SWA SYX SZX TAO TFU TNA TSN TYN URC VVO WNZ XIY XMN XUZ YNT YTY ZUH","14"
"YIK","7","AKV YGW YPH YPX YUD YUL YZG","1"
"YIN","27","AAT ACF AKU ALA BPL CGO CKG CSX FOC FYN HMI HTN KRY LHW NKG PEK PKX QSZ SHF TCG TFU TLQ TWC URC WUH XIY YTW","13"
"YIO","3","YAB YFB YRB","1"
"YIP","0","","0"
"YIV","4","CYAV YRS YST YWG","2"
"YIW","23","BZX CAN CGO CGQ CKG HAK HKG KMG KWE PEK PKX PVG SHE SWA SYX SZX TFU TSN TYN URC WUH XIY ZUH","8"
"YJAC","2","ADL CED","1"
"YJS","1","FNJ","1"
"YJUN","0","","0"
"YKA","4","YEG YVR YYC YYJ","3"
"YKF","4","CUN PUJ YHZ YYC","2"
"YKG","6","YPJ YQC YTQ YVP YWB YZG","1"
"YKH","5","CAN NKG PVG SJW WUX","3"
"YKL","3","YQB YUL YZV","1"
"YKM","1","SEA","1"
"YKO","2","ESB IST","2"
"YKQ","6","YGW YKU YNC YUL YVO ZEM","1"
"YKS","41","AER BGN BQJ BQS CKH CYX DME DPT HRB IKS IKT KHV KJA LED MJZ MQJ NER NYR OLZ ONK OVB PKX PWE PYJ SEK SUK SUY SVO SVX SYS UKG ULK UMS USR UUD VHV VKO VVO VYI ZIX ZKP","7"
"YKU","6","YGW YKQ YNC YUL YVO ZEM","1"
"YLAW","0","","0"
"YLC","1","YFB","1"
"YLH","5","YFH YOG YQN YQT YWP","2"
"YLW","19","CUN LAX MZT SEA YCD YEG YKA YMM YOW YQQ YUL YVR YWG YXC YXJ YXS YYC YYJ YYZ","13"
"YLX","8","CGO HAK HGH PEK PVG SZX TFU XIY","6"
"YMM","5","YEG YPY YVR YYC YYZ","5"
"YMN","6","YDP YHO YNP YRG YSO YYR","1"
"YMO","5","YAT YFA YPO YTS ZKE","3"
"YMT","2","YNS YUL","1"
"YMX","0","","0"
"YNA","5","YBX YHR YIF YZV ZGS","1"
"YNB","8","CAI DMM DOH HBE HMB IST JED RUH","10"
"YNC","6","YGW YKQ YKU YUL YVO ZEM","1"
"YNE","2","YCR YWG","1"
"YNJ","15","CAN CGQ CJJ CKG HGH ICN NKG PEK PKX PUS PVG TAE TAO TSN YNT","12"
"YNL","3","YPA YVC YXE","1"
"YNO","3","YRL YWG YXL","4"
"YNP","6","YDP YHO YMN YRG YSO YYR","1"
"YNS","2","YMT YUL","1"
"YNT","46","CAN CGO CGQ CKG CSX CZX DLC DQA DSN DYG FOC FUK HET HFE HGH HRB HSN ICN INC JMU JNG JXA KHN KHV KMG KWE KWL LJG NGB NGO NKG NNG NTG PEK SHA SHE SZX TFU TNA VVO WNZ WSK WUH XIY XMN YNJ","20"
"YNY","1","CJU","1"
"YNZ","31","CAN CGQ CKG CSX DLC DLU FOC HAK HRB HSN HUZ HYN ICN KHN KMG KWE KWL LJG PEK PKX SHE SJW SWA SYX SZX TFU TYN WUH XIY XMN YBP","15"
"YOC","2","YDA YEV","1"
"YOG","5","YFH YLH YQN YQT YWP","2"
"YOH","4","CYAV YGO YTH YWG","2"
"YOJ","1","YEG","1"
"YOW","36","BOS CDG CUN DCA EWR FLL GCM HOG IAD MBJ MCO NAS ORD POP PUJ PVR RSW TPA YDF YEG YFB YFC YHZ YLW YQB YRT YSB YTZ YUL YVP YWG YXY YYC YYG YYZ YZF","11"
"YPA","7","YBE YNL YSF YVC YXE ZFD ZWL","1"
"YPC","1","YEV","1"
"YPH","8","AKV YGW YIK YPX YUD YUL YVP YZG","1"
"YPJ","3","YKG YTQ YVP","1"
"YPL","3","XBE YAX YXL","1"
"YPM","3","YWG YXL ZSJ","3"
"YPO","5","YAT YFA YMO YTS ZKE","2"
"YPR","1","YVR","1"
"YPW","1","YVR","1"
"YPX","9","AKV YGL YGW YIK YPH YUD YUL YVP YZG","1"
"YPY","4","YEG YMM YSM YZF","2"
"YQB","39","AZS CCC CDG CLT CUN CYO DFW EWR FDF FLL HOG IAD JFK MBJ MCO ORD PHL POP PTP PUJ PVR RIH SJO SNU TQO VRA YGP YGR YHU YKL YOW YTZ YUL YVP YVR YWK YYC YYZ YZV","12"
"YQC","4","YKG YVP YWB YZG","1"
"YQD","2","YFO YWG","1"
"YQG","8","CUN CYPT PUJ VRA YOW YTZ YYC YYZ","5"
"YQK","1","YQT","1"
"YQM","18","CCC CUN HOG MBJ POP PUJ VRA YDF YEG YHU YOW YTZ YUL YWK YYC YYT YYY YYZ","8"
"YQN","5","YFH YLH YOG YQT YWP","1"
"YQQ","6","PVR YEG YLW YVR YYC YYZ","4"
"YQR","7","DEN LAS YLW YVR YXE YYC YYZ","5"
"YQT","18","MSA PUJ YAM YFH YLH YOG YOW YQK YRL YSB YTZ YWG YWP YXL YYC YYZ ZPB ZRJ","11"
"YQU","2","YEG YYC","2"
"YQX","8","YDF YHZ YUL YWK YYR YYT YYZ ZUM","2"
"YQY","3","YUL YYC YYZ","2"
"YQZ","2","YVR YWL","2"
"YRB","3","YAB YFB YGZ","1"
"YRED","3","BDB CTL RMA","2"
"YRG","6","YDP YHO YMN YNP YSO YYR","1"
"YRL","7","YHP YNO YPM YQT YVZ YWG YXL","4"
"YRS","3","CYAV YIV YWG","2"
"YRT","12","YBK YCS YEK YFB YMX YOW YUT YVO YWG YXN YZF YZS","3"
"YSB","9","YAM YOW YQB YQT YTZ YUL YYB YYC YYZ","5"
"YSF","4","YBE YPA YXE ZFD","1"
"YSJ","4","YHU YHZ YUL YYZ","4"
"YSK","3","YGW YUD YWG","2"
"YSM","3","YEG YPY YZF","1"
"YSO","6","YDP YHO YMN YNP YRG YYR","1"
"YSQ","6","CAN HFE PKX PVG SJW TFU","4"
"YSRD","0","","0"
"YST","3","CYAV YIV YWG","2"
"YSY","2","YEV YHI","1"
"YTH","9","XLB XTL YBT YGO YOH YWG ZAC ZGI ZTM","2"
"YTL","5","XBE XKS YAX YER YXL","2"
"YTP","4","CXH YVR YWH ZNA","2"
"YTQ","3","YKG YPJ YVP","1"
"YTS","7","YAT YFA YMO YPO YTZ YYZ ZKE","4"
"YTW","7","CAN KHG KRL PKX PVG URC YIN","4"
"YTY","40","BKK CAN CGQ CKG CSX CTU DDG DLC DSN DYG FOC HAK HRB HSN ICN INC JHG JJN JNZ KHN KIX KMG KUL KWE LHW MIG NNG PEK PKX SHE SHS SWA SZX URC UYN WEH XIY XMN YIH ZUH","11"
"YTZ","11","BOS EWR IAD LGA MDW ORD YFC YHU YUL YUY YYB","3"
"YUD","8","AKV YGW YIK YPH YPX YSK YUL YZG","1"
"YUK","1","EVN","1"
"YUL","156","ADZ AGA AKV ALG AMM AMS ATH ATL AUA AUS AZS BCN BDA BER BGI BOD BOG BOS BZE CCC CDG CLE CLT CMH CMN CPH CTA CTG CUN CUR CVG CZM DEL DEN DFW DOH DTW DUB DXB EDI EWR FCO FDF FLL FRA FSP GDL GIG GRU GUA GVA HOG IAD IAH ICN IST KEF LAS LGA LHR LIM LIR LIS LRM LYS MAD MCO MEX MGA MIA MSP MUC MZT NAP NAS NCE NRT ORD ORY PBI PDL PHL PHX PLS PMI POP PTP PTY PUJ PVR RIH RTB SAL SAN SCL SDQ SFO SJD SJO SJU STL SXM TFS TLS TPA TQO TUN UIO VCE VIE VRA YBX YEG YGL YGP YGR YGW YHR YHZ YIF YIK YKL YKQ YKU YLW YMT YNA YNC YNS YOW YPH YPX YQB YQM YQX YSB YTZ YUD YVO YVP YVR YWG YWK YXE YYC YYG YYJ YYT YYZ YZG YZV ZBF ZEM ZGS ZRH ZSA","40"
"YUM","2","DFW PHX","1"
"YUS","5","CTU LXA PKX TFU XNN","3"
"YUT","1","YRT","1"
"YUY","4","YQB YTZ YUL YVO","4"
"YVB","3","YGR YHU YQB","1"
"YVC","4","YNL YPA YXE ZWL","1"
"YVM","2","YFB YXP","1"
"YVO","7","YGW YKQ YKU YNC YRT YUL ZEM","3"
"YVP","13","XGR YFB YKG YOW YPH YPJ YPX YQB YQC YTQ YUL YWB YZG","2"
"YVQ","6","YCK YEV YGH YWJ YZF ZFN","2"
"YVR","122","AKL AMS ANC ATL AUS BJX BKK BNA BNE BOS CAN CAP8 CCX6 CDG CLT CUN CXH DEL DEN DFW DTW EWR FLL FRA GDL HKG HND HNL HUX IAH ICN IST JFK KEF KIX KOA LAS LAX LGW LHR LIH MCO MEX MIA MNL MSP MTY MUC MZT NAN NRT OGG ORD PDX PEK PHX PSP PVG PVR QBC SAN SEA SFO SIN SJD SLC SMF SNA SYD SZX TFU TPE XMN XQU YAA YAV YAZ YBL YBW YCD YEG YGG YHH YHM YHU YHZ YKA YLW YMM YOW YPR YPW YQB YQQ YQR YQZ YTP YUL YWG YWH YWL YWS YXC YXE YXJ YXS YXT YXY YYC YYD YYF YYJ YYZ YZF YZP YZT YZZ ZEL ZIH ZMT ZNA ZRH","55"
"YVZ","6","CYAV YHP YRL YWG YXL ZSJ","4"
"YWB","4","YKG YQC YVP YZG","1"
"YWG","49","CUN DEN LIR MBJ MSP MZT ORD PUJ SJD XLB YBV YCR YEG YFO YGO YGX YHM YHU YIV YNE YNO YOH YOW YPM YQD YQR YQT YRL YRS YRT YSK YST YTH YUL YVR YVZ YXE YXL YXU YYC YYJ YYQ YYT YYZ ZAC ZGI ZPB ZSJ ZTM","11"
"YWH","6","CXH KEH LKE YGG YVR YWS","3"
"YWJ","3","YVQ YZF ZFN","1"
"YWK","8","YDF YQB YQX YUL YYT YYY YZV ZUM","1"
"YWKS","1","HBA","2"
"YWL","2","YQZ YVR","2"
"YWP","7","SUR XKS YFH YLH YPL YQT YXL","2"
"YWS","3","CAM9 CXH YWH","1"
"YXC","3","YLW YVR YYC","3"
"YXE","19","CUN LAS MSP PHX PVR YBE YEG YLW YNL YPA YSF YUL YVC YVR YWG YYC YYZ ZFD ZWL","6"
"YXH","1","YYC","1"
"YXJ","2","YVR YYC","2"
"YXL","10","XBE YAC YHP YNO YPM YQT YVZ ZPB ZRJ ZSJ","4"
"YXN","1","YRT","2"
"YXP","2","YFB YVM","1"
"YXS","7","PVR YEG YLW YVR YXT YYC YYJ","5"
"YXT","8","YCD YEG YHM YLW YVR YXS YYC YZT","7"
"YXU","5","CUN PUJ YWG YYC YYZ","3"
"YXX","4","PVR YEG YYC YYZ","2"
"YXY","9","YDA YEG YEV YOW YVR YYC YYJ YYZ YZF","4"
"YYA","10","CKG FOC HAK NGB PEK PVG TFU UYN XIY XMN","6"
"YYB","6","YAM YQT YSB YTZ YUY YYC","3"
"YYC","79","AMS ATL AUH AUS BCN BOS BZE CDG CLT CUN CZM DEN DFW DUB EWR FCO FRA HNL HUX IAD IAH ICN JFK LAX LGA LHR MBJ MEX MSP MUC NRT ORD POP PSP PTY PVR SEA SFO SLC TPA TPQ TQO YAM YBL YCD YDF YEG YHM YHU YHZ YKA YLW YMM YOW YQG YQM YQQ YQR YQU YQY YSB YUL YVR YWG YXC YXH YXS YXT YXX YXY YYB YYG YYJ YYT YYZ YZF ZIH ZLO ZRH","20"
"YYD","1","YVR","2"
"YYE","1","YXS","1"
"YYF","2","YVR YYC","2"
"YYG","7","CUN YEG YHU YOW YUL YYC YYZ","7"
"YYH","4","YBB YCB YHK YZF","1"
"YYJ","16","CUN FRD PVR SEA SJD YEG YKA YLW YOW YUL YVR YWG YXS YXY YYC YYZ","11"
"YYQ","1","YWG","1"
"YYR","13","YAY YBX YDF YDP YHO YHZ YMN YNP YQX YSO YWK YYT ZUM","3"
"YYT","21","CDG CUN FSP MBJ MCO PUJ YAY YDF YEG YHM YHU YHZ YOW YQX YUL YWG YWK YYC YYR YYZ ZUM","8"
"YYY","2","YQM YWK","1"
"YYZ","158","ADD AMM AMS ANU ATL AUA AUH AUS AZS BDA BEG BGI BNA BOG BOS BRU BZE CAI CAN CCC CDG CHS CLE CLT CMN CPH CTG CUN CUR CVG CZM DAC DCA DEL DEN DFW DOH DTW DUB DXB EWR EZE FAO FCO FLL FNC FRA GCM GDL GEO GLA GND HAV HEL HKG HOG HUX IAD IAH ICN ISB IST JED JFK KEF KHI KIN LAS LAX LGA LGW LHE LHR LIM LIR LIS MAD MAN MBJ MCO MDE MEX MIA MID MNL MSP MSY MUC NAS ORD PBI PDL PEK PHL PHX PLS POP POS PRG PSP PTY PUJ PVG PVR PXM RDU RIH RSW RTB SAL SEA SFO SJD SJO SJU SKB SLC SMF SNU SUF SVD SYD TER TLV TPA TPE TQO UVF VCE VRA WAW YCD YDF YEG YFC YHZ YLW YMM YOW YQB YQM YQQ YQT YSJ YUL YVR YWG YXE YXX YXY YYC YYG YYJ YYT YZF ZAG ZIH ZRH","60"
"YZF","23","YBB YCB YCK YCO YEG YEV YFB YFS YGH YHI YHK YHY YOW YPY YRT YVQ YVR YWJ YXY YYC YYH YYZ ZFN","9"
"YZG","11","AKV YGW YIK YKG YPH YPX YQC YUD YUL YVP YWB","1"
"YZP","1","YVR","1"
"YZS","2","YRT YUT","1"
"YZT","3","YVR YXT ZEL","1"
"YZV","2","YUL YWK","2"
"YZY","10","CAN CKG DNH LHW PEK PKX PVG URC WUH XIY","7"
"YZZ","1","YVR","1"
"ZAC","2","YTH YWG","1"
"ZAD","47","AAR ARN BCN BEG BER BLQ BOH BRE BRI BRU BSL BTS BUD BVA CGN CPH DUB DUS EDFH FKB FMO FRA HAM HEL KRK KSC KUN LGW LPL LUX MAN MUC NCL NRN ORK POZ PSA PUY RTM RZE STR VIE WAW WMI WRO ZAG ZRH","15"
"ZAG","37","AGP ALC AMS ATH BCN BEG BER BRU BSL BVA CDG CGN DOH DUB DXB FCO FRA GRO ICN IST KBP LHR MAD MAN MLA MMX MUC NAP PFO PMI SAW STN STR TLV VIE WAW YYZ","19"
"ZAH","9","DOH GBT IFN KIH MHD SYZ THR UET ZBR","15"
"ZAL","1","SCL","2"
"ZAM","7","CBO CEB DVO ILO JOL MNL TWT","5"
"ZAT","11","CAN CTU DLU FOC HGH KMG LJG PKX PVG SYM XIY","5"
"ZAZ","13","BGY BOJ CLJ CRL FCO IBZ LPA MAH OTP PMI RAK SID TFN","8"
"ZBF","2","YQB YUL","1"
"ZBR","11","BND GBT IFN KHI MCT MHD SHJ SRY SYZ THR ZAH","18"
"ZBY","1","VTE","1"
"ZCL","5","DFW GDL LAX MDW MEX","3"
"ZCO","2","PUQ SCL","3"
"ZEL","2","YVR YZT","1"
"ZEM","6","YGW YKQ YKU YNC YUL YVO","1"
"ZER","0","","1"
"ZFD","4","YBE YPA YSF YXE","1"
"ZFL","3","AKU KRY URC","2"
"ZFM","1","YEV","1"
"ZFN","3","YGH YVQ YWJ","1"
"ZGI","4","YGO YTH YWG ZTM","1"
"ZGS","7","YBX YHR YIF YNA YQB YUL YZV","2"
"ZGU","2","MTV SON","1"
"ZHA","28","CAN CGO CKG CSX HAK HFE HGH JJN KHN KMG KOW KWE MXZ NKG PEK PKX PVG SHE SWA SYX SZX TFU TSN TYN URC VTE WNZ WUH","13"
"ZHY","12","CGO CKG HGH KHG KMG PEK PVG SZX TFU TLQ XIY XNN","6"
"ZIA","18","AYT BUS DYU ETM EYK FEG GYD IST KSQ LBD NMA NYA OSS SKD TAS TBS UGC UWWW","5"
"ZIG","1","DSS","2"
"ZIH","17","DFW GDL IAH LAX MEX MSP MTY NLU ORD PHX QRO SFO TIJ YUL YVR YYC YYZ","12"
"ZIS","1","BEN","2"
"ZIX","1","YKS","1"
"ZKE","5","YAT YFA YMO YPO YTS","2"
"ZKP","1","YKS","1"
"ZLO","7","DFW IAH LAX MEX NLU PHX YYC","7"
"ZLT","3","YHR YIF ZTB","1"
"ZMT","1","YVR","3"
"ZNA","4","CXH KEH YTP YVR","6"
"ZNE","2","PER PHE","6"
"ZNZ","45","ADD AMS ARK AUH BLQ CDG DAR DOH DXB EBB FCO FRA IRI IST JNB JRO KGL KIY KTW KZN LED LIS LKY LLW MAD MBA MBI MCT MFA MWZ MXP NBO OVB PMA POZ PRG SEU SGX SVO TGT TLV VKO WAW WIL ZRH","39"
"ZPB","4","YQT YWG YXL ZSJ","3"
"ZQN","9","AKL BNE CHC MEL MFN OOL SYD SZS WLG","11"
"ZQZ","3","HGH SHA SJW","3"
"ZRH","131","ADB ADD AGP AJA ALC AMM AMS ARN ATH ATL AUH AYT BCN BDS BEG BER BGO BIQ BKK BOG BOS BRE BRS BRU CAI CDG CGN CLJ CMN CPH CTA CTG CUN DBV DEL DFW DLM DOH DUB DUS DWC DXB EDI ESB EVE EWR FAO FCO FRA FUE GDN GLA GVA GWT GZT HAM HDF HEL HER HKG HRG IAD IBZ ICN IST JED JFK JNB KEF KRK KTT KWI LCA LCY LGW LHR LIR LIS LTN LXR MAD MAN MCT MIA MLA MLE MUC MXP NRT OHD OLB OPO ORD OSL PHL PMI PRG PRN PVG RAI RAK RHO RIX RJK RMF RUH SAW SID SIN SJJ SKG SKP SOF SPU STN SUF TBS TFS TGD TIA TLV VIE WAW WRO XRY YHZ YYZ ZAD ZAG ZNZ ZTH","64"
"ZRI","2","BIK DJJ","1"
"ZRJ","2","YQT YXL","4"
"ZSA","6","LGI MIA NAS ORY RSD YUL","3"
"ZSE","3","DUR DZA MRU","3"
"ZSJ","8","CYAV YHP YPM YQT YVZ YWG YXL ZPB","4"
"ZTB","3","YHR YIF ZLT","1"
"ZTH","57","AMS ATH BEG BER BFS BGY BHX BOH BRI BRQ BRS BRU BTS BUD CFU CLJ CPH CWL DUB DUS EDI EIN EMA EXT FCO FRA GLA GVA HAM HEL KSC LBA LGW LHR LPL LTN LUX MAN MUC MXP NAP NCL OSR OTP PRG PVK RMO RTM SKG STN SZG TSR VIE VRN WAW WMI ZRH","29"
"ZTM","3","YTH YWG ZGI","1"
"ZUH","54","CGD CGO CGQ CKG CTU CZX DLC DZH ENH FOC HAK HET HFE HGH HRB HYN JGS JJN KHN KMG KOW LHW LJG LYA LYG LZO NKG NTG PEK PKX PVG SHA SHE SHS SJW SYX TAO TFU TNA TSN TYN URC UYN WNZ WUH WUX XFN XIY XMN XUZ YCU YIH YIW YTY","29"
"ZUM","2","YWK YYR","1"
"ZVK","1","VTE","2"
"ZWL","4","YNL YPA YVC YXE","1"
"ZYI","21","CAN CGO FOC HAK HGH JHG JRJ KHN LHW LJG NGB NKG PKX PVG SZX URC WNZ WUH WUX XIY XMN","10"
"ZYL","7","CGP CXB DAC LHR MAN MED SHJ","4"
"ZZO","0","","0"
