"origin","nb_outlinks","outlinks"
"AAD","1","MGQ"
"AAE","9","ALG CDG ELU HME IST LYS MRS ORN ORY"
"AAL","19","AGP ALC AMS AYT CPH FAE FNC GOH GZP LGW LPA NAP NCE OSL PMI RNN SCR TFS VRN"
"AAN","6","CAI CCJ ISB JED KHT KWI"
"AAP","8","BDJ BEJ CGK DTD LPU RTU SUB YIA"
"AAQ","23","AER CSY DME EVN GOJ HMA IWA KGD LED LPK NJC OSS OVB OVS PES SCW SGC SVO SVX UFA VKO VOZ ZIA"
"AAR","19","AGP ALC AYT CFU CPH FNC GDN HRG KTW MJT OSL PFO PMI PVK RIX SCR STN ZAD ZTH"
"AAT","20","ACF AKU BPL CAN CKG HMI KHG KRY LHW PEK PKX PVG QSZ SHF TCG TFU TLQ URC XIY YIN"
"AAX","1","CNF"
"AAY","2","ADE SCT"
"ABA","10","AER DME IKT KCY KJA LED NSK OVB SVO SVX"
"ABB","3","ABV KAN LOS"
"ABD","5","IFN KIH MHD SYZ THR"
"ABE","14","ATL BNA CLT DEN FLL MCO MLB MYR ORD PGD PIE RSW SFB SRQ"
"ABF","2","MZK TRW"
"ABI","3","DEN IAH PHX"
"ABJ","41","ABV ADD ALG BEY BKO BOY BRU BYK BZV CAI CDG CKY CMN COO DLA DOH DSS DXB FIH HGO IST JFK JNB KEO LBV LFW LGG LOS MJC NBJ NBO NIM NKC NSI ORY OUA OXB PNR ROB SPY TUN"
"ABL","3","OBU OTZ SHG"
"ABM","2","CNS HID"
"ABQ","29","ATL AUS AXX BNA BUR BWI CNM DAL DEN HOU IAH JFK LAS LAX LRU MCI MCO MDW MSP OAK ORD PDX PHX SAN SAT SEA SFO SLC SVC"
"ABR","1","FSD"
"ABS","2","ASW CAI"
"ABT","3","DMM JED RUH"
"ABU","1","KOE"
"ABV","14","ADD CAI CDG CMN DLA DOH DXB EBB IBA IST LFW LGW LHR NIM"
"ABX","2","BNE SYD"
"ABY","1","ATL"
"ABZ","27","AGP ALC AMS BGO BHD BHX BRS CDG CFU CPH DLM DUB EBJ FAO GDN GVA KRK LGW LHR LSI LTN NWI REU RIX SVG TFS WIC"
"ACA","9","CUN GDL IAH MEX MTY NLU QRO TIJ YUL"
"ACD","1","EOH"
"ACE","90","AGP ALC AMS ARN BCN BER BES BFS BGO BGY BHX BIO BLQ BOD BOH BRE BRS BRU BSL BTS BVA CDG CGN CPH CRL CWL DUB EDI EIN EMA EXT FCO FNC FRA GLA GLN GOT GVA HAJ HAM HEL KTW LBA LEJ LGW LIL LPA LPL LTN LUX LYS MAD MAN MRS MUC MXP NCE NCL NOC NRN NTE OPO ORK ORY OSL OVD PIK PMI PRG RAK RTM SEN SNN SPC STN STR SVQ SXB TFN TFS TLS TRN VCE VGO VIE VIL VLC WAW ZAG ZRH"
"ACF","16","AAT AKU BPL CGO CSX HGH HTN KHG KRL LHW SHF TFU TLQ TWC URC YIN"
"ACH","6","BWK CAG EBA IBZ VIE ZAD"
"ACI","3","GCI PRO SOU"
"ACJ","1","RML"
"ACK","15","BOS CLT DCA DXR EWB EWR HPN HYA JFK LGA MVY ORD OWD PHL TEB"
"ACR","2","FLA LCR"
"ACT","0",""
"ACU","0",""
"ACV","6","BUR DEN LAS LAX SEA SFO"
"ACX","19","BHY CAN CKG HAK HGH HUZ JHG KHN KJH KWE LLB NGB PKX PVG SZX TEN TFU WMT WNZ"
"ACY","11","CHS FLL MCO MYR PBI PGD PIE RDU RSW SFB TPA"
"ACZ","2","MHD THR"
"ADB","79","AJI AMS ARN ATH AUH AYT BAL BCN BEG BER BHX BRS BRU BSL CGN COV CPH DME DTM DUB DUS ECN EIN EMA ERZ ESB FRA GDN GLA GYD GZT HTY IKA IST JED KTW LBA LGW LHR LTN LUX LYS MAD MAN MED MLX MQM MSQ MUC NCL NTE NUE OGU ORK ORY OSL OST PDV POZ PRG RMO SAW SKG SKP SOF SSH STN STR SZF TAS TBS TIV TLV TZX VAS VCE VIE VKO WAW"
"ADD","53","ABJ ABV ADE AHB ALG ASO ATL AUH AWA BEW BOM BWI CAI CKY CMN DIR DMM DOH DSS DXB EWR GBE GDE GVA HAH HRE IST JED JFK JIB JNB KGL KWI LHR LOS MAA MAD MBA MED MQX NBO NIM NRT ORD PEK PZU RUH SEZ SHC SHJ SIN TNR WDH"
"ADE","14","AAY ADD AMM BOM CAI DWC GXF JED JIB KWI MGQ RIY RUH SCT"
"ADF","3","ESB IST SAW"
"ADJ","2","ATZ KWI"
"ADK","0",""
"ADL","5","CBR KUL MEL PER SYD"
"ADQ","7","AKK ANC KLN KOZ KYK OLH ORI"
"ADU","5","JED MED MHD NJF THR"
"ADZ","9","BAQ BOG CLO CTG MDE PTY PVA YQB YUL"
"AEA","1","TRW"
"AEB","0",""
"AEP","62","AFA ASU BHI BOG BPS BRC BSB CFB CNF CNQ COC COR CPC CRD CTC CWB EQS FLN FMA FTE GIG GRU IGR IRJ JUJ LIM LUQ MDQ MDZ MVD NAT NQN OVR PDP PMY POA PRA PSS RCQ RCU REC REL RES RGA RGL RHD RLO ROS RSA SCL SDE SFN SLA SSA TDL TUC UAQ USH VDM VLG VMR VVI"
"AER","72","ABA ALA ARH ASF AUH AYT BAH BAX BEG BJV BUS CEE CEK CSY DLM DME DWC DXB DYU ETM EVN GSV HKT HMA HRG IAR IJK IKT IST IWA KEJ KJA KLF KRO KVX KWI KZN LED MCT MCX MMK MQF MSQ NBC NJC NMA NOZ NYM OMS OSS OSW OVB PEE PES PEZ REN SCW SGC SHJ SKD SSH SVO SVX TAS TBS TJM TLV UFA ULV VKO VOG ZIA"
"AES","8","ALC AMS BGO CPH GDN LGW OSL TRD"
"AET","3","BTT FAI HUS"
"AEU","1","BND"
"AEX","2","ATL IAH"
"AEY","9","AMS CNP GRY LGW MAN RKV THO VPN ZRH"
"AFA","1","AEP"
"AFE","0",""
"AFL","2","CGB VCP"
"AFW","39","ABE ATL AUS BDL BFM BNA BOI CLT DEN EWR FLL HRL IAH IND JFK LAL LAS LAX LBB LRD MAF MCI MEM MHT MIA MSP MSY OAK ONT ORD PDX PHX RIC SAT SEA SFO STL TOL TUL"
"AFZ","1","THR"
"AGA","71","AMS ARN BCN BER BES BGY BHX BOD BOH BRS BRU BSL BVA CDG CGN CMN CPH CRL DUB EDI EMA EUN FEZ FRA GDN GLA GVA HAM HEL JED KRK KTW LBA LGW LIL LIS LPA LTN LUX LYS MAD MAN MED MPL MRS MUC NCE NCL NRN NTE OPO ORY OSL OUD POZ PRG RBA RNS SOF STN STR SXB TFS TLS TNG VIE VIL WAW WRO YUL ZRH"
"AGD","0",""
"AGH","2","ARN SCR"
"AGM","5","BGTN IOQ KUS KUZ SGG"
"AGN","1","JNU"
"AGP","158","AAL AAR ABZ ACE AMS ANR ARN ATH AUH BAH BCN BEG BER BES BFS BGO BGY BHX BIO BLL BLQ BOD BOH BRE BRI BRQ BRS BRU BSL BTS BUD BVA CDG CGN CLJ CMN CPH CRL CWL DOH DUB EAS EDI EIN EMA EWR EXT FCO FEZ FKB FMM FMO FRA FUE GCI GDN GLA GOT GVA HAJ HAM HAU HEL IBZ IST JED KEF KRK KSC KTW KUN KWI LBA LBC LCY LGW LHR LIL LIS LPA LPL LTN LUX LYS MAD MAH MAN MLA MLN MME MPL MRS MST MUC MXP NAP NCE NCL NOC NQY NRN NTE NUE NYO OPO ORK ORY OSL OSR OST OTP OVD PAD PED PIK PMI PMO POZ PRG PRO PSA RAK RBA RIX RMO RTM RUH SCQ SDR SEN SNN SOF STN STR SVG TFN TFS TLL TLV TMP TNG TRD TRF TRN TSF TTU VCE VIE VIT VLC VST VXO WAW WMI WRO YUL ZAG ZRH"
"AGR","3","BLR HYD NMI"
"AGS","2","ATL CLT"
"AGT","4","BOG MIA SCL VCP"
"AGU","10","IAH LAP LAX MDW MEX MTY MZT PBC PVR TIJ"
"AGV","2","CCS PMV"
"AGX","4","BLR CCJ COK GOX"
"AHA","3","CCU PAB RPR"
"AHB","23","ABT ADD ATZ BHH CAI DMM DOH DWC DXB ELQ GIZ HMB IST JED KWI MCT MED RUH SHJ SHW SPX TZX WAE"
"AHE","3","AXR PPT XMH"
"AHI","2","FKQ NDA"
"AHJ","4","CTU LXA TFU WNZ"
"AHO","22","AMS BCN BEG BGY BLQ BOD BUD FCO FLR KTW LIN ORY OTP SIR SKP SOF STN TIA TRN VCE VRN WMI"
"AHU","7","AMS BRU CMN MST RTM TNG TTU"
"AIA","0",""
"AIC","2","KWA MAJ"
"AIM","2","MAJ MJB"
"AIN","2","ATK BRW"
"AIP","4","BLR BOM HDO NDC"
"AIR","2","CGB JIA"
"AIT","2","AIU RAR"
"AIU","2","AIT RAR"
"AJA","27","BES BOD BSL BVE CDG CFE CFR CRL DCM DLE FCO GVA LIL LUX LYS MPL MRS MUC NCE NTE ORY OSL PIS RDZ RNS SXB TLS"
"AJF","8","ATZ CAI DXB HMB JED KWI RUH SHJ"
"AJI","4","ADB ESB IST SAW"
"AJK","1","PGU"
"AJL","6","CCU DMU GAU IMF IXS SHL"
"AJR","6","ARN HAJ HMV LYC MUC VHM"
"AJU","8","BSB CGH CNF GIG GRU REC SSA VCP"
"AKA","11","CAN CSX CZX HGH JJN LHW PKX PVG SZX URC WUH"
"AKB","1","DUT"
"AKF","2","BEN MJI"
"AKI","4","BET KKI KWT TLT"
"AKJ","3","HND NRT TPE"
"AKK","2","ADQ OLH"
"AKL","57","ADL APW BNE CAN CHC CHT CKG DFW DOH DUD DXB EZE GBZ HAK HAN HBA HGH HIR HKG HNL ICN IUE IVC KAT KKE KUL LAX MCY MEL NAN NOU OAK OOL ORD PEK PER PMR POM PPQ PPT PVG RAR SCL SFO SIN SYD TBU TFU TPE TUO VLI WAG WHK WLG WTZ YVR ZQN"
"AKN","14","ANC CLP DLG EGX IGG KCG KCL KCQ KLL KPV PIP PTH UGB WSN"
"AKP","1","FAI"
"AKR","2","ABV LOS"
"AKS","2","ATD HIR"
"AKU","34","AAT ACF BPL CAN CGO CKG CSX CTU FOC HGH HMI HTN INC JBK JUZ KHG KRL KRY LHW PEK PVG QSZ SHF TAO TCG TFU TLQ TWC URC WNZ WUH XIY YIN ZFL"
"AKV","7","YGW YIK YPH YPX YUD YUL YZG"
"AKW","3","IFN SYZ THR"
"AKX","8","ALA AYT CIT HSA NQZ SAW SCO SSH"
"AKY","4","BSX KYP NYT RGN"
"ALA","89","AER AKX AMS AUH AYT BKK BOM BSZ BUS CAN CGO CIT CKG CXR DAD DBB DEL DMB DMK DOH DXB DYU DZN ESB EVN FRA GOI GOX GUW GYD GZP HAN HGH HKG HKT HSA ICN IKA IKU IST JED KGF KOV KSN KUL KUT KWI KZO LCA LED LGG LHR MCT MED MLE MSQ MXP NCU NQZ OSS OVB PEK PKX PLX PPK PQC PRG PUS PVG SAW SCO SHJ SKD SLL SSH SVO SYX TAS TBS UBN UKK URA URC UTP UZR WAW XIY YIN ZAZ"
"ALB","26","ATL BNA BWI CHS CLT DCA DEN DFW DTW FLL LAS LGA MCO MDW MIA MYR ORD PGD PHL PIE RDU RSW SFB SRQ TPA USA"
"ALC","115","AAL AES ALG AMS ANR ARN ATH BEG BER BFS BGO BGY BHX BIO BOD BOH BRE BRI BRS BRU BSL BTS BUD BVA BZG CGN CLJ CMN CPH CRL CWL DUB EDI EIN EMA EVN EXT FAE FDH FKB FMM FMO FRA GCI GDN GLA GOT GVA HAJ HAM HEL IBZ KEF KIR KRK KTW KUN LBA LGW LIL LPA LPL LTN LUX LYS MAH MAN MME MRS MUC MXP NAP NCL NOC NQY NRN NTE NWI ORY OSL OST OVD PED PIK PMI POZ PRG RAK RIX RMO RTM RZE SAW SCN SEN SNN SOF SOU STN SVG SVQ TFN TLS TRD TRF TTU VCE VIE VIT VST VXO WAW WMI WRO ZRH"
"ALF","10","BVG CHQ FRA HEL HFT KKN KTT OSL TOS VDS"
"ALG","11","DWC DXB FCO FRA IST LYS MRS MUC NDB NKC TUN"
"ALH","1","PER"
"ALO","0",""
"ALP","13","ADB AMM AYT COV DOH DXB EVN IST JED KWI OTP SAW SHJ"
"ALS","0",""
"ALW","1","SEA"
"AMA","6","AUS DAL DEN HOU IAH LAS"
"AMD","67","ADD AGR ATQ AUH AYJ BBI BHJ BHO BKK BLR BOM CCU CJB CMB COK DBR DED DEL DIU DMK DOH DXB GAU GOI GOX GWL HAN HDO HYD IDR ISK IST IXB IXC IXG IXJ IXK IXR JAI JDH JED JGA JLG JSA KLH KQH KUL KWI LGW LKO MAA MHD NAG NDC NJF NMI PAT PNQ PXN RPR SGN SHJ SIN SXR TRV UDR VNS"
"AMM","85","ADB ADD ADE ALG ALP AMS ATH ATZ AUH AYT BAH BEG BEN BER BEY BGW BGY BKK BLQ BOM BSR BUD BUS BVA CAI CDG CIA CRL DAM DME DMM DOH DTW DUS DXB EBL ESB FKB FRA GYD HBE HRG IST ISU JED JFK KHI KRK KUL KWI LCA LHR LUX LYS MAD MCT MED MJI MRA MRS MST MUC NJF ORD PFO POZ PRG PSA RUH SAH SAW SHJ SJJ SOF SSH STR TBS TIA TSF TUN TZX UFA VIE YYZ ZRH"
"AMQ","15","CGK DOB JIO KSX NAM NBX NDA NRE SOQ SQN SUB SXK TTE UPG WBA"
"AMS","256","AAL ABZ ACE ADB AES AGA AGP AHO AHU ALC AMM AOK ARN ATH ATL AUA AUH AUS AYT BCN BEG BER BGI BGO BHD BHX BIO BIQ BJL BKK BLL BLQ BLR BOD BOG BOM BON BOS BRE BRI BRS BRU BSL BUD BWI CAG CAI CAN CDG CFU CGK CHQ CMN COV CPH CPT CTA CTG CUN CUR CWL DAR DBV DEL DFW DMM DPS DTW DUB DUS DXB EBB EDI EFL ESB EVN EXT EZE FAO FCO FEZ FLR FOC FRA FUE GDN GEO GIG GLA GOA GOT GRO GRU GUW GVA GYE GZP HAJ HAM HAN HEL HER HKG HRG HUY HYD IAH IBZ ICN INN INV IST JED JFK JMK JNB JRO JSI KEF KGL KGS KIX KLX KRK KRS KTT KUL KWI LAS LAX LBA LCA LCY LHR LIM LIN LIS LJU LOS LPA LPI LUX LYS MAD MAH MAN MCO MCT MEX MIA MJT MLA MME MNL MPL MRS MSP MUC NAP NBO NCE NCL NDR NRT NTE NWI OLB OPO ORD ORK ORY OSL OTP OUD OVD PBM PDL PDX PEK PFO PKX PLQ PMI PMO POS POZ PRG PRO PSA PTY PVG PVK RAK RBA RHO RIX RMF RMO RNS RUH RVN SAN SAW SCL SCQ SEA SFO SIN SJO SKG SKP SLC SMI SOF SOU SPC SPU SSH STR SVG SVQ SXB SXM SZG TBS TFS TIA TIV TLL TLS TLV TNG TOS TPA TPE TRD TRN TTU UIO VCE VIE VLC VRN WAW WRO XMN YEG YHZ YUL YVR YYC YYZ ZAG ZNZ ZRH ZTH"
"AMV","1","NNM"
"ANC","51","ADK ADQ AKN ANI ATL BET BOI BOS BRW BWI CDB CDV DEN DFW DLG DTW DUT ENA EWR FAI FRA GEG GKN HNL HOM IAH ILI JFK JNU KOA KSM LAS LAX MSP OGG OME ORD OTZ PDX PHX SAN SCC SDP SEA SFO SLC SMF SNP VDZ YVR YYC"
"ANF","5","CCP CLO LIM LSC SCL"
"ANI","13","ANC ANV BET CHU CKD HCR KGX KLG RDV RSH SHX SLQ SRV"
"ANR","3","ALC BZO PMI"
"ANS","1","LIM"
"ANU","32","ATL AXA BBQ BGI CTG DCF EIS EWR FDF FRA GEO GND JFK KIN LGW LHR LOS MAN MBJ MIA MNI NEV PLS POS PUJ SBH SDQ SKB SLU SVD SXM YYZ"
"ANV","3","ANI KGX SHX"
"ANX","5","BOO EVE OSL SKN TOS"
"AOE","2","BRU OST"
"AOG","3","PKX PVG TFU"
"AOI","18","BCN BGY CGN CRL CTA FCO KRK LIN MAD MUC MXP NRN OLB ORY PMO SJJ STN TIA"
"AOJ","7","CTS HND ICN ITM NKM TPE UKB"
"AOK","20","AMS ARN ATH BGY BLQ DUS FCO FRL HEL HFA INN KSJ MXP NAP OSL PRG RHO VCE VIE VRN"
"AOO","0",""
"AOQ","1","JUV"
"AOR","3","JHB KUL SZB"
"AOT","2","CAG PMO"
"APA","3","DAL LAS SCF"
"APC","4","BUR SMO SNA VNY"
"APD","4","BPN KDI MOH UPG"
"APF","1","HPN"
"APL","6","BEW JNB MPM NBO TET VXC"
"APN","1","DTW"
"APO","2","BOG EOH"
"APW","7","AKL BNE HNL MXS NAN PPG SYD"
"AQA","1","VCP"
"AQG","6","CAN CGO HSN PEK SZX TSN"
"AQI","4","DXB HAS JED RUH"
"AQJ","4","AMM CAI IST MSQ"
"AQP","2","CUZ LIM"
"ARC","3","FAI FYU VEE"
"ARD","1","KOE"
"ARH","9","AER AMV AYT CEE KGD LED MMK NNM SVO"
"ARI","5","CCP IQQ LPB LSC SCL"
"ARK","11","DAR HTMR JRO LKY MBA MFA MWZ PMA SEU TGT ZNZ"
"ARM","3","BNE CFS SYD"
"ARN","8","CDG CGN FRA GOT HEL ICN IST SDL"
"ART","0",""
"ARU","3","BPS MCZ VCP"
"ARX","1","CNF"
"ASB","25","BKK BUD CRZ DEL DME DXB EMA FRA IST KEA KRW KUL KZN LUX MED MXP MYP OVB PEK SGN STN TAZ TPE URC XIY"
"ASD","1","NAS"
"ASE","11","ATL AUS CLT DEN IAH LAX ORD PHX SFO TEB VNY"
"ASF","7","AER KZN LED MRV SVO UFA VKO"
"ASJ","11","FUK HND ITM KIX KKX KOJ NRT OKA OKE RNJ TKN"
"ASM","7","AUH CAI DXB IST JED JUB PZU"
"ASO","1","ADD"
"ASP","10","ADL BNE CNS DRW GTS KTR MEL PER SYD TCA"
"ASR","21","ADB AMS AYT BER BRU BSL CGN ECN FRA GVA HAJ IST LYS MUC NUE PRG RTM SAW STN STR VIE"
"ASU","3","MDE MIA MVD"
"ASV","2","MBA WIL"
"ASW","2","ABS CAI"
"ATA","1","LIM"
"ATD","1","HIR"
"ATH","181","ADB ADD AGP AMM AMS AOK ARN ATL AUH AXD BAH BBU BCN BEG BEN BER BES BEY BGW BGY BHX BIO BLQ BNX BOD BOM BOS BRI BRS BRU BSL BTS BUD BWI CAI CDG CFU CGN CHQ CLJ CLT CMN CPH CRA CTA DAM DBV DEL DFW DOH DUB DUS DXB EBL EDI EFL EIN EVN EWR FCO FLR FRA GDN GOT GVA GYD HAJ HAM HBE HEL HER HFA IBZ ICN INI INN IOA IST JED JFK JIK JKH JKL JMK JNX JSH JSI JSY JTR JTY KGS KIT KLX KRK KSO KTW KUT KVA KZI LCA LGW LHR LIL LIS LJU LRS LTN LUX LXR LXS LYS MAD MAN MJI MJT MLA MLO MPL MRS MUC MXP NAP NCE NTE OLB OPO ORD ORY OSL OTP PAS PEK PFO PHL PMI PMO PRG PSA PVG RAK RHO RIX RMO RTM RUH SAW SHJ SIN SJJ SKG SKP SKU SMI SOF SPU SSH STN STR SVQ SXB TBS TFU TGD TIA TLL TLS TLV TSR VAR VCE VIE VLC VRN WAW WMI WRO YUL YYZ ZAG ZRH ZTH"
"ATK","2","AIN BRW"
"ATL","240","ABE ABQ ABY ADD AEX AGS ALB AMS ANC ANU ASE ATH ATW AUA AUH AUS AVL BCN BDA BDL BGI BGR BHM BMI BNA BOG BOI BON BOS BQK BRU BTR BTV BUF BUR BWI BZE BZN CAE CDG CHA CHO CHS CID CLE CLT CMH COS CPH CPT CRW CSG CTG CUR CVG CZM DAB DAL DAY DCA DEN DFW DHN DOH DSM DTW DUB ECP EDI EGE ELH ELP EVV EWR EYW EZE FAR FAY FCO FLL FRA FSD FWA GCM GDL GEG GGT GIG GLH GND GNV GPT GRB GRR GRU GSO GSP GTR GUA HDN HHH HND HNL HOU HPN HSV HVN IAH ICN ICT ILM IND IST JAC JAN JAX JFK JNB KIN LAL LAS LAX LEX LFT LGA LHR LIM LIR LIT LOS MAD MAN MBJ MCI MCO MDT MDW MEM MEX MGM MHH MIA MKE MKL MLB MLI MLU MOB MSN MSP MSY MTJ MTY MUC MXP MYR NAP NAS NCE OAJ OGG OKC OMA ONT ORD ORF PBI PDX PHL PHX PIT PLS PNS POP PSP PTY PUJ PVD PVR PWM QRO RAK RAP RDU RIC RNO ROA ROC RSW RTB RUH SAL SAN SAP SAT SAV SBN SCL SDF SDQ SEA SFO SGF SHV SJC SJD SJO SKB SLC SLP SMF SNA SRQ STL STT STX SVD SXM SYR TLH TLV TPA TQO TRI TUL TUS TVC TYS UIO UVF VCE VLD VPS XNA YEG YUL YVR YYC YYZ ZRH"
"ATM","1","BEL"
"ATQ","20","AMD BHX BLR BOM CCU COK DEL DMK DOH DXB HYD KUL KUU LGW MAA PNQ SHJ SIN SLV SXR"
"ATT","5","BET KSM KUK MLL NUP"
"ATW","26","ATL AZA BNA CLT DEN DFW DTW EWR FLL GPT GUF IFP LAS MCO MSP ORD PDX PGD PHX PIE RNO RSW SAV SFB SNA SRQ"
"ATY","2","DEN MSP"
"ATZ","9","AHB AJF AUH CAI DMM JED KWI RUH TUU"
"AUA","34","AMS ATL BGA BOG BON BOS BWI CLO CLT COR CUR EWR EZE FLL GRU IAH JBQ JFK LGA LIM MAD MCO MDE MIA MSP ORD PBM PHL PTY PUJ SDQ SXM YUL YYZ"
"AUC","4","BGA BOG CUC VVC"
"AUG","0",""
"AUH","159","ADB ADD AER AGP ALA AMD AMM AMS ASB ASM ATH ATZ AYT BAH BBI BCN BER BEY BGW BKK BLR BOM BOS BRU BUD BWI CAI CAN CCJ CCU CDG CGK CGN CGP CJB CLJ CLT CMB CMN CNN CNX COK CPH DAC DAM DBB DEL DME DMM DOH DPS DUB ELQ EVN FBM FIH FRA GOX GVA GYD HAK HAN HBE HGH HKG HKT HMB HRE HYD ICN ISB IST IXC IXE IXM JAI JED JFK JMK JNB JTR KBL KBV KHI KIX KNO KRK KTI KTM KTW KUL KWI KZN LCA LED LEJ LHE LHR LIS LKO LOS LUX LYP MAA MAD MAN MCT MCX MED MEL MLE MNL MUC MUX MXP NBO NCE NQZ NRT NUE ORD OTP PEK PEW PKX PMI PNQ PRG PVG PZU RUH SEZ SIN SKT SLL SOF SPX SVO SVX SYD SZX TAS TBS TFU TLV TPE TRV TRZ TUN TZX VIE VKO VTZ WAW YYC YYZ ZNZ ZRH ZYL"
"AUK","2","BET EMK"
"AUL","1","MAJ"
"AUQ","4","NHV PPT UAH UAP"
"AUR","1","ORY"
"AUS","90","ABQ AMA AMS ASE ATL AVL BNA BOS BUR BWI BZN CHS CLT CMH CVG DAL DCA DEN DFW DSM DTW ECP ELP EWR FCA FLL FRA GCM GRR HDN HOU HRL IAH IND JAX JFK LAS LAX LBB LGB LHR MAF MCI MCO MDW MEM MEX MFE MIA MKE MSP MSY MTJ MTY OAK OKC OMA ONT ORD PDX PHL PHX PIT PNS PSP PTY PVR PVU RDU RNO RSW SAN SEA SFB SFO SJC SJD SLC SMF SNA SRQ STL STS TPA TUL TYS YUL YVR YYC YYZ"
"AUU","3","CNS IRG WEI"
"AUX","1","PMW"
"AVA","1","PKX"
"AVL","26","ATL AUS BOS BWI CLT DCA DEN EWR EYW FLL HOU LAS LGA MCO MDW MIA MSP ORD PBI PGD PHL PHX PIE SFB SRQ VPS"
"AVP","7","BWI FLL MCO MYR ORD RSW TPA"
"AVV","6","ADL BNE CBR DPS OOL SYD"
"AWA","1","ADD"
"AWB","2","DAU TDS"
"AWZ","25","AZD BND BUZ DXB GSM IFN IST JED KER KHK KIH KWI LFM LVP MCT MED MHD PGU RAS SHJ SRY SXI SYZ TBZ THR"
"AXA","14","ANU BWI EIS EUX EWR MIA NEV SBH SDQ SJU SKB STT SXM VIJ"
"AXD","3","ATH HER JSH"
"AXF","5","CIF DSN HET TGO XIL"
"AXJ","2","FUK KMJ"
"AXM","3","BOG FLL MDE"
"AXP","2","CRI NAS"
"AXR","2","AHE PPT"
"AXT","6","CTS HND ITM NGO OKD TPE"
"AXU","4","ADD GDQ LLI MQX"
"AXX","1","ABQ"
"AYJ","7","AMD BLR BOM DED DEL HSS HYD"
"AYN","0",""
"AYP","2","CUZ LIM"
"AYQ","4","BNE CNS MEL SYD"
"AYT","137","ADB AER ALA AMM AMS ANR ARH ARN AUH BBU BER BEY BFS BGO BHX BLL BOH BQT BRE BRS BRU BSL CAI CDG CEK CGN CIT CLJ COV CPH CRL CWL DAM DBB DME DRS DTM DUS DXB EDI EIN EMA ERF ERZ ESB ESL FDH FMM FMO FRA GDN GLA GME GOJ GRQ GRV GRZ GSV GVA GYD GZT HAJ HAM HEL IKT IST JCL JED KGD KGF KJA KLV KRK KRR KWI KZN KZO LBA LCJ LED LEJ LGW LPL LTN LUX LUZ LYS MAN MRS MRV MST MUC MVQ MXP NCL NQZ NRN NTE OMS OSL OST OTP OVB PAD PEE PLQ POZ PRG PRN PZY REN RIX RLG RTM RUH RZE SAW SCN SEN SGC SJJ SKP SKX SSH STN STR SVG SVO SZY SZZ TBS VIE VKO VTB WAW WRO ZIA"
"AYW","0",""
"AYX","1","PCL"
"AZA","43","ATW BIL BIS BLI BMI BOI BZN CID COS CVG DSM EUG FAR FCA FNT FSD FWA GEG GFK GRI GRR GTF ICT IDA LAS LSE MLI MOT MSO MSP OMA PDX PIA PSC PVU RAP RFD SBN SGF SNA STC TVC XNA"
"AZD","11","AWZ BND GSM IFN JED KIH MED MHD NJF TBZ THR"
"AZN","8","IKT IST JED LED MED OVB TAS VKO"
"AZO","2","DTW ORD"
"AZR","7","ALG BMW CZL INZ OGX ORN TMR"
"AZS","3","ORY YUL YYZ"
"BAH","72","ADD AER AGP ALA AMM ATH AUH AYT BJV BKK BLR BOM BTS CAI CAN CCJ CDG CMB CMN CNN COK DAC DBB DEL DMM DOH DXB ELQ FCO FRA GOI GVA GYD HYD ISB IST IXE JED JFK KHI KUL KWI LCA LGW LHE LHR MAA MAN MCT MED MLE MNL MUC MXP NBO NCE NJF PRG PVG RUH SHJ SIN SJJ SKT SLL SVO TBS TIA TRV TZX ULH YEI"
"BAL","3","ESB IST SAW"
"BAQ","16","ADZ BGA BLB BOG CLO CUC CUR EOH FLL HAY MDE MIA MTR PTY RCH VUP"
"BAR","11","CAN CKG HFE KUL KWE LZH PEK PKX PVG TFU WUH"
"BAS","2","MNY MUA"
"BAT","1","VCP"
"BAV","17","BPE CAN CGO CIF HAK HLD HLH HRB LYA PEK SHE SJW TGO TYN WUH XIY XMN"
"BAX","13","AER CXR DME HKT KJA KZN LED OVB SGC SVO SVX UTP UUD"
"BAY","2","BVA OTP"
"BAZ","1","MAO"
"BBA","5","CCP PMC PUQ SCL ZCO"
"BBG","2","MTK TRW"
"BBI","20","AMD BKK BLR BOM CCU DEL GAU HYD IXD IXR IXW JRG MAA PNQ PYB RPR RRK UKE VNS VTZ"
"BBK","6","CPT GBE JNB MQP MUB WDH"
"BBL","2","BNE MOO"
"BBN","6","BKM LBP LGL MUR MYY ODN"
"BBO","0",""
"BBQ","2","ANU MNI"
"BBU","18","ARN AYT BGY BJV BRI BSL BUD FKB FMM GRO HAM HRG KRK NAP NBE SSH WAW WRO"
"BCA","0",""
"BCD","2","CEB MNL"
"BCH","0",""
"BCI","2","BNE LRE"
"BCM","9","BGY BRU DUB FCO LCA LTN MAD TSF VLC"
"BCN","227","ACE ADB AGA AGP AHO ALC ALG AMM AMS AOI ARN ATH ATL AUH BBU BCM BEG BER BES BEY BFS BGO BGY BHX BIO BJL BJZ BLL BLQ BOD BOG BOS BRI BRQ BRS BRU BSL BTS BUD BVA BWI CAG CAI CDG CGN CLJ CMN CPH CRA CRL DBV DEB DFW DOH DSS DUB DXB EAS EDI EIN EMA ESB ESU EVN EWR EZE FAE FAO FCO FEZ FLR FNC FRA FUE GDN GLA GOA GOT GRU GRX GVA GYD HAJ HAM HEL HER HKG IAS IBZ ICN IST JED JFK JMK JTR KEF KRK KTW KUT KWI LAX LBA LCA LCG LCY LEI LEN LGW LHR LIG LIL LIM LIN LIS LJU LPA LPL LTN LUX LXR LYS MAD MAH MAN MEX MIA MLA MLN MRS MUC MXP NAP NCE NCL NDR NTE NUE ODB OLB OPO ORD ORK ORN ORY OSL OSR OTP OUD OVD OZZ PDL PEG PEK PHL PIK PMI PMO PNA PRG PUJ PVG RAK RBA RDO REG RIX RJL RMI RMO RMU RTM RUH RVN SAW SCL SDR SEA SEN SFO SID SIN SKG SKP SOF SOU SPC SPU STN STR SVG SVQ SXB SZG SZX TFN TGD TIA TIV TLL TLV TNG TOS TRF TRN TRS TSR TTU VAR VCE VGO VIE VIT VLC VRN VVI WAW WMI WRO XPL XRY YHZ YUL YYC YYZ ZAD ZAG ZRH"
"BDA","12","ATL BOS BWI CLT EWR JFK LHR MCO MIA PHL YUL YYZ"
"BDB","1","BNE"
"BDD","0",""
"BDH","2","SYZ THR"
"BDJ","15","AAP BPN BTW CGK DPS HMS KBU KLP KUL PKY SMQ SRG SUB UPG YIA"
"BDL","40","ATL BNA BWI CHS CLT CMH CVG DAB DCA DEN DTW DUB EWN FLL GSO GSP IAH ILM JAX JFK LAS MCO MDW MIA MSP MYR ORD ORF PBI PHL PHX PIT RDU RIC RSW SAV SDF SRQ TPA VRB"
"BDO","3","CJN HLP JOG"
"BDP","3","KTM PHH TPJ"
"BDQ","8","BLR BOM DEL GOX HYD MAA NMI PNQ"
"BDS","32","AMS BGY BRU BSL BVA BZO CGN DUB DUS EIN FCO FRA GVA KTW LHR LIN LUX LYS MAD MUC MXP NTE ORY OTP PRG RTM STN STR TRN VRN WMI WRO"
"BDT","0",""
"BDU","1","OSL"
"BEB","2","INV SYY"
"BEF","3","MGA PUZ RNI"
"BEG","75","ADB AHO AKX ALC AMM AMS ARN ATH BCN BER BJV BLQ BNX BRI BRU BSL CAN CDG CGN CHQ CPH CTA DJE DOH DXB EFL ESB FRA GOJ GVA HAM HER HRG INI IST JMK JSI KRK LEJ LNZ MIR MLA MMX MUC MXP NAP NCE NQZ NUE OPO OSL OTP PEK PMO PRG PSA PUY PVK RHO RIX SAW SKG SKP SSH STR TFS TGD TIV TLV URC VAR VCE VIE WAW ZTH"
"BEJ","6","AAP BPN CGK RTU SUB UPG"
"BEK","2","BLR BOM"
"BEL","26","ATM BOG BSB BVS CKS CNF FLL FOR GGF GIG GRU JPE LIS MAB MAO MCP MEU MIA OIA PBM PTQ REC SLZ STM TUR VCP"
"BEM","3","BGY GRO TNG"
"BEN","16","AKF AMM ATH CAI DAM DWC FCO HBE IST JED MJI MLA MRA MSQ SEB ZIS"
"BER","7","AMS BRU CDG CGN FRA GDN MUC"
"BES","24","ACE AGA AGP ATH BCN BOD DUB FSC HER KIR LGW LYS MPL MRS NCE OPO OUI PRO PUF RAK SXB TFS TLN VNE"
"BET","37","AKI ANC ANI ATT AUK CYF DLG EEK EMK GNU HPB KKH KKI KOT KPN KSM KUK KWK KWN KWT MLL MOU MYU NME NUP OOK PKA PTU RSH SCM SXP TLT TNK VAK WNA WTL WWT"
"BEU","8","BNE BQL BVI CTL ISA ULP WNR WTB"
"BEW","7","ADD APL JNB MPM POL TET VPY"
"BEY","12","ADD BAH CAI DOH DWC IST KWI LEJ LGG TAS VIE ZAZ"
"BFD","0",""
"BFF","1","DEN"
"BFI","6","ESD FRD PDX SFF YVR YYJ"
"BFJ","6","CAN HAK HGH PKX PVG XIY"
"BFL","3","DEN PHX SFO"
"BFM","2","AFW MEM"
"BFN","4","CPT DUR GRJ JNB"
"BFQ","0",""
"BFS","35","ACE AGP ALC AYT BGY BVA CFU CUN DLM EDI EMA FAO FUE GRO HER IBZ KRK LCA LPA MAH MAN MLA MLB NCE OPO PMI PRO REU RVN SOU STN TFS TRN VRN ZTH"
"BFV","2","BKK DMK"
"BFX","1","DLA"
"BFY","0",""
"BGA","12","AUA AUC BAQ BOG CTG CUC EOH LPZ MDE PTY RVE SMR"
"BGF","7","ADD CMN DLA KGL LBV LFW NSI"
"BGG","3","ESB IST SAW"
"BGI","41","AMS ANU ATL BHX BOS BWI CCS CLT CWL DOM DUB DUS EIS EWR FDF FRA GEO GLA GND JFK KIN LGW LHR LOS MAN MIA NCL OGL PBM PHL POS PTP PTY SKB SLU SVD SXM TAB YHZ YUL YYZ"
"BGIL","0",""
"BGKA","0",""
"BGKL","0",""
"BGM","0",""
"BGMO","0",""
"BGN","1","YKS"
"BGO","35","ABZ ALC AMS ARN BCN BER BUD CDG CHQ CPH DUB DUS EDI FCO FRA FRO GDN HEL HOV KEF KRK LPA MAN MUC MXP OSL RIX SID SPU SZZ TFS TRF VAR VIE WMI"
"BGR","18","ATL CLT DCA DEN DTW EWR FLL JFK LGA MCO ORD PGD PHL PIE RDU RSW SFB TPA"
"BGS","2","KCY KJA"
"BGTN","0",""
"BGW","47","AMD AMM ATH AUH AYT BAH BER BEY BOM BSR CAI CAN DAM DEL DOH DUS DXB EBL ESB FRA GYD HRG IFN IKA ISB IST JED KHI KIH KIK KUL KWI LHE MCT MED MHD MUC NJF OSM PEK SAW SHJ SSH SZF TZX VKO XNH"
"BGY","142","ACE ADB AGA AGP AHO ALC AMM AOK ARN ATH BBU BCM BCN BDS BEG BEM BER BFS BGO BHX BIQ BLL BRI BRQ BRS BUD BVA BVC CAG CAI CDT CFU CGN CHQ CLJ CMN CPH CRA CRL CRV DBV DSS DUB DXB EDI EFL EIN EMA EVE EVN FAO FEZ FUE GDN HBE HEL HER IAS IBZ JSI JTR KGS KLX KRK KTW KUN KWI LDE LIS LPA LPL LUX LUZ LXS MAD MAH MAN MLA MRS NAP NCL NOC NRN NTE OLB OMO OMR OPO ORK OSL OVD PFO PMI PMO POZ PRG PSR PVK QSR RAK RBA RHO RIX RMF RMO RVN SBZ SCV SHJ SID SJJ SKG SKP SOF SSH STN SUF SVG SVQ TAS TBS TFS TIA TLS TLV TNG TOS TPS TRF TSR UGC VAR VIE VIT VLC WAW WMI WRO ZAD ZAG ZAZ ZTH"
"BHB","1","BOS"
"BHD","19","ABZ AMS BHX BLQ BRS CWL EDI GLA INV KOI LCY LGW LHR LPL LSI LTN MAN PMI VRN"
"BHE","6","AKL CHC NSN PMR PPQ WLG"
"BHH","4","AHB DMM JED RUH"
"BHI","5","AEP CRD MDQ PMY REL"
"BHJ","2","BOM DEL"
"BHK","11","DME HSA IST LED MCX SKD SVO TAS UGC VKO VVO"
"BHM","22","ATL BNA BWI CLT DAL DCA DEN DFW DTW FLL HOU IAH LAS LGA MCO MDW MIA ORD PHL PHX RDU TPA"
"BHO","11","AMD BLR BOM DEL GOI HYD JED NMI PNQ REW RPR"
"BHP","2","BIR KTM"
"BHQ","3","ADL DBO SYD"
"BHR","4","BWA KTM PHH PKR"
"BHU","1","NMI"
"BHX","137","ABZ ACE ADB AGA AGP ALC AMS ARN ATH ATQ AYT BCN BER BFS BGI BGO BGY BHD BJV BOD BOJ BUD BVA BVC BZG CDG CFU CGN CHQ CMF CPH CRA DBV DEL DLM DOH DUB DXB EDI EFL EGC FAO FCO FNC FRA FUE GCI GDN GIB GLA GNB GVA HER HRG IBZ INN INV IOM IST JED JSI JTR KAO KEF KGS KLX KRK KTT KVA LCA LEI LIN LIS LPA LRM MAD MAH MBJ MJT MLA MUC NAP NBE NCE NOC OLB OPO ORK OSL OTP PDV PFO PGF PMI PMO POZ PRG PRO PSA PUJ PUY PVK RAK REU RHO RMU RVN SAW SBZ SCV SDR SID SKG SMI SNN SOF SPU SSH SVQ SZG TFS TIA TIV TLL TLS TRN TSF TSR VCE VIE VLC VRN WMI XRY ZAD ZRH ZTH"
"BHY","25","ACX CAN CGO CKG CSX CTU DLC HFE HGH HRB KHN LXA NAO NKG PEK PKX PVG SHE SJW TEN TFU TYN WUH XIY YIH"
"BIA","34","ARN BER BES BIQ BOD BSL BVA CFR CGN CPH DLE DUS FRA GCI GOT GVA HAJ LGW LIL LUX LYS MPL MRS MUC NCE NTE NUE ORY OUD RNS STR SXB TLN VIE"
"BIB","1","MGQ"
"BIH","2","DEN SFO"
"BII","3","KWA MAJ RNP"
"BIK","6","DJJ DRW FOO SOQ UPG ZRI"
"BIL","14","AZA DEN DFW GDV GGW LAS MSP OLF ORD PDX PHX SDY SEA SLC"
"BIM","3","FPO MIA NAS"
"BIO","67","ACE AGP ALC AMS ARN ATH BCN BER BRS BRU BSL BUD CAI CDG CMN CPH DUB DUS EIN EWR FAO FCO FLR FNC FRA FUE GVA HAM HRG IBZ IST KRK LCG LIS LTN LUX LXR MAD MAH MAN MUC MXP NAP OPO ORK OSL PDL PMI PMO PRG SAW SCQ SID SPC SPU STR TFN TIA TNG TRN VCE VIE VLC VRN WAW XRY ZRH"
"BIQ","21","AMS ARN BGY BIA CDG CPH CRL DUB FRA FSC GVA LIL LUX LYS MRS MUC MXP NCE ORY RAK STN"
"BIR","4","BWA KTM PHH TMI"
"BIS","5","AZA DEN LAS MSP ORD"
"BIU","1","RKV"
"BJA","9","ALG BRU CDG EBU HME LIL LYS MRS ORY"
"BJB","1","THR"
"BJF","9","ALF BVG HFT HVG KKN MEH TOS VAW VDS"
"BJH","1","DHI"
"BJI","1","MSP"
"BJL","17","AMS ARN BRU BTS CKY CMN CPH DSS FNA HEL IST LGW LIS LOS MAN NKC OSL"
"BJM","7","ADD BRU DAR EBB GOM KGL NBO"
"BJR","2","ADD LLI"
"BJU","3","DHI KEP SKH"
"BJV","69","AER ALA AMS ARN AYT BAH BEG BER BEY BHX BLL BRS BRU BUD CGN COV CPH DOH DUB DUS DXB ECN EDI EMA ESB FRA GDN GLA GYD HAM IST JED KTW KWI LBA LED LEJ LGW LHR LPL LTN MAN MRV MSQ MUC NCL NQZ NRN NUE ORY OSL OTP PDV POZ PRG RMO RUH RZE SAW SKP SOF STN SVO VAR VIE VKO WAW WRO ZRH"
"BJW","2","KOE LBJ"
"BJX","15","ATL CJS CUN IAH LAX MEX MTY NLU OAK ORD PBC PVR SMF TIJ YVR"
"BJZ","5","BCN LPA MAD PMI TFN"
"BKA","2","KJA OVB"
"BKB","1","DEL"
"BKC","2","DRG OTZ"
"BKI","24","BWN CAN CGK CKG DYG FOC HKG ICN KCH KIX KUL KWE LBU LDU MNL MYY NKG PUS PVG SIN SZB SZX TFU TWU"
"BKK","157","ADD AKL ALA AMD AMM AMS ARN ASB AUH BAH BBI BFV BLR BNE BOM BRU BWN CAN CCU CDG CEI CGK CGO CGQ CIT CJU CKG CMB CNX CPH CRK CSX CTS DAC DAD DEL DOH DPS DXB FCO FOC FRA FUK HAK HAN HDY HEL HFE HGH HKG HKT HND HYD ICN IKA IKT IST IXB JED JJN KBV KHH KHV KIX KJA KKC KMG KTI KTM KTW KUL KWE KWI LAX LED LGW LHR LHW LJG LPQ LYA MAA MAD MCT MDL MEL MFM MLE MNL MUC MXP NAW NBO NGB NGO NKG NNG NOU NRT NST OKA OSL OVB PBH PEK PEN PER PKX PNQ PQC PRG PUS PVG RGN RUH RUN SAI SGN SHJ SIN STV SVO SVX SWA SYD SYX SZX TAE TAO TAS TDX TFU THS TLV TNA TPE TSN TYN UBN UBP URT USM UTH VIE VNS VTE VVO WAW WUH WUX XIY XMN YCU YIH YTY YVR ZRH"
"BKL","5","AZO HAO LCK MGY YIP"
"BKM","3","BBN LWY MYY"
"BKN","4","ASB CRZ MYP TAZ"
"BKO","21","ABJ ADD ALG BYK CDG CKY CMN COO DSS GAQ IST LFW LOS LUX NBO NIM NKC ORY OUA TOM TUN"
"BKQ","2","BNE LRE"
"BKS","4","CGK ENG MPC PXA"
"BKW","0",""
"BKY","4","FBM FMI GOM KOO"
"BKZ","2","DAR MWZ"
"BLA","2","CCS PMV"
"BLB","0",""
"BLE","3","LCA LPA RHO"
"BLI","9","AZA BUR ESD FRD LAS OAK PDX PSP SEA"
"BLJ","5","ALG CDG LYS MRS ORY"
"BLL","40","AGP ALC AMS ARN AYT BCN BGO BGY BUD BZO CDG CHQ CLJ CPH EHU FAE FCO FRA GDN GOH HEL HGH IAS INN IOA IST KEF KTW LEJ LGW LHR LPA OPO OSL OTP RIX RNN TIA TLL WAW"
"BLQ","72","AHO AMM AMS AOK ARN ATH BCM BCN BDS BEG BRU CAI CDG CDT CFU CGN CHQ CIY CLJ CMN CPH CRA CTA DUS DXB EIN FCO FOG FRA FUE HEL HER IAS IBZ IST JMK KGS KRK LHR LIS LUX LXR LYS MAH MAN MUC OLB OSL OTP PMI PMO RAK RHO RMF RMO SAW SCV SDR SKP SSH TBS TFS TIA TLV TPS TSR TUN VIE VLC WAW WRO ZRH"
"BLR","109","ADD AGR AGX AMD AMS ATQ AUH AYJ BAH BBI BDQ BEK BHO BKK BOM CCJ CCU CDG CJB CMB CNN COK DBR DED DEL DGH DIB DMK DMM DOH DPS DXB FRA GAU GOI GOP GOX GWL HAN HBX HDO HKG HKT HSR HYD IDR ISK IXA IXB IXC IXD IXE IXG IXJ IXM IXR IXU IXX IXZ JAI JDH JED JLR JRG JSA KJB KLH KNU KTM KUL KWI LGK LHR LKO MAA MCT MLE MRU MUC NAG NDC NMI NRT PAT PNQ PNY RDP RJA RPR RQY RUH SAG SDW SGN SHJ SIN STV SXR SXV SYD TCR TIR TRV TRZ UDR VDY VGA VNS VTZ"
"BLV","0",""
"BLW","0",""
"BLZ","4","ADD DAR JNB LLW"
"BMA","2","THN VXO"
"BMB","2","FKI LIQ"
"BME","10","DRW FIZ GET HCQ KNX KTA MEL PER PHE SYD"
"BMI","6","ATL AZA DFW ORD PIE SFB"
"BMO","1","MDL"
"BMU","3","DPS LOP UPG"
"BMV","5","DAD HAN SGN THD VII"
"BMW","2","AZR TMR"
"BMY","2","GEA KOC"
"BNA","120","ABE ABQ ALB ATL ATW AUS BDL BHM BOS BUF BUR BWI BZN CHS CID CLE CLT CMH CVG DAL DCA DEN DFW DSM DTW DUB ECP ELP EWR FAR FLL FNT FSD GRR GSP GUF HDN HOU HVN IAH ILM IND JAN JAX JBR JFK KEF LAL LAS LAX LGA LGB LHR LIT MBJ MCI MCO MDT MDW MEM MHT MIA MKE MSP MSY MTJ MYR OKC OMA ONT ORD ORF PBI PDX PGD PHL PHX PIA PIE PIT PNS PUJ PVD PVU PWM RDU RFD RIC RNO ROC RSW SAN SAT SAV SDF SEA SFB SFO SHV SJC SJD SJO SLC SMF SNA SRQ STL SYR TBN TPA TUL TUP TYS VPS XNA YTZ YUL YVR YYC YYZ"
"BNB","2","FIH MDK"
"BNC","7","BKY BUX FBM FKI FMI GOM IRP"
"BND","19","AEU AWZ AZD BUZ DOH DXB IFN KIH LFM MHD NJF RAS SHJ SRY SXI SYZ TBZ THR ZBR"
"BNE","98","ABX ADL AKL APW ARM ASP AVV AYQ BBL BCI BDB BEU BKK BKQ BQL BVI BWU CAN CBR CFS CHC CMA CNJ CNS CTL DBO DFW DOH DPS DRW DXB EMD GLT GOV GTS GYB HBA HIR HKG HTI HVB ICN INU ISA IVR KIX KUL KYB LAX LRE LST MCY MEL MKY MNL MOO MOV MUA NAA NAN NLK NOU NRT NTL OAG OCM PER POM PPP PQQ PVG RAR RMA ROK ROR SFO SGN SGO SIN SON SYD THG TMW TPE TSV ULP VLI WEI WGA WLE WLG WLP WNR WOL WTB XTG YVR ZQN"
"BNI","3","ABV LOS PHC"
"BNK","2","MEL SYD"
"BNN","4","BOO OSL SSJ TRD"
"BNS","2","CCS PMV"
"BNX","11","ATH AYT BEG BSL DTM FKB FMM GOT HRG STR TIV"
"BNY","2","HIR RNL"
"BOB","9","FAV HUH MAU MOZ PPT RFP RGI TIH XMH"
"BOC","3","LIO PAC SJO"
"BOD","76","ACE AGA AGP AJA ALC ALG AMS ATH BCN BES BRI BRS BRU BSL BUD CDG CFU CMN CPH CTA DJE DSS DUB EDI EIN ESU FAO FCO FDF FEZ FLR FNC FRA GLA GVA HER HRG IBZ IST LGW LIL LPA LTN LUX LYS MAD MLA MPL MRS MUC NCE OLB ORK ORN OSL OTP PMI PRG PRO PTP RAK RBA SID SPU SXB TFS TIA TLN TNG TUN VCE VIE VIL VLC YUL ZRH"
"BOG","102","ADZ AMS APO ASU ATL AUA AUC AXM BAQ BCN BEL BGA BLB BOS BSB BUN BWI CCS CDG COR CTG CUC CUR CUZ CZU DFW DXB EJA EOH EWR EYP EZE FLA FLL FRA GDL GEO GIG GIR GRU GUA GYE HAV HAY IAH IBE IPI IST JFK LET LHR LIM LMC LPB LQM MAD MAO MBJ MCO MDE MEX MIA MTR MTY MVD MVP MZL NVA ORD PCR PDA PEI PPN PSO PTX PTY PUJ PUU RCH RON RVE SAL SCL SDQ SJE SJO SMR SVI TCO TLU TME TPA UIB UIO VGZ VLN VUP VVC VVI YUL YYZ ZRH"
"BOH","25","ACE AGP ALC CFU CHQ CKG CTU DLM EDI FAO FUE GRO GVA HAK HER MAH PFO PMI RHO RMU TFS URC VIE ZAD ZTH"
"BOI","27","ANC ATL AZA BUR BZN DAL DEN DFW GEG LAS LAX MDW MSP OAK ONT ORD PDX PHX PSP PUW SAN SEA SFO SJC SLC SMF SNA"
"BOJ","52","AMS ARN BER BHX BRQ BRS BRU BTS BUD CGN CPH CWL DUB EDI EMA ERF FRA GDN GLA GOT HAJ HAM HEL JCL KRK KSC KTW KUN LBA LGW LIL LPL LTN LUX MAD MAN MST MUC NCL ORY OSL OSR POZ PRG RIX STN STR SZG TLL TRD VIE WMI"
"BOM","62","ADD ALA AMD AMS ASF BAH BKK BLR BRU BSZ CAI CAN CCU CDG CGN CMB CSX CTU DAR DEL DMM DOH DWC DXB FCO FRA GYD HAN HKG HYD IST JED KBL KMG KUL KWI LEJ LGG LHR MAA MCT MEM MFM MLE MUC MXP NBO NNG NRT PVG RDP RKT RUH SHJ SIN SVO TFU TLV TPE UTP VKO XMN"
"BON","13","AMS ATL AUA BAQ CUR EWR IAH JBQ MDE MIA SDQ SXM YYZ"
"BOO","15","ANX ARN BGO BNN CHQ ENVR EVE HEL LKN LPA MUC OSL PMI TOS TRD"
"BOR","2","LPQ VTE"
"BOS","149","ACK AMS ANC ATH ATL AUA AUG AUH AUS AVL AXA BCN BDA BGI BHB BNA BOG BUF BWI BZN CAP CDG CHS CLE CLT CMH CPH CVG DAB DAL DCA DEN DFW DOH DSM DTW DUB DXB ECP EDI EWB EWR EYW FCO FLL FRA GCM GRR GRU HDN HHH HKG HNL HYA IAH ICN ILM IND ISP IST JAX JFK KEF LAS LAX LEB LGA LGW LHR LIR LIS MAD MBJ MCI MCO MDT MDW MEM MEX MIA MKE MSN MSP MSS MSY MUC MVY MXP MYR NAS NCE NRT OPO ORD ORF PBI PDL PDX PEK PHL PHX PIT PLS PNS POP PQI PTY PUJ PVC RDU RIC RKD ROC RSW RUT SAL SAN SAT SAV SDF SDQ SEA SFO SLC SLK SNN SRQ STI STL STT SXM SYR TER TLV TPA TVC TYS UVF VIE VPS VRB YHZ YOW YTZ YUL YVR YYC YYZ ZRH"
"BOX","0",""
"BOY","2","ABJ OUA"
"BPA","1","CEB"
"BPE","8","BAV BQS KHV PVG SJW TFU VVO XIY"
"BPG","2","CGB GYN"
"BPH","0",""
"BPL","14","AAT ACF AKU CGO KHG KRL LHW QSZ TCG TFU TLQ URC WUH YIN"
"BPN","24","APD BDJ BEJ BTH BWN CGK DPS GHS KNO KUL LNU LOP MDC MJU PKY PLW PNK SIN SRG SUB TJS TRK UPG YIA"
"BPS","18","AEP ARU BSB CGH CNF EZE GIG GRU JOI JTC LDB PPB RAO SDU SJP SSA UDI VCP"
"BPT","0",""
"BPX","6","CKG CTU LXA MIG PEK XIY"
"BQB","9","BYP CJF CKW GET MEL OCM PER SLJ ZNE"
"BQG","2","KHV NGK"
"BQJ","1","YKS"
"BQK","0",""
"BQL","8","BEU BNE BVI CTL ISA ULP WNR WTB"
"BQN","4","EWR FLL JFK MCO"
"BQS","19","BPE CXR DME GDX HKT HRB IKT KHV KJA KLO OVB SVO SVX TYD UHBS UTP UUD UUS VVO"
"BQT","3","LED SSH SVO"
"BQU","6","BGI CIW MQS SVD UNI UVF"
"BQW","0",""
"BRA","2","CNF SSA"
"BRC","17","AEP BHI CNF COR EZE GRU MDQ MDZ PMC PMY POA ROS SCL SLA TUC VCP VDM"
"BRD","1","MSP"
"BRE","29","ACE ADB AGP ALC AMS AYT BEY BJV BOJ FRA FUE HER HRG IST LPA MIR MUC PMI PRN RHO RMO SAW STN STR TFS VAR VIE ZAD ZRH"
"BRG","2","MDC NAH"
"BRI","58","AGP AMS ARN ATH BBU BCN BEG BGY BIO BOD BRS BRU CDG CFU CGN CLJ CPH DUB DUS EWR FCO FRA GRO GVA HAM IST JMK JTR KRK LGW LIL LIN LUX LYS MAD MAN MUC MXP NCE NTE OLB OMO ORY OSL OTP PVK RHO SKP SPU SSH STR TLS TLV VIE WRO ZAD ZRH ZTH"
"BRK","1","DBO"
"BRL","0",""
"BRM","5","CCS PMV PTY PUJ SVZ"
"BRN","11","CAG CLY DJE HER KGS LCA MIR OLB PMI RHO XRY"
"BRO","4","DFW IAH MCO MTY"
"BRQ","24","ADB AGP AYT BCN BGY BJV BOJ CFU CHQ CIY DJE FCO FNC HER HKT MRU NBE STN TCP TGD TIA TIV VAR VOL"
"BRR","1","GLA"
"BRS","103","ABZ ACE ADB AGA AGP ALC AMS ATH AYT BCN BER BFS BHD BIO BJV BOD BOJ BSL BUD BZR CDG CFU CGN CHQ CMF CPH CTA DLM DUB EDI EFL EGC FAO FCO FNC FUE GCI GDN GIB GLA GNB GRO GVA HER HRG IBZ INV IOM JSI JTR KEF KGS KRK KUN LCA LEI LIG LIS LPA LYS MAD MAH MLA MUC MXP NAP NBE NCE NCL NOC OPO ORK OTP PMI PMO POZ PRO PSA PVK RAK REU RHO RMU RVN RZE SAW SID SKG SOF SPU SSH SZG TFS TIV TLS TOS TRN VCE VLC VRN WRO ZRH ZTH"
"BRT","1","DRW"
"BRU","165","ABJ ACE ADB ADD AGA AGP AHU ALC ALG AMM AMS AOE ARN ASR ATH ATL AUH AYT BAH BCM BCN BDS BEG BER BEY BGO BJV BKK BLQ BOD BOJ BOM BRI BSL BVE BWI CAI CGN CGO CHQ CKG CKY CMN COV CPH CTA CVG DBV DJE DLM DME DOH DSS DUB DWC DXB EBB EMA ESB EVN EWR FAO FCO FEZ FIH FLR FNA FNC FRA GDN GOT GRU GVA HEL HER HKG IBZ ICN INN IST JED JFK JMK JNB JRO KEF KGS KTT LAX LCA LCK LEJ LHR LIN LIS LOS LPA LTN LXR LYS MAD MIA MLA MRS MUC MWZ MXP NAP NBE NBO NCE NDR NRT NSI NTE OPO ORD ORN OSL OTP OVD PEK PMI PRG PSA PVG RAK RBA RHO RIX RMO RUH SAW SCL SHJ SIN SKG SMI SOF SPU STN SZX TFS TFU TIA TIV TLL TLS TLV TNG TOS TTU TUN VAR VCE VCP VIE VIT WAW YHZ YUL YYZ ZAG ZRH ZTH"
"BRW","6","AIN ANC ATK NUI PIZ SCC"
"BSA","8","ADD DXB GGR HGA JIB MGQ NBO SHJ"
"BSB","47","AEP AJU ASU BEL BOG BPS BVB CGB CGH CGR CNF CPV CWB FLN FOR GIG GRU GYN IGU IMP JPA LIM LIS MAB MAO MCO MCP MCZ MIA NAT OPS PMW POA PTY PVH RBR REC SCL SDU SJP SLZ SSA STM THE UDI VCP VIX"
"BSC","3","CLO EOH UIB"
"BSD","6","CSX KMG NKG SZX TFU WUX"
"BSG","2","LBV SSG"
"BSK","3","ALG LYS ORY"
"BSL","112","ACE ADB AGA AGP AJA ALC ALG AMS ASR ATH AYT BBU BCN BDS BEG BER BIA BIO BIQ BJV BNX BOD BRS BTS BUD CDG CHQ CLJ CLY CMN CPH CZL DBV DJE DUB DXB EDI ESB FAO FCO FNC FRA FUE GZT HAM HER HRG IAS IBZ INI IST JSI KEF KRK LCA LGW LHR LIL LIS LPA LTN MAD MAH MAN MLA MPL MUC NAP NBE NCE NTE OHD OLB OPO ORN OSL PMI PMO POZ PRG PRN PUY RAK RBA RHO RMI RMO SAW SBZ SKG SKP SOF SPC SPU STN SUF SVQ TGD TIA TLS TLV TNG TSR TZL VCE VIE VLC WAW WRO YUL ZAD ZAG"
"BSO","4","CRK LAO RPLT TUG"
"BSR","15","AMM BEY BGW CAI DAM DEL DOH DXB EBL IST ISU MCT MHD PEK SAW"
"BSX","2","AKY RGN"
"BSZ","45","ALA AYT BKK CAN CIT CRZ CXR DEL DME DXB DYU ESB GRV GYD ICN IKG ISB IST JBD JED KJA KWI KZN LED LHE MCX NQZ NVI OSS OVB PEK PKX PVG SAW SGC SHJ SJW SSH SVO SVX TAS TFU URC VKO XIY"
"BTC","2","CMB RML"
"BTH","22","BPN CGK DJB DTB ICN JED KNO KUL LMU NTX PDG PGK PKU PLM PNK PPR RGT SIQ SRG SUB TKG YIA"
"BTI","2","FAI SCC"
"BTJ","9","CGK JED KNO KUL LKI LSR MED PEN SBG"
"BTK","3","DME IKT OVB"
"BTM","2","DEN SLC"
"BTR","5","ATL CLT DCA DFW IAH"
"BTS","74","ACE AGP AHO ALC ATH AYT BAH BCN BER BOJ BRI BSL BVC CCE CDT CFU CIA CRL DBB DLM DOH DTM DUB DXB EDI EIN EVN GDN HER HKT HRG IBZ JMK JSI KSC KUT LBA LCA LTN MAN MIR MLA MRU MXP NAP NCE OHD OSL OTP PDV PFO PMI PMO PQC PRN PSA PUJ RHO RMO SAW SKG SKP STN SUF TGD TIA TLV TPS TZL VAR WAW WMI ZAD ZTH"
"BTT","3","AET FAI HUS"
"BTU","6","BKI KCH KUL MKM MYY SBW"
"BTV","17","ATL BWI CHS DCA DEN DTW EWR IAH JFK LGA MCO MSP ORD PHL RDU RSW TPA"
"BTW","2","BDJ UPG"
"BTZ","1","HDY"
"BUA","3","LAE POM RAB"
"BUC","5","CNS DMD ISA NTN ONG"
"BUD","109","ACE ADB ALA ALC ALG AMM AMS ARN ASB ATH AUH AYT BBU BCN BEG BER BGY BHX BJV BKK BLL BLQ BOD BOJ BRU BSL CAG CAI CAN CDG CFU CGK CGN CGO CHQ CIT CKG CPH CTA CTU DBV DOH DTM DUB DUS DXB EHU EMA EVN FRA FUE GOT GYD HAM HEL HKG HRG ICN IST JMK KTW KWI LBA LEI LGW LHR LIS LPA LUX LYS MAD MAN MRS MUC NAP NGB NTE NUE OSL OTP PEK PHL PMI PMO PVG RIX RMI SAW SEN SKG SPX STN STR SZX TAS TFS TGM TIA TLS TLV TSF VIE VLC WAW WMI XIY YYZ ZAD ZTH"
"BUF","28","ATL BNA BOS BWI CLT DAL DCA DEN DFW DTW EWR FLL JFK LAS LAX LGA MCO MDW MIA MSP ORD PBI PHL PHX RDU RSW SRQ TPA"
"BUG","0",""
"BUI","2","DJJ WMX"
"BUL","1","POM"
"BUN","2","BOG EOH"
"BUP","2","DEL HDO"
"BUQ","5","ADD CPT HRE JNB VFA"
"BUR","37","ABQ ACV APC ATL AUS BLI BNA BOI CCR DAL DEN DFW DSM EUG HNL IND JFK LAS MDW MRY OAK PDX PHX PSC PVU RDM RNO SCF SEA SFO SJC SLC SMF SNA STL STS TSM"
"BUS","31","AER ALA AMM CIT DME DMM DXB GSV GUW GYD IKA IST JED KRR KWI KZN LED MRV MSQ NQZ OVB RIX RUH SAW SVX TAS TLV UFA UGSA VKO ZIA"
"BUT","1","PBH"
"BUU","1","CGK"
"BUW","1","UPG"
"BUX","7","BKY BNC FBM FKI FMI GOM IRP"
"BUZ","3","DXB MED THR"
"BVA","44","AGA ALC AMM BAY BCM BCN BEG BFS BIA BLQ CAG CLJ CPH CRA EDI EVN FAO FCO FSC GDN IAS KRK KUT NDR ORK OTP POZ RMO RVN SJJ SKG SKP SOF SVQ TFS TGD TGM TIA TRN TSF TSR TZL VAR ZAD"
"BVB","5","BSB CGU GRU MAO VCP"
"BVC","35","AMS ARN BGY BHX BOD BRQ BRU BTS CPH DUS EMA FCO FRA GOT HAJ HEL KTW LGW LIS LUX MAN MMO MUC MXP NTE OPO ORY PRG RAI SID STR TLS VIE VRN ZRH"
"BVE","6","AJA BRU KIR NCE ORY STN"
"BVG","6","ALF BJF HFT MEH TOS VDS"
"BVH","2","CGB VCP"
"BVI","8","BEU BNE BQL CTL ISA ULP WNR WTB"
"BVJ","20","CEK DME EGO KJA KRR KZN LED MSQ OMS OVB PEE SBT SIP SLY SVO SVX TLK UFA UUA VKO"
"BVS","3","BEL PTQ STM"
"BWA","3","DMK KTM PHH"
"BWB","1","PER"
"BWI","88","ABQ ALB ATL AUA AUS AXA BDA BDL BHM BNA BOS BUF BZE CHS CLE CLT CMH CVG DAL DEN DFW DTW ECP FLL GCM GRR GSP HOU HVN IAH ILM IND ISP JAX KEF LAS LAX LHR LIR MBJ MCI MCN MCO MDW MEM MHT MIA MKE MSP MSY MYR NAS OKC ONT ORD ORF PBI PDX PHX PIT PLS PNS PTY PUJ PVD PWM RDU RIC ROC RSW SAN SAT SAV SDF SEA SFO SJC SJD SJO SLC SMF SRQ STL STT SXM TPA TYS VPS"
"BWK","5","BEG BTS BZO LUX ZAG"
"BWN","23","BKI BKK BPN CGK DXB HGH HKG ICN JED KCH KUL LGW LHR MAA MEL MNL NNG NRT PKX SGN SIN SUB TPE"
"BWT","3","KNS LST MEL"
"BWU","2","BNE MEL"
"BWX","3","CGK LOP SUB"
"BXB","4","BIK FKQ MKW SOQ"
"BXD","1","MKQ"
"BXG","1","SYD"
"BXU","2","CEB MNL"
"BXW","2","SUB SUP"
"BYK","2","ABJ BKO"
"BYO","3","CGH GRU VCP"
"BYP","0",""
"BZE","28","ATL BWI CLT CUK CUN CZH DEN DGA EWR FLL GUA HOU IAH JFK LAX MIA MSP ORD PND PTY RTB SAP SEA SFO SPR YUL YYC YYZ"
"BZG","7","ALC BHX BRS DUB FRA KRK WAW"
"BZL","0",""
"BZN","27","ATL AUS AZA BNA BOI BOS BWI CLT DAL DEN DFW DTW EWR IAH JFK LAS LAX LGA MDW MSP ORD PDX PHX SAN SEA SFO SLC"
"BZO","12","ANR BDS BER DRS DUS EFL GOT HAJ IBZ MAH SKG WAW"
"BZR","6","ARN BRS CRL EDI MAN NRN"
"BZV","22","ABJ ADD AUH BGF BKO CDG CMN COO DLA FIH ION KGL LAD LBV LFW LOS LUX NBJ NBO NKC OUE PNR"
"BZX","15","CAN CTU HAK JJN KMG NGB PKX PVG SZX TAO TNA URC WUX XIY YIW"
"CAB","2","NBJ SZA"
"CAC","5","CWB GRU MCZ NAT VCP"
"CAE","12","ATL BWI CLT DCA DFW EWR FLL LGA MIA ORD PHL SFB"
"CAF","2","MAO RPU"
"CAG","44","AMS AOT BCN BGY BLQ BOD BRI BSL BVA BZO CDG CPH CUF DUS FCO FLR FRA GOT GVA HAM INN KRK LGW LIN LUX MAD MLA MUC MXP NAP NCE NRN OLB ORY PRG PSA STR SZG TLV TRN VCE VIE VRN ZRH"
"CAI","97","AAN ABJ ABS ADD AER AHB AJF AMM AMS ARN ASW ATH AUH AYT BAH BCN BEN BER BEY BLQ BOM BRU BWI CDG CGN CIT CMN CPH CTA DLA DMM DOH DUS DWC DXB EAM EBB ELQ ESB EVN EWR FCO FRA GIZ GYD HMB HRG IST JED JIB JNB JUB KAN KWI LGG LHE LHR LOS LUX LXR LYS MAD MED MJI MRS MRU MXP NDJ NJF NUM ORY OST OTP PEK PRG PVG PZU RIY RKT RUH SAW SHJ SKG SSH SVO SZX TFU TGD TIF TUN TUU UVL VCE VIE VRN WAW YNB"
"CAJ","3","CCS CGU SNV"
"CAK","24","BNA CHS CLT DAB DCA FLL ILM JAX LAS MCO MYR ORD ORF PBI PGD PIE PWM RDU RSW SAV SFB SRQ TPA VPS"
"CAL","1","GLA"
"CAN","247","AAT ACX ADD ADL AEB AKA AKL AKU ALA ALG AMS AOG AQG AUH BAH BAR BAV BEG BFJ BGW BHY BKI BKK BNE BSZ BUD BZX CAI CCS CCU CDE CDG CGD CGK CGO CGQ CHC CIF CIH CJU CKG CMB CNX CSX CTU CZX DAC DAD DAR DAT DDG DEL DIG DLC DLU DMK DOH DOY DPS DQA DRW DSN DXB DXJ DYG DZH ENH ENY FOC FRA FUG FUK GYD GYS GYU HAK HAN HCJ HDG HET HFE HGH HIA HKG HKT HLD HLH HND HPG HQQ HRB HTN HYN HZA HZG ICN IKA IKT INC ISB IST JDZ JED JFK JGN JHB JHG JIC JIQ JJN JMU JNG JNZ JUH JUZ JXA KCH KHG KHN KIX KMG KOS KTI KTM KUL KWE KWI LAX LCX LDS LFQ LGW LHE LHR LHW LIJ LJG LLB LUM LUX LXA LYA LYG LYI LZG LZO LZY MAD MDC MDG MEL MIG MNL MXZ NAO NBJ NBO NBS NDG NGB NKG NNG NNY NQZ NRT NTG PEK PEN PER PKX PKZ PLW POM PVG PZI RGN RLK RUH SAI SFO SGN SHA SHE SHS SIN SJW SKD SQD SUB SVO SWA SYD SYX SZH TAO TAS TFU TNA TNH TPE TSN TWC TWU TYN UCB URC UYN VKO VTE WDS WEF WEH WHA WMT WNH WNZ WSK WUH WUS WUT WUX WXN XFN XIC XIY XMN XNN XNT XUZ YBP YCU YIC YIH YIW YKH YNJ YNT YNZ YSQ YTW YTY YVR YYZ YZY ZAT ZHA ZYI"
"CAP","8","BOS CYA EWR FLL MIA NAS PAP PLS"
"CAQ","1","EOH"
"CAU","1","REC"
"CAY","14","BEL CDG FDF FOR GSI LDX MPY ORY OYC PBM PTP SDQ SXM XAU"
"CBB","10","GRU LPB MAD ORU RBQ SRE TDD TJA UYU VVI"
"CBH","4","ALG CZL ORN TIN"
"CBL","3","CCS PMV SNV"
"CBO","5","CEB JOL MNL TWT ZAM"
"CBQ","2","ABV LOS"
"CBR","15","ADL AVV BNE CFS DOH DPS DRW HBA LST MEL NAN NTL OOL PER SYD"
"CBT","4","LAD SDD VPE WDH"
"CCC","8","HAV YFC YHZ YOW YUL YWG YXU YYZ"
"CCE","3","BTS JED PRG"
"CCF","3","CRL EMA STN"
"CCJ","22","AAN AGX AUH BAH BLR BOM COK DEL DMM DOH DXB FJR HYD JED KUL KWI MAA MCT RKT RUH SHJ SLL"
"CCK","2","PER XCH"
"CCP","8","ARI BBA CJC IQQ LSC PMC PUQ SCL"
"CCR","0",""
"CCS","41","BGI BLA BNS BOG BRM CAJ CAN CBL CGU CUM CUN CUR GRU HAV IST LFR LIS LRV LSP MAD MAR MDE MIA MRD MUN NLU PMV POS PTY PUJ PYH SDQ SFD STB STD SVD SVZ TFN VIG VKO VLV"
"CCU","4","DAC DOH EHU SGN"
"CDB","7","ANC DUT KFP KVC NLG SDP STG"
"CDC","1","SLC"
"CDE","5","CAN HGH SJW TFU WUH"
"CDG","280","AAE ABJ ABV ABZ ACE ADB ADD AGA AGP AJA ALG AMM AMS ARN ATH ATL AUH AYT BAH BCN BEG BER BES BEY BFS BGF BGO BHX BIO BIQ BJA BKK BKO BLL BLQ BLR BOD BOG BOM BOS BRI BRU BSK BSL BUD BWI BZV CAG CAI CAN CFE CFK CFU CKG CKY CLT CLY CMB CMN COO CPH CPT CVG CZL DBV DEL DEN DFW DJE DLA DOH DSS DTW DUB DXB DZA EDI EMA ESB EVN EWR EZE FAE FAO FCO FDF FEZ FIH FLR FNC FOR FRA FSC FSP FUE GCI GIG GLA GOT GRU GVA GYD HAJ HAM HAN HAV HEL HER HKG HKT HND HRG IAH IBZ ICN ISB IST JED JFK JMK JNB JRO JTR KEF KGL KIX KLX KRK KRN KTT KUL KWI LAD LAS LAX LBA LBV LCA LFW LGW LHR LIM LIN LIS LJU LOS LPA LPL LTN LUX LXR LYS MAD MAH MAN MCO MCT MED MEX MIA MIR MLA MLE MNL MPL MRS MRU MSP MTY MUC MXP NAP NBO NCE NCL NIM NKC NKG NOU NSI NTE NUE OLB OPO ORD ORK ORN OSL OTP OUA OUD PDL PEK PER PHL PHX PMI PMO PNR PPT PRG PRN PRO PTP PTY PUF PUJ PVG RAI RAK RBA RDU RHO RIX RMO RNS RUH RUN RVN SAW SCL SEA SEN SFO SGN SID SIN SJO SKG SLC SNN SOF SOU SPU SSA SSG SSH STN STR SVG SVQ SXM SYD SZG SZX TAS TBS TFS TFU TGD TIA TLL TLS TLV TNG TNR TOS TPE TRN TTU UGC VAR VCE VIE VLC VRN VXE WAW XIY XMN YHZ YOW YUL YVR YYC YYT YYZ ZAG ZNZ ZRH"
"CDP","2","MAA VGA"
"CDR","0",""
"CDT","17","BER BGY BIO BLQ BTS BUD CLJ CRL FCO KRK MAD NRN OPO OTP OVD PMI STN"
"CDV","0",""
"CEB","51","BCD BNE BPA BPH BXU CBO CGM CGY CJJ CRK CRM CYP DGT DMK DOH DPL DRP DVO DXB ENI GES GUM HAN HKG IAO ICN ILO IQR JJN KIX KUL MBT MNL MPH NRT OZC PAG PPS PUS PVG RPSB SGN SIN SUG SZX TAC TAE TPE USU WHA ZAM"
"CEC","2","HHR OAK"
"CEE","13","AER ARH CSH DME KGD KZN LED MMK MRV SVO SVX ULV VUS"
"CEI","4","BKK DMK HKT SIN"
"CEK","23","AER CXR DYU EVN GOJ GYD HKT HMA HRG KGD KJA KRR KZN LED MRV MSQ NSK OSS OVB SGC SSH SVO VKO"
"CEM","2","FAI IRC"
"CEN","8","CUA GDL LAP MEX MTY NLU SJD TIJ"
"CEZ","0",""
"CFB","5","AEP CNF MIA ROS VCP"
"CFE","7","AJA ALG BIA CDG FSC NCE OPO"
"CFG","1","YUL"
"CFK","3","ALG CDG MRS"
"CFN","2","DUB GLA"
"CFR","10","AJA BIA BIQ CLY FSC KIR LYS MPL MRS NCE"
"CFS","5","ARM BNE CBR MEL SYD"
"CFU","65","AAR ABZ AMS ARN ATH BCN BEG BER BFS BOD BOH BRQ BRS BRU BSL BUD CDG CLJ CPH CRL CWL DUS EDI EFL EXT FCO FKB FRA GLA GRZ GVA HAJ HER KTW LBA LGW LIL LPL LTN LUX LYS MUC MXP NCL NTE NWI ORK OSL OSR OTP POZ PRG PSA PVK RTM SOF STN STR SXB TLV VIE VRN WAW ZRH ZTH"
"CGB","15","AFL AIR BPG BSB BVH CGH CNF GGB GIG GRU JIA JPR OPS PVH SMT"
"CGD","12","CAN HAK HGH HUZ KMG KWE PKX SHA SZX TFU XIY ZUH"
"CGH","40","AJU ARU BPS BSB BYO CGB CGR CLV CNF CWB CXJ EEA FLN FOR GIG GYN IGU IOS IZA JOI JPA LDB MCZ MGF MOC NAT NVT PET POA PPB RAO REC SDU SJP SLZ SSA THE UDI VIX XAP"
"CGI","0",""
"CGK","106","AAP ADD AMQ AMS AUH BDJ BEJ BKI BKK BKS BOM BPN BTH BTJ BUU BWN BWX CAI CAN CKG CMB DAD DHX DJB DJJ DMK DOH DPS DTB DWC DXB DYG FOC GTO HAK HAN HGH HKG HND ICN IST JED JHB KBR KCH KDI KMG KNO KOE KTI KUL KWE LBJ LLJ LOP LUW LUX MCT MDC MED MEL MFM MLG MNL NGB NKG NNG NRT PDG PEK PEN PER PGK PKN PKU PKY PLM PLW PNK PVG RUH SGN SIN SKJ SMQ SOC SOQ SRG SUB SYD SYX SZB SZX TFU TIM TJQ TKG TNJ TPE TRK TTE UPG WNZ WUH XMN YIA"
"CGM","1","CEB"
"CGN","111","ACE ADB AGA AGP ALC ARN ASR ATH AUH AYT BCN BDS BEG BER BGY BHX BIA BJV BLQ BOJ BRI BRS BUD CAI CFU COV DBV DIY DLM DUB DWC EBL EDI ESB EVN EZS FAO FCO FNC FUE GZP GZT HAM HER HRG IBZ INI IST JED JTR KGS KLU KUN KVA LBA LCA LGW LIS LPA MAH MAN MLA MUC MXP NAP NCE NCL NDR NOC OLB ONQ OPO OTP PFO PMI PMO PRG PSA PUY RAK RHO RIX RJK RMF RMI RMO SAW SJJ SKG SKP SOF SPU STN SUF SVQ SZF TFS TGD TIA TNG TZL TZX VAR VAS VCE VIE VLC VRN ZAD ZAG ZRH"
"CGO","110","AKU AQG BAV BHY BKK BPE BPL CAN CGQ CIF CJJ CJU CKG CTU DAT DHH DLC DLU DMK DOY DSN DXJ DYG DZH ENH ENY FOC GOQ GYS HAK HAN HET HGH HKG HKT HMI HRB HSN HTN HUZ ICN INC JBK JGN JHG JJN JUZ KCA KHG KMG KOW KRL KRY KTI KUL KWE KWL LGW LHW LJG LUX LXA LZH LZO MFM MXP NGB NKG NNG NRT NTG PEK PVG RLK RQA SHA SHE SIN SQD SWA SYD SYX SZX TAO TCG TFU TPE TSN TWC TXN UCB URC UYN WGN WMT WNZ WUA WUT XIC XMN XNN YBP YIN YIW YLX YNT ZHA ZHY ZUH ZYI"
"CGP","13","AUH CCU CXB DAC DOH DXB HAN JED JSR MCT SHJ SPD ZYL"
"CGQ","74","BKK CAN CGO CKG CSX CTU CZX DAT DOY DSN FOC HAK HET HFE HGH HIA HKG HLH HSN HYN HZA ICN INC JHG JJN KHN KIX KMG KUL KWE KWL LFQ LHW LYG LYI LZH NGB NKG NNG NRT NTG PEK PKX PVG SHA SIN SJW SWA SYX SZX TAO TFU TNA TSN TYN URC UYN WEF WEH WHA WNZ WUH WUX XFN XIY XMN XUZ YCU YIW YNJ YNT YNZ YTY ZUH"
"CGR","5","BSB CGH CNF GRU VCP"
"CGU","7","BVB CAJ CCS MAR PMV SNV VLN"
"CGY","3","CEB DVO MNL"
"CHA","15","ATL CLT DCA DEN DTW EWR FLL IAH LAS LGA MIA ORD PGD PIE SFB"
"CHC","21","AKL BHE BNE CAN CHT CNS DXB HKG HLZ MEL NAN NSN OOL PER PMR RAR SFO SIN SYD VLI WLG"
"CHG","1","PVG"
"CHH","1","LIM"
"CHO","5","ATL BWI CLT LGA ORD"
"CHQ","54","AMS ARN ATH BEG BER BGO BGY BHX BLL BLQ BOH BRQ BRS BRU BSL CPH DEB DUS EDI EMA FCO FRA GLA GRZ GVA HAM HEL LBA LGW LHR LTN LUX LYS MAN MUC MXP NCE NCL NRN ORY OSL OST OTP POZ PRG RHO SKG STN STR VIE WAW WMI WRO ZRH"
"CHS","54","ACY ALB ATL AUS BDL BNA BOS BTV BWI CAK CLT CMH CVG DAL DCA DEN DFW DTW EWR FLL HOU HPN HVN IAH IND ISP JFK LAX LCK LGA MCI MCO MDW MHT MIA MSP MSY ORD ORF PBI PHL PIT PVD PWM RIC ROC RSW SDF SEA STL SWF SYR TPA YYZ"
"CHT","3","AKL CHC WLG"
"CHU","5","ANI CKD RDV SLQ SRV"
"CHX","1","PAC"
"CHY","1","HIR"
"CIA","25","AMM BHX BTS BUD CAG CFU CRL EDI EMA FEZ GDN KRK LPL MAN PFO POZ PRG RAK RBA RHO SNN SOF STN TIA WMI"
"CID","19","ATL AZA BNA CLT DCA DEN DFW FLL LAS LAX MCO MIA MSP ORD PGD PHX PIE SFB SRQ"
"CIF","32","AXF BAV CAN CGO CKG CSX DSN ERL HAK HET HGH HLD HLH HUO KWE LYA NKG NZH NZL PVG SJW TAO TFU TNA TSN UCB WNZ WUA WUH WUX XIL XIY"
"CIH","17","CAN CKG DLC HAK HET HGH KMG PEK PKX PVG SHE SZX TAO TFU TSN WUH WUX"
"CIJ","4","CBB LPB TDD VVI"
"CIK","3","FAI FYU KBC"
"CIT","36","AKX ALA AYT BKK BSZ BUD BUS CAI DOH DXB DZN GUW GYD ICN JED KJA KRR KSN KUT LED MUC NQZ OVB PLX PPK PVG SAW SCO SSH SVO TBS TLV UKK URA VKO XIY"
"CIU","3","DTW MSP ORD"
"CIW","5","BQU MQS SVD UNI UVF"
"CIX","4","IQT LIM PTY TPP"
"CIY","9","CAG KTW LIL ORY PRG SSH TIA TRN VRN"
"CIZ","2","LBR MAO"
"CJA","1","LIM"
"CJB","9","AMD AUH BLR BOM DEL MAA PNQ SHJ SIN"
"CJC","3","CCP LSC SCL"
"CJF","0",""
"CJJ","23","CEB CJU CRK CTS CXR DAD DPS DYG FUK HIJ IBR ICN KIX KKJ MZG NRT OBO OKA PVG TPE UBN UKB YNJ"
"CJL","1","ISB"
"CJM","1","DMK"
"CJN","2","BDO HLP"
"CJS","10","GDL HMO LAP MEX MTY MZT PVR QRO TIJ TRC"
"CJU","37","CAN CGO CJJ DLC FOC GMP HGH HKG HRB ICN KHH KIX KPO KUV KWJ MNL MWX NGB NKG PEK PKX PUS PVG RMQ RSU SHE SIN SZX TAE TAO TPE TSN USN WNZ WUX XIY YNY"
"CJZ","1","REC"
"CKB","6","BWI MYR ORD PIE SFB VPS"
"CKD","4","ANI RDV SLQ SRV"
"CKG","173","AAT ACX AEB AKL AKU BAR BAV BHY BKI BKK BPX BRU BUD CAN CDG CGK CGO CGQ CIF CIH CMB CNX CSX CXR CZX DIG DLC DLU DMK DNH DOH DOY DSN DXB ENY FOC FUG HAK HAN HCZ HDG HET HFE HGH HIA HKG HKT HLD HLH HMI HNY HPG HRB HSN HTN HUZ HYN HZA ICN INC IQN JGN JGS JHB JHG JIC JJN JNG JUH JUZ KBV KHG KHH KHN KIX KMG KOW KRL KTI KTM KUL KWL LFQ LHR LHW LJG LLV LUM LXA LYA LYG LYI LZH LZY MAD MDG MFM MIG MLE MNL MXP NGB NKG NNG NRT NTG PEK PEN PKX PVG RGN SEA SGN SHA SHE SHS SIN SJW SQD SQJ SVO SWA SYD SYM SYX SZX TAO TAS TCZ TEN TGO TNA TPE TSA TSN TVS TYN UCB URC UYN VTE WDS WEF WEH WHA WMT WNZ WSK WUA WUH WUX XAI XFN XIC XIL XIY XMN XNN XUZ YBP YCU YIC YIN YIW YNJ YNT YNZ YTY YYA YZY ZHA ZHY ZUH"
"CKH","1","YKS"
"CKI","2","DRW GBL"
"CKS","2","BEL CNF"
"CKW","0",""
"CKY","16","ABJ ADD BKO BRU CDG CMN DSS DXB FNA IST LFW NKC NZE OUA ROB TUN"
"CKZ","1","ESB"
"CLD","9","DEN LAS MMH OAK PHX RNO SCF SFO TSM"
"CLE","39","ATL BNA BOS BWI CLT DAL DCA DEN DFW DTW DUB EWR FLL HVN IAH JFK LAS LAX LGA MCO MDW MIA MSP MYR ORD PHL PHX PUJ RDU RSW SEA SFO SLC SRQ STL TPA USA YUL YYZ"
"CLJ","36","ALC ATH AYT BCN BGY BLL BLQ BRI BVA CPH CRL DUB FCO GZP HER HRG IST LCA LTN MUC NAP NUE NYO OLB OSL OTP RHO SAW SKG SSH STN STR TRF VLC WAW ZRH"
"CLL","0",""
"CLO","29","ADZ ANF AUA BAQ BLB BOG BSC COG CTG EOH FLL GPI JFK MAD MDE MEX MIA NVA PSO PTY PUJ PUU SCL SMR TBD TCO UIB UIO VVC"
"CLP","4","AKN BET DLG WSN"
"CLQ","1","TIJ"
"CLT","189","ABE ACK AGS ALB ANU AOO ASE ATH ATL ATW AUA AUH AUS AVL AVP BDA BDL BGI BGR BHM BKW BNA BOS BTR BTV BUF BWI BZE BZN CAE CAK CDG CHA CHO CHS CID CLE CMH COU CRW CUR CVG CZM DAB DAL DAY DCA DEN DFW DSM DTW DUB ECP EGE ELH ERI EVV EWN EWR EYW FAY FCO FLL FLO FPO FRA FWA GCM GDL GGT GHB GND GNV GPT GRR GSO GSP HHH HPN HSV HTS IAH ILM IND JAC JAN JAX JFK LAS LAX LEX LFT LGA LHR LIR LIT LWB LYH MAD MBJ MCI MCO MDT MDW MEM MEX MGM MHH MHT MIA MKE MLB MLI MOB MSL MSN MSP MSY MUC MVY MYR NAS OAJ OKC OMA ONT ORD ORF OWB PBI PDX PGV PHF PHL PHX PIA PIT PKB PLS PNS POP PSP PUJ PWM RAP RDU RIC ROA ROC RSW SAN SAT SAV SBN SBY SDF SEA SFO SGF SHD SHV SJD SJO SJU SKB SLC SMF SNA SRQ STL STT STX SVD SXM SYR TLH TPA TRI TUL TVC TYS UVF VPS VRB XNA YUL YVR YYC YYZ"
"CLV","3","CGH CNF GRU"
"CLY","15","BOD BSL CDG FMM GRZ LIL LUX LYS NCE NTE ORY SXB SZG TLS ZRH"
"CMA","4","BNE SGO WTB XTG"
"CMB","50","AER AMD AUH BAH BKK BLR BOM CAN CDG CGK CKG COK DAC DEL DMM DOH DXB FRA GAN HKG HYD ICN IXM KHI KJA KMG KTM KTW KUL KWI LED LHE LHR MAA MEL MLE NRT OVB PKX RUH SEZ SIN SVO SYD TFU TRV TRZ VKO WAW ZRH"
"CME","2","MEX VER"
"CMF","10","BHX BRS CWL EDI EXT LBA LCY LGW MAN STN"
"CMG","1","VCP"
"CMH","47","ATL AUS BDL BNA BOS BWI CHS CLT DAL DCA DEN DFW DTW ECP EWR FLL GSP HOU IAH JAX JFK LAS LAX LGA MCI MCO MDW MIA MSP ORD ORF PHL PHX PWM RDU RSW SAN SAV SEA SFO SLC SNA SRQ STL TPA YUL YYZ"
"CMI","2","DFW ORD"
"CMJ","2","KHH MZG"
"CMN","105","ABJ ABV AGA AGP AHU AMM AMS ATH AUH AYT BAH BCN BGF BGY BJL BKO BLQ BOD BRU BSL BWI BZV CAI CDG CKY COO CUF DLA DOH DSS DUS DXB ERH EUN FEZ FIH FNA FRA GRU GVA HBE IST JED JFK KWI LAD LAX LBV LED LGW LHR LIL LIS LOS LPA LYS MAD MAN MED MIA MPL MRS MUC MXP NAP NCE NDR NIM NKC NSI NTE OPO ORY OUA OUD OXB OZG OZZ PKX PSA PVG RAI RAK ROB RTM RUH SID SSG SSH STN SVO SVQ SXB TFS TLS TNG TRN TTA TTU VCE VIL VLC YUL YYZ ZRH"
"CMW","2","CUN MIA"
"CMX","0",""
"CNC","4","HID OKR SYU XMY"
"CND","5","AYT FCO IST LTN TLV"
"CNF","41","AAX AEP AJU ARX BPS BRA BRC BSB CGH CKS CLV DIQ FLL FOR GIG GRU IPN JJD JMA LHN LIS MAB NAT NVT PMW POA POJ PTY PYT REC RRJ SCL SDU SJP SLZ SSA UBA UDI VAG VCP VIX"
"CNI","1","DLC"
"CNJ","4","BNE CNS ISA TSV"
"CNM","0",""
"CNN","19","AUH BAH BLR BOM COK DEL DMM DOH DXB FJR HYD JED KWI MAA MCT RKT RUH SHJ TRV"
"CNP","3","AEY OBY RKV"
"CNQ","1","AEP"
"CNS","41","ABM ADL AKL ASP AUU AYQ BNE BUC CHC CNJ CTN CUQ DPS DRW EDR GOV GTE HID HKG IRG ISA KIX KWM LNV MCY MEL MOV NAN NRT NTL NTN ONG OOL PER POM PPP SIN SYD TSV WEI YCNY"
"CNX","28","AUH BKK CKG CTS DMK HAN HDY HHQ HKG HKT ICN JHG KBV KIX KKC KUL LPQ MDL PEK PUS RGN SIN SZX TPE URT USM UTH XIY"
"CNY","2","DEN PHX"
"COC","1","AEP"
"COD","0",""
"COG","2","CLO EOH"
"COK","35","AGX AMD AUH BAH BBI BLR BOM CCJ CCU CMB CNN DEL DMK DOH DXB GOI HAQ HKT HYD JED KUL KWI MAA MCT MLE NMI PNQ RKT RUH SGN SHJ SIN SLL SXV TRV"
"COL","3","CSA OBN TRE"
"COO","13","ABJ ADD BKO BRU CDG CKY CMN DLA DSS LBV LFW LOS ORY"
"COR","34","AEP ASU AUA BOG BRC CRD EQS EZE FLN FTE GIG GRU IGR JUJ LIM MAD MCZ MDQ MDZ MIA NQN PDP PSS PTY PUJ REC REL RES SCL SLA SSA TUC UAQ USH"
"COS","17","ATL AZA BWI DAL DEN DFW HOU IAH LAS MDW ORD PHX PIE SAN SAT SLC SNA"
"COU","6","CLT DEN DFW ORD SFB VPS"
"COV","28","ADB ALP AYT BER BEY BJV BRU CGN DAM DLM DUS EBL ECN ESB FRA GYD HAJ HAM IST MUC NUE SAW STN SVO SZF TZX VAN YEI"
"CPB","1","EOH"
"CPC","2","AEP EZE"
"CPE","1","MEX"
"CPH","60","ADD ALC AMS ASR ATH ATL AUH AYT BCN BGW BGY BHX BLQ BSL CDG DEL DWC DXB EIN ESB FAE GDN HEL IAH KRP KRS KSD KYA LAX LBA LCK LGG LHR LIS LPA LUX MAD MCT MEX NAP NCL ORD ORY PMI PRG PVG RIX RNN SGD SGN SIN TLL TRF TRN VCP WAW WMI YUL YYZ ZAD"
"CPR","0",""
"CPT","3","HLA JNB PLZ"
"CPV","8","BSB CNF FOR MCZ NAT REC SSA VCP"
"CPX","4","NRR SIG SJU VQS"
"CQD","3","MHD PGU THR"
"CQW","3","CAN NKG PKX"
"CRA","13","ATH AYT BHX BRI BVA FMM HER HRG IST LCA LTN MIR PMI"
"CRC","1","UIB"
"CRD","13","AEP BHI COR EZE FTE LGS MDZ NQN PMY REL RGA RGL USH"
"CRI","2","AXP NAS"
"CRK","33","BKK BSO CAN CEB CGO CJJ DOH DVO DXB ENI FOC HAK HKG IAO ICN ILO JJN KIX MBT MPH NNG NRT PPS PUS SIN SJI SZX TAG TPE USU WNP YIW ZUH"
"CRL","78","AGA AGP AHO AJA ALC AOI ATH AYT BBU BCN BDS BGY BIA BIQ BLQ BOD BUD BZR CHQ DBV DUB EDI FAO FEZ FNC FNI FSC FUE GOA GRO HEL IAS IBZ KRK KUN LDE LPA MLA NCL NTE OLB OPO ORK OTP OUD OVD PEG PMI PSR PUY RAK RDZ REG RHO RIX RJK SAW SCQ SDR SJJ SKP TFS TGD TGM TLS TNG TPS TRN TSR TTU VLC VOL VRN WAW WMI WRO ZAD ZAZ"
"CRM","1","CEB"
"CRP","4","DEN DFW HOU IAH"
"CRU","2","GND UNI"
"CRV","6","BGY BLQ FCO NRN TRN TSF"
"CRW","8","ATL CLT DCA EWR MCO MYR ORD TPA"
"CRZ","5","ASB BKN HKG TAS TAZ"
"CSA","2","OBN TRE"
"CSG","1","ATL"
"CSH","1","VKV"
"CSK","1","DSS"
"CSW","7","CUU DAL HMO LAX LMM MZT PVR"
"CSX","94","AEB AKA AKU BAV BHY BKK BSD CGK CGQ CIF CKG CXR CZX DHH DLC DLU DMK DQA DSN ENY FOC FUG GYS HAK HET HKG HMI HRB HSN HTN HYN HZA ICN INC JBK JHG JJN KHG KHN KIX KMG KTI KTM KUL LCX LFQ LHR LHW LIJ LJG LUM LYI MFM NBO NGB NGO NNG NTG PKX RGN SHA SHE SIN SWA SYM SYX SZH SZX TAO TCZ TFU TLQ TNA TSN TVS TYN URC UYN VTE WHA WMT WNZ WUX WXN XIC XIY XMN XNN YBP YIN YNT YNZ YTY ZHA"
"CSY","5","AER LED MRV OVB SVO"
"CTA","92","AHO AMS AOI ARN ATH BCN BEG BER BGY BHX BLQ BOD BRI BRS BRU BSL BUD BVA BZO CAG CDG CGN CLJ CMN CPH CRL DBB DUB DXB EDI EIN FCO FLR FMM FRA GDN GOA GVA HAM HEL HER IAS IST JFK KRK KTW LBA LDE LGW LIN LMP LTN LUX LYS MAD MAN MLA MRS MUC MXP NAP NTE OSL OTP PEG PNL PRG PSA PSR QSR RHO RIX RMI RTM SOF SSH STN STR SVQ TGD TIA TLV TRN TRS VCE VIE VRN WAW WMI WRO YUL ZRH"
"CTC","2","AEP IRJ"
"CTD","1","PAC"
"CTG","31","ADZ AMS ATL BGA BLB BOG CLO CUC FLL JFK LIM MAD MAR MCO MDE MEX MIA MXP NLU PEI PMV PTY PUJ SCL SDQ SJO VIG WAW YUL YYZ ZRH"
"CTL","9","BEU BNE BQL BVI ISA RMA ULP WNR WTB"
"CTM","2","MEX NLU"
"CTN","1","CNS"
"CTS","49","AOJ AXT BKK CJJ CNX DMK FKS FSZ FUK GAJ HIJ HKD HKG HNA HND IBR ICN ITM KHH KIJ KIX KMQ KUH KUL MMB MMJ MNL NGO NRT OKA OKJ PEK PKX PUS PVG RIS SDJ SHB SIN SYD SZX TAE TFU TOY TPE UKB WKJ XIY YVR"
"CTU","73","AKU BHY BPX BZX CAN CGO CGQ CSX CZX DLC DLU DZH FOC FUG GMQ GOQ GYU HAK HDG HET HFE HGH HRB HYN INC JHG JJN KGT KHG KHN KMG LHW LJG LUM LXA LYI LZY NGB NKG NNG PEK PKX PVG PZI RKZ SHA SHE SJW SQJ SWA SYX SZX TAO TLQ TNA TSN TYN URC WNZ WUH WUX XIC XIY XMN XNN YIC YIH YIN YNZ YTY YUS ZHY ZUH"
"CUA","1","CEN"
"CUC","9","AUC BAQ BGA BOG CTG EOH MDE OCV PTY"
"CUE","3","GPS GYE UIO"
"CUF","4","BCM CAG CMN PMO"
"CUK","3","BZE SPR TZA"
"CUL","10","CUU GDL HMO LAP MEX MTY MXL PHX SJD TIJ"
"CUM","1","CCS"
"CUN","19","DEN MSP ORD PUJ SJD YEG YHM YOW YQR YQT YUL YVR YWG YXE YXU YYC YYJ YYT YYZ"
"CUQ","0",""
"CUR","24","AMS ATL AUA BAQ BOG BON CCS CLT CNF EWR JBQ JFK LIM LSP MDE MIA PAP PBM POS PTY SDQ SXM YUL YYZ"
"CUU","14","CSW CUL DEN DFW GDL HMO LAP LMM MEX MTY MZT QRO TIJ TRC"
"CUY","1","PER"
"CUZ","7","AQP AYP BOG LIM LPB PEM SCL"
"CVG","58","ATL AUS AZA BDL BNA BOS BWI CDG CHS CLT DCA DEN DFW DTW EWR EYW FLL GSP GUF IAH JAX JFK LAS LAX LGA LHR MCO MDW MIA MLB MSP MSY MYR ORD PBI PDX PGD PHL PHX PIE PNS PUJ PVD PWM RDU RSW SAN SAV SEA SFB SFO SLC SNA SRQ TPA VPS YUL YYZ"
"CVM","0",""
"CVN","1","DEN"
"CVQ","2","MJK PER"
"CVU","2","FLW HOR"
"CWA","2","MSP ORD"
"CWB","25","AEP BSB CAC CGH CNF FLN FRA GGJ GIG GRU IGU LDB LIM LIS LUX MGF MIA MXP POA PTO REC SCL SSA UVI VCP"
"CWJ","2","KMG SHA"
"CWL","19","ACE AGP ALC AMS BGI BHD CFU CMF DUB FAO FUE HER HRG LPA NBE TFS TRN YYZ ZTH"
"CXB","6","CGP DAC JSR RJH SPD ZYL"
"CXC","1","MXY"
"CXI","3","HNL NAN TRW"
"CXJ","4","FLN GIG GRU VCP"
"CXR","50","ALA BAX BQS BSZ CAN CGQ CJJ CKG CSX DAD DMK HAN HKG HTA ICN IKT KHV KJA KMG KTI KUL KWE KZN LED MSQ MWX NKG NQZ OVB PEK PQC PUS PVG SGN SHE SIN SVO SVX SZX TAE TAS TFU TPE TSN UBN UFA VCA VII VVO XNN"
"CYA","2","CAP PAP"
"CYAV","7","YGO YIV YOH YRS YST YVZ ZSJ"
"CYB","3","GCM LYB MIA"
"CYC","2","BZE CUK"
"CYF","2","BET KPN"
"CYI","2","KNH MZG"
"CYM","0",""
"CYO","1","YUL"
"CYP","1","CEB"
"CYPT","0",""
"CYS","0",""
"CYX","1","YKS"
"CYZ","2","MNL RPLN"
"CZH","1","SPR"
"CZJ","0",""
"CZL","26","ALG AZR BSL CBH CDG DJG ETZ GHA HME IST JED LIL LYS MED MPL MRS NCE NTE OGX ORN ORY SSH SXB TIN TLS TMR"
"CZM","11","ATL DEN IAH MEX MIA MSP MTY ORD YUL YYC YYZ"
"CZR","0",""
"CZS","1","RBR"
"CZU","3","BAQ BOG EOH"
"CZX","41","AKA CAN CGQ CKG CSX CTU DLC DLU FOC HAK HKG HRB INC JJN JNZ KMG KOW KWE KWL LHW LJG LUM LXA MFM MIG NNG PEK PKX SHE SWA SZX TAO TFU TYN VTE WEH XIY XMN YBP YNT ZUH"
"DAB","11","ATL BDL BOS CAK CLT HPN HVN ILG JFK PVD RDU"
"DAC","52","ADD ALA AMS ASB AUH BAH BKK BOM BZL CAN CCU CGO CGP CMB CSX CTU CXB DEL DMM DOH DXB FCO GYD HKG HYD ICN IST JED JSR KHI KJA KMG KTM KUL KWI LHR MAA MAN MCT MED MLE PBH PVG RGN RJH RKT RUH SHJ SIN SPD YYZ ZYL"
"DAD","39","ALA AMD BKK CGK CJJ CXR DLI DMK DPS DVO DXB HAN HKG HND HUI ICN KHH KHV KIX KNO KUL MNL MSQ NRT PQC PUS RGN SAI SGN SIN TAS TFU THD TPE VDH VDO VII VTE VVO"
"DAL","88","ABQ AMA APA ATL AUS BHM BNA BOI BOS BUF BUR BWI BZN CHS CLE CLT CMH COS CSW DCA DEN DSI ECP ELP FAT FLL GEG GUC HDN HOB HOU HRL IND JAX LAS LAX LBB LGA LGB LIT MAF MCI MCO MDW MEM MIA MKE MSP MSY MTJ MYR OAK OKC OMA ONT OPF ORD ORF PDX PHL PHX PIT PNS PSP PVD RDU RNO RSW SAF SAN SAT SAV SCF SDF SEA SFO SJC SLC SMF SNA SRQ STL TPA TSM TUL TUS TYS VPS"
"DAM","22","ADB AMM ATH AUH AYT BEN BGW COV DMM DOH DXB EBL ESB IST JED KWI MCT MJI OTP RUH SAW SHJ"
"DAR","32","ADD AMS ARK BLZ BOM CAI DOH DXB DZA EBB FBM FIH HRE IRI IST JNB JRO KBH KGL LLW LUN MBA MCT MFA MPM MWZ MYW NBO PMA POL TGT ZNZ"
"DAT","14","CAN CGO CGQ DMK HFE HKG HRB KMG NKG PVG SHA SZX TFU WUH"
"DAU","7","AWB HID OPU POM SKC TDS UNG"
"DAV","2","PAC PTY"
"DAY","11","ATL BWI CLT DCA DEN MYR ORD PGD PHL PIE SFB"
"DBB","14","ALA AUH AYT BAH BEG BQT BTS CTA DXB JED MSQ MXP PRG RUH"
"DBC","3","PKX PVG SJW"
"DBO","6","BHQ BNE BRK MEL SYD WGE"
"DBR","5","BLR BOM CCU DEL HYD"
"DBV","63","AMS ARN ATH BCN BEG BER BFS BGO BGY BHX BLL BOD BRS BRU BSL BUD BVA CDG CGN CLJ CPH CRL CWL DUB DXB EDI EMA EWR FMM FRA GDN GLA GVA HAM HEL IST KRK KTW LBA LGW LHR LIL LUX MAD MAN MRS MUC NAP NCL NTE ORY OSL OTP POZ RTM SKG STN SVG TLV VIE WAW WRO ZRH"
"DCA","104","ACK AGS ALB ATL AUS AVL BDL BGR BHM BNA BOS BTR BTV BUF CAE CAK CHA CHS CID CLE CLT CMH CRW CVG DAL DAY DEN DFW DSM DTW ECP EWR EYW FLL GRR GSO GSP HHH HOU HPN HSV HYA IAH ICT ILM IND JAN JAX JFK LAN LAS LAX LEX LGA LIT MCI MCO MDW MEM MGM MHT MIA MKE MSN MSP MSY MVY MYR NAS OKC OMA ORD ORF PBI PDX PHL PHX PIT PNS PVD PWM RDU ROC RSW SAN SAT SAV SDF SFO SLC SRQ STL SYR TLH TPA TUL TVC TYS VPS XNA YHZ YOW YUL YYZ"
"DCF","15","ANU AXA BGI BQU FDF GND MNI PTP SBH SFG SKB SLU STX SVD SXM"
"DCM","1","ORY"
"DCT","1","NAS"
"DCY","1","TFU"
"DDC","0",""
"DDD","2","BLR MLE"
"DDG","6","CAN PVG SHA SZX TFU YTY"
"DEB","10","BCN CHQ EIN HER LCA LTN MUC TIA TLV VAR"
"DEC","0",""
"DED","14","AMD ATQ BLR BOM CCU DEL HYD JAI KUU LKO PGH PNQ SXR VNS"
"DEE","1","UUS"
"DEF","2","MHD THR"
"DEL","151","ADD AHA ALA AMD AMM AMS ASB ATH ATQ AUH AYJ BAH BBI BDQ BGW BHJ BHO BHX BKB BKK BLR BOM BSR BSZ BUP CAI CAN CCU CDG CJB CMB CNN COK CPH DAC DBR DED DGH DHM DIB DMK DMM DMU DOH DPS DXB DYU EWR FCO FRA GAU GAY GOI GOP GOX GWL GYD HAN HBX HEL HGI HJR HKG HKT HND HSR HSS HWR HYD ICN IDR IKA IMF ISK IST IXB IXC IXD IXE IXG IXJ IXL IXR IXU IXZ JAI JDH JED JFK JLR JRG JSA KBL KBV KNU KTM KUL KUU KWI LHR LKO MAA MAN MCT MEL MLE MNL MRU MSQ MUC MXP NAG NMA NMI NRT PAB PAT PBH PEK PGH PNH PNQ PVG RDP RGN RPR RUH SFO SGN SHJ SHL SIN SLV STV SVO SXR SYD TAS TLV TRV TRZ UDR VGA VIE VNS VTZ WAW YUL YVR YYZ ZRH"
"DEN","14","CUN LIR MBJ MSP ORD PUJ SJD YEG YQR YUL YVR YWG YYC YYZ"
"DFW","264","ABI ABQ ACA ACT AEX AGS AGU AKL ALB ALS AMA AMM AMS ANC ASE ATH ATL ATW AUA AUS AVL BCN BDL BFL BHM BIL BIS BMI BNA BNE BOG BOI BOS BPT BRO BTR BUF BUR BWI BZE BZN CAE CDG CGI CHA CHS CID CLE CLL CLT CMH CMI COS COU CRP CUU CVG CVN CZM DAY DCA DEN DGO DOH DRO DSM DTW DUB DXB ECP EGE ELP EVV EWR EYW EZE FAR FAT FCA FCO FLG FLL FRA FSD FSM FWA GCK GCM GDL GEG GGG GIG GJT GLH GNV GPT GRI GRK GRR GRU GSO GSP GTR GUA GUC HDN HEL HKG HND HNL HOT HOU HRL HRO HSV HUX HVN IAH ICN ICT IDA ILM IND IST JAC JAN JAX JFK KOA LAS LAW LAX LBB LCH LEX LFT LGA LHR LIR LIT LRD LTO MAD MAF MBJ MCI MCO MDT MDW MEL MEM MEX MFE MGM MHK MIA MID MKE MLI MLM MLU MOB MRY MSN MSO MSP MSY MTJ MTY MYR MZT NAN NAS NRT OAX OGG OKC OMA ONT ORD ORF PBI PDX PHL PHX PIA PIT PLS PNS PSP PUJ PVG PVR PVU PWM PXM QRO RAP RDU RIC RNO ROA ROW RSW RTB SAF SAL SAN SAT SAV SBA SBN SBP SCL SDF SEA SFO SGF SGU SHV SJC SJD SJO SJT SLC SLP SMF SNA SRQ STL STS STT SWO SYD SYR TAM TBN TLH TPA TPE TQO TRC TRI TUL TUP TUS TVC TXK TYR TYS VCE VER VPS XNA XPL YUL YUM YVR YYC YYZ ZCL ZIH ZLO ZRH"
"DGA","4","BZE INB PLJ TZA"
"DGH","6","BLR BOM CCU DEL IXR PAT"
"DGO","6","GDL MDW MEX MTY QRO TIJ"
"DGT","1","CEB"
"DHH","6","CGO CSX KHG LHW TFU XIY"
"DHI","5","BJH BJU KTM PKR SIH"
"DHM","4","DEL IXC JAI SLV"
"DHN","1","ATL"
"DHX","1","CGK"
"DIB","7","BLR CCU DEL GAU HYD IXA IXB"
"DIE","5","DZA NOS RUN SVB TNR"
"DIG","7","CAN CKG KMG LXA PKX SHA TFU"
"DIK","0",""
"DIL","9","BCH DPS DRW FOC KUL OEC SIN UAI XMN"
"DIN","1","HAN"
"DIQ","1","CNF"
"DIR","3","ADD GDE JIB"
"DIU","6","AMD BOM GOX IXK NMI STV"
"DIY","14","ADB AYT BER CGN DUS ECN ESB FRA HAJ IST SAW SKP STR YEI"
"DJB","4","BTH CGK KNO YIA"
"DJE","29","AMS BOD BRN BRQ BRU BSL BTS CDG FRA GVA HAJ LIL LJU LTN LUX LYS MAN MPL MRS MUC NCE NTE ORY SJJ SOF STR TLS TUN ZRH"
"DJG","5","ALG CDG OGX TMR VVZ"
"DJJ","11","BIK BUI CGK MDC MKQ MKW NBX SOQ TIM UPG WMX"
"DKR","5","CMN DWC EZE MVD VCP"
"DKS","2","KJA NSK"
"DLA","16","ABJ ADD ALG BFX BGF BSG BZV CAI CMN COO FIH KGL LBV LFW NBO SSG"
"DLC","115","AKA BFY BHY BKK CAN CGO CHG CIH CJJ CJU CKG CNI CSX CTS CTU CXR CZX DOY DQA DYG ENY FOC FUG FUK HAK HDG HET HFE HGH HIA HIJ HKG HLD HND HNY HRB HSF HSN HZA ICN JGD JJN JMU JSJ JUZ JXA KHN KHV KIX KKJ KMG KOW KWE KWL LDS LFQ LHW LJG LYA LYG LYI LZH MDG MXZ NBS NDG NGB NGO NKG NNG NNY NRT NTG NZH PEK PKX PVG RIZ SDJ SHF SJW SQD SWA SYX SZX TAO TFU TNA TNH TSN TVS TYN UBN URC UYN VVO WDS WEF WEH WHA WMT WNZ WUH WUX XFN XIY XMN XUZ YCU YIC YNT YNZ YSQ YTY ZUH"
"DLE","5","AJA BIA FEZ OPO RAK"
"DLG","14","AKN ANC BET CLP EMK IGG KEK KGK KLL KMO KNW TOG TWA WSN"
"DLH","2","MSP ORD"
"DLI","7","DAD HAN KUL SGN THD VCA VII"
"DLM","54","ABZ AER AMS BEG BER BEY BFS BHX BOH BRS BRU BTS BUD CGN COV CPH CWL DUB DUS EMA ESB FRA GDN GLA GRQ GYD HAJ HAM HEL IST KTW LED LGW LHR LPL LTN MAN MSQ MUC NCL NUE NWI PRG SAW SCW SEN SOF STN STR SVO VIE VKO WAW ZRH"
"DLU","30","CAN CGO CKG CSX CTU CZX FOC HAN HGH JHG KHN KMG KWE LZO MIG NKG PEK PKX PVG SHA SJW SZX TFU TSN TYN WUH XIY XUZ YBP YNZ"
"DLZ","1","UBN"
"DMB","6","ALA GUW KOS NQZ OVB SSH"
"DMD","5","BUC CNS ISA NTN ONG"
"DME","73","ABA ADD AER AMM ASB AUH AYT BAH BAX BHK BQS BSZ BTK CAI CEE DWC DXB DYU EVN FEG GDZ GNJ GRV GYD HRG IJK IKT IST KEJ KGD KJA KRO KRR KSQ KVK KWI KYZ KZN LBD LED MCX MRV MSQ NER NMA NOJ NOZ NSK NUX NYM OGZ OMS OSS OVB PES PEZ RGK RKT SHJ SKD SLY SSH SVX TAS TJU TLV TOF UFA UGC UKK UUD VOG YKS"
"DMK","103","ALA AMD ATQ BFV BLR BOM BWA CAN CCU CEB CEI CGK CGO CJM CKG CMB CNX COK CSX CTS CXR DAD DAT DEL DPS DVO DXB DYG FUK GAU HAN HDY HFE HGH HGN HKG HKT HYD ICN ILO JAI JHB JJN KBV KHH KHN KIX KKC KMG KNO KOP KTI KTM KUL LHW LKO LOE LPQ LPT MAA MAQ MDL MFM MLE MNL NAW NGO NKG NNT NRT NST OKA PEN PHS PKX PQC PVG RGN ROI RUH SAI SDJ SGN SIN SNO SUB SYX SZB SZX TFU TPE TSN TST TXN UBP UNN URT USM UTH VTE WUH XIY XMN"
"DMM","38","ADD AMM ATZ AUH BAH BLR BOM CAI CNN DAM DEL DOH DXB FRA GYD HBE ISB JED KHI KTM KWI LHE LHR LKO MAA MCT MHD MNL PKX RSI RUH SAW SHJ SLL TRZ TZX VGA YNB"
"DMU","5","CCU DEL GAU IMF SHL"
"DNA","0",""
"DNAN","0",""
"DNBK","0",""
"DNBY","0",""
"DND","3","KOI LHR LSI"
"DNH","23","CKG HFE HGH HKG HMI HTT IQN JGN JIC KMG KUL LHW LNL NKG PEK PKX SHA TFU URC WUH XIY XNN YZY"
"DNP","1","KTM"
"DNZ","2","IST SAW"
"DOB","3","AMQ FKQ LUV"
"DOD","2","DAR IRI"
"DOH","62","ALA AMD AMS ATL BAH BEY BLR BOG BOM BRU BSL CAN CCU CDG CGK CLT CMB CMN COK DAC DEL DUB EBB EBL EZE FRA GRU HAN HEL HKG HYD IST JFK KIX KWI LAX LGG LHE LHR LIM LOS LUX MAA MAD MCT MEL MEX MFM MIA MXP NBO ORD OSL OST PER PIT PRG RUH SGN UIO VCP ZAZ"
"DOL","5","HER OLB PMI PMO RAK"
"DOM","14","ANU BGI EIS EWR GND MIA PUJ SJU SKB SLU STT SVD SXM UVF"
"DOP","1","KEP"
"DOU","1","GRU"
"DOY","21","CAN CGO CGQ CKG DLC FOC HGH HRB JUZ PEK PKX PVG SHA SHE SZX TFU TSN WNZ WUH XIY XMN"
"DPA","0",""
"DPL","3","CEB DGT MNL"
"DPO","2","MEB MEL"
"DPS","65","ADL AKL AMS AUH AVV BDJ BKK BLR BMU BNE BOM BPN CAN CGK CJJ CNS DAD DEL DIL DMK DOH DRW DXB FRA HAN HKG HKT HLP ICN IST JBB JED KOE KUL LBJ LOP MCY MDC MEL MNL NRT NTL OOL PER PNK PUS PVG SGN SIN SOC SOQ SRG SUB SVO SWQ SYD TAS TFU TIM TMC TPE UPG WAW XMN YIA"
"DPT","1","YKS"
"DQA","14","CAN CSX DLC HEK HRB PEK PKX PVG SHA SYX TAO TFU XIY YNT"
"DQM","2","MCT MSH"
"DRG","4","BKC OME OTZ PHO"
"DRO","3","DEN IAH PHX"
"DRP","3","CEB ILO MNL"
"DRS","7","AYT BZO FRA HRG MUC PMI ZRH"
"DRV","5","HAQ IFU LMV MLE NMF"
"DRW","33","ADL ASP BIK BME BNE BRT CAN CBR CKI CNS DIL DPS ELC GBL GOV GPN GTE GTS KNX KTR LEL MCV MEL MGT MNG OOL PER RAM SIN SNB SYD TCA TSV"
"DSI","0",""
"DSM","35","ATL AUS AZA BNA BOS BUR CLT DCA DEN DFW DTW EWR FLL GUF HOU IAH JAX LAS LAX LGA MCO MDW MIA MSP ORD PDX PGD PHL PHX PIE RSW SFB SNA SRQ VPS"
"DSN","51","AXF CAN CGO CGQ CIF CKG CSX FOC FUO HAK HET HFE HGH HKG HLH HRB ICN INC JNG KCA KMG KUL KWE LHW LYG NKG PEK PKX PVG RIZ SHA SHE SJW SYX SZX TAE TAO TFU TGO TLQ TNA TSN TYN UBN VTE WUH WUX XIY XNN YNT YTY"
"DSO","1","FNJ"
"DSS","49","ABJ ADD ALG AMS BCN BGY BJL BKO BOD BRU CDG CFE CKY CMN COO CSK DUS DXB FCO FNA IST JFK KDA KGG LFW LGW LIL LIS LPA LUX LYS MAD MRS MXP NBO NCE NIM NKC OUA OXB PRG RAI SID TLS TUD TUN VRN YUL ZIG"
"DSY","1","KTI"
"DTB","2","BTH CGK"
"DTD","1","GHS"
"DTM","37","ADB AYT BEG BNX BTS BUD CLJ CRA EVN FCO GDN GHV IAS INI KTW KUT LTN MXP OHD OMR ONQ PMI PMO PRN RMO SBZ SCV SKP SOF SZY TGD TIA TSR TZL VAR WAW WRO"
"DTU","3","HEK HRB OHE"
"DTW","129","ALB AMM AMS ANC APN ATL ATW AUS AZO BDL BGM BGR BHM BNA BOS BTV BUF BWI BZN CDG CHA CHS CIU CLE CLT CMH CVG DCA DEN DFW DSM DUB ECP ELM ESC EWR FCO FLL FRA FWA GCM GDL GRB GRR GSO GSP HND HNL HPN HSV HVN IAH ICN IMT IND IST JAX JFK KEF LAL LAN LAS LAX LEX LGA LHR LIR MBJ MBS MCI MCO MDT MDW MEM MEX MIA MKE MQT MSN MSP MSY MTY MUC MYR NAS OMA ORD ORF PBI PDX PHL PHX PIT PLN PLS PNS PUJ PVG PVR PWM QRO RDU RIC ROC RSW SAN SAT SAV SBN SDF SEA SFO SJC SJD SLC SMF SNA SRQ STL SYR TPA TVC TYS XNA YHZ YUL YVR YYC YYZ"
"DUB","155","ABZ ACE ADB AGA AGP AHO ALC AMS ARN ATH ATL AUH AYT BCM BCN BER BES BGO BGY BHX BJV BNA BOD BOJ BOS BRI BRS BRU BUD BWI CAG CAI CDG CFN CFU CGN CHQ CLE CLJ CLT CPH CRL CTA CUN CWL DBV DEN DFW DOH DTW DUS DXB EWR EXT FAO FCO FRA FUE GCI GLA GVA HAM HEL HER IAS IBZ IND INN INV IOM IST JFK JTR KEF KTT KTW KUN LAS LAX LBA LCJ LCY LHR LIN LIS LPA LPL LUX LUZ LYS MAD MAN MCO MIA MLA MPL MRS MSP MUC MXP NAP NCE NCL NQY ORD ORY OSL OTP OVD PEK PGF PHL PIT PMI PMO POZ PRG PRO PSA RAK RDU RIX RMO RNS RVN RZE SAW SCQ SEA SFO SOF SOU SPU STR SVQ SZG TFS TLL TLS TOS TRN TUF VCE VIE VLC VRN WAW WMI YHZ YUL YVR YYC YYT YYZ ZRH"
"DUD","4","AKL CHC OOL WLG"
"DUJ","0",""
"DUR","14","BFN CPT DOH DXB ELS GRJ HLA HRE IST JNB MQP PLZ SHO ZSE"
"DUS","173","ACE ADB AGA AGP ALC AMM AMS AOE ARN ASR ATH AUH AYT BCN BDS BEG BER BEY BGI BGO BGW BGY BHX BIA BIO BJV BLQ BOJ BRI BUD BVC BZO CAI CDG CFU CHQ CMN COV CPH CTA DBV DIY DJE DLM DOH DRS DSS DUB DXB EBL EDI EDO ERZ ESB EVN EZS FAO FCO FDF FLR FNC FRA FUE GDN GOA GOT GPA GRZ GVA GWT GZT HAM HEL HER HRG IAS IBZ IST IVL JMK JTR KAO KEF KGS KLX KRK KRN KTT KVA KYA KZR LCA LGW LHR LIN LIS LNZ LPA LXR LYS MAD MAH MAN MBJ MIR MLA MLX MRS MUC MXP NAP NBE NCE NCL NDR NQY OGU OLB OMO ONQ OPO OSL OTP OUD PDL PMI PMO PRG PRN PRO PUY PVK RAK RHO RIX RJK RMF RMO RVN SAW SCR SID SKG SMI SOF SPC SPU SSH SUF SVQ SZF SZG TBS TFN TFS TIA TIV TLL TLV TOS TZX VAR VCE VIE VLC VOL VRN WAW XRY YEI ZAD ZRH ZTH"
"DUT","7","AKB ANC CDB IKO KQA SNP STG"
"DVL","0",""
"DVO","13","BCD CEB CGY DAD DOH IAO ILO MFM MNL NNG SIN SZX TAG"
"DWC","91","ADD ADE AER AHB AKL AKX ALG ALP AMD AMS ARN ASB BCN BEN BER BKK BLR BOG BOM BRU CAI CAN CGK CGN CGO CPH DAC DEL DKR DME DMM EBB FJR FRA GRV HAJ HAN HKG HYD IAH IST JFK JIB JNB KRR KTI KTW LED LGG LHR LLW LOS LUX MAD MCX MEM MEX MLE MRV MST MUC MXP NBO NRT ORD OSL OTP OUA OVB POZ PRG PVG RIY RMO RUH SGC SGN SIN SRY STN SVX SYD TAS TPE TSR UFA UIO VKO WAW ZAZ ZRH"
"DWD","2","JED RUH"
"DXB","287","ABJ ADB ADD ADL AER AHB AKL AKX ALA ALG AMD AMM AMS AQI ARN ASB ASM ATH ATQ AWZ AYT BAH BBI BCN BEG BEN BER BEY BGW BGY BHX BJV BKK BLQ BLR BND BNE BOG BOM BOS BRU BSA BSL BSR BSZ BUD BUS BUZ BWA BWI BWN CAG CAI CAN CCJ CCU CDG CEB CFU CGK CGP CHC CIT CKG CKY CMB CMN CNN COK CPH CPT CRK DAC DAD DAM DAR DBB DBV DEL DFW DME DMK DMM DOH DPS DSS DUB DUR DYU EBB EBL EDI ELQ ESB EVN EWR EZE FCO FEG FRA GGR GIG GIZ GLA GOI GRU GRV GSM GUW GVA GYD HAK HAM HAN HAS HBE HEL HGA HGH HKG HKT HND HOF HRE HYD IAH IAS ICN IFN IKA ISB IST IXC IXE IXM JAI JED JFK JMK JNB JRO JTR JUB KBL KBV KDU KER KGL KHI KHT KIH KIX KMG KRK KRR KTI KTM KUL KUT KWI KZN LAX LBD LCA LED LGK LGW LHE LHR LIS LJU LKO LOS LRR LUN LYP LYS MAA MAD MAN MBA MCO MCT MCX MED MEL MEX MGQ MHD MIA MJI MLA MLE MNL MRU MRV MSQ MUC MUX MXP NAP NBJ NBO NCE NCL NJF NMA NQZ NRT NUM OHS OLB ORD OSL OTP OVB PBH PEE PEK PEN PER PEW PNQ POZ PRG PSA PVG RGN RIX RMO RSI RUH SAI SAW SCO SEA SEZ SFO SGN SHE SIN SJJ SKD SKT SLL SOF SPX STN STR STV SVO SVX SYD SYZ SZG SZX TAO TAS TBS TBZ TFU TIA TIF TIV TLV TNR TPE TRV TRZ TZX UET UFA ULH URC UTP VCE VIE VOG WAW WUH XIY YUL YYZ ZAG ZNZ ZRH ZYL"
"DXJ","11","CGO HAK HFE HUZ JJN KMG NGB PKX SHE TFU XIY"
"DXR","2","ACK MVY"
"DYG","1","MNL"
"DYR","10","KHV KJA KPW KVM PKC PVS PWE SVO UHML VVO"
"DYU","29","AER ALA BSZ DEL DOH DXB GYD IKA IKT ISB IST JED KIH KWI KZN LED MCX MHD MUC NQZ OVB PKX SAW TAS TJM UFA URC UTOD XIY"
"DZA","9","CDG DAR DIE MJN NBO NOS ORY RUN TNR"
"DZH","22","CAN CGO CTU FOC HGH HSN JJN KWE LHW LJG LXA NKG PEK PVG SHE SWA SZX TFU URC WNZ WUH ZUH"
"DZN","5","ALA CIT KGF NQZ UKK"
"EAA","1","FAI"
"EAL","4","BII KWA MAJ RNP"
"EAM","4","DMM DXB JED RUH"
"EAR","0",""
"EAS","11","AGP BCN EDI GLA LCY LPA MAD MAH PMI SVQ TFN"
"EAT","0",""
"EAU","3","LAS ORD RSW"
"EBA","7","ACH BRN FLR LIN PSA SIR ZRH"
"EBB","43","ABV ADD AMS BJM BRU CAI DAR DOH DXB FIH FZNI HRE HSYE HUGG HUKD HUMW IST JED JNB JRO JUB KGL KHX KIS KSE KXO LGW LLW LOS LUN MBA MBQ MGQ MRE NBO PAF PZU RUA RUH SEU SHJ SRT ZNZ"
"EBH","2","ALG MZW"
"EBJ","2","ABZ SVG"
"EBL","34","ALP AMM AMS ATH AYT BER BEY BGW BSR CAI CGN COV CPH DAM DOH DUS DXB ESB FRA GYD HAJ HAM IKA IST ISU LGW LTK MUC NJF NUE SAW SHJ STR VIE"
"EBO","2","EJT MAJ"
"EBU","1","BJA"
"ECN","9","ADB AYT COV ESB GZT HTY IST SAW TZX"
"ECP","20","ATL AUS BNA BWI CLT CMH DAL DCA DEN DFW DTW HOU IAH IND LGA MCI MDW ORD PHL STL"
"EDF","0",""
"EDI","113","ACE AGA AGP ALC AMS ARN ATH ATL AYT BCN BGO BHD BIO BJV BLL BOD BOS BRU BSL BZR CDG CFU CGN CHQ CMF CPH CTA DBV DLM DOH DUB DUS DXB EAS EWR EXT FAE FAO FCO FLR FNC FRA FUE GCI GDN GNB GRO GVA HEL HER IBZ INN IOM IST JFK JTR KEF KLX KOI LCY LGW LHR LIN LPA LSI LTN LUX LYS MAD MAH MCO MLA MUC MXP NBE NRN NTE ORD ORY OSL PEK PFO PHL PMI PRG PRO RAK REU RHO RVN SAW SDR SKG SOU SPU SSH STN STR SYY SZG TFS TLS TRN VIE VLC VRN YHZ YUL YYC YYZ ZAD ZRH ZTH"
"EDL","5","LOK MBA NBO SHJ WIL"
"EDO","7","CGN DUS ESB IST MUC SAW STR"
"EDR","2","CNS KWM"
"EEA","1","CGH"
"EEK","2","BET KWN"
"EERU","0",""
"EFL","38","ACH AMS ATH BEG BGY BHX BOH BRI BRS BUD BZO CFU CWL EDI EMA FCO FRA GLA INN LBA LGW LHR MAN MUC NAP NCE NCL ORY OSL OTP PRG PVK STN TLV TSR VIE ZRH ZTH"
"EGC","8","BHX BOH LBA LCY LPL MAN RTM STN"
"EGE","16","ATL BWI CLT DEN DFW EWR IAH JFK LAX MIA MSP ORD PHX SAN SEA SFO"
"EGM","2","HIR MUA"
"EGO","15","AER AYT DME GOJ KGD KRR LED MRV NBE NSK SGC SIP SVO SVX VKO"
"EGS","1","RKV"
"EGX","3","AKN PIP UGB"
"EHU","23","ALA AUH BLL BLR BUD CCU EMA FRA HKG JJN LAX LGG LHE MAA MXP OSL SGN SZX TFU TSN XIY XMN YHZ"
"EIN","34","ADB ALC AYT BCN BEG BUD CLJ DEB GDN HER HRG IAS INN KGS KRK KTW LPA NDR OSL OTP OUD PRG RHO SAW SID SKP SOF SSH TFS TIA TSF VAR WAW WRO"
"EIS","12","ANU AXA BGI DOM MIA NGD SDQ SJU SKB STT SXM VIJ"
"EJA","1","BOG"
"EJH","2","JED RUH"
"EJT","1","MAJ"
"EKO","0",""
"EKS","2","KHV UUS"
"ELC","3","DRW GOV MNG"
"ELE","0",""
"ELG","3","ALG OGX TMR"
"ELH","7","ATL CLT FLL GHB MIA NAS RSD"
"ELI","3","GLV OME WMO"
"ELM","6","DTW MYR PGD PIE SFB SRQ"
"ELP","18","ATL AUS BNA DAL DEN DFW HOU IAH LAS LAX LGB MCO MDW ORD PHX SAN SAT SEA"
"ELQ","21","AHB ATZ AUH BAH CAI DMM DOH DXB HAS HMB ISB IST JED KWI MUX RUH RZV SAW SHJ SJJ TZX"
"ELS","4","CPT DUR HLA JNB"
"ELU","3","AAE ALG CDG"
"ELV","1","JNU"
"EMA","82","ABZ ACE AGP ALA ALC ANC AUH AYT BAH BCN BER BFS BGY BHD BJV BLQ BOJ BRU BUD CCF CDG CFU CGN CHQ CIA CPH CTU CVG DBV DLM DUB DXB EDI EFL EGC EHU FAO FRA FUE GDN GRO GVA HGH HKG HRG IST JFK KEF KRK LAX LCA LEJ LIG LPA LTN MAD MAH MLA MUC MXP NOC OSL PHL PMI PRG PRO PVK REU RHO RIX RMU RUH SNN SSH TFS TRN TSF TSN VIT VLC WRO ZTH"
"EMD","2","BNE MCY"
"EMK","5","AUK BET DLG KOT SXP"
"EMN","1","NKC"
"ENA","1","ANC"
"ENE","3","BMU KOE LBJ"
"ENG","1","BKS"
"ENH","30","CAN CGO DMK HAK HAN HGH HKG HYN ICN INC KHN KMG KWE LHW NGB NKG NNG PKX PVG SHA SZX TAO TFU TNA TSN WNZ WUH XIY XNN ZUH"
"ENI","5","CEB CRK MPH TAG USU"
"ENO","1","EZE"
"ENSA","0",""
"ENT","1","KWA"
"ENU","3","ABV ADD LOS"
"ENVR","0",""
"ENY","21","CAN CGO CKG CSX DLC FOC HET INC KMG KWE LHW NKG PEK PVG SHE SYX SZX TFU TSN XIY XNN"
"EOH","27","ACD APO AXM BAQ BGA BOG BSC BUN CAQ CLO COG CPB CUC CZU IBE LPZ MMP MTR MZL NVA OCV PEI RON TLU UIB VUP VVC"
"EOI","2","KOI NRL"
"EPR","1","PER"
"EPU","2","EERU URE"
"EQS","2","AEP COR"
"ERC","3","ESB IST SAW"
"ERF","6","AYT BOJ HER HRG PMI RHO"
"ERH","4","CMN ORY RAK RBA"
"ERI","4","CLT MCO ORD TPA"
"ERL","5","CIF HET PKX TGO XIL"
"ERS","5","JNB LUD NDU OMD OND"
"ERZ","7","ADB AYT DUS ESB IST SAW YEI"
"ESB","51","ADF AJI ALA AMM AMS ARN AYT BAL BER BGW BJV BUD CAI CGN CKZ COV CPH DIY DME DOH DUS DXB EBL ECN FRA GNY GYD HAM IKA IST JED KBL KIK KRK LIS MED MUC NQZ NUE SAW SJJ STN STR SZF TAS TBS TIA TJK TZX VIE ZRH"
"ESC","1","DTW"
"ESD","5","BFI BLI FRD OTS YVR"
"ESE","2","GUB MMCD"
"ESL","4","AER AYT SVO SVX"
"ESU","11","BCN BOD BVA CRL LYS MRS NTE ORY RBA STN SVQ"
"ETM","3","CDG HFA TLV"
"ETZ","4","ALG BES CZL HER"
"EUA","1","TBU"
"EUG","15","AZA BUR DEN LAS LAX ORD PDX PHX SAN SEA SFO SJC SLC SMF SNA"
"EUN","6","AGA CMN LPA RAK RBA VIL"
"EUX","10","AUA AXA BON CUR DCF NEV SAB SKB STX SXM"
"EVE","17","AMS ANX BGO BGY BOO BRU CPH FRA MUC MXP OLA OSL PMI TOS TRD VIE ZRH"
"EVN","81","AER ALA ALC ALP AMS ATH AUH BCN BER BEY BGW BGY BRI BRU BTS BUD BVA CAI CDG CEK CGN CRL DME DOH DTM DXB EIN FMM FRA GOJ GSV HAM HER HRG IKA IST KGD KJA KRR KWI KZN LCA LED LTN LYS MLE MRS MRV MSQ MXP NAP NCE NQZ OTP OVB PEE PFO PRG RHO RIX RMO SCO SGC SHJ SKG SSH SVO SVX TBS TIV TJM TLV UFA URC VCE VIE VKO VOG WAW YUK ZIA"
"EVV","7","ATL CLT MCO ORD PIE SFB VPS"
"EWB","3","ACK BOS MVY"
"EWE","2","MKQ TIM"
"EWI","2","NBX TIM"
"EWN","3","BDL CLT MCO"
"EWR","186","ACK ADD AGP AMS ANC ANU ARN ATH ATL ATW AUA AUS AVL AXA BCN BDA BER BGI BGR BIO BNA BOG BOM BON BOS BQN BRI BRU BTV BUF BWI BZE BZN CAE CAI CAP CDG CHA CHS CLE CLT CMH CPH CPT CRW CUR CVG DBV DCA DEL DEN DFW DSM DTW DUB DXB EDI EGE EYW FAO FCA FCO FLL FNC FRA GCM GDL GLA GOH GRR GRU GSO GSP GUA GVA HDN HHH HND HNL IAH ICN ILM IND IST JAC JAX JNB KEF KRK LAS LAX LFW LHR LIM LIR LIS MAD MBJ MCI MCO MDW MEM MEX MIA MKE MSN MSP MSY MTJ MUC MXP MYR NAP NAS NCE NRT OPO ORD ORF ORY OSL PBC PBI PDL PDX PHX PIT PLS PMI PMO POP POS PSP PTY PUJ PVR PWM RAK RDU RIC ROC RSW RZE SAL SAN SAP SAT SAV SDF SDQ SEA SFO SIN SJD SJO SKB SLC SMF SNA SNN SPU SRQ STI STL STT SXM SYR TLV TPA TQO TVC TYS UVF VCE VIE VPS WAW YHZ YOW YQB YTZ YUL YVR YYC YYZ ZRH"
"EXI","1","JNU"
"EXT","23","ACE AGP ALC AMS BHD CFU DLM DUB EDI GCI HER IBZ ISC LPA MAH MAN NCL PFO PMI PRO RHO TFS ZTH"
"EYK","7","HMA NYA OVS SGC SVX TJM ZIA"
"EYP","4","BGA BOG RON VVC"
"EYW","24","ATL AVL BOS BWI CLT CVG DCA DFW FLL HVN IAH IND LCK LGA MCO MIA ORD PHL PIE PIT RDU SFB TPA TYS"
"EZE","54","ADD AKL AMS ATL AUA BOG BPS BRC BSB CBB CDG CNF CRD DXB ENO FCO FLN FOR FRA FTE GIG GRU GYE IAH IGR IST JFK JPA JUJ LHR LIM MAD MCZ MDE MDZ MEX MIA NAT PTY PUJ PVG REC RGL SCL SDQ SJO SLA SSA TUC UIO USH VVI YYZ ZRH"
"EZS","10","ADB AYT CGN DUS ESB FRA HAJ IST SAW STR"
"FAE","10","BGO BLL BRU CDG CPH DUB KEF LGG LGW PMI"
"FAI","35","AET AKP ANC ARC BTI BTT CEM CIK DEN EAA FYU GAL HKB HSL HUS IRC KAL KBC KYU LMA MLY MNT MSP NUL ORD PDX RBY RMP SCC SEA SVS TAL VEE WBQ YDA"
"FAO","85","ABZ AMS ARN BCN BER BES BFS BGY BHX BIO BOD BOH BRS BRU BVA CDG CGN CPH CRL CWL DUB EDI EIN EMA EWR EXT FKB FMM FNC FRA GCI GLA GVA HAJ HAM HEL IOM KEF KIR KRK KTW LBA LCY LGW LHR LIL LIS LPL LTN LUX LYS MAD MAN MME MRS MUC NCE NCL NOC NQY NRN NTE NUE NWI ORK ORY OSL OTP PDL PIK RAK RIX RTM SEN SNN SOU STN STR SXB TLS VIE WAW WMI YYZ ZRH"
"FAR","11","ATL AZA BNA DEN DFW LAS MSP ORD PHX PIE SFB"
"FAT","14","DAL DEN DFW GDL LAS LAX MLM ORD PDX PHX SAN SEA SFO SLC"
"FAV","3","KHZ PPT RGI"
"FAY","2","ATL CLT"
"FBM","13","ADD AUH DAR FIH FMI JNB KGA KGL KMN LUN MJM NBO NLA"
"FCA","3","AUS LGA PHX"
"FCO","235","ADB ADD AGP AHO AJA ALC ALG AMM AMS AOK ARN ATH ATL AUH BAH BCM BCN BDS BEG BEN BER BES BEY BFS BGO BHX BIA BIO BKK BLL BLQ BOD BOS BRI BRQ BRS BRU BSL BTS BUD BVA BVC BWI CAG CAI CDG CFU CGN CHQ CKG CLJ CLT CMN CND CPH CRL CRV DAC DBV DEL DEN DFW DOH DSS DTW DUB DXB EDI EFL EIN EVN EWR EZE FAO FDF FLR FMM FRA FUE GDN GHV GIG GLA GOA GOT GRU GVA GYD HAJ HAM HAV HEL HER HKG HND HRG IAH IAS IBZ ICN IST JED JFK JMK JSI JTR KEF KGS KLU KRK KSC KTW KWI LAX LBA LCA LDE LGW LHR LIG LIL LIN LIS LMP LPA LTN LUX LUZ LXR LYS MAD MAH MAN MBA MCT MEX MIA MJI MLA MLE MRS MRU MSP MUC MUH NAP NCE NCL NOS NTE NUE OLB OMO OMR OPO ORD ORY OSL OTP OVD PEK PER PFO PHL PMI PMO PNL POZ PRG PRN PVG PVK RAK REG RHO RIX RMF RMO RTM RUH RZE SAW SBZ SCV SDQ SEA SEZ SFO SHJ SID SIN SJJ SKG SLL SOF SPU SPX SSH STN STR SUF SVQ SXB SYD SZX TAS TBS TFS TFU TGD TIA TLL TLS TLV TPE TPS TRN TRS UGC VAR VCE VIE VLC VRN WAW WNZ YUL YYC YYZ ZAD ZAG ZAZ ZNZ ZRH ZTH"
"FDE","1","OSL"
"FDF","20","ANU BGI BOD CAY CDG FCO HAV MIA ORY PAP POS PTP SDQ SFG SLU SVD SXM YQB YUL YYZ"
"FDH","17","ALC AYT BEG BER BFS CLY CPH EBA HAM HDF HER HRG LGW PMI PVK RHO SKP"
"FEG","11","DME IKT IST KZN LED OVB SGC SKD TAS VKO ZIA"
"FEN","2","GRU REC"
"FEZ","16","AGA AMS BCN BLQ BOD BRU BVA CMN LPA LYS MRS MUC ORY RTM STN VLC"
"FGI","1","PPG"
"FGU","2","PPT RRR"
"FIH","37","ABJ ADD AUH BDT BKY BMB BNB BRU BZV CAI CDG CMN DAR DLA DOH EBB FBM FKI GMA GOM IST JNB KGA KMN KND LBV LFW LIQ LJA LUX MDK MJM MNB NBJ NBO PNR TSH"
"FIN","0",""
"FIZ","2","BME HCQ"
"FJR","7","BOM CCJ CNN COK DWC HKG RUH"
"FKB","48","AGA AGP ALC AMM ARN AYT BBU BEG BNX BRI BTS CAG CFU DBV FAO FEZ FUE GRO HER IAS KGS LPA OPO PMI PMO RBA RHO RMO SBZ SCV SJJ SKG SKP SOF STN SUF SVQ TFS TGD TGM TIA TNG TPS TSR VLC WRO ZAD ZAG"
"FKI","3","FIH GOM KND"
"FKQ","6","AHI BXB DOB KNG NTI SOQ"
"FKS","3","CTS ITM TPE"
"FLA","3","ACR BOG LQM"
"FLG","0",""
"FLL","143","ABE ACY ALB ATL ATW AUA AUS AVL AVP AXM BAQ BDL BEL BGR BHM BLV BNA BOG BOS BQN BUF BWI BZE CAE CAK CAP CHA CHS CID CLE CLT CMH CNF CTG CVG DAL DCA DEN DFW DSM DTW ELH EWR EYW FPO FSD FWA GCM GGT GRR GSP GUA GYE HDN HOU HPN HSV HTS HVN IAH ILG ILM IND ISP JAX JFK KIN LAS LAX LCK LEX LGA LIM LIR MBJ MCI MCN MCO MDE MDT MDW MEM MHT MKE MSP MSY MYR NAS OMA ORD ORF ORH PAP PBG PDX PHL PHX PIA PIT PNS POS PTY PUJ RDU RFD RIC ROC SAN SAP SAT SAV SBN SBY SDF SDQ SEA SFO SJO SLC STI STL STT STX SWF SXM SYR TLH TPA TTN TVC TYS USA VCP XNA XPL YHM YHZ YOW YUL YVR YWG YYC YYZ"
"FLN","29","AEP ASU BSB CGB CGH CNF COR CWB CXJ EZE GEL GIG GRU GYN IGU LIM LIS MIA MVD PET POA PTY ROS SCL SLA SSA URG VCP XAP"
"FLO","0",""
"FLR","39","AHO AMS ARN ATH BCN BEG BGO BIO BOD BRU CAG CDG CPH CTA DUS EBA FCO FRA HAM HEL LCY LGW LHR LIS LUX LYS MAD MUC NCE NTE OLB OSL OVD STN SVQ SXB TLS VIE VLC"
"FLS","3","HBA LST MEB"
"FLW","4","CVU HOR PDL TER"
"FLZ","3","GNS KNO LXD"
"FMA","1","AEP"
"FMI","7","BNC BUX FBM FIH GOM KOO MJM"
"FMM","57","AGP AHO ALC AMM AYT BBU BDS BEG BNX BUD CHQ CLJ CLY CRA DBV DUB EVN FAO GHV HER IAS INI KRK KUT LPA MAN MLA NAP OHD OPO PFO PMI PMO PRN PSA PSR PUY RHO RIX RMO SBZ SCV SJJ SKG SKP SOF STN TFS TGD TIA TNG TSR TZL VAR VLC ZAD ZAG"
"FMN","1","DEN"
"FMO","13","AGP ALC AYT CFU FUE HER HRG MUC PMI PRN RHO STN ZAD"
"FNA","13","ADD BJL BRU CKY CMN DSS IST LFW LGW LOS NBO OUA ROB"
"FNC","66","ACE AGP AMS ARN BCN BER BFS BHX BIO BOH BRS BRU BSL BTS BUD BVA CGN CPH CRL DUS EDI EMA EWR FAO FRA FUE GDN GLA HAJ HAM HEL LBA LGW LIS LPA LPL LTN LUX LYS MAD MAN MRS MUC MXP NCE NCL NTE NUE OPO OSL PDL PRG PXO RAK RIX SCQ STN STR SVQ TER TFN TFS TLL VIE VLC ZRH"
"FNI","3","CRL FEZ STN"
"FNJ","8","DSO PEK RGO SHE SVO VVO WOS YJS"
"FNR","0",""
"FNT","12","AZA BNA FLL JAX LAS ORD PDX PGD PIE SFB SRQ VPS"
"FOC","104","AKU AMS BKI BKK CAN CGK CGO CGQ CJU CKG CSX CTU CZX DIL DLC DLU DOY DSN DYG DZH ENY GYU HAK HAN HET HIA HKG HLD HNY HRB HSN HTN ICN INC JBK JFK JHG JNG JNZ KHH KIX KMG KTI KUL KWE KWL LHW LJG LYA LYG LYI LZO MDC MFM MIG NAO NGO NKG NNG NRT NTG OKA PEK PKX PVG SHA SHE SHF SHS SIN SJW SUB SYX SZX TAO TCG TFU TNA TPE TSA TSN TYN URC UYN VTE WEH WUH WUX WXN XFN XIY XMN XNN YBP YCU YIH YIN YNT YNZ YTY YYA ZAT ZUH ZYI"
"FOD","0",""
"FOG","3","BLQ LIN TRN"
"FOO","2","BIK MKW"
"FOR","30","AEP BEL BSB CDG CGH CNF CPV EZE GIG GRU IGU JDO LIS MAD MAO MCO MIA MVD NAT PHB RAO REC SCL SJP SLZ SSA THE UDI VCP VIX"
"FPO","8","BIM CLT FLL MCO MHH MIA NAS YUL"
"FRA","291","ABV ACE ADB ADD AES AGA AGP ALA ALC ALF ALG AMM AMS ANC ANU ARN ASB ATH ATL AUH AUS AYT BAH BCN BDS BEG BER BEY BGI BGO BGW BHX BIA BIO BIQ BJV BKK BLL BLQ BLR BOD BOG BOJ BOM BOS BRE BRI BRU BSL BUD BVC BWI BZG CAG CAI CAN CDG CFU CGQ CHQ CLT CMB CMN COV CPH CPT DBV DEL DEN DFW DIY DJE DLM DMM DOH DPS DRS DTW DUB DXB EBL EDI EFL ESB EVE EVN EWR EZE FAO FCO FLR FNC FUE GDN GIG GLA GND GOT GPA GRU GRZ GVA GWT GYD GZT HAJ HAM HAN HAV HDF HEL HER HKG HKT HND HOG HRG HYD IAH IBZ ICN IKA INN IST ISU IVL JED JFK JMK JNB JRO JSI JTR KAO KEF KGS KLX KRK KTT KTW KUL KVA KWI LAD LAS LAX LCA LCY LEJ LGW LHR LIN LIS LJU LNZ LOS LPA LRM LUX LYS MAA MAD MAH MAN MBA MBJ MCO MCT MEX MIA MIR MLA MLE MLX MRS MRU MSP MUC MXP NAP NBO NCE NCL NDR NQZ NRT NTE NUE OLB OPO ORD OSL OTP OVD PDL PDX PEK PHC PHL PMI PMO POP POZ PRG PRN PSA PTY PUJ PUY PVG PVK RAK RDU RHO RIX RJK RMF RMO RSW RUH RVN RZE SAW SEA SEZ SFO SGN SHE SID SIN SJD SJJ SJO SKG SKP SMI SNN SOF SPC SPU SPX SSG SSH STL STR SUF SVG SVQ SXB SYX SZF SZG TAB TAS TBS TFN TFS TFU TIA TIV TLL TLV TOS TPA TPE TRD TRN TRS UBN URA URC VAR VCE VFA VIE VLC VRN WAW WDH WRO XRY YHZ YUL YVR YYC YYZ ZAD ZAG ZNZ ZRH ZTH"
"FRC","1","VCP"
"FRD","5","BFI BLI ESD OTS YYJ"
"FRE","2","HIR VAO"
"FRL","3","PMO STN TBS"
"FRO","3","BGO OSL TRD"
"FRS","1","GUA"
"FRW","2","GBE JNB"
"FSC","19","BOD BSL BVA CRL FRA GVA LHR LIL LUX LYS MRS NCE NTE ORY RDZ SXB TLN TLS ZRH"
"FSD","13","ATL AZA BNA DEN DFW FLL LAS MSP ORD PGD PHX PIE SFB"
"FSH","1","KNO"
"FSM","0",""
"FSP","0",""
"FSZ","10","CTS FUK HAN ICN IZO KOJ OKA PUS PVG TAO"
"FTE","9","AEP COR CRD EZE REL RGA RGL SCL USH"
"FTI","1","PPG"
"FUE","75","AGP AMS BCN BER BFS BGY BHX BIO BLQ BOD BOH BRE BRQ BRS BRU BUD CDG CGN CPH CRL CWL DRS DUB EDI EMA FCO FMO FNC FRA GLA HAJ HAM HEL KRK KTW LBA LGW LIL LIS LPA LPL LTN LUX LYS MAD MAN MRS MUC MXP NAP NCL NRN NTE NUE OPO ORK ORY OVD POZ PRG PSA RTM SCQ SNN SPC STN STR SVQ TFN TLS VIE VRN WAW WRO ZRH"
"FUG","15","CAN CKG CSX CTU DLC FUO HAK HSN KMG KWE NNG PEK PVG SZX URC"
"FUJ","2","FUK NGS"
"FUK","54","ASJ AXJ BKI BKK CAN CJJ CJU CTS DLC DMK FSZ FUJ HAN HKG HNA HND IBR ICN ISG ITM IZO KCZ KHH KIJ KIX KMI KMQ KOJ KUL KUM MFM MMJ MNL MWX MYJ NGO NKM NRT OKA PEK PUS PVG SDJ SGN SHI SIN TAE TAO TKS TNE TPE TSJ XIY YNT"
"FUN","1","NAN"
"FUO","14","DSN FUG HGH HIA HSN HYN PKX PVG SHA SJW TAO TFU WHA WNZ"
"FVM","2","GAN MLE"
"FWA","14","ATL AZA CLT DFW DTW FLL LAS MSP MYR ORD PGD PIE SFB SRQ"
"FXE","2","HPN TEB"
"FYJ","5","HRB JMU OHE PEK TFU"
"FYN","5","LHW TFU TLQ URC YIN"
"FYU","5","ARC CIK FAI KBC VEE"
"FZL","1","GYD"
"FZNI","0",""
"GAJ","4","CTS HND ITM NKM"
"GAL","6","FAI HSL KAL KYU NUL RBY"
"GAM","2","OME SVA"
"GAN","6","CMB FVM GKK HDK KDM MLE"
"GAQ","2","BKO NIM"
"GAU","33","AJL AMD BBI BKK BLR BOM CCU CJB DEL DIB DMK DMU HGI HYD IMF IXA IXB IXC IXI IXS IXT JAI JRH LKO MAA PBH PNQ RUP SHL SIN TEI TEZ ZER"
"GAY","7","BKK CCU DEL DMK KTI PBH RGN"
"GBE","9","ADD BBK CPT DUR FRW HRE JNB MUB WDH"
"GBJ","1","PTP"
"GBL","2","CKI DRW"
"GBT","9","JED KIH MED MHD PGU SYZ THR ZAH ZBR"
"GBZ","6","AKL NZNE TRG WIK WRE WTZ"
"GCC","0",""
"GCI","13","ACI AGP BHX FAO GNB LBA LCY LGW LHR LPA MME PMI SOU"
"GCK","0",""
"GCM","20","ATL BOS BWI CLT CYB DFW DTW EWR FLL IAH JFK LHR MCO MIA MSP NAS ORD PHL YOW YYZ"
"GDB","3","BOM HYD IDR"
"GDC","2","LRD SHV"
"GDE","3","ADD DIR JIJ"
"GDL","48","ACA ATL BOG CUN CUU DGO FAT HMO IAH LAP LAS LAX MAD MCO MEX MIA MID MTY MZT NLU ORD PBC PDX PHX PTY PVR PXM REX RNO SAT SEA SJD SJO SLC SLP TAP TGZ TIJ TLC TQO TRC VER VSA YUL YVR YYC YYZ ZCL"
"GDN","62","AAR ABZ AES AGP ALC AMS ATH AYT BCN BDS BER BGO BHX BJV BOJ BRS BRU BTS BUD BVA CDG CPH CTA DBV DLM DUS EMA FRA GOT HEL HRG IST JTR KEF KRK KTW LEJ LGW MAN MUC MXP NAP NCE NCL OSL OTP PMI RJK RZE SPU SSH TAT TFS TGD TIA TLL TRF TSF VAR VXO WAW ZAD"
"GDQ","3","ADD AXU LLI"
"GDT","3","PLS SLX XSC"
"GDV","0",""
"GDX","15","BQS IKT KHV KJA KPW OVB PKC PWE SVO SWV UHMF UHMH UHMN UUD VVO"
"GDZ","6","DME KJA LED SVO SVX VKO"
"GEA","8","BMY ILP KNQ KOC LIF MEE TGJ TOU"
"GEB","2","SOQ TTE"
"GEG","23","ANC ATL AZA BOI DAL DEN DFW IAH LAS LAX MDW MSP OAK ORD PDX PHX SAN SEA SFO SJC SLC SMF SNA"
"GEL","3","FLN GRU POA"
"GEM","1","SSG"
"GEO","16","AMS ANU BGI BOG HAV IAH JFK LGW MIA PBM POS PTY SDQ SXM UVF YYZ"
"GER","1","HAV"
"GES","3","CEB ILO MNL"
"GET","4","BME KTA PER PHE"
"GFK","4","AZA LAS MSP SFB"
"GGB","1","CGB"
"GGF","2","BEL MEU"
"GGG","0",""
"GGJ","1","CWB"
"GGR","11","AAD ADD BIB BLW BSA DXB GLK HGA KMU MGQ NBO"
"GGT","7","ATL CLT FLL MIA NAS RSD YYZ"
"GGW","0",""
"GHA","5","ALG AZR CZL ORN TMR"
"GHB","4","CLT ELH MIA NAS"
"GHC","1","NAS"
"GHS","3","AAP BPN DTD"
"GHT","1","MJI"
"GHV","16","AYT BUD DTM FCO FMM HER HRG KTW LCA LTN MIR MXP NAP NUE PMI WAW"
"GIB","5","BHX BRS LGW LHR MAN"
"GIC","2","HID SBR"
"GIG","56","AEP AJU AMS ASU ATL BEL BOG BPS BSB CDG CGB CGH CNF COR CWB CXJ DFW DXB EZE FLN FOR FRA GRU GYN IAH IGU JFK JPA LHR LIM LIS MAD MAO MCP MCZ MDZ MIA MVD NAT NVT OPO POA PTY REC ROS SCL SJK SLZ SSA THE UDI VCP VIX VVI YUL YYZ"
"GIL","1","ISB"
"GIR","1","BOG"
"GIS","6","AKL HLZ NPE TRG WHK WLG"
"GIU","2","CMB TRR"
"GIZ","10","ADD AHB CAI DMM DXB HMB JED RUH SHJ TIF"
"GJA","2","LCE RTB"
"GJL","2","ALG MRS"
"GJR","1","RKV"
"GJT","6","DEN DFW LAS PHX SLC SNA"
"GKA","3","HGU LAE POM"
"GKK","3","GAN KDO MLE"
"GKN","3","ANC MXY MYK"
"GLA","93","ACE ADB AGA AGP ALC AMS AYT BCN BEB BER BFS BGI BHD BHX BJV BOD BOJ BRR BRS BUD CAL CDG CFN CFU CHQ CMF DBV DLM DUB DXB EAS EFL EWR FAO FCO FNC FRA FUE GVA HAJ HER HRG IBZ ILY KEF KGS KOI KRK KTT LCA LCY LGW LHR LIS LPA LRM LSI LTN MAH MLA MLB MXP NAP NBE NQY OPO ORK PFO PMI PRG PRO PSA PUY RAK REU RHO SID SOU SPU SSH STN SYY SZG TFS TRE TRN VIE VRN WMI WRO YYZ ZRH ZTH"
"GLH","2","ATL DFW"
"GLK","2","GGR MGQ"
"GLN","4","ACE CMN LPA TTA"
"GLT","1","BNE"
"GLU","2","CCU PBH"
"GLV","2","ELI WMO"
"GLX","0",""
"GMA","3","FIH LIQ MDK"
"GME","4","AYT LED SVO VKO"
"GMP","15","CJU HIN HND KHH KIX KPO KWJ NGO PEK PKX PUS RSU SHA TSA USN"
"GMQ","2","CTU XNN"
"GMR","2","HOI PPT"
"GMZ","2","LPA TFN"
"GNB","15","ARN BEG BHX BRS EDI GCI LGW LTN MAN NCL RTM SEN STN TLV WAW"
"GND","14","ANU ATL BGI CLT GEO JFK LGW LHR MIA POS SLU SVD UVF YYZ"
"GNI","1","TTT"
"GNJ","6","DME IST NAJ SAW SVO VKO"
"GNM","2","CNF SSA"
"GNS","5","KNO LXD PDG PKU SIW"
"GNU","2","BET PTU"
"GNV","3","ATL CLT MIA"
"GNY","5","ADB AYT ESB IST SAW"
"GOA","20","AMS BCN BDS BRI BUD CAG CPH CTA FCO KRK MAD MAN MUC NAP OLB ORY OTP QSR TIA WAW"
"GOH","11","BLL CPH EWR JAV JEG JFR JHS KEF KUS SFJ YFB"
"GOI","23","ALA AMD BAH BHO BLR BOM CCU CJB COK DEL DXB HDO HYD IDR ISK IXC LKO MAA NQZ PEE PNQ RPR STV"
"GOJ","17","AER BEG CEK EVN HRG KGD KZN LED MRV OVB REN SSH SVO SVX TAS TBS UFA"
"GOM","10","ADD BJM BKY BNC BUX FBM FIH FKI FMI KND"
"GOP","6","BLR BOM CCU DEL HYD NMI"
"GOQ","5","CGO CTU LXA XIY XNN"
"GOT","28","AMS ATH BEG BER BIA BRU CAG CDG CFU CPH DBV FCO GDN HRG JSI LHR LPA MXP PRG PUY PVK RHO RIX SKP TIA TZL VIE ZAG"
"GOU","3","DLA JED NSI"
"GOV","8","BNE CNS DRW ELC GTE LEL MGT RAM"
"GOX","34","AGX ALA AMD BDQ BLR BOM CCU DEL DIU DOH HSR HYD IDR IXU JAI JLG LGW MAA MAN MCT MDA NAG NDC NMI NQZ OVB PAT PNQ RQY SHJ SSE SVO SVX TAS"
"GOY","1","KJA"
"GPA","19","BRU BTS DUS FRA HAJ KTW LIL LUX MUC MXP NTE ORY PRG RIX STR TSR VIE WAW ZRH"
"GPI","2","CLO PPN"
"GPN","1","DRW"
"GPS","3","CUE GYE UIO"
"GPT","6","ATL IAH LAS MCO MSP TPA"
"GRB","4","ATL DTW MSP ORD"
"GRI","3","AZA DFW LAS"
"GRJ","6","BFN CPT DUR HDS HLA JNB"
"GRK","0",""
"GRO","48","AAL AMS BBU BEM BFS BHX BOH BRI BRS BRU BVA CRL DUB EDI EIN EMA FKB FMM GDN GLA KRK KTW LBA LGW LTN LUX LUZ MAN NCL NOC NRN NUE ORK OSR PAD PED POZ PRG PSA PSR RAK RTM SJJ SNN STN WAW WRO ZAG"
"GRQ","15","AYT BOJ DLM GZP HER HRG KGS LPA NOC NWI OSD PMI RHO SCR TFS"
"GRR","37","ATL AUS AZA BNA BOS BWI CLT DCA DEN DFW DTW EWR FLL IAH JAX LAL LAS LGA MCO MDW MIA MSP MYR ORD PBI PDX PGD PHL PHX PIE RSW SAV SFB SNA SRQ TPA VPS"
"GRU","113","ADD AEP AJU AMS ASU ATL AUA BCN BEL BOG BOS BPS BRC BRU BSB BVB BWI BYO CAC CBB CCS CDG CGB CGR CLV CMN CNF COR CPT CWB CXJ DFW DOH DOU DXB EWR EZE FEN FLN FOR FRA GEL GIG GYN IAH IGU IMP IOS IST IZA JDO JFK JJD JJG JNB JOI JPA LAX LDB LHR LIM LIS MAD MAO MCO MCP MCZ MDZ MEX MGF MIA MOC MUC MVD MXP NAT NBJ NVT OPO OPS ORD PDP PEK PET PFB PMW PNZ POA PTY PUJ PVH RAO RBR REC ROS SCL SDU SJP SLA SLZ SSA THE UBA UDI USH VDC VIX VVI XAP YUL YYC YYZ ZRH"
"GRV","10","AYT DME IKA IST LED MED SGC SVO TAS VKO"
"GRW","1","TER"
"GRX","11","AMS BCN BIO LPA MAD MLN OPO OVD PMI SDR TFN"
"GRY","1","AEY"
"GRZ","16","AOK AYT BER DUS FRA HAM HER HRG KGS LGW MUC RHO SAW TFS VIE ZRH"
"GSI","3","CAY LDX MPY"
"GSM","14","AWZ AZD DXB IFN JED KSH MCT MED MHD RAS SHJ SRY SYZ THR"
"GSO","14","ATL BDL BWI CLT DCA DTW EWR LGA MCO MIA ORD PHL PIE SFB"
"GSP","28","ATL BDL BNA BWI CLT CMH CVG DCA DEN DFW DTW EWR FLL HVN IAH LAX LGA MCO MIA ORD PHL PIE PIT PVD RSW SFB SRQ TPA"
"GST","1","JNU"
"GSV","14","AER AYT BUS EVN HRG KGD LED MCX NUX OVB SGC SVO SVX VKO"
"GTE","3","CNS DRW GOV"
"GTF","6","AZA DEN LAS ORD SEA SLC"
"GTO","7","CGK LKM LUW MDC PWX UOL UPG"
"GTR","2","ATL DFW"
"GTS","4","ASP BNE DRW PER"
"GUA","16","ATL BOG BWI DFW EWR FLL FRS HUX IAH JFK LAX MCO MIA ORD SFO YUL"
"GUB","4","ESE GYM HMO MMCD"
"GUC","4","DAL DEN IAH ORD"
"GUF","0",""
"GUM","19","CEB HND HNL ICN KIX KSA KWA MAJ MNL NGO NRT PNI PUS ROP ROR SPN TKK TPE YAP"
"GUP","2","LAS PHX"
"GUR","3","LSA MIS POM"
"GUW","19","AKX ALA AMS BUS CIT DMB DXB GYD IST KUT MXP NCU NQZ SAW SCO SVO TAS TBS URA"
"GVA","98","ABZ ADD AGA AJA ALC ALG AMM AMS ARN ASR ATH AUH AYT BAH BCN BEG BER BEY BHX BRS BRU BWI CAI CDG CFU CMN CPH CTA DOH DUB DUS DXB EDI EMA ESB EWR FAO FCO FNC FUE GLA GOT HAM HEL IST JED JTR KEF KRK KWI LCA LCG LCY LGW LHR LIL LIS LPL LRH LTN LTT LUX LYS MAD MAN MRU MUC NCE NCL OPO ORK ORY OSL OTP PEK PRG PRN PVG RAK RHO RIX RMO RNS RTM RUH SAW SEN STN TFS TIV TLL TLV TUN VIE VLC WAW YUL ZTH"
"GWL","4","AMD BLR BOM DEL"
"GWT","7","FRA LUX MHG MUC STR VIE ZRH"
"GXF","3","ADE CAI JED"
"GXH","3","LXA TFU XIY"
"GYA","2","TDD VVI"
"GYB","3","BNE KYB PER"
"GYD","84","ADB ALA AMM ATH AUH AYT BAH BCN BEG BER BGW BJV BOM BSZ BUD BUS CAI CAN CDG CEK CIT COV DEL DLM DME DMM DOH DXB DYU EBL ESB FRA FZL GUW GVA GZP HER IKA ISB IST ISU JED KHI KJA KWI LED LGW LHE LHR MCT MLE MSQ MXP NAJ NJC NQZ OVB PEE PEK PRG REN RMO RUH SAW SCO SGC SHJ SKD SSH SVO SVX TAS TBS TBZ TGD TIV TJM TLV TZX UGC URC VIE VKO WAW"
"GYE","18","AMS BOG CUE EZE FLL GPS JFK LIM MAD MDE MIA PTY PUJ SAL SCL SCY SJO UIO"
"GYL","0",""
"GYM","2","GUB LTO"
"GYN","11","BSB CGB CGH CNF GIG GRU MCZ PMW REC SSA VCP"
"GYS","16","CAN CGO CSX HAK HGH KMG KWE LXA NGB NKG PEK PVG SJW SZX TNA URC"
"GYU","7","CTU FOC INC PKX PVG SJW XIY"
"GYY","5","BKL COU GDL LRD SDF"
"GZG","1","TFU"
"GZM","0",""
"GZP","19","AAL AER ALA AMS BEG BER CLJ CPH ESB GRQ HEL INI IST LEJ NQZ OSL OTP SAW VKO"
"GZT","17","ADB AYT BER BGW BSL CGN EBL ECN ESB FRA HAJ IST MUC SAW STN STR ZRH"
"HAA","2","HFT TOS"
"HAC","1","HND"
"HAH","6","ADD DAR DZA IST NBO RUN"
"HAJ","66","ACE ADB AGP AJR ALC AMS ARN ASR ATH AYT BCN BEG BEY BIA BJV BOJ BVC BZO CDG CFU COV CPH DIY DJE DLM DWC EBL ESB FAO FNC FRA FUE GLA GPA HER HRG IBZ IST KGS KLU LCA LHR LIS LPA MAH MIR MUC MXP NCE OLB PMI PRN PUY RAK RHO RMF SID SKG SSH SUF SZF TFS VAR VIE XRY ZRH"
"HAK","139","ACX AKA AKL ALA AUH BAV BKK BZX CAN CGD CGK CGO CGQ CIF CIH CKG CSX CTU CZX DLC DSN DXB DXJ DYG ENH FOC FUG GYS HAN HCZ HDG HET HFE HGH HIA HJJ HKG HLD HNY HRB HSC HUZ HYN HZA ICN INC IQN JED JGS JIQ JIU JJN JUZ KCH KHN KIX KMG KOW KTI KUL KWE KWL LHR LHW LLF LLV LNL LPQ LYA LYG LYI LZH MEL MIG MXZ NAO NGB NKG NNG NNY NRT NTG PEK PEN PKX PUS PVG SGN SHA SHE SHS SIN SJW SQD SUB SVO SWA SYD SZX TAO TFU TNA TPE TSN TVS TYN URC UYN VTE WDS WEF WGN WMT WNZ WUH WUX WXN XAI XFN XIC XIY XMN XNN XNT XUZ XYI YBP YCU YIH YIN YIW YLX YNZ YTY YYA ZHA ZQZ ZUH ZYI"
"HAM","120","ACE ADB AGA AGP ALC AMM AMS ARN ASR ATH AYT BBU BCN BEG BGO BIO BJV BOJ BRI BRU BSL BUD BZO CAG CDG CFU CGN CHQ COV CPH CTA DBV DLM DOH DUB DXB EBL ESB EVN FAO FCO FLR FNC FRA FUE GDN GRZ GVA HEL HER HRG IBZ INN IST JMK KAO KEF KGS KLU KLX KTT KUT LCA LGW LHR LIN LIS LPA LUX LYS MAD MAN MIR MLA MUC MXP NAP NCE NTE OLB OPO OSL PMI PRG RAK RHO RIX RJK RMF RMO RVN SAW SBZ SCN SKG SKP SOF SPC SPU STN STR SZG TFS TGD TIA TLL TLV TOS TZL VAR VCE VIE VLC VRN WAW XRY ZAD ZAG ZRH ZTH"
"HAN","26","AKL ANC ASB AUH BKK BOM CCU CGK CGP CKG DAC DEL DOH DWC FRA HGH HKG ICN NVI PEN SGN SIN SZX TPE VIE WUH"
"HAO","0",""
"HAQ","6","BLR COK DRV IFU MLE TRV"
"HAS","8","CAI DMM DOH DXB JED KWI RUH SHJ"
"HAU","8","AGP ALC BGO CHQ GDN LPA OSL PMI"
"HAV","22","BCA BOG CCC CCS CDG GEO GER IST JBQ MAD MEX MIA MID MTY PEK POS PTY SCU SVO TPA VLN YYZ"
"HAY","2","BAQ BOG"
"HBA","10","ADL AKL BNE CBR MEL NTL OOL PER SYD YWKS"
"HBE","21","AMM ATH AUH BEN BGY CAI CMN DMM DOH DXB HRG IST JED KWI MED MJI MRA RUH SAW SHJ SSH"
"HBQ","1","XNN"
"HBX","6","BLR BOM DEL HYD NMI PNQ"
"HCJ","1","SZX"
"HCQ","4","BME BQW FIZ KNX"
"HCR","4","ANI ANV KGX SHX"
"HCZ","6","CKG HAK NKG PKX PVG XIY"
"HDF","6","FDH FRA KSF LUX MHG ZRH"
"HDG","14","CAN CKG CTU DLC HAK HGH HRB KMG NNG PVG SHE SYX XMN XNN"
"HDK","3","DRV IFU MLE"
"HDM","4","JED MED MHD THR"
"HDN","15","ATL AUS BNA BOS BWI DAL DEN EWR FLL IAH LAX MSP ORD SAN SFO"
"HDO","10","AIP BLR BUP CCU LUH MAA MDA NDC NMI VNS"
"HDS","3","CPT GRJ JNB"
"HDY","10","BKK BTZ CNX DMK HHQ HKT KUL SIN SZB UTH"
"HEA","2","JED KBL"
"HEH","11","KET LIW LSH MDL MOG MYT NYT NYU RGN SNW THL"
"HEK","7","DQA DTU HRB LDS OHE PKX PVG"
"HEL","79","ACE AGP ALC ALF AMS AOK ARN ATH AYT BCN BER BGO BGY BKK BLL BOJ BRU BUD CDG CGN CPH DBV DEL DOH DUB DUS DXB FAO FCO FLR FNC FRA GOT GVA GZP HKT HND HRG IST JFK JOE JYV KBV KEF KGS KTT LAX LGW LJU LPA LPI LUX MAD MIA MUC MXP ORB OSL PKX PMI POR PVG RHO RIX SAW SEA SKG SPU SVG SVL TIV TLV TRD URE VAR VCE VIE WMI YYZ"
"HER","126","ALA AMS ANR ATH AXD AYT BCN BEG BER BES BFS BGY BHX BLQ BOD BOH BRE BRN BRQ BRS BRU BSL BTS CDG CFU CGN CLJ CPH CRL CWL DEB DUB EDI EIN EMA ERF ETZ EVN EXT FCO FDH FMM FMO FRA GLA GOT GRQ GRZ GVA GYD HAJ HAM HFA HRG IAS IST JCL JED JMK JNX JSY JTR KGS KLV KLX KSC KTW LBA LCA LEJ LGW LHR LIL LIS LJU LPL LTN LUX LYS MAN MJT MRS MST MUC MXP NAP NCL NRN NTE NUE NWI OMR ORY OSL OSR OST OTP PAS PED PMI PMO PRG PRN RHO RIX RLG RMO RTM SBZ SCV SKG SOF STN STR SXB SZG TIA TLL TLS TLV TSR VIE VOL VRN WAW ZRH"
"HES","2","LGD PDX"
"HET","64","AXF CAN CGO CGQ CIF CIH CKG CSX CTU DLC DSN ENY ERL FOC HAK HFE HGH HIA HKG HLD HLH HRB HUO JJN JNG KHN KMG KWE LFQ LHW LYA NKG NNG NZH NZL PEK PVG RLK SHA SHE SJW SYX SZX TAO TFU TGO TNA TSN UBN URC WDS WNZ WUA WUH WUX XFN XIL XIY XMN XUZ YCU YIE YNT ZUH"
"HFA","8","AOK ATH ETM HER JMK PFO RHO SOF"
"HFE","2","ANC ICN"
"HFN","1","RKV"
"HFT","4","ALF BJF BVG VDS"
"HGA","10","ADD BBO BSA CAI DXB JED JIB MGQ NBO SHJ"
"HGD","4","ISA JCK RCM TSV"
"HGH","144","ACX AKA AKL AKU ALA AUH BAV BFJ BHY BKI BKK BWN CAI CAN CDE CGD CGK CGO CGQ CIF CIH CJU CKG CSX CTU DLC DLU DMK DNH DOH DOY DQA DSN DXB DYG DZH ENH FUO GYS HAK HAN HDG HET HIA HJJ HKG HKT HNY HRB HUZ HXD HZA HZG ICN INC IQN JGN JHG JIC JJN JMU JXA KHG KIX KMG KOW KRL KRY KUL KWE KWL LFQ LHW LIS LJG LNL LUM LXA LYI LZH LZO MAD MDG MEL MFM MIG MXZ NAO NBS NNG NNY NRT OKA PEK PKX PVG SGN SHE SHS SIN SJW SVO SWA SYD SYX SZX TAO TAS TFU TNH TPE TSN TVS TWC TYN UCB URC UYN VTE WDS WEF WEH WMT WUA WUH WXN XAI XFN XIC XIY XMN XNN YBP YCU YIH YLX YNJ YNT ZAT ZHA ZHY ZQZ ZUH ZYI"
"HGI","2","GAU TEI"
"HGN","0",""
"HGO","1","ABJ"
"HGR","0",""
"HGU","8","CNS GKA MXH POM TBG TFM UNG WWK"
"HHH","7","ATL BOS CLT EWR LGA ORD PHL"
"HHQ","5","CNX HDY HKT SZB URT"
"HHR","3","CEC MCE MMH"
"HHZ","2","HOI PPT"
"HIA","30","CAN CGQ CKG CSX DLC FOC FUO HAK HET HRB HSN JJN KHN KMG KWE KWL LHW LJG NNG SHE SJW SWA SZX TFU TSN TYN URC WNZ XIY XMN"
"HIB","0",""
"HID","15","ABM BDD CNC CNS DAU GIC KUG MYI NLF OKR POM SBR SYU UBB XMY"
"HIJ","13","CJJ CTS DLC HAN HKG HND ICN NRT OKA PEK PVG SDJ TPE"
"HIN","2","CJU GMP"
"HIR","21","AKL AKS ATD BNE BNY CHY EGM FRE IRA KGE LLM MUA NAN NNB POM RNA RNL SCZ SON VAO VLI"
"HJJ","8","HAK HGH KMG LJG NKG PKX SYX XIY"
"HJR","2","DEL VNS"
"HKB","0",""
"HKD","8","CTS HND ICN ITM NGO OIR OKD TPE"
"HKG","155","ADD ADL AKL AMS AUH BCN BKI BKK BLR BNE BOM BOS BRU BWN CAN CDG CEB CGK CGO CGQ CHC CJJ CJU CKG CMB CNS CNX CRK CSX CTS CXR CZX DAC DAD DAT DEL DFW DLC DMK DNH DOH DPS DSN DVO DXB DYG ENH FCO FOC FRA FUK HAK HAN HEL HET HFE HGH HIJ HKT HLD HND HRB HSN HYD ICN ILO INC ISG IST JFK JJN JNB KHH KIX KMG KMQ KTI KTM KUL KWE KWL LAX LHR LHW LJG LXA MAA MAD MAN MEL MLE MNL MUC MXP NAN NGB NGO NKG NRT OKA OOL ORD PEK PEN PER PKX POM PQC PUS PVG RMQ ROR RUH SDJ SEA SFO SGN SHA SHE SHI SIN SJW SPN SUB SVO SYD SYX SZB TAE TAK TAO TFU TNA TPE TSN TWU TXN TYN UBN URC USM VTE WNZ WUH WUX XIY XMN XNN XUZ YCU YIH YIW YVR YYZ ZRH"
"HKMM","0",""
"HKN","3","LAE POM RAB"
"HKNV","0",""
"HKT","98","AER ALA ARN AUH BAX BKK BLR BOM BRQ BSZ BTS CAN CCU CDG CEI CEK CGO CKG CNX COK CPH DEL DMK DOH DPS DXB FRA GOJ GOT HAN HDY HEL HGH HHQ HKG HYD ICN IKA IKT IST JED KHV KJA KKC KMG KUL KZN LED LGW LHR MAA MAN MCT MEL MRV MSQ MXP NKG NOZ NQZ OMS OSL OSR OVB PEE PEK PEN PER PVG RGN RMQ RUH SAI SGC SGN SHJ SIN SOF SVO SVX SYD SZX TAS TFU TJM TLV TOF TPE UBN UFA USM UTH UTP VKO VVO WAW XIY ZRH"
"HLA","5","CPT DUR ELS GRJ PLZ"
"HLD","28","BAV CAN CGO CIF CKG CSX DSN FOC HAK HET HKG HLH KMG NZL PEK PKX PVG SHA SHE SJW SZX TAO TGO TNA TSN WUH XIL XIY"
"HLH","15","BAV CAN CGQ CIF CKG DSN HET PEK PKX PVG SHE TGO WUH XIY YIE"
"HLN","3","DEN SEA SLC"
"HLP","10","BDO CJN DPS JBB JOG KTG MLG MWK PKU PXA"
"HLZ","8","CHC GIS NPE OOL SYD WHK WLG WRE"
"HMA","19","AER CEK EYK GSV IRM KZN LED MRV NJC NNM NYA OMS OVB SLY SVO SVX UFA URJ VKO"
"HMB","13","AHB AJF AMM AUH CAI DOH ELQ GIZ JED KWI RUH SHJ TUU"
"HME","6","AAE ALG BJA CZL IAM ORN"
"HMI","25","AAT AKU CGO CKG CSX DNH HTN INC JBK KCA KHG KRL KRY LHW LYA PEK PVG QSZ SHF TFU TNA URC XIY XMN YIN"
"HMO","16","CJS CSW CUL CUN CUU GDL GUB LAP MEX MTY MXL NLU PHX SJD TIJ TRC"
"HMS","2","BDJ BPN"
"HMV","2","AJR LYC"
"HNA","6","CTS FUK ITM NKM TPE UKB"
"HND","94","AKJ AOJ ARN ASJ ATL AXT BKK BOM BWI CAN CDG CGK CPH CTS DAD DEL DOH DTW DXB EWR FCO FRA FUK GAJ GMP GUM HAC HAN HEL HIJ HKD HKG HNL ICN ISG IST ITM IWJ IWK IZO JFK KCZ KIX KKJ KMI KMJ KMQ KOJ KUH KUL LAX LHR MBE MMB MMY MNL MSJ MSP MUC MXP MYJ NGO NGS NTQ OBO OIT OKA OKJ ONJ ORD PEK PKX PVG SEA SFO SGN SHA SHB SHI SHM SIN SYD SYO TAK TAO TKS TPE TSA TSN UBJ UKB WKJ YGJ YYZ"
"HNH","1","JNU"
"HNL","59","AKL ANC APW ATL BOS BUR BWI CXI DEN DFW DTW EWR GUM HND IAH ICN ITO JFK JHM KIX KOA KSA KWA LAS LAX LGB LIH LNY LUP MAJ MKK MNL MSP NAN NGO NRT OAK OGG ONT ORD PAE PDX PHX PNI PPG PPT RAR SAN SEA SFO SJC SLC SMF SYD TKK YEG YVR YYC YYZ"
"HNS","2","JNU SGY"
"HNY","23","CKG FOC HAK HGH JHG JJN KMG KWE LHW LJG NKG PEK PVG SHA SWA SYX TAO TFU TNA TSN WNZ XIY XMN"
"HOB","3","DAL DEN IAH"
"HOF","3","DXB JED MED"
"HOG","5","MIA YHZ YQB YUL YYZ"
"HOI","2","GMR PPT"
"HOK","0",""
"HOM","4","ANC KEB PGM SOV"
"HOR","5","CVU FLW LIS PDL TER"
"HOT","2","HRO MEM"
"HOU","73","ABQ AMA ATL AUS AVL BHM BNA BWI BZE CHS CMH COS CRP DAL DCA DEN DFW DSM ECP ELP FLL GSP GUF HRL HVN IND JAN JAX LAS LAX LBB LGA LGB LIR LIT MAF MBJ MCI MCO MDW MEM MIA MSP MSY MYR OAK OKC OMA ONT PHX PIT PNS PUJ PVR PVU RDU SAN SAT SAV SDF SEA SJC SJD SJO SLC SMF SRQ STL TPA TUL TUS TYS VPS"
"HOV","4","BGO OSL SDN SOG"
"HPA","1","TBU"
"HPB","3","BET SCM VAK"
"HPG","1","CAN"
"HPN","28","ACK APF ATL BDA CHS CLT DAB DCA DTW FLL FXE JAX LEB MCO MIA MSP MVY MYR OPF ORD PBI PVC RDU RSW SAV SRQ TPA VRB"
"HQL","2","KHG URC"
"HQQ","6","CAN HRB SHE SYX SZX TFU"
"HRB","115","AQG BAR BAV BHY BQS CAN CGO CKG CSX CTU CZX DAT DLC DMK DOY DQA DSN DTU FOC FUG FYJ HAK HDG HEK HET HFE HGH HIA HKG HQQ HSN HUZ HYN HZA ICN IKT INC JGD JHG JJN JMU JNG JSJ JXA KHN KHV KIX KJA KMG KOW KUL KWE KWL LDS LFQ LHW LLV LYA LYG LYI LZH MIG NGB NKG NNG NNY NRT NTG OHE PEK PKX PVG SHA SIN SJW SVX SWA SYX SZH SZX TAO TFU TNA TNH TPE TSN TVS TXN TYN UBN URC UUS UYN VVO WEF WEH WNZ WUH WUS WUT WUX XFN XIL XIY XMN XNT XUZ YCU YIH YKS YNT YNZ YTY ZUH ZYI"
"HRE","18","ADD AUH BUQ CPT DAR DOH DUR DXB EBB GBE JNB KGL LAD LLW LUN NBO SHO VFA"
"HRF","3","DRV HAQ MLE"
"HRG","100","AER ALA ALG AMM AMS ARN ASW BEG BER BFS BHX BNX BOD BRQ BRS BRU BSL BTS BUD CAI CDG CEK CGN CLJ CPH CWL DEB DME DRS DUS EDI EIN EMA ERF EVN FCO FRA GDN GLA GOJ GOT GRQ GSV GVA HAJ HAM HEL IAS INI IST JED KRR KTW KWI KZN LBA LED LGW LTN LUX LYS MAN MRS MSQ MST MUC MXP NAP NCL NQZ NTE ORY OSL OSR OST OTP PAD PEE POZ PRG RIX RMO RUH SAW SOF STN STR SVO SVX TAS TLL TSR UFA VIE VKO VLC VOG WAW WRO ZRH"
"HRI","10","ALA BTC CMB GIU KCT MRV MSQ RML SOF TAS"
"HRL","6","AUS DAL DFW HOU IAH MSP"
"HRO","2","HOT MEM"
"HSA","2","IST MFM"
"HSC","6","HAK PKX PVG SWA TFU XIY"
"HSF","2","DLC PEK"
"HSG","4","HND ICN PVG TPE"
"HSL","5","FAI GAL HUS RBY TAL"
"HSN","41","AQG CGO CGQ CKG CSX DLC DZH FOC FUG FUO HFE HIA HKG HRB JJN JNG JUH JUZ KHN KMG KOW LIJ LYG LYI NNG PKX SHE SZX TAO TFU TNA TSN TYN WHA WNZ WUH XMN XUZ YNT YNZ YTY"
"HSR","6","BLR BOM DEL HYD NMI PNQ"
"HSS","4","AYJ DEL IXC JAI"
"HSV","18","ATL BWI CLT DCA DEN DFW DTW FLL GUF IAH LAS LGA MCO MIA ORD PIE SFB TPA"
"HSYE","0",""
"HTA","17","ABA BAX CXR CZR DME HKT HLD IKT KHV KJA OVB PEK SVX UIAE UUS VVO YKS"
"HTG","1","KJA"
"HTI","3","BNE MEL SYD"
"HTMR","0",""
"HTN","26","ACF AKU CAN CGO CKG CSX FOC HFE HMI IQM KCA KHG KRL LHW PEK QSZ RQA SHF TCG TFU TLQ TSN URC WUH XIY YIN"
"HTS","7","CLT FLL MYR PGD PIE SFB VPS"
"HTT","3","DNH HXD XNN"
"HTY","5","ECN ESB IST RUH SAW"
"HUGG","0",""
"HUH","4","BOB MOZ PPT RFP"
"HUI","3","DAD HAN SGN"
"HUKD","0",""
"HUMW","0",""
"HUN","4","ICN KHH RMQ TSA"
"HUO","5","CIF HET PEK SHE TNA"
"HUS","5","AET BTT FAI HSL TAL"
"HUU","3","LIM PCL TPP"
"HUX","12","GDL GUA MEX MTY NLU OAX PBC YEG YVR YWG YYC YYZ"
"HUY","2","AMS PMI"
"HUZ","33","ACX CGD CGO CKG DXJ HAK HGH HRB INC KMG KWE LPF LZO NAO NGB NKG PEK PKX PVG SHE SJW TFU TNA TSN URC WDS WMT WUH WUX WXN XIY YIH YNZ"
"HVB","3","BNE MEL SYD"
"HVD","1","UBN"
"HVG","5","HFT KKN MEH TOS VDS"
"HVN","30","ATL BNA BWI CHS CLE DAB DFW DTW EYW FLL GSP HOU ILM IND JAX LAL MCO MYR ORD ORF PBI RDU RIC RSW SAV SRQ TPA TYS USA VRB"
"HVR","0",""
"HWN","0",""
"HWR","1","DEL"
"HXD","3","HGH HTT XNN"
"HYA","8","ACK BOS DCA JFK LGA MVY ORD PHL"
"HYD","8","BLR BOM DEL DOH DWC FRA IST KTI"
"HYN","29","CAN CGQ CKG CSX CTU ENH FUO HAK HRB KMG KWE NNG PEK PKX SHS SJW SWA SYX SZX TAO TFU TNA TSN WUH XIY XUZ YBP YNZ ZUH"
"HYS","0",""
"HZA","14","CAN CGQ CKG CSX DLC HAK HGH HRB JJN KWE PVG SZX TFU WUH"
"HZG","14","CAN HGH INC KMG KWE NKG NTG PEK PKX PVG SZX URC UYN WNZ"
"IAA","5","KCY KJA NSK SES THX"
"IAD","160","ABQ ADD ALB AMM AMS ANC ATH ATL AUA AUH AUS AVL AVP BCN BDL BFD BGI BNA BOG BOS BRU BTV BUF BZN CAE CAI CDG CHO CHS CKB CLE CLT CMH CMN CPH CPT CVG DAY DEN DFW DOH DTW DUB DUJ DXB EDI EGE EWR EYW FCO FLL FRA GCM GRU GSO GSP GUA GVA HDN HND HNL HSV IAH ICN IND IPT IST ITH JAC JAX JED JFK JST KEF LAS LAX LFW LGA LHR LIS LNS LOS LYH MAD MBJ MCI MCN MCO MDT MEX MGW MHT MIA MOB MSP MSY MUC MYR NAS NCE OGS ORD ORF PBG PBI PDX PEK PGD PHL PHX PIT PLS PSP PTY PUJ PVD PVU PWM RDU RIC ROA ROC RSW RUH SAL SAN SAT SAV SBN SCE SDF SEA SFO SJO SLC SMF SRQ STL STT SXM SYR TLV TPA TPE TRI TVC TYS VCE VIE VPS VRB VVI YHZ YOW YTZ YUL YVR YYC YYZ ZRH"
"IAG","4","MYR PGD PIE SFB"
"IAH","50","ABQ AKL AMS ATL AUS BJX BOS BWI BZE CLT CUN CVG DCA DEN DFW DSM DXB EWR FLL FRA GCM GDL GEO GUA HND HNL ICT LGA LHR MCO MDE MEX MIA MSY MTY NRT ORD PBI PHL QRO RDU SAL SAP SJO SYD VER XPL YUL YVR YYZ"
"IAM","4","ALG HME OGX ORN"
"IAN","2","ORV OTZ"
"IAO","3","CEB CRK DVO"
"IAQ","3","IFN SYZ THR"
"IAR","6","AER KZN LED NNM PEE VKO"
"IAS","21","BCN BGY BSL BVA CRL DUB DXB FCO HER HRG LCA OTP PRG PSR RHO SAW SKG SSH TRN VIE VLC"
"IAX","2","MNA NAH"
"IBA","1","ABV"
"IBE","2","BOG EOH"
"IBR","4","CJJ CTS FUK UKB"
"IBZ","84","AGP ALC AMS ANR ARN ATH BCN BER BFS BGY BHX BIO BLQ BOD BOH BRI BRS BRU BSL BTS BVA BZO CDG CGN CPH CRL CWL DUB EDI EIN EMA EXT FCO FRA GLA GVA HAJ HAM LBA LCY LEN LGW LHR LIN LIS LPL LTN LUX LYS MAD MAH MAN MRS MUC MXP NAP NCE NCL NRN NTE NWI OPO ORY OSL OST OTP OVD PMI PSA RTM SDR SEN STN STR SVQ SZG TLS TLV TRN TSF VIE VLC VRN ZRH"
"ICC","0",""
"ICI","1","SUV"
"ICN","196","ADD AKL ALA AMS ANC AOJ ARN ASB ATH ATL AUH BCN BKI BKK BNE BOS BRU BSZ BTH BUD BWI BWN CAN CDG CEB CGK CGN CGO CGQ CIT CJU CKG CMB CNX CPH CRK CSX CTS CTU CVG CXR DAD DEL DFW DLC DLI DMK DOH DPS DSN DTW DXB DYG EHU ENH EWR FCO FOC FRA FSZ FUK GDL GUM GYD HAK HAN HEL HFE HGH HIJ HKG HKT HND HNL HRB HSG HUN IBR ISG IST JFK JMU KHH KIJ KIX KKJ KLO KMG KMI KMJ KMQ KOJ KTI KTM KUL KWE KWL LAS LAX LEJ LGG LHR LIM LIS LUX LYI MAD MDC MDG MEL MEM MEX MFM MIA MNL MSP MUC MXP MYJ NGB NGO NGS NKG NLU NQZ NRT OBO OIT OKA OKJ ORD OSL PEK PEN PKX PQC PRG PUS PVG RGN RMQ SAI SCL SDF SDJ SEA SFO SGN SHE SHI SIN SJW SLC SPN STN SYD SYX SZX TAE TAG TAK TAO TAS TFU TKS TNA TPE TSN TXN UBN UKB VCP VIE VTE WAW WEH WNZ WRO WUH WUX XIY XMN YEG YGJ YHZ YNJ YNT YNZ YTY YUL YVR YYC YYZ ZAG ZAZ ZRH"
"ICT","16","ATL AZA DCA DEN DFW IAH LAS MDW MIA MSP ORD PHX PIE SEA SFB VPS"
"IDA","12","AZA DEN DFW LAS LAX OAK ORD PDX PHX SEA SLC SNA"
"IDR","16","AMD BLR BOM CCU DEL GDB GOI HYD IXC IXJ JAI MAA PNQ RPR SHJ UDR"
"IEG","2","AYT WAW"
"IFJ","1","RKV"
"IFN","31","ABD AKW AWZ BGW BND DOH DXB GSM IAQ IST JED KER KHK KIH KWI LVP MCT MED MHD MRX NJF PGU RAS SAW SRY SXI SYZ TBZ THR ZAH ZBR"
"IFP","0",""
"IFU","2","HAQ MLE"
"IGA","2","MYG NAS"
"IGD","3","ESB IST SAW"
"IGG","3","AKN DLG KLL"
"IGR","9","AEP COR EZE JUJ LIM RES ROS SLA TUC"
"IGT","2","AER SVO"
"IGU","10","BSB CGH CNF CWB FOR GIG GRU REC SCL VCP"
"IIL","2","MHD THR"
"IJK","11","AER DME IKT KGD LED MCX MRV OVB SGC SVO SVX"
"IKA","36","ADB ALA BGW BOM BUS CAN DOH DXB DYU ESB EVN FRA GRV GYD HAN HKG HKT ISB IST JED KBL KUL KWI LHE MCT MED MZR NJF PKX SAW SHJ SVO TAS TBS URC VIE"
"IKE","2","SAE UMD"
"IKG","2","BSZ OSS"
"IKI","1","NGS"
"IKO","1","DUT"
"IKS","2","VKO YKS"
"IKT","54","ABA AER ALA AZN BKK BQS BTK CAN CCU CXR CZR DME DYU HAN HKT HRB IJK KHV KJA KLO KZN LED MJZ NER NMA NOZ NZH ODO OLZ OMS OSS OVB PEK PKC PKX PVG PYJ RGK SVO SVX SYX TAS TLK TOF UBN UFA UIKM UITK UKX ULK UTP UUD VVO YKS"
"IKU","5","ALA OSS OVB SVO TAS"
"ILG","0",""
"ILI","5","ANC KNK NNL PDB PTA"
"ILM","24","ATL BDL BNA BOS BWI CAK CLT DCA DEN EWR FLL HVN ILG ISP LGA MCO MIA MSP ORD PHL PVD ROC RSW TPA"
"ILO","12","CEB CGY DGT DMK DRP DVO HKG MNL SIN TAC TAG ZAM"
"ILP","2","GEA NOU"
"ILR","2","ABV LOS"
"ILU","2","ASV WIL"
"ILY","1","GLA"
"IMF","13","AJL BLR BOM CCU DEL DMU GAU IXA IXB IXS MDL SHL TEI"
"IMK","2","KEP SKH"
"IMP","4","BSB CNF GRU SLZ"
"IMT","0",""
"INB","9","BZE CUK CYC CZH DGA PLJ PND SPR TZA"
"INC","67","AKU CAN CGO CGQ CKG CSX CTU CZX DLC DSN DXB ENH ENY FOC GYU HAK HET HFE HGH HKG HMI HRB HUZ HZG JBK JGN JJN KHG KHN KMG KRY KUL KWE KWL LJG LYI LZO NGB NKG NNG PEK PKX PVG SHA SHE SJW SWA SYX SZX TAO TFU TNA TSN TVS TYN URC UYN WNZ WUH XFN XMN XNN XUZ YIH YNT YTY ZHA"
"IND","53","ATL AUS BNA BOS BUR BWI CHS CLT DAL DCA DEN DFW DTW DUB ECP EWR EYW FLL HOU HVN IAH JAX JFK LAS LAX LGA MCI MCO MDW MIA MSP MYR ORD PDX PGD PHL PHX PIE PUJ RDU RSW SAN SAV SEA SFB SFO SJD SLC SRQ TPA USA VPS YYZ"
"INF","0",""
"INH","2","MPM VNX"
"INI","13","ARN BEG BSL CGN DTM FMM IST LJU MIR MLA STR TIV VIE"
"INL","1","MSP"
"INN","34","AMS ARN ATH BHX BLL BRS BRU CAG CLY CPH EDI EIN FRA HAM HER KEF KGS KLX LCY LGW LHR LTN MAD MAN NCL PMI PVK RHO RIX RTM STN SUF VIE WAW"
"INU","6","BNE MAJ NAN ROR SUV TRW"
"INV","14","AMS BHD BHX BRS DUB KOI LGW LHR LPA LSI LTN MAN PMI SYY"
"INZ","3","ALG HME TMR"
"IOA","8","AAL ARN ATH BLL CPH GOT OSL SVG"
"IOM","15","AGP BHX BRS DUB EDI FAO IBZ LGW LHR LPL LTN MAN NQY PMI TFS"
"ION","1","BZV"
"IOQ","1","AGM"
"IOS","5","CGH CNF GRU SSA VCP"
"IOT","2","JUU UMD"
"IPH","2","JHB SIN"
"IPI","2","BOG CLO"
"IPL","2","LAX PHX"
"IPN","1","CNF"
"IPT","1","BWI"
"IQM","5","HTN KCA KRL RQA TLQ"
"IQN","12","CKG DNH HAK HGH JGN KWE LHW PKX PVG SZX TSN URC"
"IQQ","9","AMS ANF ARI ASU CCP LPB LSC SCL VCP"
"IQR","1","CEB"
"IQT","8","CIX LIM PCL SPBC SPEE SPGP TDP TPP"
"IRA","1","HIR"
"IRC","2","CEM FAI"
"IRG","3","AUU CNS WEI"
"IRI","2","DAR DOD"
"IRJ","2","AEP CTC"
"IRK","0",""
"IRM","2","HMA TJM"
"IRP","7","BKY BNC BUX FBM FKI FMI GOM"
"IRZ","2","MAO TFF"
"ISA","19","BEU BNE BQL BUC BVI CNJ CNS CTL DMD HGD JCK KRB NTN ONG RCM TSV ULP WNR WTB"
"ISB","42","AAN AUH BAH BGW BKK BSZ CAN CDG CJL DMM DOH DXB DYU ELQ GIL GYD IKA IST JED KBL KDU KHG KHI KUL KWI LGW LHE LHR MAN MCT MED NJF PEK PKX RKT RUH SHJ SKZ TAS UET URC YYZ"
"ISC","4","EXT LEQ NQY PZE"
"ISE","1","IST"
"ISG","11","FUK HKG HND ICN KIX MMY NGO NRT OGN OKA TPE"
"ISK","5","AMD BLR DEL GOI HYD"
"ISP","16","BOS BWI CHS FLL ILM MCO MYR ORF PBI RDU RIC RSW SRQ TPA USA VRB"
"IST","334","ABJ ABV ADB ADD ADF AER AGP AHB AJI AKX ALA ALG ALP AMM AMS AQJ ARN ASB ASM ASR ATH ATL AUH AWZ AYT AZN BAH BAL BCN BEG BEN BER BEY BGG BGW BHK BHX BIO BJL BJV BKK BKO BLL BLQ BOD BOG BOM BOS BRE BRI BRU BSL BSR BSZ BUD BUS BWI CAI CAN CCS CDG CEK CGK CGN CIT CKY CKZ CLJ CMB CMN CND COO COV CPH CPT CRA CZL DAC DAM DAR DBV DEL DEN DFW DIY DLA DLM DME DMM DOH DPS DSS DTW DUB DUR DXB DYU EBB EBL ECN EDI EDO ERC ERZ ESB EVN EWR EZE EZS FEG FIH FNA FRA GDN GNJ GOJ GOT GRU GRV GUW GVA GYD GZP GZT HAH HAJ HAM HAN HAV HBE HEL HER HKG HKT HND HRG HSA HTY IAH IAS ICN IFN IGD IKA INI ISB ISE JED JFK JMK JNB JRO JTR JUB KBL KCM KEF KFS KGF KGL KHI KIK KIX KLF KRK KRR KSQ KSY KTI KTM KUL KVO KWI KYA KZN KZR LAX LBD LED LEJ LGW LHE LHR LIS LJU LOS LTN LUN LUX LYS MAD MAN MBA MCT MCX MED MEL MEX MGQ MHD MIA MJI MLA MLE MLX MNL MPL MPM MQM MRA MRS MRU MRV MSQ MSR MUC MXP MZH MZR NAJ NAL NAP NAV NBC NBJ NBO NCE NIM NJF NKC NMA NOP NQZ NRT NSI NTE NUE OGU OGZ OHD ONQ OPO ORD ORN ORY OSL OTP OUA OVB OXB PEK PKX PMO PNR PRG PRN PTY PVG PZU RAK RBA RHO RIX RMO ROB RUH RVN RZV SCL SCO SEA SEZ SFO SGN SHJ SIN SJJ SKD SKG SKP SOF SPU SSH STN STR STW SVO SVQ SVX SXB SYD SYZ SZF SZG TAS TBS TBZ TFU TGD TIA TIF TIV TJK TJM TLL TLS TNG TNR TPE TRN TSR TZX UBN UFA UGC URC VAN VAR VAS VCE VIE VKO VLC WAW XIY YKO YNB YUL YVR YYZ ZAG ZIA ZNZ ZRH"
"ISU","11","AMM BEY BGW BSR CAI DOH DUS DXB IKA IST SAW"
"ITB","1","MAO"
"ITH","2","BWI JFK"
"ITM","28","AOJ ASJ AXT CTS FKS FUK GAJ HKD HNA HND IZO KCZ KIJ KMI KMJ KOJ KUM MMJ MSJ MYJ NGS NRT OIT OKA OKI SDJ TJH TNE"
"ITO","3","HNL LAS OGG"
"ITU","2","UUS VVO"
"IUE","1","AKL"
"IUI","2","JUV TQA"
"IUP","2","MAO MNX"
"IVC","3","AKL CHC SZS"
"IVL","8","AMS FRA HEL KKN LGW ORY VIE ZRH"
"IVR","2","BNE SYD"
"IWA","5","AER KGD LED MCX MRV"
"IWD","0",""
"IWJ","2","HND ITM"
"IWK","2","HND OKA"
"IXA","11","AMD BLR CCU DEL DIB GAU HYD IMF IXB IXS MAA"
"IXB","13","AMD BKK BLR BOM CCU DEL DIB GAU HYD IMF IXA PBH PNQ"
"IXC","22","AMD AUH BLR BOM CCU DEL DHM DXB GOI GOX HSS HYD IDR IXJ IXL JAI LKO MAA NMI PAT PNQ SXR"
"IXD","7","BBI BLR BOM DEL HYD PAB RPR"
"IXE","15","AUH BAH BLR BOM DEL DMM DOH DXB HYD JED KWI MAA MCT NMI TRV"
"IXG","5","BLR BOM DEL HYD NMI"
"IXI","4","CCU GAU SHL TEZ"
"IXJ","4","BOM DEL IXL SXR"
"IXK","3","AMD BOM DIU"
"IXL","5","BOM DEL IXC IXJ SXR"
"IXM","7","AUH BLR BOM CMB DEL DXB MAA"
"IXR","11","AMD BBI BLR BOM CCU DEL HYD LKO MAA PAT PNQ"
"IXS","3","AJL CCU IMF"
"IXT","2","GAU HGI"
"IXU","5","BLR BOM DEL GOX HYD"
"IXW","2","BBI CCU"
"IXX","1","BLR"
"IXZ","6","BLR CCU DEL HYD MAA VTZ"
"IZA","3","CGH GRU VCP"
"IZO","7","FSZ FUK HND ITM NGO NKM OKI"
"IZT","1","OAX"
"JAC","14","BWI CLT DEN DFW IAH JFK LAX MSP ORD PDX SAN SEA SFO SLC"
"JAE","1","LIM"
"JAF","3","MAA RML TRZ"
"JAI","28","AMD AUH BEK BHO BLR BOM CCU DEL DMK DXB GAU GOX HYD IDR IXD IXG JDH JSA KUU LKO MCT NMI PGH PNQ SHJ STV UDR VNS"
"JAN","8","ATL BNA CLT DCA HOU IAH MCO MIA"
"JAU","1","LIM"
"JAV","8","BGIL CPH JEG JGO JQA KEF NAQ PQT"
"JAW","1","REC"
"JAX","48","ATL AUS BDL BLV BNA BOS BWI CAK CLT CMH CVG DAL DCA DEN DFW DSM DTW EWR FLL FNT GRR HOU HPN HVN IAH IND JFK LAS LAX LCK LGA MDT MDW MIA MSP MSY ORD ORF PHL PHX PIT PVD RDU RIC SAN STL TYS YYZ"
"JBB","2","DPS HLP"
"JBD","1","BSZ"
"JBK","11","AKU CGO CSX FOC HMI INC KHG LHW PKX XIY YIN"
"JBQ","8","AUA BAQ BON CTG CUR HAV SCU SXM"
"JBR","2","BNA STL"
"JCH","5","BGIL JAV JEG JGO QJI"
"JCK","4","HGD ISA RCM TSV"
"JCL","7","AYT BOJ HER HRG MIR PMI RHO"
"JDH","8","AMD BLR BOM DEL HYD IDR JAI PNQ"
"JDO","4","FOR GRU REC VCP"
"JDZ","9","CAN KMG PEK PKX SHA SZX TAO TFU XMN"
"JED","93","AAN ADD AGP AHB ALA ALP AMD ASM ATH ATZ AUH BAH BCN BER BHH BHK BJV BLR BOM BRU BSZ BTJ BUD BUS CAI CCE CCJ CGK CGN CNN COK COV DAC DAM DBB DEL DHX DMM DOH DWC DXB DYU EBB ELQ FCO GYD HBE HEA HMB HOF HYD IST IXE JFK JIB KBL KHT LAX LGW LHR LKO LXR MCX MRV MXP MZR NMA OHS OSS PEN PKX PRN PZU RKT RZV SAW SCT SHJ SIN SKD SPX STR SZG TAS TRZ TZX UPG VCE VIE VKO YIA YNB ZRH"
"JEG","9","BGKA GOH JAV JCH JGO QCU QGQ QJE QMK"
"JEJ","3","KWA MAJ MJE"
"JFK","193","ABJ ABQ ACK ADD AKL AMM AMS ANC ANU ARN ATH ATL AUA AUH AUS BAH BCN BDA BDL BEG BER BGI BGR BNA BOG BOM BOS BQN BRU BTV BUF BUR BWI BZE BZN CAI CAN CDG CHS CLE CLT CMH CMN CPH CTG CUR CVG DAB DCA DEL DEN DFW DOH DSS DTW DUB DXB EDI EGE EZE FCO FLL FOC FRA GCM GEO GIG GND GRU GUA GVA GYE HEL HKG HND HNL HYA IAH ICN IND IST ITH JAC JAX JED KEF KIN KWI LAS LAX LGW LHR LIM LIR LIS LOS MAD MAN MBJ MCI MCO MDE MEM MEX MIA MKE MLA MNL MSP MSY MTY MUC MVY MXP NAP NAS NBO NCE OLB ONT OPO ORD ORF OSL OTP PAP PBI PDL PDX PEI PEK PHX PIT PLS PMO POP POS PRG PSP PTY PUJ PVD PVG PVR PWM RDU RIC RNO ROC RSW RUH SAL SAN SAP SAT SAV SCL SDQ SEA SFO SIN SJD SJO SKB SLC SLK SNA SNN SRQ STI STL STT SVD SXM SYD SYR TAB TAS TLV TPA TPE UIO UVF VCE VIE VPS VRB WAW YUL YVR YYC YYZ ZRH"
"JFR","2","GOH JJU"
"JGA","4","AMD BOM NMI STV"
"JGB","5","DEL HYD JLR PAB RPR"
"JGD","5","DLC HRB OHE PKX PVG"
"JGN","20","CAN CGO CKG DNH HGH INC IQN JIC JUZ KMG KRL LHW NKG PKX PVG SHA TFU URC WUH XIY"
"JGO","3","JAV JCH JEG"
"JGS","11","CKG HAK KMG NGB PEK PVG SHA TFU XIY XMN ZUH"
"JHB","20","AOR BKI CAN CGK DMK IPH JED KBR KCH KMG KUL LGK MED MYY PEN SBW SGN SUB SZB TWU"
"JHG","56","ACX CAN CGO CGQ CKG CNX CSX CTU DLU FOC HFE HGH HNY HRB JJN KHN KMG KWE KWL LHW LJG LUM LXA LZO MIG NGB NKG NNG NTG PEK PKX PVG SGN SHA SHE SJW SZX TAO TFU TNA TSN TYN VTE WDS WMT WNZ WUH WUX XIC XIY XMN XUZ YBP YIH YTY ZYI"
"JHM","1","HNL"
"JHS","3","GOH JAV SFJ"
"JIA","2","AIR CGB"
"JIB","14","ADD ADE BSA CAI CDG DIR DOH DWC DXB HGA IST JED MGQ NKG"
"JIC","11","CAN CKG DNH HGH JGN LHW PKX PVG URC WUH XIY"
"JIJ","2","ADD GDE"
"JIK","3","ATH LXS SKG"
"JIN","1","EBB"
"JIO","1","AMQ"
"JIQ","2","KMG PVG"
"JIU","6","HAK NGB PEK SZX TFU XIY"
"JJD","3","BSB CNF GRU"
"JJG","1","GRU"
"JJM","1","WIL"
"JJN","1","MNL"
"JJU","7","JFR JNN JNS KEF LLU QUW UAK"
"JKG","0",""
"JKH","6","ATH LXS MJT RHO SKG SMI"
"JKL","5","ATH JTY KGS LRS RHO"
"JKR","2","KTM PHH"
"JLG","7","AMD BOM DEL GOX HYD IDR PNQ"
"JLN","0",""
"JLR","7","BLR BOM DEL HYD IDR JGB PAB"
"JMA","1","CNF"
"JMJ","3","KMG KWE LUM"
"JMK","43","AMS ATH AUH BAH BCN BEG BEY BLQ BRU BUD CDG DOH DUS DXB FCO FRA GVA HER HFA IST KWI LGW LHR LTN LUX LYS MAD MUC MXP NAP NCE ORY OTP PFO RHO RUH SKG STR TLV VCE VIE VRN ZRH"
"JMO","1","PKR"
"JMS","0",""
"JMU","14","CAN DLC FYJ HGH HRB KHV NKG PEK PKX PVG SZX TAO TNA YNT"
"JNB","17","ADD CAI CPT DAR DOH DUR DXB EBB ELS GRJ KGL LVI MRU NBO SIN VFA WDH"
"JNG","21","CAN CKG CSX DSN FOC HET HRB HSN JUZ KHN KMG KWE KWL NNG SHE SYX SZX TFU UYN WXN YNT"
"JNH","2","PKX XIY"
"JNN","6","JJU LLU QFN QUV QUW XEQ"
"JNS","1","JJU"
"JNU","19","AGN ANC CYM ELV EXI FNR GST HNH HNS KAE KLW KTN PEC PSG SEA SGY SIT TKE YAK"
"JNX","3","ATH HER SKG"
"JNZ","8","CZX FOC KHN PVG SZX TFU WUH YTY"
"JOE","1","HEL"
"JOG","3","BDO HLP KWB"
"JOI","4","BPS CGH GRU VCP"
"JOK","2","LED VKO"
"JOL","2","CBO ZAM"
"JOS","2","ABV LOS"
"JPA","12","BSB CGH CNF EZE GIG GRU RAO REC SJP SSA UDI VCP"
"JPE","1","BEL"
"JPO","1","REC"
"JPR","3","CGB PVH VCP"
"JQA","2","JAV UMD"
"JQE","0",""
"JRG","6","BBI BLR CCU DEL HYD NMI"
"JRH","3","BLR CCU DEL"
"JRJ","3","PKX PVG ZYI"
"JRO","9","ADD BRU CDG DOH DXB EBB IST MXP NBO"
"JRT","6","ITB MTE OBI ORX STM TMT"
"JSA","5","AMD BLR BOM DEL JAI"
"JSH","6","AOK ATH AXD KSJ PVK RHO"
"JSI","38","AMS ARN ATH BEG BGY BHX BRI BRS BSL BTS BUD CPH EDI EMA FCO FRA GOT KLU LBA LCA LCY LGW LTN MAN MUC MXP NAP NCL ORY OSL OTP PRG PSA SOF STN SVG VIE ZRH"
"JSJ","4","DLC HRB PEK TAO"
"JSK","2","SYZ THR"
"JSR","3","CGP CXB DAC"
"JST","0",""
"JSY","3","ATH HER SKG"
"JTC","5","BPS MCZ NAT REC VCP"
"JTR","59","AMS ARN ATH AUH BAH BCN BEG BGY BHX BRI BRS BRU BUD CDG CGN CPH DUB DUS DXB EDI FCO FRA GDN GVA HAM HEL HER IST KRK LCA LGW LHR LUX LYS MAD MAN MRS MUC MXP NAP NCE NTE ORY OSL OTP PMO PRG RHO RIX RUH SKG STN STR TLV VCE VIE VRN WAW ZRH"
"JTY","4","ATH JKL KGS LRS"
"JUB","10","ADD BJM CAI DXB EBB IST KGL LGG NBO PZU"
"JUH","12","CAN CKG HSN JJN KWE PKX SHE SZX TAO TFU XIY XMN"
"JUJ","7","AEP ASU COR EZE IGR IQQ MDZ"
"JUK","1","UMD"
"JUL","1","LIM"
"JUM","2","KEP SKH"
"JUU","2","IOT UMD"
"JUV","4","AOQ BGKL IUI JAV"
"JUZ","20","AKU CAN CGO CKG DLC DOY HAK HSN JGN JNG KMG KWE LHW NNG PEK PKX SZX TAO TFU XIY"
"JWN","5","JED KIH MED MHD THR"
"JXA","14","CAN DLC HGH HRB OHE PEK PKX SHA SHE TAO TFU TNA TSN YNT"
"JYV","1","HEL"
"JZH","2","PEK TFU"
"KAA","1","LUN"
"KAB","2","HRE VFA"
"KAD","1","LOS"
"KAE","3","JNU PSG SIT"
"KAI","2","GEO OGL"
"KAL","4","FAI GAL NUL RBY"
"KAN","4","CAI JED LGG MUC"
"KAO","11","BER BHX DUB DUS FRA HAM HEL LGW MAN RIX RTM"
"KAT","2","AKL WRE"
"KAX","0",""
"KAZ","2","MDC TTE"
"KBC","3","CIK FAI FYU"
"KBH","1","DAR"
"KBL","19","AUH DEL DOH DXB IKA ISB IST JED KDH KHT KWI MHD MZR RUH SAW SHJ SVO TAS URC"
"KBR","8","BKI CGK JHB KCH KUL PEN SIN SZB"
"KBU","1","BDJ"
"KBV","18","AUH BKK BLR BOM CNX CPH DEL DMK DXB GOT HEL KUL OSL PRG SHJ SIN USM WAW"
"KCA","17","CGO DSN HMI HTN IQM KHG KRY NGB PKX QSZ SHA TAO TFU TLQ URC XIY YIN"
"KCG","5","AKN KCL KCQ KPV PTH"
"KCH","18","BKI BTU BWN CAN CGK HAK JHB KBR KUL LMN MKM MYY MZV PEN PNK SBW SIN TGC"
"KCL","5","AKN KCG KCQ KPV PTH"
"KCM","3","ESB IST SAW"
"KCO","1","TZX"
"KCQ","6","AKN KCG KCL KPV PTH UGB"
"KCT","3","CMB HRI RML"
"KCY","8","ABA BAX BGS BKA GOY NOJ SES VAQ"
"KCZ","8","FUK HND ITM KIX NGO NKM NRT TPE"
"KDA","1","DSS"
"KDH","3","DXB JED KBL"
"KDI","5","APD CGK SUB UPG WNI"
"KDL","1","TLL"
"KDM","4","FVM GAN KDO MLE"
"KDO","5","GAN GKK KDM MLE VAM"
"KDU","4","DXB ISB KHI LHE"
"KDV","2","NAN SUV"
"KEA","2","ASB BKN"
"KEB","1","PGM"
"KEDC","0",""
"KEF","73","AGP ALC AMS BCN BER BFS BHX BLL BOS BRS BSL BUD BWI CDG CGN CPH DTW DUS EDI EMA EWR FAE FCO FRA GDN GLA GOH GVA HEL INN IST JAV JFK KTW KUS LAX LBA LGG LGW LHR LPA LPL LTN MAD MAN MCO MIA MSP MUC MXP NCE NCL NLU ORD ORY OSL PIT RDU RIX SEA STN TFS VIE VRN WAW WRO YEG YHZ YUL YWG YYC YYZ ZRH"
"KEJ","8","AER DME KJA KZN LED OVB SVO SVX"
"KEK","4","DLG KGK KMO KNW"
"KEO","2","ABJ MJC"
"KEP","9","BJU DOP IMK JUM KTM PHH TPU VNRR VNSL"
"KER","12","AWZ DXB IFN JED KIH MED MHD NJF PGU SYZ TBZ THR"
"KET","2","HEH MDL"
"KEU","2","MBA WIL"
"KFE","2","PER PHE"
"KFG","0",""
"KFP","2","CDB KVC"
"KFS","1","IST"
"KGA","3","FBM FIH MJM"
"KGD","28","ARH AYT CEE CEK CSY DME EVN GOJ IJK IWA KLF KVK KVX KZN LED MMK MSQ OVB PEE PES PKV REN SSH SVO SVX UFA VKO VOG"
"KGE","2","HIR VAO"
"KGF","14","ALA AYT DZN HKG IST LGG OVB PLX SCO SVO TAS UKK URA YNT"
"KGG","0",""
"KGI","1","PER"
"KGK","3","DLG KEK KNW"
"KGL","31","ADD AMS BGF BJM BRU BZV CAI CDG COO DAR DLA DOH DXB EBB HRE IST JNB JRO KAN KME LBV LGG LHR LOS LUN MBA MWZ NBO SEU SHJ ZNZ"
"KGP","3","PEE SVX VKO"
"KGS","60","AMS ATH BER BFS BGY BHX BLQ BOH BRI BRN BRQ BRS BRU BTS CGN CWL DUB DUS EDI EIN EMA EXT FRA GDN GLA GRQ GRZ GVA HAJ HAM HEL HER JKL JTY LBA LGW LNZ LRS LTN LUX MAN MUC MXP NAP NCL NUE ORY OSR PRG PSA RHO RTM SKG STN STR SZG VCE VIE ZAG ZRH"
"KGT","1","CTU"
"KGX","2","ANI SHX"
"KHD","2","MHD THR"
"KHG","41","AAT AKU BPL CAN CGO CKG CSX CTU DHH HGH HMI HQL HTN INC ISB JBK KCA KRL KRY LBD LHW NGB NGQ PEK PKX PVG QSZ SHA SZX TCG TFU TLQ TNA TWC URC XIY XNN YIN YTW ZHA ZHY"
"KHH","34","BKK CJU CKG CMJ CNX CTS DAD DMK FOC FUK GMP HAN HKG HUN ICN KIX KMJ KNH KUL LZN MFM MNL MZG NRT OKA OKJ PUS PVG SDJ SGN SIN WOT WUH XMN"
"KHI","16","AMM AUH BAH CMB DOH DXB ISB IST KBL KHG KMG KWE LHE NNG OAI SIN"
"KHK","5","AWZ BUZ IFN SYZ THR"
"KHM","2","MDL RGN"
"KHN","66","ACX BHY CAN CGQ CKG CSX CTU DLC DLU DMK ENH HAK HET HIA HRB HSN INC JHG JNG JNZ KIX KMG KUL KWE LHW LJG LUM LYA LYG LYI LZO MFM NGB NNG NNY NTG PEK PKX PVG SHA SHE SIN SJW SYX SZX TAO TFU TNA TSN TYN URC UYN WEH WMT WNZ XIY XMN XNN XUZ YCU YNT YNZ YTY ZHA ZUH ZYI"
"KHT","5","AAN DXB JED KBL KWI"
"KHV","42","BKK BPE BQG BQS CXR DAD DLC DYR EKS GDX HKT HRB IKT JMU KJA KLO MJZ NER NGK NLI OHH OHO OVB PKC PKX PVG SKD SVO SVX SYX TAS TSN TYD UHHY UHNA UTP UUD UUS VVO WEH YKS YNT"
"KHX","1","EBB"
"KHZ","1","PPT"
"KIH","22","ABD AWZ AZD BGW BND DXB DYU GBT IFN JWN KER KSH MHD NJF OMH PGU RAS SRY SYZ TBZ THR ZAH"
"KIJ","12","CTS FUK ICN ITM KIX NGO NKM OKD PVG SDJ TPE UKB"
"KIK","4","BGW ESB GYD IST"
"KIN","19","ANU ATL BGI FLL GCM HAV JFK LGW MBJ MIA NAS PLS POS PTY PUJ SCU SDQ SXM YYZ"
"KIO","2","MAJ NDK"
"KIR","9","ALC BES BVE DUB FAO LTN MAN PUF STN"
"KIS","4","EBB MBA NBO WIL"
"KIT","1","ATH"
"KIX","105","AMS ANC ASJ ATL AUH BKI BKK BNE CAN CDG CEB CGK CGO CGQ CJJ CJU CKG CNS CNX CSX CTS CZX DAD DLC DMK DOH DXB FOC FRA FUK GMP GUM GYD HAK HAN HEL HFE HGH HKG HND HNL HRB ICN IND ISG IST KCZ KHH KHN KIJ KMI KMJ KOJ KUH KUL KWE LAX LYI MEM MFM MMB MMY MNL MUC MWX MXP NGB NGS NKG NRT NTG OAK OKA PEK PKX PUS PVG SDF SDJ SFO SGN SHE SHI SIN SYD SZX TAE TAO TFU TNA TPE TSN UBN URC WNZ WUH WUX XIY XMN YIW YNT YNZ YTY YVR YYZ"
"KIY","5","DAR MFA PMA TGT ZNZ"
"KJA","81","ABA AER ALA AMS BAX BGS BKA BKK BQS BSZ CDG CEK CIT CMB CXR CZR DME DYR DYU EVN GDX GOY GYD HKG HKT HMA HRB HTG IAA IKT KEJ KHV KRR KYZ KZN LBD LED MCX MJZ MRV MXP NER NJC NMA NSK NUX NZH OMS OSS OVB PEE PEK PKC PKX PVG PYJ REN RGK SES SGC SKD SVO SVX SYX TAS TGP THX TLK TOF UBN UFA UIKG UIUN ULK UTP UUD UUS VAQ VEO VKO VVO"
"KJB","3","BLR VGA VTZ"
"KJH","6","ACX CAN FOC JJN TFU XIY"
"KJI","2","KHG URC"
"KJJ","0",""
"KJT","1","SIN"
"KKA","3","OME SKK UNK"
"KKC","4","BKK CNX DMK HKT"
"KKE","1","AKL"
"KKH","2","BET WTL"
"KKI","4","AKI BET KWT TLT"
"KKJ","7","CJJ HND ICN LAX NRT OKA TPE"
"KKN","13","ALF BJF BVG HEL HFT HVG IVL MEH OSL SOJ TOS VAW VDS"
"KKX","2","ASJ KOJ"
"KLF","7","AER KGD KZN LED MRV MSQ SVX"
"KLG","2","ANI RSH"
"KLH","5","AMD BLR BOM HYD NMI"
"KLL","3","AKN DLG IGG"
"KLN","0",""
"KLO","6","ICN IKT KHV KWL MNL NGB"
"KLP","2","BDJ PKY"
"KLR","2","ARN LPA"
"KLU","8","CGN FCO HAJ HAM PAS PMI STN VIE"
"KLV","3","AYT BOJ TAS"
"KLW","3","JNU KTN SIT"
"KLX","25","AMS ARN ATH BGY BHX BRS BUD CDG DUS EDI FRA GVA HAM HER INN LGW MAN MUC ORY SKG STN TIA TLV VIE ZRH"
"KMA","3","OPU POM TDS"
"KME","0",""
"KMG","4","BLR CMB KHI LHE"
"KMI","9","FUK HND ICN ITM KIX NGO NRT OKA TPE"
"KMJ","14","AXJ HND ICN ITM KHH KIX NGO NKM NRT OKA PUS RMQ TNN TPE"
"KMN","1","FBM"
"KMO","4","DLG KEK TOG TWA"
"KMQ","10","CTS FUK HKG HND ICN LUX OKA ORD PVG TPE"
"KMU","2","MGQ NBO"
"KMV","2","MDL RGN"
"KMW","3","GOJ KZN LED"
"KND","3","FIH FKI GOM"
"KNG","5","FKQ MKW NBX SOQ TIM"
"KNH","6","CYI KHH MZG RMQ TNN TSA"
"KNK","1","ILI"
"KNO","27","AUH BPN BTH BTJ CGK DAD DJB DMK FLZ FSH GNS JED KUL LKI LSW MCT MED MEQ PDG PEN PKU PLM PNK SIN SUB TXE YIA"
"KNQ","1","GEA"
"KNS","6","BWT HBA LST MBW MEB MEL"
"KNU","4","BLR BOM DEL HYD"
"KNW","3","DLG KEK KGK"
"KNX","5","BME BQW DRW HCQ PER"
"KOA","8","DFW LAX ORD SEA SJC SLC SMF YVR"
"KOC","2","BMY GEA"
"KOE","17","ABU ARD BJW CGK DPS ENE LBJ LKA LWE MOF RTG RTI SAU SUB TMC UPG WGP"
"KOI","7","ABZ BHD EDI GLA LHR MAN NRL"
"KOJ","21","ASJ FSZ FUK HND ICN ITM KIX KKX KUM MYJ NGO NRT OKA OKE PUS PVG RNJ TKN TNE TPE UKB"
"KOO","3","BKY FMI GOM"
"KOP","1","DMK"
"KOS","11","BKK CAN KMG KUL MFM SAI SGN SZX TFU WUX XMN"
"KOT","2","BET EMK"
"KOU","1","LBV"
"KOV","3","ALA CIT SCO"
"KOW","27","CGO CKG CZX DLC HAK HFE HGH HRB HSN KMG KWE NGB NKG NNG PEK PKX PVG SHA SYX TAO TFU TNA TSN WNZ XIY ZHA ZUH"
"KOZ","0",""
"KPN","1","BET"
"KPO","2","CJU GMP"
"KPV","5","AKN KCG KCL KCQ PTH"
"KPW","3","DYR GDX PWE"
"KQA","1","DUT"
"KQH","3","AMD NAG PNQ"
"KQR","0",""
"KQT","1","SVO"
"KRB","5","CNS DMD ISA NTN ONG"
"KRK","130","ABZ ADB AGA AGP ALC AMM AMS AOI ARN ATH AUH AYT BBU BCN BEG BFS BGO BGY BHX BIO BLQ BOH BOJ BRI BRS BRU BSL BUD BVA BZG CDG CDT CFU CHQ CIA CPH CRL DBV DUB DXB EDI EIN EMA ESB EWR FAO FCO FMM FRA FUE GDN GLA GOA GOT GVA HEL HER IST JTR KWI LBA LCA LDE LGW LHR LIS LPA LPL LTN LUX LYS MAD MAN MLA MRS MUC MXP NAP NCE NCL OLB OPO ORD ORY OSL PEG PFO PMI PMO PRG PSA PSR RAK RHO RIX RMF RMI RUH SHJ SKG SNN SOF SPU STN STR SUF SVG SVQ SZY SZZ TFS TGD TIA TLL TLS TLV TRD TRF TRN TRS TSF VAR VCE VIE VLC VRN WAW ZAD ZRH ZTH"
"KRL","29","AKU BPL CGO CKG HGH HMI HTN IQM JGN KHG KRY LHW PEK PKX PVG QSZ RQA SHF SJW TAO TCG TFU TNA TWC URC WUH XIY YIN YTW"
"KRN","4","ARN CDG CPH DUS"
"KRO","3","AER DME LED"
"KRP","1","PMI"
"KRR","25","AER AYT BUS CEK CIT CXR DME DWC DXB EVN HKT IST KZN LED NMA OVB SGC SKD SSH SVO SVX TBS TLV UFA VKO"
"KRS","10","ALC AMS BGO BOO CHQ CPH LPA OSL PMI TRD"
"KRW","5","ASB MSQ MYP TAZ ZAZ"
"KRY","18","AAT AKU CGO HGH HMI INC KCA KHG KRL LHW PEK PVG TFU TLQ URC XIY YIN ZFL"
"KSA","6","GUM HNL KWA MAJ PNI TKK"
"KSC","12","AGP BOJ BTS DUB FCO LTN PRG RHO VIE WAW ZRH ZTH"
"KSD","5","ARN CPH LPA PMI RHO"
"KSE","1","EBB"
"KSF","4","BZO GWT HDF PMI"
"KSH","6","GSM KIH MHD PGU SYZ THR"
"KSJ","3","AOK JSH RHO"
"KSM","4","ANC BET MLL MOU"
"KSN","7","ALA AYT CIT HSA NQZ SSH SVO"
"KSO","2","ATH KZI"
"KSQ","6","DME IST LED TAS VKO ZIA"
"KSR","1","UPG"
"KSU","3","BGO LPA OSL"
"KSX","3","AMQ JIO KOE"
"KSY","4","ADB ESB IST SAW"
"KSZ","1","LED"
"KTA","4","BME GET PER PHE"
"KTD","1","OKA"
"KTF","3","NSN NZKM WLG"
"KTG","3","HLP PKN PNK"
"KTI","43","AUH BKK CAN CGK CGO CKG CSX CXR DAD DEL DMK DOH DSY DXB FOC GAY HAN HKG HYD ICN IST JJN KMG KUL MFM MNL NNG PEK PEN PQC PVG RGN SAI SGN SIN SYX SZX TFU TPE VTE WUH XIY XMN"
"KTL","1","WIL"
"KTM","54","AUH BDP BHP BHR BIR BKK BLR BOM BWA CAN CCU CKG CMB DAC DEL DHI DMK DMM DNP DOH DXB HKG ICN IST JKR KEP KMG KUL KWI LDN LUA LXA MCT NRT PBH PHH PKX PPL PVG RHP RJB RUH RUM SHJ SIF SIN SKH TAO TFU TMI TPJ VNKD VNSL VNTH"
"KTN","5","JNU KLW SEA SIT WRG"
"KTR","9","ASP BOX DRW GOV GTE HOK KFG RPM TCA"
"KTS","3","OME TLA WAA"
"KTT","27","ALF AMS BER BHX BRS BRU CDG CPH DUB EMA FRA GLA HAM HEL LGW MAN MUC MXP NCL ORY OTP RIX RTM TLL TMP VIE ZRH"
"KTW","81","AAR ADB AGA AGP ALC ATH AUH AYT BJV BLL BOJ BRI CDG CFU CGN CRL CTU CUN DBV DJE DLM EFL FAO FCO FNC FRA FUE GDN GHV GPA HAJ HER HRG HRI KGS KSC LCA LEJ LGG LIS LPA MAD MAH MIR MJT MLA MXP OHD OPO OSL OSR PMI PMO PMV PQC PSA PUY REG RHO RIX RJK RMF RMI RMO SID SKG SSH STR TBJ TCP TFS TGD TIA TSR VAR VIE VRA WAW ZAD ZNZ ZTH"
"KUA","2","KUL SIN"
"KUG","3","BDD HID UBB"
"KUH","5","CTS HND KIX NRT OKD"
"KUK","2","BET NUP"
"KUL","33","ADL AMS BKI BKK BLR BOM CAN CGK CGO CKG DEL DWC GYD HAK HGH HKG ICN KCH LUX MAA MFM MNL MYY NNG NRT ORD PEN PVG SBW SIN SYD SZX TPE"
"KUM","3","FUK ITM KOJ"
"KUN","15","AGP ALC AYT BFS BGY BRI BRS GOT HER LPL LTN PSA RIX RMI TLV"
"KUS","3","AGM GOH KEF"
"KUT","16","ALA ATH BCN CRL DTM FMM KTW MAD MSQ MXP SAW SCO UGMS VKO WAW ZIA"
"KUU","4","ATQ DED DEL JAI"
"KUV","1","CJU"
"KUZ","1","AGM"
"KVA","19","ATH BEG BER BHX BRQ CGN DUS FRA LGW MAN MUC NUE OTP PRG STN STR TSR VIE WAW"
"KVC","2","CDB KFP"
"KVG","3","MAS POM RAB"
"KVK","5","DME KGD LED SVO VKO"
"KVL","1","OTZ"
"KVM","1","DYR"
"KVO","3","IST SKG TIV"
"KVX","7","AER KGD KZN LED MRV NNM SVO"
"KWA","1","HNL"
"KWB","2","JOG SRG"
"KWE","105","ACX BAR BKI BKK CAN CDG CGD CGK CGO CGQ CIF CSX CXR CZX DLC DLU DSN DYG DZH ENH ENY FOC FUG GYS HAK HET HFE HGH HIA HKG HNY HRB HUZ HYN HZA HZG ICN INC IQN JHG JJN JMJ JNG JUH JUZ KHN KIX KOW KUL LHW LIJ LJG LLV LNL LUM LXA LYA LYG LYI MFM MXP MXZ NGB NKG NTG PEK PKX PVG SAI SHA SHE SHS SIN SJW SWA SYX SZX TAO TFU TNA TPE TSN TYN URC UYN WDS WMT WNZ WSK WUH WUT WUX XIC XIY XMN XNN XUZ YCU YIH YIW YNT YNZ YTY ZHA ZUH"
"KWI","85","AAN ADD ADE ADJ AER AGP AHB AJF ALA AMD AMS ATZ AUH AWZ AYT BCN BGY BJV BLR BOM BUD BUS BWA CAI CAN CCJ CGP CMB CMN CNN COK DAC DAM DEL DME DYU ELQ EVN FEG GOX HBE HMB HRG HSA HYD IFN IKA ISB IST IXE JFK JMK KBL KHI KHT KRK KTM LCA LFM LRR LXR MAA MAD MCT MHD MXP NMA PRG PZU RZV SAW SHJ SJJ SKT SLL SPX SYZ TAS TBS TIA TIV TRV TRZ TZX ZRH"
"KWJ","2","CJU GMP"
"KWK","3","BET KKH WTL"
"KWL","46","CGO CGQ CKG CZX DLC FOC HAK HFE HGH HIA HKG HRB ICN INC JHG JJN JNG KUL LHW LJG LYI NGB NKG PEK PKX PVG SHE SHS SJW SWA SYX TAO TFU TNA TSN TVS TYN WHA WNZ WUT XIY XMN XUZ YIH YNT YNZ"
"KWM","2","CNS EDR"
"KWN","1","BET"
"KWT","0",""
"KWY","2","LAU WIL"
"KWZ","2","FBM FIH"
"KXB","1","UPG"
"KXF","1","SUV"
"KXK","1","VVO"
"KXO","2","EBB KJJ"
"KYA","8","ADB AMS ARN CPH DUS IST SAW STR"
"KYB","3","BNE GYB PER"
"KYD","1","TTT"
"KYK","0",""
"KYP","3","AKY RGN SNW"
"KYU","3","FAI GAL NUL"
"KYZ","5","DME KJA OVB UBN UUD"
"KZI","2","ATH KSO"
"KZN","72","AER ALA ASB AUH AYT BAX BEG BSZ BUS CEE CEK CXR DLM DME DXB DYU EVN GOJ GRV GYD HMA HRG HRI IAR IKT IST KEJ KGD KJA KLF KQT KRR KVX LBD LED MCX MMK MQF MRV MSQ NAL NJC NNM NOZ NQZ NSK NUX OGZ OMS OSS OVB PEE PVG REN RKT RMZ SGC SHJ SKD SKX SLY SSH SVO SVX SYX TAS TBS TOF UFA USK UUD VKO"
"KZO","3","ALA AYT NQZ"
"KZR","2","DUS IST"
"LAD","0",""
"LAE","11","BUA BUL FIN GKA GUR HKN MAG MAS PNP POM RAB"
"LAF","1","ORD"
"LAH","2","MDC TTE"
"LAK","1","YEV"
"LAL","8","ATL BNA DTW GRR HVN ILG ROC USA"
"LAN","5","DCA DTW MCO ORD RSW"
"LAO","2","BSO MNL"
"LAP","14","AGU CEN CJS CUL CUU GDL HMO LAX LMM MEX MTY MZT QRO TIJ"
"LAQ","1","MJI"
"LAR","0",""
"LAS","172","ABQ ACV ALB AMA AMS ANC APA ATL ATW AUS AVL AZA BDL BHM BIL BIS BLI BLV BNA BOI BOS BUF BUR BWI BZN CAK CCR CDG CHA CID CLD CLE CLT CMH COS CVG DAL DCA DEN DFW DSM DTW DUB EAU ELP EUG EWR FAR FAT FCA FLL FNT FRA FSD FWA GDL GEG GFK GJT GPT GRI GRR GTF GUP HNL HOU HSV IAH ICN ICT IDA IND ITO JAX JFK KOA LAX LBB LEX LGB LHR LIH LIT LNK LRD MAF MAN MCE MCI MCO MDW MEM MEX MFE MFR MIA MKE MLI MOT MRY MSO MSP MSY MTY OAK OGG OKC OMA ONT ORD ORF PAE PDX PGA PHL PHX PIA PIT PSC PSP PTY PVR PVU RAP RDM RDU RFD RIC RNO RSW SAL SAN SAT SBA SBN SCF SCK SDF SFO SGF SHV SJC SJD SJO SLC SMF SMO SMX SNA STL STS SYD SYR TPA TUL TUS TWF TYS VNY VPS XNA XWA YEG YLW YQR YUL YVR YWG YXE YYC YYZ ZRH"
"LAU","4","KWY MBA NBO WIL"
"LAW","0",""
"LAX","180","ABQ ACV AGU AKL AMS ANC ASE ATL AUS BCN BKK BNA BNE BOI BOS BUF BWI BZE BZN CAI CAN CDG CHS CLE CLT CMH CMN CPH CSW CVG DAL DCA DEN DFW DOH DSM DTW DUB DXB EGE ELP EUG EWR FAT FCA FCO FLL FRA GCM GDL GEG GRU GSP GUA HDN HEL HKG HND HNL HOU IAH ICN IND IPL IST JAC JAX JED JFK KIX KOA LAP LAS LHR LIH LIM LIR LIS LTO MAD MCE MCI MCO MDW MEL MEM MEX MFR MIA MID MLM MNL MRY MSN MSO MSP MSY MTJ MTY MUC MZT NAN NRT OAK OAX OGG OKC OMA ORD ORF ORY PAE PBC PBI PDX PEK PHL PHX PIT PPT PRC PSC PSP PTY PVD PVG PVR PWM QRO RDD RDM RDU RIC RNO RSW SAF SAL SAN SAT SBA SBP SCL SDF SEA SFO SGN SGU SIN SJC SJD SJO SLC SMF STL STS SUN SYD SZX TFU TLV TPA TPE TPQ TUL TUS UPN VIE WAW XMN XNA YEG YLW YUL YVR YYC YYZ ZCL ZIH ZLO ZRH"
"LBA","33","AGA AGP ALC AMS AYT BCN BFS BHD BJV BUD CDG CFU CHQ CLJ CTA DBV DUB GCI GRO GVA IBZ KRK MAH OTP PMI POZ PRO SKG VIE VRN WAW WRO ZTH"
"LBB","7","AUS DAL DEN HOU IAH LAS PHX"
"LBC","5","AGP AYT MUC PMI STN"
"LBD","16","CEK DME DYU KHG KJA KZN LED MRV OVB SGC SVX TJM UFA URC VKO ZIA"
"LBE","0",""
"LBF","1","DEN"
"LBJ","11","BJW CGK DPS ENE KOE KUL LOP MOF SIN SUB WGP"
"LBL","0",""
"LBP","3","BBN MUR MYY"
"LBR","2","CIZ PVH"
"LBS","2","NAN SUV"
"LBU","5","BKI HKG KUL MYY SZB"
"LBV","28","ABJ ADD BGF BZV CDG CMN COO DLA FIH IST JNB KGL KOU LAD LFW LOS LUX MJL MKU MVB NSI OYE PCP PNR POG SSG TCH TMS"
"LBW","3","LNU NNX TRK"
"LCA","19","AMM ATH ATL CAI CDG CGN FCO FRA IST JFK LEJ LGG MST MXP OST PSA TLV VBS VCE"
"LCE","6","GCM GJA RTB SAP TGU UII"
"LCG","6","BCN GVA LPA MAD MXP TFN"
"LCH","1","IAH"
"LCJ","10","AGP ALC AYT BGY BHX BJV BOJ CRL STN TIA"
"LCK","11","CHS EYW FLL JAX MYR PGD PIE SAV SFB SRQ VPS"
"LCR","2","ACR LET"
"LCX","7","CAN CSX CTU KMG NKG PKX PVG"
"LCY","27","AGP AMS BER BHD CMF DUB EAS EDI EGC FAO FLR FRA GCI GLA GVA IBZ IOM JSI LIN LUX NCE OLB PMI RTM SPU TLN ZRH"
"LDB","6","BPS CGH CWB GRU MCZ VCP"
"LDE","11","BGY CIA CRL CTA DUB LIS MLA NAP ORY PMO STN"
"LDG","1","VKV"
"LDH","4","NTL OOL PQQ SYD"
"LDN","1","KTM"
"LDS","7","CAN DLC HEK HRB PKX PVG SHE"
"LDU","2","BKI SDK"
"LDX","3","CAY GSI MPY"
"LEB","0",""
"LEC","1","SSA"
"LED","112","ABA AER ALA ARH ASF AYT AZN BAX BEG BJV BKK BQT BSZ BUS CEE CEK CIT CMB CMN CSY CXR DLM DME DXB DYU EVN GDZ GME GOJ GRV GSV GYD HKT HMA HRG IAR IJK IKA IKT IST IWA JOK KEJ KGD KJA KLF KMW KRO KRR KSQ KVK KVX KZN LBD MCX MIR MMK MQF MRV MSQ NAL NBC NJC NMA NNM NOJ NOZ NQZ NSK NUX NYM OGZ OMS OSS OSW OVB OVS PEE PEK PEZ PVG REN RGK RMZ SAW SCW SGC SKD SKX SLY SSH STW SVO SVX SYX TAS TBS TBW TFU TJM TJU TLV TMJ TOF UCT UFA UGC ULV VGD VKO VOG YKS"
"LEI","22","BCN BHX BRS BRU BUD CRL LBA LGW LPA LPL LTN LUX MAD MAN MLN OPO ORY PMI PRG RTM SEN STN"
"LEJ","15","AYT BJV BOJ DJE FNC FRA FUE HER HRG IST LPA MIR PMI TFS VIE"
"LEL","2","DRW GOV"
"LEN","6","AGP BCN IBZ LPA MAH PMI"
"LEQ","1","ISC"
"LER","1","PER"
"LET","5","BOG LCR LPD SJE TCD"
"LEU","2","MAD PMI"
"LEV","1","SUV"
"LEX","18","ATL CLT DCA DEN DTW FLL LAS LGA MIA MSP MYR ORD PGD PHL PIE SFB SRQ VPS"
"LFM","5","AWZ BND MHD SYZ THR"
"LFQ","17","CAN CGQ CKG CSX DLC HET HGH HRB KMG NGB NKG PEK PVG SZX TFU TSN WUH"
"LFR","2","CCS PMV"
"LFT","4","ATL CLT DFW IAH"
"LFW","15","ABJ ABV ADD BRU BWI CDG CMN COO EWR NDJ NSI OUA RAI SSG TMS"
"LGA","87","ACK ALB ATL AUA AVL BGR BHM BNA BOS BTV BUF BWI BZN CAE CHA CHO CHS CLE CLT CMH CVG DAL DCA DEN DFW DSM DTW ECP EYW FCA FLL GRR GSO GSP HHH HOU HSV HYA IAH ILM IND JAX LEX LIT MCI MCO MDW MEM MIA MKE MSN MSP MSY MVY MYR NAS OKC OMA ORD ORF ORH PBI PIT PNS PWM RDU RIC ROA ROC RSW SAV SDF SLC SRQ STL SYR TPA TUL TVC TYS VPS XNA YHZ YTZ YUL YYC YYZ"
"LGB","3","HNL OGG SLC"
"LGD","5","GEG HES LMT PDT PDX"
"LGG","68","ABJ ABV ADD ALA ATL BHM BKO BOM BSL BUD BZV CAN CGO CKG CPH DLA DOH DWC EBB FIH GOT GSP HGH HKG IAH ICN IND IST JFK JNB JUB KEF KGL KHN LAX LCA LLW LOS LPA LUN MEM MEX MIA MUC MXP NBO NIM NLU NRT NUE OAK ORD OSL OSR OUA PVG SIN SOF STR TAO TFS TLV TNA VIE YHZ YNT YYZ ZAZ"
"LGI","3","NAS SML ZSA"
"LGK","9","BLR DXB JHB KUL PEN SIN SZB TAS WAW"
"LGL","3","BBN MUR MYY"
"LGS","6","AEP BHI CRD MDZ NQN PMY"
"LGW","222","AAL ABV ABZ ACE ADB ADD AES AEY AGA AGP ALC AMD AMS ANU ARN ASB ATH ATQ AYT BAH BCN BDS BER BES BFS BGI BGO BHD BIA BIO BIQ BJL BJV BKK BLL BOD BOJ BOS BRI BSL BUD BVC BZO CAG CAN CDG CFU CGN CGO CHQ CMB CMF CMN CPH CPT DBV DLM DOH DSS DUB DXB EBB EBL EDI EFL FAE FAO FCO FDH FLR FNA FNC FRA FUE GCI GDN GEO GIB GLA GNB GND GOT GOX GRZ GVA GYD HAM HEL HER HKT HRG IBZ INN INV IOM ISB IST IVL JED JFK JMK JSI JTR KAO KEF KGS KIN KLX KRK KTT KUL LCA LEI LIN LIS LJU LOS LPA LRH LRM LXR LYS MAD MAH MBJ MCO MED MJT MLA MLB MPL MRS MRU MUC MXP NAP NBE NBO NCE NQY NTE OHD OLB OPO ORK OSL OTP OVD PEK PFO PMI PMO POS PRG PRO PSA PUJ PUY PVG PVK RAK RBA REU RHO RIX RMF RMI RMU RNS RVN SAW SCR SHJ SID SIN SKB SKG SMI SNN SOF SPC SPU SSH STR SUF SVG SVQ SXB SZG TAB TAO TAS TFS TGD TIA TIV TLL TLS TLV TNG TOS TPA TRD TRN TTU UVF VCE VIE VLC VRN WAW WRO XRY YHZ YOW YUL YVR YYT YYZ ZAD ZRH ZTH"
"LHE","19","BAH BGW BKK CAN CMB DMM DXB GYD ISB IST JED KDU LHR MAN MCT MHD NJF RUH TAS"
"LHG","1","WGE"
"LHN","1","CNF"
"LHR","222","ABV ABZ ADD AGP ALA ALG AMM AMS ANU ARN ATH ATL AUH AUS BAH BCN BDA BDS BEG BER BEY BGI BHD BIO BJV BKK BLL BLQ BLR BNA BOG BOM BOS BRU BSL BUD BWI BWN CAI CAN CDG CFU CHQ CKG CLT CMB CMN CPH CPT CSX CVG DAC DBV DEL DEN DFW DLM DMM DND DOH DTW DUB DXB EDI EFL EWR EZE FAO FCO FLR FRA GCI GCM GIB GIG GLA GND GOT GRU GVA GYD HAJ HAK HAM HAN HEL HER HKG HKT HND HYD IAH IBZ ICN INN INV IOM ISB IST JED JFK JMK JNB JTR KEF KGL KOI KRK KUL KWI LAS LAX LCA LHE LIN LIS LJU LOS LSI LUX LXR LYS MAA MAD MAN MBJ MCO MCT MEL MEX MIA MLA MLE MRS MSP MSY MUC MXP NAP NAS NBO NCE NCL NOC NUE OLB ORD ORK ORY OSL OTP PDL PDX PEG PEK PER PFO PHL PHX PIT PKX PLS PMI PMO PRG PRO PSA PVG PVK RAK RDU RHO RMI RUH SAN SCL SEA SFO SGN SIN SJO SKG SLC SNN SOF SPU STL STR SVD SVQ SYD SZG SZX TAO TAS TBS TFS TFU TIA TIV TLS TLV TOS TPA TPE TSN VCE VIE VLC WAW WUH XIY YHZ YOW YUL YVR YYC YYZ ZAG ZRH ZTH ZYL"
"LHW","98","AAT ACF AKA AKU BKK BPL CAN CGO CGQ CKG CSX CTU CZX DHH DLC DMK DNH DSN DYG ENH ENY FOC FYN HAK HET HFE HGH HIA HKG HMI HNY HRB HTN HZG IQN JBK JGN JHG JIC JJN JUH JUZ KHG KHN KMG KRL KRY KUL KWE KWL LFQ LJG LNL LXA LYA LYG MIG NGB NGO NKG NNG PEK PKX PVG QSZ SHA SHE SHF SHS SIN SJW SWA SYX SZX TAO TEN TFU TNA TSN TYN URC UYN VTE WDS WGN WMT WNZ WUH WUX WXN XFN XMN YIH YIN YTY YZY ZUH ZYI"
"LIF","4","GEA MEE NOU UVE"
"LIG","13","AGP AJA BRS EMA LBA LYS MAN MRS ORY PMI RAK RMA STN"
"LIH","4","PDX SFO SMF YVR"
"LIJ","12","CAN CKG CSX HSN KMG KWE PEK PVG SZX TAO TFU XIY"
"LIL","30","AGA AJA ALC ALG ATH BCN BIA BIQ BJA BOD BRI BSL CFU CIY DBV DSS HER LPA MIR MPL MRS OPO PMI PMO RHO SPU SVQ TGD VAR VCE"
"LIM","69","AEP AMS ANF ANS AQP ASU ATA ATL AUA AYP AYX BCN BOG BSB CDG CHH CIX CJA COR CTG CUZ CWB EWR EZE FLL GIG GRU GYE HUU IAH IGR IQT JAE JAU JFK JUL LAX LPB MAD MBJ MDE MDZ MEX MIA MVD MZA PCL PEM PIU POA PTY PUJ ROS SAL SCL SDQ SJO SLA SLC TBP TCQ TGI TPP TRU TYL UIO VVI YUL YYZ"
"LIN","35","AHO AMS AOI ARN BCN BHX BRI BRU CAG CDG CPH DUB DUS EBA FOG FRA FSC HEL IBZ LCY LHR LMP LUX MAD MLA MUC NAP OLB OPO PMI PNL SPU STR TFS VIE"
"LIO","3","BOC SJO TTQ"
"LIQ","2","BMB GMA"
"LIR","9","DEN MSP ORD YOW YUL YVR YWG YYC YYZ"
"LIS","161","ADB AGA AGP ALC ALG AMS ARN ATH AUH AZS BCN BEG BEL BER BGY BHX BIO BJL BLQ BOD BOS BRS BRU BSB BUD BVA BVC BWI CCS CDG CGN CLJ CMN CNF CPH CRL CUN CWB DJE DOH DSS DUB DUS DXB EDI EIN ESB EWR FAO FCO FLN FLR FNC FOR FRA GIG GLA GRU GVA HAJ HAM HEL HGH HOR IBZ ICN IST JFK KEF KRK LAX LDE LGW LHR LIN LPA LPL LRM LTN LUX LYS MAD MAH MAN MAO MBJ MCO MCZ MIA MIR MLA MPL MPM MRS MRU MUC MXP NAP NAT NBJ NCE NCL NDR NTE OPO ORD ORY OSL OTP OUD OVD OXB PDL PHL PIX PKX PMI PMO POA POZ PRG PSA PUJ PXO RAI RAK RIX RMO RTM SFB SFO SID SLZ SMA SOF SSA STN STR SVQ TER TFS TIA TLS TLV TMS TNG TSF TUN VCE VCP VIE VLC VXE WAW WMI WRO YHZ YUL YYZ ZNZ ZRH"
"LIT","18","ATL BNA CLT DAL DCA DEN HOU IAH LAS LGA MCO MIA ORD PHX PIE SFB SLC VPS"
"LIW","4","HEH MDL NYT RGN"
"LIX","2","LLW MFU"
"LJA","1","FIH"
"LJG","57","BKK CAN CGO CKG CSX CTU CZX DLC DZH FOC HAN HFE HGH HIA HJJ HKG HNY INC JHG KHN KMG KWE KWL LHW LUM LXA LZO MIG NGB NKG NNG PEK PKX PVG SGN SHA SHE SJW SWA SZX TFU TNA TSN TYN WDS WNZ WUH WUX XFN XIY XMN YBP YNT YNZ ZAT ZUH ZYI"
"LJU","41","AMS ATH BCN BEG BRU CDG CGN CPH DXB EDI FRA HEL HER HRG INI IST KGS LEJ LGW LHR LPA LTN LUX MAD MAN MIR MUC ORY PRN RIX SAW SJJ SKP SMI TFS TGD TIV TLV VCE WAW ZRH"
"LKA","1","KOE"
"LKB","1","SUV"
"LKG","3","LOK RBX WIL"
"LKH","2","MUR MYY"
"LKI","2","BTJ KNO"
"LKL","2","OSL TOS"
"LKM","2","GTO MDC"
"LKN","6","BOO OSL RET SKN SVJ TOS"
"LKO","16","AUH BHO BOM DEL DMK DXB HYD JED JRG KQH KUL MCT NMI PNQ RKT RUH"
"LKY","6","ARK DAR HTMR MWZ SEU ZNZ"
"LLA","6","ARN GOT ORY PJA UME ZRH"
"LLB","2","ACX WMT"
"LLF","3","HAK PKX XIY"
"LLI","4","ADD AXU BJR GDQ"
"LLJ","1","CGK"
"LLK","1","VKO"
"LLM","1","HIR"
"LLO","1","UPG"
"LLU","2","JJU JNN"
"LLV","16","CKG HAK HGH HRB INC KMG KWE NKG PEK PKX PVG SHE TFU TSN WUH XIY"
"LLW","2","DWC NBO"
"LMA","1","FAI"
"LMC","2","BOG VVC"
"LML","2","KWA MAJ"
"LMM","10","CSW CUU GDL LAP LTO MEX MTY MXL SJD TIJ"
"LMN","4","BKI KCH LWY MYY"
"LMP","10","BGY BLQ CTA LIN MXP NAP PMO TPS VCE VRN"
"LMT","3","MFR PDX RDM"
"LMU","2","BTH TNJ"
"LMV","0",""
"LMY","2","OBX UNG"
"LNE","2","SON VLI"
"LNJ","4","KMG PKX PVG TFU"
"LNK","5","DEN DFW LAS MCO ORD"
"LNL","10","DNH HAK HGH KWE LHW PKX PVG TAO URC XIY"
"LNO","2","LVO PER"
"LNS","4","BWI MCO ORD PIT"
"LNU","4","BPN LBW LPU TRK"
"LNV","4","CNS KVG POM RAB"
"LNY","3","HNL MKK OGG"
"LNZ","12","ALC AYT BRI FRA HER IST KGS LEJ LJU MAD PMI STN"
"LOD","2","SON VLI"
"LOE","1","DMK"
"LOK","3","EDL LKG WIL"
"LOP","13","BMU BPN BWX CGK DPS KUL SIN SUB SWQ TMC UPG WGP YIA"
"LOS","53","ABB ABJ ABV ADD AKR AMS ANU ATL AUH BEY BGI BJL BNI BWI CAI CBQ CDG CMN COO DAR DLA DNAN DNBK DNBY DOH DSS DXB EBB ENU FIH FNA FRA IBA ILR IST JFK JNB JOS KAD KAN KGL LBV LGW LHR MXP NBJ NBO PHC QOW QRW QUO ROB SSG"
"LPA","109","ACE AES AGA AGP AMS ARN BCN BER BFS BGO BGY BHX BJZ BLE BLL BLQ BOD BOH BRS BRU BSL BUD CGN CPH CRL CWL DSS DUB EAS EDI EIN EMA EUN EXT FCO FMM FNC FRA FUE GCI GLA GMZ GOT GRQ GRX GVA HAJ IBZ INV KLR KRK KRS KSD KTW LBA LCG LEJ LGW LIN LJU LPL LTN MAD MAN MUC MXP NAP NCL NDB NKC NTE ORK OSL OST OTP OVD PDL PIK PMI PNA PRG PSA RAK RMU RTM SDL SDR SNN SPC STN STR SVG TFN TFS TRD TRF TSF VDE VGO VIE VIL VIT VLC VRN VXO WRO XRY ZAZ ZRH"
"LPB","12","BOG CBB CIJ CUZ IQQ LIM SCL SRE TDD TJA UYU VVI"
"LPD","1","LET"
"LPF","5","HUZ NKG PEK SZX TEN"
"LPI","3","AMS HEL ORB"
"LPK","5","AAQ AER DME LED SIP"
"LPL","45","AGP ALC AMS AYT BCN BGO BHD BJV CDG CIA DUB FAO GDN GVA HRG IAS IOM KGS KRK KSC LCA LEI LIS MLA NBE NCE ORK OTP PFO PMI POZ PRG RHO RVN SOF SPU SZZ TFS TRN VIE WAW WMI WRO ZAD ZTH"
"LPQ","9","BKK CNX DMK HAK HAN KMG SAI VTE XKH"
"LPT","1","DMK"
"LPU","1","TJS"
"LPY","1","ORY"
"LPZ","2","BGA EOH"
"LQM","1","PUU"
"LRD","16","CJS CVG ELP GDC GSO GYY IAH MCI MEM OAK PBC QRO SAT SDF SLW TOL"
"LRE","3","BNE TSV WIN"
"LRH","9","BRS CRL DUB GVA LYS MAN MRS NCE RAK"
"LRM","11","BHX FCO FRA LGW LIS MAD MIA MXP ORY VRN YUL"
"LRR","5","DOH DXB KWI SHJ THR"
"LRS","5","ATH JKL JTY KGS RHO"
"LRT","1","TLS"
"LRU","1","ABQ"
"LRV","1","CCS"
"LSA","1","GUR"
"LSC","4","ARI CJC IQQ SCL"
"LSE","3","AZA ORD SFB"
"LSH","2","HEH RGN"
"LSI","7","ABZ BHD EDI GLA KOI LHR MAN"
"LSP","2","CCS CUR"
"LSR","1","BTJ"
"LST","2","HBA MEL"
"LSW","1","KNO"
"LTD","1","MJI"
"LTI","1","UBN"
"LTK","0",""
"LTM","1","OGL"
"LTN","130","ABZ ACE ADB AGA AGP ALC AMS ATH AYT BBU BCM BCN BEG BER BFS BHD BIO BJV BLQ BOD BOJ BSL BTS BUD BZG BZR CDG CFU CHQ CLJ CND CRA DEB DJE DLM DTM DUB EDI FAO FCO FNC FUE GDN GHV GLA GNB GRO GVA HER HRG IAS IBZ INN INV IOM IST JMK JSI KEF KGS KIR KRK KSC KTW KUN LCA LEI LIS LJU LPA LUZ LYS MAD MAH MLA MXP NAP NBE NCE NOC OLB OPO ORK PDV PFO PMI PMO POZ PRG PRN PRO PSA PUY PVK RAK REU RHO RMO RMU RVN RZE SBZ SCV SJJ SKP SOF SPU SPX SSH SUJ SVQ SZG TBS TFS TIA TIV TLL TLV TOS TRN TSF TSR VAR VCE VLC VRN WAW WRO ZRH ZTH"
"LTO","7","GYM LAX LMM PHX SFO TIJ YYC"
"LTT","6","CUF GVA MCM NCE PMF SIR"
"LUA","3","KTM PPL RHP"
"LUD","1","ERS"
"LUH","0",""
"LUM","23","CAN CKG CSX CZX HGH JHG JMJ KHN KMG KWE LJG MDL NGB NKG PKX PVG RGN SJW SWA TFU TYN WUH WUX"
"LUN","22","ADD AMS CPT DAR DOH DXB EBB GBE HRE IST JNB KAA KGL LGG LLW LVI MFU MNS NBO NLA SLI WDH"
"LUP","0",""
"LUQ","1","AEP"
"LUR","1","OTZ"
"LUV","2","AMQ TIM"
"LUW","4","CGK MDC PLW UPG"
"LUX","113","ACE ADB AGA AGP AJA ALC AMS ARN ATH AUH AYT BCN BDS BER BGY BIA BIO BIQ BLQ BOD BOJ BRI BUD BVC BWK CAG CAN CDG CFU CGO CHQ CLY CPH DBV DJE DSS DUB DWC EDI FAO FLR FNC FRA FUE GPA GRO GVA GWT HAM HDF HEL HER HRG IBZ IST JMK JTR KGS KRK LCY LEI LHR LIN LIS LJU LPA LXR MAD MAH MAN MIR MLA MPL MRS MUC MXP NAP NBE NCE OPO OSL PMI PMO PRG PRN PSR PXO QSR RAI RAK RHO RMF RMI SID SKG STN SUF SVQ TFS TIV TLN TLS TUN VAR VCE VIE VLC VXE WAW XRY ZAD ZRH ZTH"
"LUZ","12","BGY BOJ DUB FCO FRA GDN LTN MST RJK SPU TLV WAW"
"LVI","6","CPT JNB LUN MQP NBO WDH"
"LVO","2","LNO PER"
"LVP","4","AWZ IFN SYZ THR"
"LWB","2","CLT ORD"
"LWE","1","KOE"
"LWS","2","SEA SLC"
"LWY","4","BKI BKM LMN MYY"
"LXA","51","AHJ BPX CAN CGO CKG CSX CTU CZX DIG DZH GOQ GXH GYS HET HFE HGH HKG JHG KMG KTM KWE LHW LJG LYI LZO MIG NAO NGQ NKG NNG NTG PEK PHH PVG SHA SIN SJW SQJ SWA SZX TAO TFU TSN TYN URC WDS WMT WUH XIY XNN YBP"
"LXD","3","FLZ GNS PDG"
"LXG","1","VTE"
"LXR","24","ATH BCN BER BIO BLQ BRU CAI CDG CTA DUS FCO HRG JED KWI LGW LHR LUX MAN MXP ORY SAW SSH VLC VRN"
"LXS","9","ATH HEL JIK JKH MJT RHO SKG SMI VIE"
"LYA","24","BAV BHY BKK CAN CIF CKG DLC FOC HAK HET HMI HRB KHN KMG KWE NNG PVG SHA SHE SYX SZX TFU URC ZUH"
"LYB","1","GCM"
"LYC","3","AJR ARN HMV"
"LYG","27","CAN CGQ CKG CSX DLC DSN FOC HAK HRB HSN JJN KHN KMG KWE LHW NGB NNG PEK SHE SJW SWA SZX TFU TSN WUH XMN ZUH"
"LYH","3","BWI CLT ORD"
"LYI","36","CAN CGQ CKG CSX CTU DLC DYG FOC HAK HGH HKG HRB HSN INC KHN KIX KMG KWE KWL LXA NGB NNG PVG SHA SHE SWA SYX SZX TFU TYN URC WNZ WUH XIY XMN XNN"
"LYP","6","AUH DXB JED KHI MED SHJ"
"LYR","5","ENSA MMK OSL QEN TOS"
"LYS","112","AAE ACE ADB ADD AGA AJA ALC ALG AMM AMS ARN ASR ATH AYT BCN BDS BER BEY BIA BIQ BJA BLJ BLL BLQ BOD BRU BSK BUD CAI CDG CFU CGN CHQ CLJ CLY CMN CPH CTA CZL DJE DSS DUB DUS DWC DXB EVN FCO FEZ FLR FNC FRA FSC FUE GVA HAM HER HRG IBZ IST JED KRK KUT LGW LHR LIG LIS LPA LPL LTN LXR MAD MAH MAN MED MIR MLA MUC MXP NAP OPO ORK ORN OSL OTP PFO PRG PUF QSF RAK RBA RHO RMO RNS RUN RVN SAW SID SKP SOF SPU SXB TFS TGD TIA TLM TLV TNG TUN VIE VLC WAW YUL"
"LZG","4","CAN PEK PVG SZX"
"LZH","18","BAR CGO CGQ CKG DLC HAK HFE HGH HRB NGB NKG PEK PVG TAO TFU WUH XIY XMN"
"LZN","3","KHH RMQ TSA"
"LZO","32","CAN CGO CSX DLU FOC HFE HGH HUZ INC JHG JJN KHN KMG LJG LXA NGB NKG NNG PKX SHA SJW SWA SYX SZX TNA URC WUH XIC XIY XMN XNN ZUH"
"LZY","8","CAN CKG CTU HFE MIG PEK TFU XIY"
"MAA","56","ADD AMD AMS AUH BAH BKK BLR BOM BWN CAN CCU CGO CMB CNN COK DAC DED DEL DMK DOH DWC DXB EHU FRA GAU GOI HDO HKG HKT HYD IST IXA IXM JAI KMG KNU KUL KWI LHR LKO MCT MRU NNG PAT PNQ PVG RDP RGN RQY RUN SAG SHJ SIN SXV SZX TFU"
"MAB","3","BEL BSB CNF"
"MAD","179","ACE ADB ADD ALC ALG AMM AMS AOI ARN ASU ASW ATH ATL AUH BCM BCN BEG BEY BIO BKK BLQ BOG BOS BRI BRU BSL BUD BVC BWI CAG CAI CAN CBB CCS CDG CFU CKG CLJ CLO CLT CMN COR CPH CRA CTA CTG CUN DFW DOH DSS DUB DUS DWC DXB EDI EIN ESB EWR EZE FCO FEZ FLR FRA GDL GDN GOA GRU GUA GVA HAV HEL HGH HKG IAH IAS IBZ ICN IST JED JFK JMK JNB JTR KEF KRK KTW KUN KUT KWI LAX LCG LCY LGW LHR LIM LIS LJU LPA LRM LTN LUX LXR LYS MAH MAN MDE MEX MFM MIA MLA MPL MRS MRU MTY MUC MVD MXP NCE NDR NTE ORD ORY OSL OTP OVD PEK PHL PMI PRG PUJ PVG RBA REC RIX RMO RUH SAL SAW SBZ SCL SDQ SFO SID SJO SKP SOF SSG SZX TAS TFN TFU TIA TIV TLS TLV TNG TOS TRN TSF TSR TTU UGC UIO VCE VCP VGO VIE VIT VRN VVI WAW WNZ WRO XPL YHZ YUL YYZ ZAG ZRH"
"MAF","7","AUS DAL DEN HOU IAH LAS PHX"
"MAG","5","LAE MAS POM VAI WWK"
"MAH","72","AGP ALC AMS BCN BER BES BFS BGY BHX BIO BLQ BOD BOH BRS BRU BSL BZO CDG CGN CRL CWL DUB EAS EDI EMA EXT FCO FLR FRA GLA GVA HAJ IBZ LBA LEN LGW LIL LIN LIS LPA LPL LTN LUX LYS MAD MAN MPL MRS MUC MXP NAP NCL NTE NWI OPO ORY OSL OVD PMI PRG STN STR SVQ TLS TSF VCE VIE VLC VRN WAW ZAZ ZRH"
"MAJ","32","AIC AIM AUL BII BNE EAL EBO EJT ENT GUM HNL INU JEJ KIO KSA KWA LML MAV MIJ MJB MJE NDK PNI RNP ROR TKK TRW UIT UJE UTK WTE WTO"
"MAM","1","MEX"
"MAN","1","CDG"
"MAO","31","BAZ BEL BOG BSB BVB CAF CIZ CNF FOR GIG GRU IRZ ITB IUP LBR LIS MBZ MIA MNX PIN PTY PVH RBB RBR RPU SJL STM TBT TFF TMT VCP"
"MAQ","1","DMK"
"MAR","8","BOG CCS CGU MUN PMV PTY STB VLN"
"MAS","4","KVG LAE MAG POM"
"MAU","3","BOB PPT RFP"
"MAV","2","AUL MAJ"
"MAY","1","NAS"
"MAZ","1","SJU"
"MBA","24","ADD AMS ASV DAR DXB EBB EDL FCO FRA IST KEU KGL KIS LAU MRE MXP MYD NBO PRG UKA VRN WIL WRO ZNZ"
"MBE","1","HND"
"MBI","1","ZNZ"
"MBJ","7","MSP ORD YEG YUL YWG YYC YYZ"
"MBL","1","ORD"
"MBQ","3","EBB JIN PAF"
"MBS","2","DTW ORD"
"MBT","2","CEB CRK"
"MBW","2","DPO KNS"
"MBZ","1","MAO"
"MCE","3","HHR LAS LAX"
"MCG","0",""
"MCI","56","ABQ ATL AUS BNA BOS BWI CHS CLT CMH DAL DCA DEN DFW DTW ECP EWR FLL GUF HOU IAH IND JFK LAS LAX LGA MBJ MCO MDW MIA MKE MSP MSY MYR ORD ORF PDX PGD PHL PHX PIE PNS PUJ RDU RSW SAN SAT SAV SEA SFO SJD SLC SMF SRQ STL TPA VPS"
"MCK","1","DEN"
"MCM","1","NCE"
"MCN","2","BWI FLL"
"MCO","170","ABE ABQ ACY ALB AMS ATL ATW AUA AUS AVL AVP BDA BDL BGR BHM BNA BOG BOS BQN BRO BSB BTV BUF BWI CAK CDG CHS CID CLE CLT CMH CNF CRW CVG DAL DCA DEN DFW DSM DTW DUB DXB EDI ELP ERI EVV EWN EWR EYW FAR FLL FOR FPO FRA GCM GDL GPT GRR GRU GSO GSP GUA HOU HPN HSV HVN IAH ILG ILM IND ISP JAN JFK KEF LAN LAS LAX LBE LGA LGW LHR LIM LIS LNK LNS MAD MAN MBJ MCI MDE MDW MEM MEX MHT MIA MID MKE MSN MSP MSY MTY MUC MYR NAS NRT OGS OKC OMA ORD ORF ORH PBI PDX PHL PHX PIT PLS PNS POS PSE PSM PTY PUJ PVD PVU PWM QRO RDU REC RIC ROC RSW SAL SAN SAP SAT SBN SBY SCL SDF SDQ SEA SFO SJO SLC SMF SNA SPI SRQ STI STL STT SWF SXM SYR TRI TTN TUL TYS VCP XNA YEG YHM YHZ YOW YUL YVR YWG YYC YYZ"
"MCP","5","BEL BSB GIG GRU OYK"
"MCT","46","ADD AER AHB ALA AMS AUH BAH BGW BOM CAI CGP CNN COK DAC DAM DAR DEL DMM DOH DXB HYD IKA ISB IST KHI MHD MLE MSH MUX NBO NJF PKX RUH SAW SHJ SIN SJJ SPX SYZ TAS TIF TRV TZX VIE ZBR ZYL"
"MCV","1","DRW"
"MCW","0",""
"MCX","38","AER AUH BHK BSZ CEE CEK CSY DME DWC DXB EVN GSV IST JED KJA KRR KZN LED MRV MSQ NBC NMA NNM NUX PEE PES SCO SGC SHJ SVO SVX TAS UFA UGC ULV VKO VOG ZIA"
"MCY","9","ADL AKL BNE CNS DPS EMD MEL SIN SYD"
"MCZ","21","ARU BSB CAC CGH CNF COR CPV EZE GIG GRU JTC LDB LIS PPB RAO REC SJP SSA UBA UDI VCP"
"MDA","0",""
"MDC","27","AMQ BPN BRG CAN CGK DJJ DPS FOC GTO ICN KAZ KMG LAH LKM LUW MNA NAH NGB NKG SIN SOQ SUB SZX TIM TPE TTE UPG"
"MDE","43","ADZ AUA AXM BAQ BGA BLB BOG BON CCS CLO CTG CUC CUN CUR EZE FLL GUA GYE IAH JFK LIM MAD MBJ MCO MEX MIA MTR NLU PAC PEI PSO PTY PUJ SAL SCL SDQ SJO SJU SMR UIO VLN YUL YYZ"
"MDG","11","CAN CKG DLC HGH ICN PEK PVG SHA SZX TAO TFU"
"MDK","3","BNB FIH GMA"
"MDL","30","AKY BKK BMO CNX DMK HEH HFE HGH IMF JJN KET KHM KHN KMG KMV LIW LSH LUM LYI MYT NYT NYU OVB PKK RGN SNW SRU THL TPE YNT"
"MDQ","7","AEP BHI BRC COR MDZ PMY REL"
"MDT","15","ATL BNA BOS BWI DTW FLL JAX MIA MYR ORD PGD PHL PIE SFB SRQ"
"MDW","96","ABQ AGU ALB ATL AUS AVL BDL BHM BNA BOI BOS BUF BUR BWI BZN CHS CLE CLT CMH COS CVG DAL DCA DEN DFW DGO DSM DTW ECP ELP EWR FLL GDL GEG GRR HOU IAH ICT IND JAX LAS LAX LGA LGB MBJ MCI MCO MEM MHT MIA MKE MLM MSP MSY MYR OAK OKC OMA ONT ORF PDX PGD PHL PHX PIT PNS PSP PUJ PVD PVU PWM RDU RIC RNO ROC RSW SAN SAT SAV SDF SEA SFO SJC SJD SLC SLP SMF SRQ STL TPA TUL TUS TYS VPS YTZ ZCL"
"MDZ","22","AEP AUA BHI BRC COR CRD EZE FLN GIG GRU JUJ LGS LIM MDQ NQN PMY PTY PUJ ROS SCL SLA VCP"
"MEB","2","FLS KNS"
"MEC","2","PTY UIO"
"MED","84","ADB ADD ADU AHB ALA ALG AMM ASB ATZ AUH AWZ AZD BAH BEY BGW BND BOM BTJ BUZ CAI CGK CGP CMN DAC DMM DOH DXB ESB GBT GRV GSM GYD HAS HBE HDM HMB HOF HYD IFN IKA ISB IST JED JWN KAN KBL KER KHI KNO KUL KWI LGW LHE LYP LYS MCT MHD MNL MRS MUX OMH ORY RAK RAS RUH SAW SHJ SKD SKT SPX SRY SSH SUB SYZ TAS TBZ TLS TUN TUU TZX UPG XBJ YIA ZAH"
"MEE","5","GEA LIF NOU TGJ UVE"
"MEH","5","BJF BVG HFT HVG VDS"
"MEL","73","ADL AKL ASP AUH AYQ BKK BME BNE BNK BQB BWN BWT CAN CBR CFS CGK CHC CMB CNS DBO DEL DOH DPO DPS DRW DXB HAK HAN HBA HEL HGH HKG HKT HTI HVB ICN IST KNS KUL LAX LHR LST MCY MGB MIM MLE MNL MQL NAN NKG NRT NTL OAG OOL PEK PER PPP PVG SCL SFO SGN SIN SYD SZX TAO TFU TPE TSV WGA WLG WOL XMN ZQN"
"MEM","37","ATL AUS BNA BOS BWI CLT DAL DCA DEN DFW DTW EWR FLL HOT HOU HRO IAH JFK LAS LAX LGA MCO MDW MIA MSP ORD PHL PHX PIE PNS RDU SAT SFB SLC TPA TYS VPS"
"MEQ","4","BTJ FSH KNO LKI"
"MEU","2","BEL GGF"
"MEX","106","ACA AGU AMS ATL AUS BCN BJX BOG BOS BWI CDG CEN CJS CLO CLT CME CPE CTM CUL CUN CUU CZM DEN DFW DGO DTW EWR EZE FCO FRA GDL GRU GUA HAV HMO HUX IAH ICN IST JFK LAP LAS LAX LHR LIM LMM MAD MAM MCO MDE MGA MIA MID MLM MSP MTT MTY MUC MXL MZT NLD NRT OAK OAX ORD PEK PHL PHX PTY PUJ PVR PXM QRO RDU REX SAL SAP SAT SCL SDQ SEA SFO SJD SJO SLC SLP SMF SZX TAM TAP TGZ TIJ TPA TPQ TQO TRC VER VSA XPL YUL YVR YYC YYZ ZCL ZIH ZLO"
"MFA","4","DAR PMA TGT ZNZ"
"MFE","7","AUS DFW IAH LAS MCO MTY PHX"
"MFJ","1","SUV"
"MFK","1","TSA"
"MFM","3","CCU DOH MAD"
"MFN","4","NZTL TEU WKA ZQN"
"MFR","10","DEN LAS LAX PDX PHX SAN SEA SFO SLC SNA"
"MFU","3","LIX LLW LUN"
"MGA","11","BEF GUA HAV IAH MEX MIA PTY PUZ RNI SJO YUL"
"MGB","2","ADL MEL"
"MGF","4","CGH CWB GRU VCP"
"MGM","4","ATL CLT DCA IAH"
"MGQ","15","AAD ADD BIB BSA DXB EBB GGR GLK HGA IST JED JIB KMU MCT NBO"
"MGS","1","RAR"
"MGT","3","DRW GOV MNG"
"MGW","2","BWI ORD"
"MGY","0",""
"MHD","52","ABD ACZ ADU AMD AWZ AZD BEY BGW BND BUZ DEF DMM DOH DXB DYU GBT GSM HDM IFN IIL IST JED JWN KBL KDH KER KHD KHI KIH KSH KWI LFM LHE MCT MRX NJF NSH OMH PGU RAS RZR SAR SAW SHJ SRY SYZ TBZ THR UET XBJ ZAH ZBR"
"MHG","3","EBA GWT HDF"
"MHH","6","ATL CLT FPO MIA NAS PBI"
"MHK","0",""
"MHT","14","BNA BWI CHS CLT DCA FLL MCO MDW MYR ORD PHL RDU RSW TPA"
"MHX","1","RAR"
"MIA","195","ALB AMS ANU ARN ATL AUA AUS AVL AXA BAQ BCN BDA BDL BEL BGI BHM BIM BNA BOG BON BOS BQN BSB BUF BWI BZE CAE CAP CCS CDG CHA CHS CID CLE CLT CMH CMN CMW COR CPH CTG CUR CVG CYB CZM DAL DCA DEN DFW DOH DSM DTW DUB DXB EGE EIS ELH EWR EYW EZE FCO FDF FOR FPO FRA GCM GDL GEO GGT GHB GIG GND GNV GRR GRU GSO GSP GUA GYE HAV HEL HOG HOU HPN HSV IAH ICT ILM IND IST JAN JAX JFK KEF KIN LAS LAX LEX LGA LHR LIM LIR LIS LIT LRM MAD MAO MBJ MCI MCO MDE MDT MDW MEM MEX MGA MHH MID MKE MSN MSP MSY MTY MUC MVD MXP NAS OCJ OKC OMA ORD ORF ORY PAP PBM PDX PHL PHX PIT PLS PNS POP POS PTP PTY PUJ RDU RIC ROC RTB SAL SAN SAP SAT SAV SCL SCU SDF SDQ SEA SFO SGF SJO SKB SLC SNU SRQ STI STL STT STX SVD SXM SYR TLH TLV TPA TQO TUL TYS UIO UVF VPS VRA VVI WAW XNA XPL XSC YOW YUL YVR YYZ ZRH ZSA"
"MID","16","BJX CUN FRS GDL GUA HAV IAH MEX MIA NLU TGZ TIJ TLC VER VSA YYZ"
"MIG","35","BPX CAN CKG CSX CZX DLU FOC HAK HFE HGH JHG JJN KMG LHW LJG LXA LZY NGB NKG NNG PEK PKX PVG SHE SJW SYX SZX TNA TSN URC WNZ WUH XIC XMN YTY"
"MII","1","VCP"
"MIJ","1","MAJ"
"MIM","3","MEL MYA SYD"
"MIR","22","BER BRE BRN BRU CDG FRA HAJ HAM LED LIL LIS LUX LYS MRS MUC NCE NTE OPO ORY STR SZG VIE"
"MIS","1","GUR"
"MJB","2","AIM MAJ"
"MJC","2","ABJ KEO"
"MJE","3","JEJ KWA MAJ"
"MJF","3","BOO MQN TRD"
"MJI","23","AMM ATH BEN CAI CMN DXB FCO GHT HBE IST JED LAQ LTD MED MLA MXP NIM OST QUB SEB SFA TOB TUN"
"MJK","2","CVQ PER"
"MJL","1","LBV"
"MJM","5","ADD FBM FIH KGA KWZ"
"MJN","2","DZA TNR"
"MJT","18","AMS ATH BHX BRU CPH HER JKH KTW LGW LXS MAN PRG RHO SKG SMI STN TLV VIE"
"MJU","2","BPN UPG"
"MJZ","9","DME IKT KHV KJA KRR OVB PYJ SVX YKS"
"MKE","34","ATL AUS BNA BOS BWI CLT DAL DCA DEN DFW DTW EWR FLL IAH JFK LAS LGA MBJ MCI MCO MDW MIA MSP ORD PHL PHX PUJ RSW SAN SEA SLC SRQ STL TPA"
"MKG","1","ORD"
"MKK","4","HNL LNY LUP OGG"
"MKL","0",""
"MKM","5","BTU KCH MYY SBW TGC"
"MKQ","5","BXD DJJ EWE TMH UPG"
"MKR","2","MMG PER"
"MKU","1","LBV"
"MKW","8","AGD BXB DJJ FOO KNG NBX SOQ UPG"
"MKY","5","BNE CNS ISA ROK TSV"
"MKZ","1","SIN"
"MLA","110","AGP AMS ARN ATH BCN BEG BEN BER BFS BGY BHX BLL BLQ BOD BOH BRI BRS BRU BSL BTS BUD BVA CAG CDG CGN CHQ CPH CRL DOH DUB DXB EDI EIN EMA FCO FMM FRA GDN GLA GOT GVA GZM HAM HEL INI IST JFK KRK KTW LBA LCA LDE LGW LHR LIN LIS LPL LTN LUX LYS MAD MAN MJI MRA MRS MUC MXP NAP NCE NCL NTE NWI OPO ORY OSL OTP PEG PFO PMI PMO POZ PRG PSA PSR RIX RZE SEN SKG SKP SNN SOF STN STR SUF SVQ TIA TLL TLS TLV TPS TRN TRS TSF VIE VLC WAW WMI WRO ZAG ZRH"
"MLB","10","ABE ATL BFS CLT CVG GLA LGW MAN NCL PIT"
"MLE","63","ALA AUH BAH BKK BLR BOM CDG CKG CMB COK DAC DDD DEL DMK DOH DRV DWC DXB FCO FRA FVM GAN GKK GYD HAQ HDK HKG HRF HYD IFU IST JED KDM KDO KMG KTW KUL LHR LMV MEL MUM MXP NQZ PEK PKX PRG PVG RSI RUH RUL SHJ SIN SVO TAS TFU TRV VAM VIE VRN WAW XIY XMN ZRH"
"MLG","2","CGK HLP"
"MLI","11","ATL AZA CLT DEN DFW LAS ORD PGD PIE SFB SRQ"
"MLL","2","BET KSM"
"MLM","15","CUN IAH MDW MEX MTY NLU OAK ONT ORD PVR SAT SJC SMF TIJ UPN"
"MLN","5","AGP GRX LEI PMI TFN"
"MLO","2","ATH SKG"
"MLU","2","ATL DFW"
"MLX","7","ADB AYT DUS ESB FRA IST SAW"
"MLY","2","FAI MNT"
"MMB","4","CTS HND KIX OKD"
"MMCD","0",""
"MMD","1","OKA"
"MME","8","AGP ALC AMS CFU FAO GCI PMI PRO"
"MMG","3","MKR PER WUN"
"MMH","2","CLD HHR"
"MMJ","4","CTS FUK ITM UKB"
"MMK","10","AER ARH CEE KGD KZN LED LYR MSQ PES SVO"
"MMO","1","RAI"
"MMP","2","CTG EOH"
"MMX","21","ARN AYT BEG CHQ CLJ HER IAS LCA LPA OTP PMI PRN RHO SKP STN TFS TGD TIA TZL WMI ZAG"
"MMY","8","FUK HND ISG KIX NGO OKA PUS TRA"
"MNA","3","IAX MDC NAH"
"MNB","1","FIH"
"MNC","1","MPM"
"MNF","1","NAN"
"MNG","3","DRW ELC MGT"
"MNI","2","ANU SXM"
"MNL","79","ADD AMS AUH BAH BCD BKI BKK BNE BWN BXU CAN CDG CEB CGY CKG CYZ DAD DEL DGT DMK DMM DOH DPL DVO DXB EHU FOC FUK GES GUM HAN HGH HKG HND HNL ICN ILO IST JED KHH KIX KLO KTI KUL KWI LAX MAA MCT MED MFM NGO NNG NRT PEK PER POM PPS PUS PVG ROR RUH RXS SFO SGN SIN SPN SYD SZX TAC TAG TFU TPE TUG UBN VRC XMN YIW YVR ZAM"
"MNS","2","LUN NLA"
"MNT","2","FAI MLY"
"MNX","1","MAO"
"MNY","1","MUA"
"MOB","4","ATL BWI CLT IAH"
"MOC","2","CNF GRU"
"MOF","3","KOE LBJ UPG"
"MOG","1","HEH"
"MOH","3","APD PLW UPG"
"MOI","2","MUK RAR"
"MOK","1","NCU"
"MOL","4","BGO LPA OSL RHO"
"MOO","3","ADL BBL BNE"
"MOT","4","AZA DEN LAS MSP"
"MOU","2","BET KSM"
"MOV","2","BNE CNS"
"MOZ","4","BOB HUH PPT RFP"
"MPA","2","MUB WDH"
"MPC","1","BKS"
"MPH","5","CEB CRK DVO ENI MNL"
"MPL","41","ACE AGA AGP AJA ALG AMS ARN ATH BES BIA BOD CDG CMN CPH DJE DUB FEZ FRA HER IST LGW LIL LIS LUX MAD MAH MAN NDR NTE ORN ORY OSL PMI RAK RBA RNS SVQ SXB TFS TNG ZRH"
"MPM","18","APL BEW CPT DAR DOH ERS INH JNB LIS MNC NBO POL TET UEL VJB VNX VPY VXC"
"MPN","4","PSY PUQ RGL SCL"
"MPY","4","CAY GSI LDX XAU"
"MQF","5","AER KZN LED MRV SVO"
"MQJ","1","YKS"
"MQL","2","MEL SYD"
"MQM","4","ADB ESB IST SAW"
"MQN","4","BOO MJF OSY TRD"
"MQP","8","BBK CPT DUR JNB LVI SZK VFA VNX"
"MQS","4","BQU CIW SVD UNI"
"MQT","3","DTW MSP ORD"
"MQX","1","ADD"
"MRA","8","AMM BEN CAI HBE IST JED MLA SFA"
"MRD","1","CCS"
"MRE","7","EBB HKMM HKNV MBA NYK UAS WIL"
"MRI","5","MCG NCN NIB TCT TEK"
"MRS","85","AAE ADD AGA AJA ALC ALG AMM AMS ATH AYT BCN BES BEY BIA BIQ BJA BLJ BOD BRI BRS BRU CAI CDG CFK CFR CGN CHQ CLY CMN CPH CZL DBV DJE DSS DUS DZA EDI EVN FCO FEZ FNC FRA FSC GJL HER HRG IBZ ICN IST JED JTR LHR LIL LIS LYS MAD MAH MED MIR MRU MUC NCE ORN ORY PMI PRG PVG RAK RBA RUN SAW SID SPU SVQ TLM TLV TNG TUF TUN VCE VIE YQB YUL ZAD ZRH"
"MRU","37","BLR BOM BRQ BTS CDG CPT DEL DXB FCO FRA GVA IST JED JNB KUL LGW LYS MAA MAD MRS MXP NBO ORY OSL OSR PER RRG RUH RUN SEZ SOF SVO TNR VIE WAW ZRH ZSE"
"MRV","60","AER ALA ASF AYT BJV BUS CEE CEK CSY DME DXB DYU EVN GOJ GSV HKT HRG IAR IJK IST JED KEJ KGD KJA KLF KVX KZN LBD LED MCX MQF MSQ NBC NJC NOJ NQZ NSK NUX OMS OSS OVB PEE PES PEZ PKV REN SGC SKX SLY SSH SVO SVX TAS TBS TJM TLV UFA UUD VKO YKS"
"MRX","4","IFN MHD SYZ THR"
"MRY","11","BUR CLD DEN LAS LAX ORD PHX SAN SEA SFO SNA"
"MSA","3","XBE YQT YXL"
"MSH","2","DQM MCT"
"MSJ","3","HND ITM OKD"
"MSL","0",""
"MSN","17","ATL BOS CLT DEN DTW EWR LAX LGA MCO MIA MSP ORD PHL PHX RDU RSW TPA"
"MSO","14","AZA DEN DFW LAS LAX MSP OAK ORD PDX SAN SEA SFO SLC SNA"
"MSP","16","CUN DEN LIR MBJ MZT ORD PUJ SJD YEG YQR YUL YVR YWG YXE YYC YYZ"
"MSQ","49","ADB AER ALA ARH AYT BJV BUS CEE CEK CXR DAD DBB DEL DME DXB EVN GYD HKT HRG HRI IST KGD KLF KRW KUT KZN LED MCX MMK MRV NBE NQZ PEE PEK PES PQC SSH SVO SVX SYX TAS TBS TLV UFA ULV URC UTP VKO XIY"
"MSR","4","ESB IST SAW YEI"
"MSS","0",""
"MST","35","ADD AGP ALA ALC AMM BHX DOH DUB DWC EHU HKG HRG IST JFK KTW LCA LCK LPA LUX LUZ MIA NBO NDR ORD OUD PVG SID SVQ TAS TFS TGD TZL UIO VLC ZAZ"
"MSY","50","ATL AUS BNA BOS BWI CHS CLT CVG DAL DCA DEN DFW DTW EWR FLL HOU IAH JAX JFK LAS LAX LGA LHR MCI MCO MDW MIA MSP MYR ORD ORF PDX PGD PHL PHX PIT RDU RIC RSW SAN SAP SAT SAV SEA SFO SLC STL TPA XNA YYZ"
"MSZ","2","LAD VPE"
"MTE","5","JRT OBI ORX STM TMT"
"MTJ","10","ATL BNA DAL DEN EWR IAH LAX ORD SFO SNA"
"MTK","1","TRW"
"MTR","4","BAQ BOG EOH MDE"
"MTT","4","CME MEX VER VSA"
"MTV","1","SON"
"MTY","65","ACA AGU ATL AUS BOG BRO CDG CEN CJS CUL CUU CZM DEN DFW DGO DTW GDL HAV HMO HUX IAH ICN JFK LAS LAX LMM LRD MAD MCO MEX MFE MIA MID MLM MXL MZT NRT OAK OAX ORD PBC PDS PHX PTY PVR PXM QRO SAT SFO SJD SJO SLC SLP SLW TAM TAP TGZ TIJ TLC TQO TRC VER VSA YVR YYZ"
"MUA","7","BAS BNE EGM HIR MNY RBV VAO"
"MUB","9","ADD BBK CPT GBE JNB MPA NLA VFA WDH"
"MUC","209","ACE ADB AGA AGP AJA AJR ALC AMM AMS AOI ARN ASR ATH ATL AUH AYT BAH BCN BDS BEG BER BGO BHX BIO BJV BKK BLQ BLR BOD BOM BOO BOS BRE BRI BRS BRU BSL BUD BVC BWI CAI CDG CFU CGN CHQ CIT CLJ CLT CMN COV CPH CPT CTA DBV DEB DEN DJE DLM DOH DRS DTW DUB DWC DXB DYU EBL EDI EDO EFL ESB EWR FAO FCO FEZ FLR FMO FNC FRA FUE GDN GOA GOT GPA GRU GRZ GVA HAJ HAM HAN HEL HER HKG HND HRG IAH IBZ ICN IST IVL JED JFK JNB JSI KEF KGS KIX KLX KRK KTT KVA KWI LAX LBC LCA LGW LHR LIN LIS LJU LPA LUX LYS MAD MAH MAN MCO MEX MIA MIR MLA MLE MRS MXP NAP NCE NTE OLB OMR OPO ORD ORK OSI OSL OTP OUL PAD PEK PEV PMI PRG PRN PRO PUJ PVG PVK RAK RHO RIX RJK RMF RMO RUH RVN RZE SAN SAW SBZ SEA SEN SFO SGN SHJ SID SIN SKG SKP SNN SOF SPC SPU STR SUF SVQ SXB TAS TBS TFS TLL TLS TLV TOS TPE TRD TRN TSR TUN VCE VIE VLC VRN WAW WDH XRY YUL YVR YYZ ZAG ZRH ZTH"
"MUH","9","BEG BRQ BTS FCO KTW MXP OSR PRG VRN"
"MUK","2","MOI RAR"
"MUM","2","GAN MLE"
"MUN","6","CCS MAR PMV STD SVZ TUV"
"MUR","6","BBN LBP LGL LKH MYY ODN"
"MUU","1","SSA"
"MUX","11","AUH DMM DOH DXB ELQ JED KHI MCT MED RUH SHJ"
"MUZ","2","DAR MWZ"
"MVB","1","LBV"
"MVD","18","AEP ASU BOG CNF FLN FOR GIG GRU LIM MAD MIA NAT PTY REC RVY SCL SSA STY"
"MVP","2","BOG VVC"
"MVQ","3","AYT SSH VKO"
"MVR","2","DLA NSI"
"MVT","2","PPT RGI"
"MVY","14","ACK BOS CLT DCA DXR EWB HPN HYA JFK LGA ORD OWD PHL TEB"
"MWA","0",""
"MWF","1","SON"
"MWK","1","HLP"
"MWX","10","BKI CJU CXR DAD HAN KIX LPQ NGS SAI TPE"
"MWZ","13","ARK BKZ BRU DAR JRO KGL LKY MUZ NBO NPY SEU TKQ ZNZ"
"MXH","3","CNS HGU POM"
"MXL","9","CUL GDL HMO LMM MEX MLM MTY PVR SJD"
"MXP","209","ACE ADB ADD AGP AHO ALA ALC ALG AMM AMS AOK ARN ASB ATH ATL AUH AYT BAH BCN BDS BEG BER BEY BGO BIO BIQ BKK BOD BOS BRI BRS BRU BTS BUD BVA BVC CAG CAI CDG CFU CGN CGO CHQ CIY CKG CLJ CLY CMN CPH CTG DBB DEL DJE DOH DSS DTM DUB DXB EDI EFL EVE EVN EWR FNC FRA FUE GDN GHV GLA GOT GPA GRU GUW GVA GYD HAJ HAM HAN HAV HEL HER HKG HKT HND HRG IAS IBZ ICN IST JED JFK JMK JRO JSI JTR KEF KGS KRK KTT KUT KWE KWI LCA LCG LGW LHR LIS LMP LPA LRM LTN LUX LXR LYS MAD MAH MAN MBA MBJ MCT MED MIA MIR MJI MLA MLE MRS MUC MUH NAP NBE NCE NKG NOS NTE OHD OLB OPO ORD ORY OSL OTP PDV PEK PHL PKX PMI PMO PRG PRN PSR PTP PUJ PVG PVK QSR RAK RBA REG RHO RIX RMF RMO RSI RUH RVN RZE SCV SID SIN SKG SLL SMI SOF SPU SPX SSH STN STR SUF SVG SVQ SXB SZX TAS TBS TFS TFU TGD TIA TLL TLS TLV TOS TPE TPS UGC VIE VLC WAW WMI WNZ XIY YUL YYZ ZAD ZNZ ZRH ZTH"
"MXQ","1","SSA"
"MXS","0",""
"MXV","2","CJJ UBN"
"MXY","2","CXC GKN"
"MXZ","6","CAN HAK KWE PKX WNZ ZHA"
"MYA","2","MIM SYD"
"MYD","4","LAU MBA NBO WIL"
"MYEB","0",""
"MYG","2","IGA NAS"
"MYI","3","HID NLF OKR"
"MYJ","10","FUK HND ICN ITM KOJ NGO NRT OKA PUS TPE"
"MYK","1","GKN"
"MYP","4","ASB BKK KRW TAZ"
"MYR","57","ACY ALB ATL AVP BDL BLV BNA BOS BWI CAK CKB CLE CLT CMH CRW CVG DAL DAY DCA DEN DFW DTW ELM EWR FLL FWA GRR HGR HPN HTS HVN IAG ILG IND ISP LBE LEX LGA MCI MCO MDT MDW MHT MSP MSY ORD PBG PHL PIT PVD ROC RST SDF STL SYR TPA TTN"
"MYT","3","MDL PBU RGN"
"MYU","2","BET KSM"
"MYW","1","DAR"
"MYY","19","BBN BKI BKM BTU JHB KCH KUL LBP LBU LGL LKH LMN LWY MKM MUR MZV ODN SBW SIN"
"MZA","1","LIM"
"MZG","7","CMJ CYI KHH KNH RMQ TNN TSA"
"MZH","2","IST SAW"
"MZI","2","BKO TOM"
"MZK","2","ABF TRW"
"MZL","2","BOG EOH"
"MZR","5","IKA IST JED KBL MHD"
"MZT","7","MSP YEG YUL YVR YWG YYC YYZ"
"MZV","3","BKI KCH MYY"
"MZW","3","ALG EBH TIN"
"NAA","3","BNE NTL SYD"
"NAG","14","AMD BLR BOM CCU DEL DOH GOX HYD IDR KQH NDC NMI PNQ SHJ"
"NAH","4","BRG IAX MDC MNA"
"NAJ","5","GNJ GYD IST SAW VKO"
"NAL","6","AER KWI KZN LED SVO VKO"
"NAM","1","AMQ"
"NAN","37","ADL AKL APW BNE CBR CHC CNS CXI DFW FUN HIR HKG HNL INU KDV LAX LBS MEL MNF NOU NRT OOL POM PTF RTA SFO SIN SUV SVU SYD TBU TRW TVU VLI WLG WLS YVR"
"NAO","18","CAN CSX FOC HAK HFE HGH HUZ KMG LXA NNG PKX PVG SZX TAO TSN WNZ WUH XMN"
"NAP","93","AHO ALC AMS ARN ATH ATL BBU BCN BEG BER BHX BIO BLL BOD BRU BTS BUD CDG CGN CHQ CLJ CMN CPH CRA CTA DUB DUS DXB EDI EMA EWR FCO FRA GHV GLA GVA HAM HEL HER HRG IST JFK JSI JTR KGS KTW LBA LGW LHR LIN LPA LPL LUX LYS MAD MAN MLA MUC MXP NCE OLB OMO ORD ORY OSL PHL PMI PMO PRG PVK RAK RHO RIX RMF RMO SKP SOF SPU SSH STN STR SZG TIA TLV TRN TUN VCE VIE WAW WRO YUL ZRH ZTH"
"NAQ","5","BGMO JAV JUV SRK THU"
"NAS","49","ASD ATL BIM BOS BWI CAP CLT CRI DCT DEN DTW ELH EWR FLL FPO GCM GGT GHB GHC IAH IGA JFK KIN LGI LHR MAY MBJ MCO MHH MIA MSP MYEB ORD PHL PLS PTY RCY RSD SAQ SML TBI TPA TYM TZN YOW YUL YYC YYZ ZSA"
"NAT","20","AEP BSB CAC CGH CNF CPV CWB EZE FOR GIG GRU JTC LIS PPB RAO REC SJP SSA UDI VCP"
"NAV","2","IST SAW"
"NAW","2","BKK DMK"
"NBC","9","AER LED MCX MRV NJC NUX RMZ SVO TAS"
"NBE","39","AMS BBU BFS BHX BRQ BRS BRU BSL CWL DUB EDI EMA GDN GLA GVA KTW LCJ LGW LIS LPL LTN LUX MAN MSQ MXP NCL OSR PDV POZ PRG RIX SEN SKP SOF STN VAR VRN WAW WRO"
"NBJ","23","ABJ ADD BZV CAB CAN CDG CMN CPT DOH DXB FIH FRA GRU HAV IST JNB LFW LIS LOS MPM NBO OPO WDH"
"NBO","70","ABJ ADD AMS APL AUH BAH BJM BKK BKO BLZ BOM BRU BSA BZV CAI CAN CDG CPT CSX DAR DLA DOH DSS DXB DZA EBB EDL FBM FIH FNA FRA GGR GOM HAH HGA HRE IST JED JFK JNB JRO JUB KGL KIS LAD LAU LFW LGW LHR LLW LOS LUN LVI MBA MCT MGQ MPM MRU MYD NBJ NLA POL ROB RUH SEZ SHJ TNR UKA VFA ZNZ"
"NBS","3","DLC NGB PVG"
"NBX","7","AMQ DJJ EWI KNG MKW TIM UPG"
"NCA","1","PLS"
"NCE","117","AAL AGA AGP AJA ALC ALG AMS ARN ATH ATL AUH BAH BCN BEG BER BES BEY BFS BGO BHX BIA BLL BOD BOS BRI BRS BRU BTS BUD BVE BWI CDG CFR CGN CMN CPH CZL DJE DOH DSS DUB DUS DXB EIN EVN EWR FCO FRA GCI GDN GOT GVA HAJ HAM HEL IBZ IST JFK JTR KEF KRK KWI LBA LCY LGW LHR LIL LIS LPL LTN LUX LYS MAD MAN MCM MIR MLA MRS MUC MXP OLB ORK ORY OSL OTP PHL PMI PMO PRG RAK RBA RIX RMO RNS RUH SAW SOF SPX STN STR SVG SVQ SXB TBS TFS TIA TLL TLS TLV TRD TRF TUN VCE VIE WAW WRO YUL"
"NCL","51","ACE AGP ALC AMS AYT BCN BER BFS BGY BJV BOJ CDG CFU CGN CHQ CMF CPH CRL DLM DUB DUS DXB EXT FAO FCO FNC FRA FUE GRO GVA HER IBZ KGS KRK LHR LPA NQY OPO PFO PMI PMO PRG RHO SOU SSH TFS TRN VRN WRO ZAD ZTH"
"NCN","1","MRI"
"NCU","6","ALA IST MOK SCO TAS VKO"
"NDA","2","AHI AMQ"
"NDB","3","LPA NKC OUZ"
"NDC","8","AMD BLR BOM GOX HDO HYD NAG PNQ"
"NDG","11","CAN DLC PEK PKX PVG SHE SJW TAO TFU TNA TSN"
"NDJ","10","ABV ADD CAI CDG CMN DLA IST LFW NIM NSI"
"NDK","1","MAJ"
"NDR","20","AGP ALC AMS ANR BCN BRU BVA CGN DUS EIN FRA LIS MPL OPO ORY PMI RTM SXB TLS TNG"
"NDU","1","ERS"
"NDY","3","KOI NRL SOY"
"NEG","1","MBJ"
"NER","6","DME IKT KHV OVB VKO YKS"
"NEU","2","LPQ VTE"
"NEV","6","AXA DCF SBH SKB STT STX"
"NFO","1","TBU"
"NGB","82","ACX BKK BUD BZX CAN CGO CGQ CJU CKG CSX CTU DLC DXJ ENH GYS HAK HKG HRB HUZ INC JGS JHG JIU KCA KHG KHN KIX KMG KOW KWE KWL LFQ LHW LJG LUM LYG LYI LZH LZO MDC MFM MIG MPH NBS NNG NRT PEK PKX PQC PVG SGN SHE SHS SIN SJW SWA SYX SZX TAO TFU TPE TSN TYN URC VTE WDS WEH WMT WUH WXN XFN XIC XIY XMN XNN YBP YCU YIH YNT YYA ZUH ZYI"
"NGD","1","EIS"
"NGE","2","DLA NSI"
"NGI","1","SUV"
"NGK","2","KHV UUS"
"NGO","51","AKJ AXT BKK CJJ CTS DLC DMK FOC FUK GMP GUM HAN HEL HGH HKD HKG HND HNL ICN ISG IZO KCZ KHH KIJ KMI KOJ LHW MMY MNL MYJ NGS NKG NRT OBO OIT OKA OKD PEK PKX PUS PVG RMQ SDJ SGN SIN TAO TPE TSN XIY YCU YNT"
"NGQ","6","KHG LXA QSZ URC XIY XNN"
"NGS","10","FUJ HND ICN IKI ITM KIX NGO NRT TSJ UKB"
"NHV","4","AUQ PPT UAH UAP"
"NIB","1","MCG"
"NIM","13","ABJ ADD ALG BKO CDG CMN COO DSS GAQ IST MJI NDJ OUA"
"NIQ","1","UMD"
"NJC","24","AER CEK CSY GYD HMA KJA KZN LED MCX MRV NMA NYA OMS OSS OVB PEE SVO SVX TAS TJM TOF UFA UUA VKO"
"NJF","29","ADU AMD AMM AZD BAH BEY BGW BOM CPH DMM DOH DXB EBL IFN IKA ISB IST KBL KER KHI KIH KWI MCT MHD RAS SHJ SRY SYZ TBZ"
"NKC","13","ALG BJL BKO CDG CKY CMN DSS EMN IST LFW LPA NDB TUN"
"NKG","110","AOG BAV BFJ BHY BKK BPE BSD BZX CAN CGK CGO CGQ CIF CJU CKG CQW CSX CTU CXR DAT DLC DLU DMK DNH DSN DYG DZH ENH ENY FOC GYS HAK HCZ HDG HET HJJ HKG HKT HNY HRB HUZ HZG ICN INC JGN JHG JJN JMU KIX KMG KOW KUL KWE KWL LCX LFQ LHW LJG LLV LPF LUM LXA LZH LZO MDC MEL MFM MIG MPH MXP NGO NNG NNY NRT PEK PKX PVG RMQ SGN SHE SIN SWA SYD SYX SZX TAO TFU TPE TYN UKB URC UYN WDS WEH WMT WXN XFN XIC XIY XMN XNN YBP YCU YIN YKH YNJ YNT ZHA ZUH ZYI"
"NKM","9","AOJ FUK GAJ HNA IZO KCZ KIJ KMJ OKD"
"NKT","3","ESB IST SAW"
"NLA","8","ADD DAR JNB LUN MNS MUB NBO WDH"
"NLD","1","MEX"
"NLF","3","HID MYI OKR"
"NLG","2","CDB PML"
"NLI","1","KHV"
"NLK","2","BNE SYD"
"NLT","1","URC"
"NLU","40","AGU BOG CCS CJS CLQ CPE CTG CTM CUL CUN CVM DGO GDL IZT LAP MID MLM MTY MZT NLD OAX PQM PUJ PVR PXM REX SDQ SJD SLP SLW TAM TGZ TIJ TPQ TQO TRC UPN VER VSA ZIH"
"NMA","17","AER DEL DME DXB IKT IST JED KRR KWI LED MCX OVB PEE SVX TAS VKO ZIA"
"NME","1","BET"
"NMF","3","HAQ IFU MLE"
"NMI","45","AGR AMD AYJ BDQ BEK BHO BHU BLR CCU CJB CNN COK DED DEL DIU GOI GOP GOX HBX HDO HSR HYD IDR IXB IXC IXE IXG IXJ IXM IXU JAI JGA JLR JRG KLH LKO MAA NAG PAT RPR SXR TIR TRV VNS VTZ"
"NNB","1","HIR"
"NNG","79","BKK BWN CAN CGO CGQ CKG CSX CTU CZX DLC ENH FOC FUG HAK HDG HET HFE HGH HIA HRB HSN HYN INC JHG JJN JNG JUZ KHN KMG KOW KTI KUL LHW LJG LXA LYA LYG LYI LZO MFM MIG NAO NGB NKG NNY NTG PEK PKX PVG SGN SHA SHE SHS SIN SJW SQD SWA SYX SZX TAO TFU TNA TSN TYN URC UYN VTE WDS WNZ WUH WUX XFN XIY XMN XNN XUZ YCU YNT YTY"
"NNL","2","ILI PTA"
"NNM","14","AER ARH HMA IAR KVX KZN LED MCX PEE SCW SVX UFA VKO ZIA"
"NNT","1","DMK"
"NNX","0",""
"NNY","17","CAN HAK HGH HRB KHN KMG NKG NNG PVG SWA SYX SZX TAO TSN URC XIY ZUH"
"NOB","2","LIR SJO"
"NOC","13","AGP ALC BGY BHX BRS CGN EMA FAO GRO GRQ LHR LPL PMI"
"NOJ","11","AER DME KJA KZN OMS OVB SLY SVX UFA UUA VKO"
"NON","1","TPQ"
"NOP","2","IST SAW"
"NOS","9","ADD DIE DZA FCO JNB MXP POZ RUN TNR"
"NOU","12","AKL BKK BNE ILP LIF MEE NAN PPT SIN SYD UVE VLI"
"NOV","5","CBT LAD SDD SPP VPE"
"NOZ","10","AER DME HKT IKT KJA KZN LED OVB SVO UUD"
"NPE","8","AKL CHC GIS HLZ TRG WHK WIR WLG"
"NPL","3","AKL CHC WLG"
"NPY","4","DAR MWZ TBO TKQ"
"NQN","10","AEP BHI COR CRD LGS MDZ PMY ROS SCL SLA"
"NQU","3","CLO EOH UIB"
"NQY","13","AGP ALC BHD DUB DUS FAO GLA IOM ISC LGW MAN NCL ZRH"
"NQZ","1","TAS"
"NRE","1","AMQ"
"NRL","4","EOI KOI NDY PPW"
"NRN","43","AGA AGP ALC AOI BGY BRI BZR CAG CDT CFU CHQ CRV DBV EDI ESU FAO FEZ FUE HER IBZ KGS NDR OPO OUD OVD PFO PMI PSR PUY RAK RBA REU RHO SJJ SKG SVQ SZY TFS TIA TNG TPS ZAD ZAG"
"NRR","2","CPX STT"
"NRT","117","ADD AKJ AKL AMS ANC ASJ AUH BKK BLR BNE BOM BRU BWN CAI CAN CEB CGK CGO CGQ CJJ CJU CKG CNS CRK CSX CTS CVG DAD DEL DFW DLC DMK DOH DPS DXB FOC FRA FUK GUM GYD HAK HAN HEL HGH HIJ HKG HNL HRB IAH ICN ISG IST ITM KHH KIX KMI KOJ KTM KUH KUL LAX LUX MAD MEL MEX MFM MNL MTY MXP MYJ NAN NGB NGO NGS NKG OIT OKA ORD OVB PEK PER PKX POM PPT PUS PVG RMQ SEA SFO SGN SHE SHI SIN SJW SYO SZX TAE TAK TAO TAS TFU TLV TPE TSN UBN VIE WAW WUH XIY XMN YEG YNT YUL YVR YYC YYZ ZRH"
"NSH","2","MHD SYZ"
"NSI","17","ABJ ADD BRU BZV CDG CMN DLA GOU IST JED LBV LFW MED MVR NDJ NGE SSG"
"NSK","19","ABA AER CEK DKS DME GOJ HTG KJA KRR KZN LED MCX MRV OMS OVB PEE SVX THX UFA"
"NSN","8","AKL BHE CHC KTF NZKM PMR PPQ WLG"
"NST","2","BKK DMK"
"NTE","95","ACE AGA AGP AJA ALC ALG AMS ATH AYT BCN BDS BER BGY BIA BRI BRU BSL BUD BVC CDG CFU CHQ CLY CMN CPH CRL DBV DJE DSS DUB EDI ESU FAO FCO FDF FEZ FLR FNC FRA FUE GPA GRX GVA HAM HER HRG IBZ IST JTR LCA LGW LIS LPA LYS MAD MAH MAN MIR MLA MPL MRS MUC MXP NAP NCE OLB OPO ORN ORY OUD PGF PMI PMO PRG PSA PTP RAK RBA RHO SID SPC SPU STN SVQ SXB TFS TGD TIA TLN TLS TNG VAR VCE VLC YUL"
"NTG","37","CAN CGO CGQ CKG CSX DLC FOC HAK HKG HRB HZG JHG JJN KHN KIX KMG KWE LXA MFM NNG PEK PKX SHE SJW SWA SYX SZX TFU TSN TYN UYN WUH XIY XMN YIH YNT ZUH"
"NTI","3","BXB MKW SOQ"
"NTL","13","ADL BNE CBR CNS DPS HBA LDH MEL NAA OOL PER SIN SYD"
"NTN","7","BUC CNS DMD ISA KRB ONG YCNY"
"NTQ","1","HND"
"NTT","1","TBU"
"NTX","2","BTH LMU"
"NUE","31","ADB ALC ASR AYT BEG BEY BIA BJV CLJ EBL FCO FNC FUE GHV HER KGS LHR LPA PRN PVK RBA RHO RMF RMO SBZ SKG SKP TIA TSR VAR ZAD"
"NUI","2","BRW SCC"
"NUL","0",""
"NUM","6","CAI DMM DOH DXB JED RUH"
"NUP","1","BET"
"NUS","2","SON VLI"
"NUX","19","AER DME GSV KJA KZN LED MCX MRV NBC OMS OVB RMZ SLY SVO SVX TJM UFA UUA VKO"
"NVA","3","BOG CLO SVI"
"NVI","2","TAS VKO"
"NVT","7","BSB CGH CNF GIG GRU VCP XAP"
"NWI","16","ABZ ALC AMS CFU DLM FAO GRQ HER IBZ MAH MLA PFO PMI PRO RHO TFS"
"NYA","5","EYK NJC SVX TJM ZIA"
"NYK","3","MRE UAS WIL"
"NYM","11","AER DME LED MRV OMS OVB OVS SVX TJM UFA VKO"
"NYO","9","AGP ALC BBU BEG CLJ OTP PMI RMO WAW"
"NYR","1","YKS"
"NYT","5","AKY HEH LIW MDL RGN"
"NYU","8","HEH KET MDL MYT NYT RGN SNW THL"
"NZE","0",""
"NZH","8","CIF HET IKT KJA PEK TGO TSN UBN"
"NZKM","0",""
"NZL","3","CIF HET PKX"
"NZNE","0",""
"NZTL","0",""
"OAG","3","BNE MEL SYD"
"OAI","0",""
"OAJ","2","ATL CLT"
"OAK","32","ABQ AUS BLI BOI BUR CEC CLD DAL DEN GDL GEG HNL HOU LAS LAX LGB LIH MDW MEX MLM MTY OGG ONT PDX PHX PSP SAL SAN SBA SEA SLC SNA"
"OAL","2","CGB VCP"
"OAX","10","CUN HUX IAH IZT MEX MTY NLU PXM QRO TIJ"
"OBI","5","JRT MTE ORX STM TMT"
"OBN","0",""
"OBO","3","CJJ HND ICN"
"OBU","3","ABL OTZ SHG"
"OBX","2","LMY SKC"
"OBY","1","CNP"
"OCJ","2","MIA PLS"
"OCM","6","ALH BNE BQB GET PER WLP"
"OCV","2","CUC EOH"
"ODB","2","LPA PMI"
"ODE","1","PMI"
"ODN","3","BBN MUR MYY"
"ODO","1","IKT"
"ODY","1","VTE"
"OEC","1","DIL"
"OER","3","ARN CHQ RHO"
"OFU","1","PPG"
"OGD","1","SNA"
"OGG","8","ATL MSP ORD SAN SLC VNY YVR YYC"
"OGL","6","ANU BGI KAI LTM PBM POS"
"OGM","0",""
"OGN","2","ISG OKA"
"OGS","0",""
"OGU","8","ADB DUS ECN ESB IST MUC SAW STR"
"OGV","2","OKU WDH"
"OGX","9","ALG AZR CZL DJG ELG IAM ORN TMR TUN"
"OGZ","9","AYT DME DWC IST LED SGC SSH SVO VKO"
"OHD","14","AMS BEG BSL BTS DTM FMM IST KTW LGW MAN MXP STR VIE WRO"
"OHE","8","DTU FYJ HEK HRB JGD JXA PKX PVG"
"OHH","2","KHV UUS"
"OHO","2","KHV NLI"
"OHS","3","SHJ SLL SYZ"
"OIA","2","BEL CKS"
"OIR","1","HKD"
"OIT","6","HND ICN ITM NGO NRT TPE"
"OJU","1","PLW"
"OKA","45","ASJ BKK CJJ CTS DMK FOC FSZ FUK HGH HIJ HKG HND IBR ICN ISG ITM IWK KHH KIX KMI KMJ KMQ KOJ KTD KUL MMD MMY MYJ NGO NRT OGN OKE OKJ PEK PUS PVG RMQ RNJ SDJ SHI SIN TNN TPE UEO UKB"
"OKC","25","ATL AUS BNA BWI CLT DAL DCA DEN DFW GUF HOU IAH LAS LAX LGA MCO MDW MIA MSP ORD PHX SEA SFB SLC VPS"
"OKD","11","AXT HKD KIJ KUH MMB MSJ NGO NKM OIR RIS SHB"
"OKE","4","ASJ KOJ OKA TKN"
"OKI","2","ITM IZO"
"OKJ","7","CTS HND ICN KHH OKA PVG TPE"
"OKL","1","DJJ"
"OKR","4","CNC HID MYI XMY"
"OKU","1","OGV"
"OLA","3","EVE OSL SRP"
"OLB","56","AMS ARN ATH BER BES BHX BLQ BOD BTS BZO CDG CGN CLJ CPH DOL DUB DUS EIN FCO FRA FRL FSC GVA HAM JFK KRK LCY LGW LHR LIL LIN LTN LYS MAD MAN MUC MXP NAP NCE NTE ORY OSL PEG PRG PSA RIX SOF STN STR SXB SZG TLS TSR VCE VIE VRN"
"OLF","0",""
"OLH","2","ADQ AKK"
"OLZ","2","KJA YKS"
"OMA","35","ATL AUS AZA BNA CLT DAL DCA DEN DFW DTW FLL GUF HOU IAH LAS LAX LGA MCO MDW MIA MSP ORD PGD PHL PHX PIE SAN SEA SFB SFO SLC SRQ STL TPA VPS"
"OMD","1","ERS"
"OME","16","ANC DRG ELI GAM KKA KTS OTZ SHH SMK SVA TLA TNC UNK WAA WBB WMO"
"OMH","5","JED KIH MED MHD THR"
"OMN","2","SKD TAS"
"OMO","8","BEG BGY BRI DUB DUS FCO SOF ZAG"
"OMR","9","AYT BGY DTM FCO HER MIR MUC OTP WAW"
"OMS","24","AER DME HKT HMA IKT KJA KZN LED MRV NJC NMA NQZ NYM OVB RMZ SGC SLY SSH SVO SVX TAS UFA UUD VKO"
"OND","1","ERS"
"ONG","5","BUC CNS DMD ISA NTN"
"ONJ","1","HND"
"ONK","1","YKS"
"ONQ","3","DTM DUS IST"
"ONS","1","PER"
"ONT","29","ATL AUS BNA BOI BWI CLT DAL DEN DFW GDL HNL HOU IAH JFK LAS MDW MLM OAK ORD PDX PHX SAL SEA SFO SJC SLC SMF STS TPE"
"ONX","1","PAC"
"OOK","3","BET MYU TNK"
"OOL","22","ADL AKL AVV CBR CHC CNS DPS DRW DUD HBA HLZ HVB LDH MEL NAN NTL PER PQQ SYD WLG YRED ZQN"
"OOM","2","BNE SYD"
"OPF","0",""
"OPO","98","ADB ADD AGA ALC AMS ARN ATH BEG BER BES BFS BHX BIO BLL BOD BOS BRI BRS BRU BSL BVC CAG CDG CGN CMN CPH CUN DJE DSS DUS EIN EWR FCO FNC FRA GIG GOT GRU GRX GVA HAM IBZ IST JFK KTW LAD LBA LGW LIN LIS LPL LTN LUX LYS MAD MAH MAN MIR MUC MXP NAP NBJ NCL NDR NRN NTE ORY OSL OTP PDL PMI PMO PRG PUJ PXO RAI RDZ REC RIX SID SOF STR SVQ SXB TER TFS TLV TUF VAR VCP VIE VRN VXE WAW WMI YUL YYZ ZRH"
"OPP","1","BEL"
"OPS","4","BSB CGB GRU VCP"
"OPU","3","DAU KMA TDS"
"ORB","5","HEL LCA LPA LPI RHO"
"ORD","14","CUN DEN LIR MBJ MSP PUJ SJD YEG YOW YUL YVR YWG YYC YYZ"
"ORF","42","ATL BDL BNA BOS BWI CAK CHS CLT CMH DAL DCA DEN DFW DTW EWR FLL HVN IAH ISP JAX JFK LAS LAX LGA MCI MCO MDW MIA MSP MSY ORD PBI PHL PHX PIT PVD PWM RSW SAN STL SYR TPA"
"ORH","5","FLL LGA MCO PHL RSW"
"ORI","2","ADQ KOZ"
"ORK","45","ACE ADB AGP AHO ALC AMS BCN BGY BHX BIO BOD BRS BVA CCF CDG CRL EDI FAO FUE GLA GVA LGW LHR LPA LPL LRH LTN LYS MAN MUC NCE PMI PRG PSA REU RHO SCQ STN SVQ SZG TFS VCE VLC ZAD ZRH"
"ORN","28","AAE ALC ALG AZR BCN BOD BRU BSL CBH CDG CZL EBH ETZ GHA HME IAM IST LIL LYS MAD MPL MRS MZW NTE ORY PGF SSH TUN"
"ORU","1","CBB"
"ORV","2","IAN OTZ"
"ORX","5","JRT MTE OBI STM TMT"
"ORY","106","AAE ABJ ACE ADB AGA AGP AHO AJA ALC ALG AOI ATH AUR AZS BCN BER BIA BJA BKO BLJ BSK BUD BVE CAG CAI CAY CFU CIY CLY CMN COO CUN CZL DCM DJE DUB DZA ESU EVN EWR FAO FCO FDF FEZ FLR FSC GVA IBZ JED JSI KGS KRK KTT LDE LIG LIN LIS LLA LPY MAD MED MIA MIR MLA MPL MRU NAP OLB OPO ORN OSL OTP OUD OVD PMI PMO PPT PSA PTP PUF QSF RBA REU RHO RUN SAW SKG SOF SPU SVQ TBS TFS TLM TLV TNG TNR TOE TRN TUN VAR VIL VLC VRN WAW YUL ZSA"
"OSD","5","AMS ARN CPH GRQ UME"
"OSI","4","DBV MUC SPU STN"
"OSL","144","AAL AAR ACE ADB ADD AES AGA AGP AJA ALC ALF AMS ANX ARN ATH AYT BCN BDU BEG BER BGO BGY BHX BIO BJV BKK BLL BLQ BNN BOD BOJ BOO BRI BRU BTS BUD CDG CFU CHQ CLJ CPH DBV DOH DUB DWC DXB EDI EFL EIN EVE EWR FAE FAO FDE FLR FNC FRA GDN GVA GZP HAM HAU HEL HER HKT HOV HRG IBZ IST JFK JTR KEF KGS KKN KRK KRS KSU KTW LCA LGW LHR LIS LKL LKN LPA LUX LYR LYS MAD MAN MLA MOL MPL MUC MXP NAP NCE OLA OLB OPO ORY PEK PLQ PMI PMO PRG PRN PSA PUY PVK RHO RIX RRS SDN SJJ SKG SKP SOF SOG SPU SRP SSJ STN STR SUF SVG SVJ SZG SZZ TFS TIA TIV TLL TLS TNG TOS TRD VAR VCE VIE VLC VRN WAW ZRH"
"OSM","1","BGW"
"OSR","25","AGP AYT BOJ CGN DJE DLM GRO HKT HRG KGS LEJ LGG MIR MRU MUH NBE PMI PVG PVK RMF RMU SJW STN TIA WAW"
"OSS","26","ALA BSZ CEK DME IKG IKT IKU JED KJA KWI KZN LED MCT MRV NJC OVB SAW SGC SHJ SVO SVX TAS TJM URC VKO ZIA"
"OST","9","ALC AOE CAI CHQ IBZ LPA PMI RHO RMU"
"OSW","3","AER LED SVO"
"OSY","3","MQN RVK SSJ"
"OTD","1","PAC"
"OTH","0",""
"OTI","1","TTE"
"OTP","100","ALC AMM AMS ARN ATH AUH AYT BAY BCN BDS BEG BER BEY BGY BHX BJV BLL BLQ BRU BUD BVA CAI CDG CFU CGN CHQ CLJ CRL DAM DOH DTM DUB DUS DWC DXB EFL EIN ESB FAO FCO FRA GDN GOA GVA HEL HER IAS IBZ IST JFK JMK JSI JTR LBA LCA LEJ LGW LHR LIS LUX MAD MAN MLA MRS MUC MXP NCE NUE OMR ORD ORY OSL PEG PFO PMI PRG PSR RAK RHO RIX RMO SAW SCV SKG STN STR SUF SVQ TFS TLV TSF TSR VIE VLC VRN WAW ZAD ZAZ ZRH ZTH"
"OTS","2","ESD FRD"
"OTZ","14","ABL ANC BKC DRG IAN KVL LUR OBU OME ORV PHO SHG WLK WTK"
"OUA","16","ABJ ADD ALG BKO BOY BRU CAI CDG CKY CMN COO DSS FNA IST LFW NIM"
"OUD","21","AGA BIA BRU BVA CDG CMN CRL EIN LIL LIS LYS MPL MRS NRN NTE ORY RAK RTM SXB TLS TNG"
"OUE","1","BZV"
"OUI","1","BES"
"OUL","4","FRA HEL RHO RIX"
"OUZ","1","NDB"
"OVB","93","ABA AER ALA ASB AYT AZN BAX BHK BKK BQS BSZ BTK BUS CEK CGO CIT CMB CSY CXR DME DWC DXB DYU EVN FEG GDX GOJ GOX GSV GYD HGH HKT HMA HRB IJK IKT IST KEJ KGD KGF KHV KJA KRR KYZ KZN LBD LED MCX MDL MJZ MRV NER NJC NMA NOJ NOZ NQZ NSK NUX NYM OMS OSS PEE PKC PKX PVG PWE PYJ REN RGK RMZ SGC SKD SLY SVO SVX SYX TAS TBS TJM TOF UFA UKK ULV URC UTP UUD UUS VKO VOG VVO XIY YKS"
"OVD","20","AGP ALC AMS BCN BGY BRU CRL DUB FLR FRA FUE LIS LPA MAD MLN MUC NRN PMI SVQ TFN"
"OVR","0",""
"OVS","10","AAQ AER DME EYK HMA LED NYM SVX TJM VKO"
"OWB","2","CLT ORD"
"OWD","0",""
"OXB","7","ABJ CMN DSS IST LFW LIS RAI"
"OYC","1","CAY"
"OYE","2","LBV POG"
"OYK","1","MCP"
"OZC","2","CEB MNL"
"OZG","2","CMN OZZ"
"OZZ","4","BCN CMN MRS OZG"
"PAB","3","CCU DEL IXD"
"PAC","21","ACU BFQ BOC CHX CTD CZJ DAV ELE JQE MDE OGM ONX OTD PDM PUE PVE PYC RIH SIC SYP TUW"
"PAD","9","AGP ALC AYT FUE HRG LPA MUC PMI PRN"
"PAE","9","HNL LAS LAX PDX PHX PSP SAN SFO SNA"
"PAF","1","EBB"
"PAG","2","CEB MNL"
"PAH","0",""
"PAP","1","MIA"
"PAQC","0",""
"PAS","5","ATH GRZ HER KLU SKG"
"PAT","16","AMD BBI BLR BOM CCU DEL DGH GAU GOX HDO HYD IXC IXR LKO MAA PNQ"
"PBA","1","SSA"
"PBC","17","AGU BJX CUN EWR GDL HUX IAH LAX MID MTY PVR SJD SLP TGZ TIJ VSA ZIH"
"PBG","5","BWI FLL PGD PIE SFB"
"PBH","17","BKK BOM BUT CCU DAC DEL DXB GAU GAY GLU HKG IXB KTM KUL PHH SGN SIN"
"PBI","42","ACY ATL AVL BDL BNA BOS BUF BWI CAK CHS CLE CLT CVG DCA DEN DTW EWR GRR HPN HVN IAH ILG ISP JFK LAX LGA MCO MEM MHH MSP ORD ORF PHL PIT PVD RDU RIC STL TEB TTN YUL YYZ"
"PBM","14","AMS AUA BEL BGI CMW CUR GEO HAV MIA OGL POS PTY SCU SDQ"
"PBO","2","BQB PER"
"PBQ","1","PVH"
"PBU","1","MYT"
"PCL","9","AYX IQT LIM SPBL SPCM SPEP SPPB SPSE TPP"
"PCN","1","WLG"
"PCP","1","TMS"
"PCR","2","BOG VVC"
"PDA","2","BOG VVC"
"PDB","2","ILI KNK"
"PDG","12","BTH CGK GNS HLP KNO KUL LXD MPC PKU RKI SIN YIA"
"PDL","26","AMS BOS CDG DUS EWR FAO FLW FNC FRA HOR JFK LHR LIS LPA MAD OPO PIX PRG RAI SJZ SMA TER VIE YUL YYZ ZRH"
"PDM","1","PAC"
"PDP","6","AEP ASU COR GRU POA VCP"
"PDS","1","MTY"
"PDT","2","GEG LGD"
"PDV","9","AYT BFS BHX BTS LTN MAN MXP STN TLV"
"PDX","86","ABQ AMS ANC ATL ATW AUS AZA BFI BIL BLI BNA BOI BOS BUR BWI BZN CLT CVG DAL DCA DEN DFW DSM DTW EUG EWR FAI FAT FCA FLL FNT FRA GDL GEG GRR HNL IAH IDA IND JAC JFK KEF KOA LAS LAX LGB LHR LIH MCI MCO MDW MFR MIA MSO MSP MSY OAK OGG ONT ORD PAE PDT PHL PHX PSC PSP PVR PVU RDM RNO SAN SBA SBP SEA SFO SJC SJD SLC SMF SNA STL STS TPA TUS YVR YYC"
"PEC","1","JNU"
"PED","14","AGP ALC AYT BJV BOJ CFU GRO HER HRG KGS MIR PMI RHO RMF"
"PEE","31","AER AYT EVN GOI GYD HKT HRG KGD KGP KJA KRR KZN LED MCX MRV MSQ NJC NMA NNM NSK NUX OVB PES RGK SGC SSH SUI SVO TAS USK VKO"
"PEG","11","CAG CTA LHR LMP MLA OLB PMO PNL RTM SUF TIA"
"PEI","8","ADZ BOG CTG EOH JFK MDE PTY SMR"
"PEK","230","AAT ADD AKL AKU ALA ALG AMS AQG ARN ASB ATH AUH BAR BAV BCN BEG BER BGW BHY BKK BOS BPX BRU BSR BSZ BUD BWI CAI CAN CDG CGK CGO CGQ CIH CJU CKG CNX CPH CSX CTS CTU CXR CZX DAC DDG DEL DLC DLU DNH DOY DQA DSN DUB DXB DYG DZH EDI ENY FNJ FOC FRA FUG FUK FYJ GMP GRU GVA GYD GYS HAK HAN HAV HET HFE HGH HIJ HKG HKT HLD HLH HMI HND HNY HRB HSF HTA HTN HUO HUZ HYN HZG ICN IKA IKT INC ISB IST JDZ JFK JGS JHG JIQ JIU JJN JMU JSJ JUZ JXA JZH KHG KHI KHN KIX KMG KOW KRL KRY KTI KUL KWE KWL LAX LED LFQ LGW LHR LHW LIJ LJG LLV LNL LPF LXA LYG LZG LZH LZY MAD MAN MDG MEL MEX MFM MIG MLE MNL MSQ MUC MXP NDG NGB NGO NKG NNG NQZ NRT NTG NZH OKA OSL PRG PUS PVG RGN RLK RUH SDJ SEA SFO SGN SHA SHE SIN SQD SVO SWA SYD SYX SZX TAO TAS TFU TGO TIJ TLV TNH TPE TWC TXN TYN UBN URC UYN VIE VVO WAW WDS WEH WGN WMT WNZ WUA WUH WUX WXN XFN XIC XIL XIY XMN XNN YBP YCU YIC YIH YIN YIW YLX YNJ YNT YNZ YSQ YTY YVR YYA YYZ YZY ZHA ZHY ZUH"
"PEM","2","CUZ LIM"
"PEN","33","BKI BKK BTJ CAN CGK CKG DMK DOH DXB HAK HKG HKT JHB KBR KCH KMG KNO KUL KWE LGK MAA PVG RDN RGN SGN SIN SUB SZB SZX TAO TFU TPE XMN"
"PER","72","ADL AKL ALH ASP BKK BME BNE BQB BWB BYP CAN CBR CCK CDG CGK CJF CKW CNS CUY CVQ DOH DPS DRW DXB EPR GET GTS GYL HBA HKG HKT JNB KAX KFE KGI KNX KQR KTA KUL LER LNO LST LVO MEL MJK MKR MMG MNL MRU NRT NTL OCM ONS OOL PBO PHE QPL SGN SIN SLJ SYD TEF WME WUI WUN WWI XCH YDLO YJUN YLAW YSRD ZNE"
"PES","12","AER DME KGD KZN MCX MMK MRV MSQ PEE SVO SVX VKO"
"PET","4","CGH FLN GRU POA"
"PEU","1","TGU"
"PEV","1","MUC"
"PEW","9","AUH DOH DXB JED KHI MCT RKT RUH SHJ"
"PEZ","5","AER DME LED MRV SVO"
"PFB","2","GRU VCP"
"PFO","60","AAR AMM AMS ATH BER BFS BGY BHX BOH BRS BRU BTS BUD BVA CGN CHQ CRL CWL DUB EDI EIN EMA EVN EXT FCO FMM GDN GLA HFA JMK KRK KTW KUN LBA LGW LHR LPL LTN MAN MLA MUC NAP NCL NRN NWI ORY OTP POZ RHO RIX SKG SOF STN TLS TLV VIE WAW WMI WRO ZAG"
"PGA","3","DEN LAS PHX"
"PGD","51","ABE ACY ALB ATW AVL BGR BLV BNA BWI CAK CHA CID CVG DAY DSM ELM FNT FSD FWA GRR IAG IND LCK LEX MCI MDT MDW MLI MSP MSY MYR OMA PBG PIA PIT PSM RFD RIC ROC SBN SDF SGF SPI STC SWF SYR TOL TTN TVC TYS USA"
"PGF","10","BHX CRL DUB LBA LIL NTE ORN ORY RAK STN"
"PGH","1","DEL"
"PGK","5","BTH CGK PLM TJQ YIA"
"PGM","0",""
"PGQ","1","TTE"
"PGU","14","AJK AWZ CQD GBT IFN KER KIH KSH MHD RAS SRY SYZ TBZ THR"
"PGV","0",""
"PHB","1","FOR"
"PHC","9","ABV CDG DOH FRA KAN LGG LOS LUX SSG"
"PHE","5","BME GET KTA PER ZNE"
"PHF","0",""
"PHH","11","BDP BHR BIR BWA JKR KEP KTM LXA PBH SIF TFU"
"PHL","126","ACK ALB AMS ART ATH ATL AUA AUS AVL BCN BDA BDL BGI BGR BHM BNA BOS BTV BUD BUF BWI CAE CDG CHS CLE CLT CMH CPH CVG DAL DAY DCA DEN DFW DOH DSM DTW DUB ECP EDI EYW FCO FLL FRA GCM GRR GSO GSP HHH HYA IAH ILM IND JAX LAS LAX LEX LHR LIR LIS MAD MBJ MCI MCO MDT MDW MEM MEX MHT MIA MKE MSN MSP MSY MVY MXP MYR NAP NAS NCE OMA ORD ORF ORH PBI PDX PHX PIT PLS PNS PRG PUJ PVD PWM RDU RIC ROA ROC RSW SAN SAT SAV SBY SCE SDF SDQ SEA SFO SLC SRQ STI STL STT SXM SYR TPA TVC TYS UVF VCE VPS XNA YHZ YUL YYZ ZRH"
"PHO","3","KVL LUR OTZ"
"PHS","1","DMK"
"PHX","152","ABI ABQ ANC ASE ATL ATW AUS AVL BDL BFL BHM BIL BNA BOI BOS BUF BUR BWI BZN CDG CEZ CID CLD CLE CLT CMH CNY COS CUL CVG DAL DEN DFW DRO DSM DTW EGE ELP EUG EWR FAR FAT FCA FLG FLL FSD GDL GEG GJT GRR GUP HMO HNL HOU IAH ICT IDA IND IPL JAX JFK KOA LAS LAX LBB LGB LHR LIH LIT LTO MAF MCI MCO MDW MEM MEX MFE MFR MIA MKE MRY MSN MSP MSY MTY MZT OAK OGG OKC OMA ONT ORD ORF PAE PDX PGA PHL PIT PSC PSP PVR PVU RAP RDM RDU RIC RNO RSW SAF SAN SAT SBA SBP SCK SDF SEA SFO SGF SGU SJC SJD SLC SMF SMX SNA SOW STL STS SUN SVC TEX TIJ TPA TPE TUL TUS TYS VEL XNA YEG YLW YOW YQR YUL YUM YVR YWG YXE YYC YYZ ZIH ZLO"
"PIA","13","AZA BNA CLT DEN DFW FLL LAS ORD PGD PIE SFB SRQ VPS"
"PIE","60","ABE ACY ALB ATW AVL BGR BLV BMI BNA CAK CHA CID CKB COS CVG DAY DSM ELM EVV EYW FAR FNT FSD FWA GRR GSO GSP HGR HSV HTS IAG IND LCK LEX LIT MCI MDT MEM MLI MSP OMA PBG PIA PIT PSM RFD RIC ROA SBN SDF SGF SWF SYR TOL TRI TTN TVC TYS USA XNA"
"PIH","0",""
"PIK","10","ACE AGP ALC BCN FAO LPA PMI PSA RMU TFS"
"PIN","1","MAO"
"PIP","3","AKN PTH UGB"
"PIR","1","DEN"
"PIS","4","AJA EDI LYS STN"
"PIT","62","ATL AUS BDL BFD BNA BOS BWI CHS CLT DAL DCA DEN DFW DTW DUB DUJ EWR EYW FLL GSP HOU IAH JAX JFK KEF LAS LAX LGA LHR LNS MCO MDW MIA MLB MSP MSY MYR ORD ORF PBI PGD PHL PHX PIE PUJ PVD PWM RDU RSW SAN SAV SDF SEA SFB SFO SLC SRQ STL TPA VPS YUL YYZ"
"PIU","1","LIM"
"PIX","3","LIS PDL TER"
"PIZ","1","BRW"
"PJA","1","LLA"
"PKA","0",""
"PKB","0",""
"PKC","15","BQS DYR GDX IKT KHV KJA OVB SVO UHPD UHPK UHPL UHPT UHPX UUS VVO"
"PKK","1","MDL"
"PKN","5","CGK KTG SMQ SRG SUB"
"PKR","1","JMO"
"PKU","13","BTH CGK GNS HLP KJT KNO KUL PDG SIN SIQ SUB TJB YIA"
"PKV","4","AER KGD MRV VKO"
"PKX","198","AAT ACX AEB AKA ALA AMS AOG AUH AVA BAR BFJ BHY BKI BKK BSZ BWN BZX CAN CGD CGQ CIH CJU CKG CMB CMN CQW CSX CTS CTU CZX DAC DBC DIG DLC DLU DMK DMM DNH DOH DOY DQA DSN DXJ DYG DYU ENH ERL FOC FRA FUO GMP GYU HAK HAN HCZ HEK HEL HFE HGH HJJ HKG HLH HND HRB HSC HSN HUZ HYN HZG ICN IKA IKT INC IQN ISB IST JBK JDZ JED JGN JHG JIC JIQ JJN JMU JNH JRJ JUH JUZ KCA KHG KHN KHV KIX KJA KLO KMG KOW KRL KTI KTM KUL KWE KWL LCX LDS LHR LHW LJG LLF LLV LNJ LNL LUM LYI LZO MCT MEL MFM MIG MLE MXP MXZ NAO NBS NDG NGB NGO NKG NNG NRT NTG NZL OHE OVB PQC PVG PZI RLK RUH SGN SHA SHE SHS SIN SQJ SVO SVX SWA SYD SYX SZX TAO TAS TCG TEN TFU TGO TLQ UBN UKB URC UUS UYN VTE VVO WDS WEH WHA WNH WNZ WUA WUH WUS WUX WUZ XIC XIL XIY XMN XNN YBP YCU YIH YIN YIW YKS YNJ YNZ YSQ YTW YTY YUS YZY ZAT ZHA ZUH ZYI"
"PKY","9","BDJ BPN CGK HMS KLP SMQ SRG SUB YIA"
"PKZ","5","CAN LPQ SAI SGN VTE"
"PLJ","4","BZE DGA PND TZA"
"PLM","8","BTH CGK HLP KUL PXA SIN SUB YIA"
"PLN","2","DTW ORD"
"PLQ","8","AMS AYT BGO CPH OSL RIX SSH STN"
"PLS","29","ANU ATL BGI BOS BWI CAP DTW EWR GDT HAV IAH JFK KIN LHR MCO MIA MSP NAS NCA OCJ ORD PAP PHL POP SDQ STI XSC YUL YYZ"
"PLW","10","BPN CGK LUW MOH OJU PWX SUB TLI UOL UPG"
"PLX","5","ALA CIT KGF NQZ UZR"
"PLZ","1","JNB"
"PMA","6","ARK DAR KIY MWZ TGT ZNZ"
"PMC","6","BBA BRC CCP PNT PUQ SCL"
"PMF","3","CAG PMO RMO"
"PMG","1","VCP"
"PMI","196","AAL AAR ABZ AGP ALC ALG AMS ANR ARN ATH AUH BCN BEG BER BES BFS BGO BGY BHD BHX BIO BLL BLQ BOD BOH BRE BRN BRQ BRS BRU BSL BTS BUD BVA BZG CAG CDG CDT CGN CLJ CPH CRA CRL CWL DOL DRS DTM DUB EAS EDI EIN EMA ERF EVE EWR EXT FCO FDH FKB FMM FMO FRA GCI GDN GHV GLA GOT GRQ GRX GRZ GVA HAJ HAM HAU HEL IAS IBZ INN INV IOM JCL JKG KLR KLU KRK KRP KRS KSC KSD KSF KTW KUN LBA LBC LCG LCY LEI LEJ LEN LEU LGW LHR LIG LIL LIN LIS LNZ LPA LPL LTN LUX LYS MAD MAH MAN MLA MLN MME MPL MRS MUC MXP NAP NCE NCL NDR NOC NRN NTE NUE NWI NYO ODE OMR OPO ORB ORK ORY OSD OSL OSR OST OTP OVD PAD PED PIK PMO POZ PRG PRO PSA QSR RAK REU RIX RJL RMO RNN RZE SBZ SCN SEN SIR SLM SNN SOF SOU STN STR SVG SVQ SXB SZG TFN TIA TLL TLS TRD TRF TSF TSR VBY VGO VIE VIT VLC VLL VRN WAW WMI WRO YUL ZAG ZAZ ZRH"
"PML","3","AKN CDB NLG"
"PMO","77","AMS AOT ARN ATH BCN BEG BES BGY BHX BLQ BOD BRI BRS BRU BTS BUD CDG CGN CPH CUF DOL DTM DUB DUS EDI EWR FCO FLR FRA GVA HER IST JFK JTR LDE LGW LHR LIL LIN LMP LTN LUX LYS MAD MAN MLA MUC NAP NCL NTE OLB OMO ORY OSL PMF PMI PNL PRG PSA RMI RTM SKP SOF SSH STR SXB TLV TRN TRS TUN VCE VIE VRN WAW WMI WRO ZRH"
"PMR","4","AKL BHE CHC NSN"
"PMV","17","AGV BLA BNS BRM CCS CGU ICC LFR MAR MUN POS STD SVZ TUV VIG VKO VLN"
"PMW","7","AUX BSB CNF GRU GYN SSA VCP"
"PMY","1","AEP"
"PNA","4","IBZ LPA MAD TFN"
"PND","2","BZE PLJ"
"PNH","37","BKK CAN CGK CGO CKG CSX DEL DMK DOH DSY DXB HAN HKG HYD ICN KMG KOS KUL MFM MNL NGB NNG PEK PEN PQC PVG RGN SAI SGN SIN SYX SZX TFU TPE VTE WUH XIY"
"PNI","12","BNE ENT GUM HNL INU KSA KWA MAJ ROR TKK TRW YAP"
"PNK","14","BPN BTH CGK DPS KCH KNO KTG KUL PSU SIN SQG SRG SUB YIA"
"PNL","10","BGY BLQ CTA FCO LIN PEG PMO TPS VCE VRN"
"PNP","2","POM TFI"
"PNQ","12","AMD BLR CCU DEL DXB GOX IXB IXE JLG MAA SDW VNS"
"PNR","16","ABJ ADD BKO BZV CDG COO DLA FIH IST LAD LBV LFW LGG LUX NKC POG"
"PNS","29","ATL AUS BNA BOS BWI CGI CLT DAL DCA DEN DFW DTW FLL HOU IAH LGA MCI MCO MDW MEM MIA MSL ORD PHL RDU SAT STL TPA XNA"
"PNT","2","PMC SCL"
"PNY","3","BLR HYD RJA"
"PNZ","4","GRU REC SSA VCP"
"POA","14","AEP BSB CGH CNF CWB FLN GIG GRU LIM LIS PDP PTY SCL VCP"
"POG","3","LBV OYE PNR"
"POJ","1","CNF"
"POL","4","DAR JNB MPM NBO"
"POM","2","CGK HIR"
"POP","16","ATL BOS CLT EWR FRA JFK KTW MIA PTY WAW YHZ YOW YUL YYC YYZ ZRH"
"POR","1","HEL"
"POS","24","AMS ANU BGI CCS CUR EWR FLL GEO IAH JFK LGW MCO MIA NAS OGL PBM PMV PTP PTY SLU SVD SXM TAB YYZ"
"POZ","42","ALC AMM AMS ARN AYT BJV BOJ BRI BSL BVA CFU CHQ CIA CPH DUB DXB FCO FRA GRO HER HRG KUT LBA LPA LTN MUC NBE NOS PFO PMI PMO PRG PUY SSH TGD TIA TRF TSF VLC VRN WAW ZAD"
"PPB","6","BPS CGH MCZ NAT REC VCP"
"PPG","5","APW FGI FTI HNL OFU"
"PPK","4","ALA CIT NQZ SSH"
"PPL","2","KTM LUA"
"PPN","3","BOG GPI TBD"
"PPP","5","ADL BNE CNS MEL SYD"
"PPQ","3","AKL BHE NSN"
"PPR","1","BTH"
"PPS","5","CEB CRK DVO ILO MNL"
"PPT","30","AHE AKL AUQ AXR BOB CDG FAV FGU GMR HHZ HNL HOI KHZ LAX MOZ NHV NOU NRT ORY RAR RFP RGI RMT RRR RUR SFO TIH TKV TKX TUB"
"PPW","3","KOI NRL WRY"
"PQC","41","ALA BKK BOM BSZ BTS CIT DAD DEL DMB DMK HAN HKG ICN IKT IST KHH KMG KTI KTW KUL MSQ NQZ OTP OVB PKX PRG PUS RMO RMQ SAI SGN SIN SVX SZB TAS TPE UBN VCA VVO WAW XIY"
"PQI","0",""
"PQM","0",""
"PQQ","3","BNE LDH SYD"
"PQT","1","JAV"
"PRA","1","AEP"
"PRC","0",""
"PRG","139","ADB AGA AGP ALA ALC AMM AMS AOK ARN ASR ATH AUH AYT BAH BCN BDS BEG BEY BHX BIO BJV BKK BLQ BOD BOH BOJ BRI BRS BRU BSL BUD CAI CDG CFU CGN CPH CTA DBB DBV DJE DOH DUB DUS DXB EDI EIN EMA EVN FCO FLR FRA FUE GDN GVA GYD HAM HAN HEL HRG IAS ICN IST JFK JSI KBV KEF KSC KWI LBA LCA LGW LHR LIS LPA LPL LTN LUX LYS MAD MAN MLA MLE MUC MUH MXP NCE NOS NQZ NTE OLB OPO ORK ORY OSL OTP PEK PHL PMI PMO PQC PUJ PVK PVR PXO RHO RIX RMO RUH SAW SHJ SKG SKP SKU SOF SPC SPU SSH STN SVQ TAS TCP TFS TGD TIA TIV TLV TPE TRS TSF TSR VAR VIE VRN WAW YYZ ZAD ZAG ZNZ ZRH"
"PRI","1","SEZ"
"PRN","36","ADB ARN AYT BER BRU BSL BTS CGN CPH DTM DUS FCO FMM FMO FRA GOT GVA HAJ HAM HEL HRG IST JED LJU LTN LUX MUC MXP NUE OSL RMI SAW STR SZG VIE ZRH"
"PRO","26","ACI AGP AMS BES BHX BRS CDG DUB DUS EMA EXT FAO GCI GLA LBA LGW LHR LPL MAN MME MUC NCL NWI PMI SGD TFS"
"PSA","81","AGP AHO AMM AMS ARN ATH BDS BEG BER BHX BRI BRS BRU BTS BUD BVA CAG CFU CGN CHQ CIY CMN CPH CRL DUB DXB EBA EDI EFL EIN FMM FRA FUE GDN GLA GOT HEL IAS IBZ JSI KGS KRK KTW KUN LBA LGW LHR LIS LPA LTN MAD MAN MLA NTE OLB OPO ORY OSL OTP PIK PMI PMO PRG RAK RBA REG RHO RIX SEN SOF STN SUF SVQ TIA TLS TPS TRF VLC WAW WRO ZAD"
"PSC","3","ALW BFI GEG"
"PSE","1","MCO"
"PSG","4","JNU KAE SIT WRG"
"PSJ","2","PLW UPG"
"PSM","7","MCO PGD PIE RDU RSW SFB SRQ"
"PSO","3","BOG CLO MDE"
"PSP","33","ATL AUS BLI BOI BWI CLT DAL DEN DFW DSM EWR IAH JFK LAS LAX MDW MSP OAK ORD PAE PDX PHX SEA SFO SJC SLC SMF STS YEG YVR YWG YYC YYZ"
"PSR","16","AHO BGY CAG CRL FMM IAS KUN LUX MLA MXP NRN OTP PRG TIA TPS VLC"
"PSS","2","AEP COR"
"PSU","1","PNK"
"PSY","0",""
"PTA","1","ILI"
"PTF","1","NAN"
"PTH","6","AKN KCG KCL KCQ KMO KPV"
"PTO","2","CWB VCP"
"PTP","21","ANU BGI CAY CDG DOM FDF GBJ MIA MXP NTE ORY PAP POS SBH SDQ SFG SLU SXM YQB YUL YYZ"
"PTQ","2","BEL BVS"
"PTU","2","BET DLG"
"PTX","2","BOG CLO"
"PTY","90","ADZ AMS ASU ATL AUA AUS BAQ BGA BGI BOG BOS BRM BSB BWI BZE CCS CDG CIX CNF COR CTG CUC CUR DAV DEN EWR EZE FLL FLN GCM GDL GEO GIG GRU GUA GYE HAV IAH IST JFK KIN LAS LAX LIM MAD MAO MAR MBJ MCO MDE MDZ MEC MEX MGA MIA MTY MVD NAS ORD PBM PEI POA POP POS PUJ RDU ROS SAL SAN SAP SCL SDQ SFO SJD SJO SLA SMR SNU SSA STI SXM TPA TUC UIO VLN VVI XPL YUL YYC YYZ"
"PUB","1","DEN"
"PUE","0",""
"PUF","8","AJA BES CDG FSC KIR LYS MRS ORY"
"PUJ","16","CUN DEN MSP ORD YEG YHM YOW YQR YQT YUL YWG YXE YXU YYC YYT YYZ"
"PUQ","9","BBA CCP MPN PMC PNT RGL SCL WPR WPU"
"PUS","47","ALA BKI BKK CEB CJU CNX CRK CTS CXR DAD DPS DYG FSZ FUK GMP GUM HAN HKG ICN KHH KIX KMJ KUL MFM MMY MNL MYJ NGO NRT OKA PEK PQC PVG RMQ SGN SHE SIN SJW SYX TAG TAK TAO TPE UBN VTE XIY YNJ"
"PUU","3","CLO IPI LQM"
"PUW","2","BOI SEA"
"PUY","25","AMS ARN BEG BHX CPH CRL DUS EDI EMA FRA GOT HAJ KTW LGW LTN MAN MUC NRN OSL POZ RTM STN STR ZAD ZAG"
"PUZ","2","BEF MGA"
"PVA","1","ADZ"
"PVC","0",""
"PVD","35","ATL BNA BWI CHS CLT CVG DAB DAL DCA DEN DTW FLL GSP ILM JAX JFK LAX MCO MDW MSP MYR ORD ORF PBI PGD PHL PIT RAI RDU RIC RSW SAV SRQ TPA VRB"
"PVE","0",""
"PVG","212","AAT ADD ADL AKL AKU ALA AMS ARN ATH AUH AYN BAH BAR BAV BCN BEG BFJ BKI BKK BNE BRU BUD CAI CAN CCU CDG CEB CGK CGO CGQ CIF CIT CJU CKG CMB CMN CNX CPH CSX CTS CTU DBC DDG DEL DFW DLC DLU DMK DOH DOY DPS DQA DSN DTW DXB DZH ENH ENY EZE FCO FOC FRA FUG FUK FUO GVA HAK HAN HEL HET HFE HGH HIJ HKG HKT HLD HLH HMI HNA HND HNY HRB HUZ HZA ICN IKA IKT INC IQN IST JFK JGN JGS JHG JJN JMU JRJ KHH KHN KHV KIX KMG KMQ KOJ KOW KRL KRY KTI KTM KUL KWE KWL KZN LAX LED LGW LHR LHW LIJ LJG LNJ LNL LUM LYA LZG MAD MAN MDG MEL MFM MIG MLE MNL MRS MUC MXP NAO NBS NDG NGB NGO NGS NKG NNG NNY NRT OHE OKA OVB PEK PEN PKX PUS RUH SDJ SEA SFO SGN SHE SHF SHS SIN SJW SVO SWA SYD SYX SZH SZX TAE TAK TAO TAS TEN TFU TNA TPE TSN TWU UBN UKB URC UYN VCE VIE VTE VVO WDS WEH WMT WNZ WUH WUZ XAI XIL XIY XMN XNN XNT YIW YKH YLX YNT YSQ YTW YVR YYA YYZ ZHA ZRH ZUH ZYI"
"PVH","8","BSB CGB CNF GRU JPR LBR MAO PBQ"
"PVK","44","AMS ARN BER BGY BHX BLQ BRI BRQ BRS BTS BUD BZO CFU CPH DUS EDI EFL EMA FCO FRA GOT HEL INN JSH LCA LGW LHR LTN MAN MUC MXP NCL NUE OSL OSR PRG RDO STN STR SVG TLV VIE ZRH ZTH"
"PVR","49","AGU ATL AUS CJS CSW DEN DFW DTW GDL HOU IAH JFK LAS LAX MEX MSP MTY MXL NLU ORD PBC PDX PHX PRG QRO SAN SEA SFO SJC SLC SLP SMF SNA TIJ TLC YEG YHM YLW YOW YQB YQQ YQR YUL YVR YWG YXE YYC YYJ YYZ"
"PVS","1","DYR"
"PVU","17","AUS AZA BNA BUR BWI DFW HOU LAS MCO MDW PDX PHX RDU SBD SFB SFO SNA"
"PWE","6","DYR KPW NJC OVB VKO YKS"
"PWM","28","ATL BNA BWI CAK CHS CLT CMH CVG DCA DEN DTW EWR IAH JFK LAX LGA MCO MDW MSP ORD ORF PHL PIT RDU RSW SFO SRQ TPA"
"PWX","2","GTO PLW"
"PXA","3","BKS HLP PLM"
"PXM","10","DFW GDL IAH MEX MTY NLU OAX YVR YYC YYZ"
"PXN","4","AMD CCU DEL HYD"
"PXO","6","BGY FNC LIS LUX OPO PRG"
"PXU","3","DAD HAN SGN"
"PYB","2","BBI VTZ"
"PYC","0",""
"PYH","1","CCS"
"PYJ","4","IKT KJA MJZ OVB"
"PYT","1","CNF"
"PZE","2","ISC TSO"
"PZI","4","CAN CTU PKX XIY"
"PZU","7","ADD CAI IST JED JUB MCT RUH"
"PZY","2","AYT LCA"
"QCU","2","JEG QJI"
"QEN","1","LYR"
"QFN","2","JNN QUV"
"QGP","1","REC"
"QGQ","2","BGKA JEG"
"QJE","1","JEG"
"QJI","2","JCH QCU"
"QMK","2","BGKA JEG"
"QOW","2","ABV LOS"
"QPL","0",""
"QRO","27","ACA ATL CJS CUU DEN DGO DTW GDL HMO IAH LAP LAX MAD MCO MEX MID MTY MZT OAX ORD PVR SAT SJD TIJ TRC VER ZIH"
"QRW","2","ABV LOS"
"QSF","6","ALG LIL LYS MRS ORN ORY"
"QSR","17","BGY CRL GOA IBZ JMK JTR LUX LYS MXP NTE PMI RHO STN TRN TRS VIE ZTH"
"QSZ","17","AAT AKU BPL HMI HTN KCA KHG KRL LHW NGQ TFU TLQ TWC URC XIY XNN YIN"
"QUB","1","MJI"
"QUO","2","ABV LOS"
"QUV","2","QFN XEQ"
"QUW","2","JJU JNN"
"RAB","5","BUA HKN KVG LNV POM"
"RAE","5","CAI DMM HAS JED RUH"
"RAH","3","HAS JED RUH"
"RAI","20","BVC CDG CMN DSS LFW LIS LUX LYS MMO MRS OPO OXB PDL PVD REC SFL SID SNE VXE ZRH"
"RAK","114","ACE AGP ALC AMS ARN ATH ATL BCN BER BES BFS BGY BHX BIO BLQ BOD BRS BRU BUD BVA BVC CDG CGN CIA CLJ CMN CPH CRL DLE DOH DSS DUB EDI EIN ERH EUN EWR FAO FCO FEZ FNC FNI FRA GLA GVA HAM HEL IST JED KRK LBA LGW LHR LIG LIL LIS LPA LPL LTN LUX LYS MAD MAN MED MPL MRS MUC MXP NAP NCE NCL NRN NTE OPO ORY OSL OTP OUD PGF PMI PMO PRG PSA RAI RIX RNS RTM SCQ SDR SEN SID SOF SSH STN SVQ SXB TFN TFS TLS TLV TNG TRN TSF TTU TUF VIE VIL VLC VXE WAW XCR YUL ZAZ ZRH"
"RAM","2","DRW GOV"
"RAO","11","BPS CGH CNF FOR GRU JPA MCZ NAT REC SSA VCP"
"RAP","1","FSD"
"RAQ","1","UPG"
"RAR","12","AIT AIU AKL BNE CHC HNL MGS MHX MOI MUK PPT SYD"
"RAS","5","GSM MED NJF SYZ THR"
"RBA","36","AGA AGP AMS BCN BOD BRU BSL BVA CDG CIA CRL ERH EUN FKB GVA IST JED LGW LYS MAD MAN MPL MRS MXP NCE NRN NTE OPO ORY OUD PSA STN SVQ TUN VIL VLC"
"RBB","1","MAO"
"RBQ","1","CBB"
"RBR","5","BSB CNF CZS GRU MAO"
"RBV","1","MUA"
"RBX","0",""
"RBY","5","FAI GAL HSL KAL TAL"
"RCH","3","BAQ BOG MDE"
"RCM","4","HGD ISA JCK TSV"
"RCQ","1","ROS"
"RCU","1","AEP"
"RCY","1","NAS"
"RDD","4","DEN LAX SEA SFO"
"RDM","10","BUR DEN LAS LAX PDX PHX SAN SEA SFO SLC"
"RDN","2","SZB XSP"
"RDO","4","AYT LCA PVK TIA"
"RDP","5","BLR BOM DEL HYD MAA"
"RDU","84","ACY ALB ATL AUS BDL BGR BHM BNA BOS BTV BUF BWI CAK CDG CLE CLT CMH CVG DAB DAL DCA DEN DFW DTW DUB EWR EYW FLL FRA HOU HPN HVN IAH IND ISP JAX JFK KEF LAS LAX LGA LHR MCI MCO MDW MEM MEX MHT MIA MSN MSP MSY OGS ORD PBI PHL PHX PIT PNS PSM PTY PUJ PVD PVU PWM ROC RSW SAN SAT SDF SEA SFO SLC SNA SRQ STL SWF SYR TLH TPA VRB YUL YVR YYZ"
"RDV","3","ANI SLQ SRV"
"RDZ","7","AJA BIA CRL OPO ORY PMI STN"
"REC","36","AEP AJU BEL BSB CAU CGH CJZ COR CPV CWB EZE FEN FOR FRA GIG GRU IGU JAW JDO JPO LIS MAD MAO MIA OPO PNZ POA PPB QGP RAI SCL SJP SSA THE UDI VCP"
"REG","13","BER BLQ BVA CRL FCO KTW LIN MXP PMF PSA STN TRN VCE"
"REL","3","AEP FTE USH"
"REN","10","AER GOJ GYD KZN LED MRV OVB SSH SVO SVX"
"RES","4","AEP COR IGR SLA"
"RET","2","BOO SVJ"
"REU","20","ABZ BFS BHX BOH BRS BRU CRL CWL EMA GLA LBA LGW LPL LTN MAN NCL OPO ORY PMI STN"
"REW","5","BHO DEL IDR JLR RPR"
"REX","3","GDL MEX VER"
"RFD","8","AZA BNA FLL LAS PGD PIE SFB SRQ"
"RFP","5","BOB HUH MAU MOZ PPT"
"RGA","6","AEP CRD EZE FTE RGL USH"
"RGI","6","BOB FAV MVT PPT TIH XMH"
"RGK","13","DME IKT KCY KJA KZN LED OVB PEE SGC SVO SVX UFA UUD"
"RGL","9","AEP CRD EZE FTE MPN PUQ REL RGA USH"
"RGN","26","BKK CAN CKG CNX CSX DAC DAD DEL DMK DXB GAY HAN HKT ICN KMG KTI KUL MAA NNG NYT PEK PEN SGN SIN TPE VTE"
"RGO","1","FNJ"
"RGT","1","BTH"
"RHD","1","AEP"
"RHI","2","MSP ORD"
"RHO","113","AMS AOK ARN ATH BAH BEG BER BFS BGY BHX BLQ BOH BRI BRN BRQ BRS BRU BTS BUD CDG CGN CHQ CLJ CPH CTA CWL DUB DUS EDI EIN EMA ERF EVN EXT FCO FDH FMM FMO FRA GLA GOT GRQ GRZ GVA HAJ HAM HEL HER HFA IAS JCL JKH JKL JMK JNX JTR KGS KSC KUN LBA LCA LGW LHR LIL LIN LLA LPL LRS LTN LUX LXS LYS MAN MJT MLO MOL MUC MXP NAP NCL NRN NTE NUE NWI ORY OSL OSR OST OTP POZ PRG RIX RMO RTM RZE SAW SBZ SKG SMI STN STR SVG SZG TIA TLL TLV TRD TSR VIE VRN WAW WMI ZRH"
"RHP","3","KTM LUA PPL"
"RIB","2","TDD VVI"
"RIC","36","ATL BDL BNA BOS BWI CHS CLT DEN DFW DTW EWR FLL HVN IAH ISP JAX JFK LAS LAX LGA MCO MDW MIA MSP MSY ORD PBI PGD PHL PHX PIE PVD RSW SFO SRQ TPA"
"RIH","3","PAC YUL YYZ"
"RIM","1","TPP"
"RIS","2","CTS OKD"
"RIW","0",""
"RIX","64","AAR ABZ AGP ALC AMS ARN ATH AYT BCN BEG BER BGO BGY BOJ BRU BUD CGN CPH CRL DUB DXB EDI EMA FCO FRA GOT GPA GVA HAM HEL HER HRG IST KEF LBA LGW MAN MLA MUC NBE NCE OLB OPO PFO PLQ PRG RAK SKG SOF SSH STN TAS TFS TIA TIV TLL TRF TSF VCE VIE VLC VRN WAW ZRH"
"RIY","5","ADE CAI DWC JED SCT"
"RIZ","8","DLC DSN KMG PVG SHE SZX TYN WUH"
"RJA","6","BLR BOM DEL HYD MAA TIR"
"RJB","1","KTM"
"RJH","1","DAC"
"RJK","12","ARN BEG CRL DUS FRA GDN HAM KTW LUZ MUC STN ZRH"
"RJL","3","BCN MAD PMI"
"RJM","1","SOQ"
"RKD","1","BOS"
"RKI","1","PDG"
"RKS","0",""
"RKT","11","CAI CCJ CNN COK DME HYD JED KZN LKO SVX TAS"
"RKV","8","AEY BIU CNP EGS GJR HFN IFJ VEY"
"RKZ","4","CTU SJW XIY XNN"
"RLG","1","AYT"
"RLK","9","CAN CGO HET PEK PKX PVG TFU TGO XIL"
"RLO","2","AEP VME"
"RMA","2","BNE CTL"
"RMF","25","AMS BER BGY BLQ BRQ BTS BUD CAI CGN DUS FCO FRA GDN HAJ HAM MUC MXP NUE OSR STR SZG VIE VRN WRO ZRH"
"RMI","17","BSL BUD CAG CGN KTW KUN LGW LHR LUX MUH PRN RMO SOF SSH STN TIA VIE"
"RML","8","ACJ BTC GIU HRI JAF KCT TRR VCCV"
"RMO","61","ADB ALC AMS ATH AYT BCN BER BGY BJV BLQ BRE BRI BUD BVA CGN CPH CRL DTM DUB DUS DXB EVN FMM FRA GYD HAM HER HRG IST KTW LCA LIS LYS MAD NCE NYO ORY OTP PMF PMI PRG RIX RMI SAW SSH STN STR TAS TBS TFS TIV TLV TRN VCE VIE VLC VRN WAW WMI WRO ZTH"
"RMP","1","FAI"
"RMQ","19","CJU DAD HAN HKG HUN ICN KMJ KNH LZN MFM MZG NGO NKG OKA PQC PUS SGN TAK UKB"
"RMT","2","PPT RUR"
"RMU","22","BCN BHX BIO BOH BRQ BRS DUB EMA LGW LIL LPA LTN MAN MRS NDR OST OVD PIK PRG STN TFN VCE"
"RMZ","10","KZN LED NBC NUX OMS OVB SGC SVX UFA VKO"
"RNA","1","HIR"
"RNI","2","BEF MGA"
"RNJ","1","KOJ"
"RNL","1","HIR"
"RNN","9","BLL CHQ CPH JSI KGS LPA PMI RHO SGD"
"RNO","25","ATL AUS BNA BUR CLD DAL DEN DFW GDL IAH JFK LAS LAX LGB MDW MSP ORD PDX PHX SAN SEA SFO SJC SLC SNA"
"RNP","2","BII EAL"
"RNS","17","AJA AMS BIA CDG CGN CLY DUB FSC GVA LGW LYS MAN MPL MRS NCE RAK TLS"
"ROA","10","ATL BWI CLT DFW LGA ORD PHL PIE SFB SRQ"
"ROB","10","ABJ ADD BJL BRU CKY CMN FNA LFW LOS NBO"
"ROC","25","ATL BNA BOS BWI CHS CLT DCA DTW EWR FLL JFK LAL LGA MCO MDW MIA MYR ORD PGD PHL RDU RSW SRQ TPA USA"
"ROI","1","DMK"
"ROK","4","BNE CNS MKY TSV"
"RON","3","BOG EOH EYP"
"ROP","2","GUM SPN"
"ROR","12","BNE CRK GUM HKG INU MAJ MNL NRT PNI TPE TRW YAP"
"ROS","15","AEP BRC CFB FLN GIG GRU IGR LIM MAD MDZ NQN PTY PUJ RCQ SLA"
"ROT","3","AKL CHC WLG"
"ROV","40","AER ASF AYT BEG BSZ CAI CEK DME DXB EVN GOI GOJ GRV GSV GYD HKT IST KGD KLF KZN LED MCX MRV MSQ NSK OGZ OMS OVB PEE SIP SVO SVX TAS TJM TLV UFA UTP VKO VOG ZNZ"
"ROW","1","DEN"
"RPLN","0",""
"RPLT","0",""
"RPM","2","DRW GOV"
"RPR","16","AMD BBI BHO BLR BOM CCU COK DEL GOI HYD IDR JGB LKO MAA NMI PNQ"
"RPSB","0",""
"RPU","2","CAF MAO"
"RQA","5","HTN IQM KRL TLQ URC"
"RQY","5","BLR GOX HYD MAA TIR"
"RRG","2","MRU RUN"
"RRJ","2","CNF VCP"
"RRK","1","BBI"
"RRR","1","HOI"
"RRS","1","OSL"
"RSA","1","AEP"
"RSD","11","BIM FPO GGT GHB GHC MAY MHH MYEB NAS TYM ZSA"
"RSH","1","ANI"
"RSI","6","DOH DXB JED MLE MXP RUH"
"RST","2","MSP ORD"
"RSU","2","CJU GMP"
"RSW","75","ABE ACY ALB ATL ATW AUS AVP BDL BGR BNA BOS BTV BUF BWI CAK CHS CLE CLT CMH CVG DAL DEN DFW DSM DTW EAU EWR FRA GRR GSP HAV HOU HPN HVN IAH ILG ILM IND ISP JFK LAN LAS LAX LGA MCI MCO MDW MHT MKE MSN MSP MSY ORD ORF ORH PHL PHX PIT PSM PVD PWM RDU RIC ROC SBN SDF SFO SLC STL SWF SYR TTN YOW YUL YYZ"
"RTA","2","NAN SUV"
"RTB","16","ATL BZE DEN DFW GJA GUA IAH LCE MIA MSP SAP TGU UII XPL YUL YYZ"
"RTG","1","KOE"
"RTI","2","KOE SAU"
"RTM","26","ADB AGP AHU ALG ASR ATH BCN CFU EGC FEZ FUE GRO HER KAO KGS LCY LPA PMO RHO SAW SPU TFS TLN TNG ZAD ZTH"
"RTU","2","AAP BEJ"
"RUA","3","EBB HSYE KJJ"
"RUH","128","ABT ADB ADD ADE AER AGP AHB AMM AMS AQI ATH ATL ATZ AUH AYT BAH BCN BEY BGW BHH BJV BKK BLR BOM BUS BWI CAI CAN CCJ CDG CGK CMB CMN CNN COK DAC DAM DBB DEL DMK DMM DOH DWC DWD DXB EBB EJH ELQ EVN FCO FRA GIZ GVA GYD HAS HBE HKG HKT HMB HRG HTY HYD ISB IST JED JFK JMK JTR KBL KHI KRK KTM KWI LCA LHE LHR LKO MAD MCT MED MLE MNL MRU MUC MUX MXP NBO NCE NUM PEK PEW PKX PRG PVG PZU RAE RAH RSI RZV SHJ SHW SIN SJJ SKT SLL SPX SSH SUB SVO SZG SZX TAS TBS TIA TIV TRV TUI TZX ULH UPG URY VCE VIE VKO WAE WAW YNB ZRH"
"RUI","0",""
"RUL","4","GAN GKK KDM MLE"
"RUM","1","KTM"
"RUN","11","BKK CDG DIE DZA MAA MRS MRU ORY TLS TMM TNR"
"RUP","2","CCU GAU"
"RUR","3","PPT RMT TUB"
"RUT","0",""
"RVE","3","BGA BOG TME"
"RVK","2","OSY TRD"
"RVN","43","ADB AMS BCN BER BFS BGY BHX BOD BRS BVA CDG CPH CRL DUB DUS EDI FCO FRA GVA HEL IST LGW LPL LTN LUX LYS MAD MAN MUC MXP NAP NCE NCL ORY SEN SNN STN STR TLV TOS VIE WAW ZRH"
"RVV","3","PPT RUR TUB"
"RVY","1","MVD"
"RXS","1","MNL"
"RZE","16","ALC BJV BRS DUB EDI EWR FRA GDN LTN MAN MLA MXP STN TGD WAW ZAD"
"RZR","2","MHD THR"
"RZV","9","ADB ELQ ESB IST JED KWI MCT RUH SAW"
"SAB","1","SXM"
"SAE","2","IKE UMD"
"SAF","6","DAL DEN IAH LAX ORD PHX"
"SAG","5","BLR CJB DEL HYD MAA"
"SAH","1","AMM"
"SAI","17","BKK CCU DAD DMK DXB HAN HKT KMG KOS KTI KUL LPQ PKZ PQC SGN SIN SZX"
"SAL","4","GUA MIA PTY UIO"
"SAN","86","ABQ AMS ANC ATL AUS BNA BOI BOS BWI BZN CLT CMH COS CVG DAL DCA DEN DFW DTW EGE ELP EUG EWR FAT FCA FLL GEG HDN HNL HOU IAH IND JAC JAX JFK KOA LAS LAX LHR LIH MCI MCO MDW MFR MIA MKE MRY MSO MSP MSY MUC NRT OAK OGG OMA ORD ORF PAE PDX PHL PHX PIT PTY PVR RDM RDU RNO SAT SBA SBP SEA SFO SJC SJD SLC SMF STL STS SUN TPA TUL TUS YUL YVR YYC YYZ"
"SAP","17","ATL BZE EWR FLL GUA IAH JFK LCE MAD MCO MEX MIA MSY PTY RTB SAL SJO"
"SAQ","1","NAS"
"SAR","2","MHD THR"
"SAT","46","ABQ ATL BNA BOS BWI CLT COS DAL DCA DEN DFW DTW ELP EWR FLL GDL HOU IAH JFK LAS LAX MCI MCO MDW MEM MEX MIA MLM MSP MSY MTY ORD PHL PHX PNS QRO RDU SAN SEA SFO SLC SLP STL TPA TRC YYZ"
"SAU","3","ENE KOE WGP"
"SAV","38","ATL ATW BDL BNA BOS BWI CAK CLT CMH CVG DAL DCA DEN DFW DTW EWR FLL GRR HOU HPN HVN IAH IND JFK LCK LGA MCI MDW MIA MSP MSY ORD PGD PHL PIE PIT PVD STL"
"SAW","162","ADB ADF AJI AKX ALA ALC ALG ALP AMM AMS ARN ASR ATH AUH AYT BAH BAL BCN BEG BER BEY BGW BGY BHX BIO BJV BLQ BRE BRS BRU BSL BSR BSZ BTS BUD BUS CAI CDG CGN CIT CLJ CMN COV CPH CRL DAM DIY DLM DMM DOH DTM DUB DXB DYU EBL ECN EDI EDO EIN ELQ ERC ERZ ESB EVN EZS FCO FRA GNJ GRV GRZ GUW GVA GYD GZP GZT HAJ HAM HBE HEL HRG HSA HTY IAS IFN IGD IKA JED KBL KCM KFS KHI KSY KUL KUT KWI KYA LED LGW LJU LXR LYS MAD MAN MCT MED MHD MJT MLX MQM MRS MSR MUC MZH NAJ NAV NCE NKT NOP NQZ NUE OGU ORY OSL OSS OTP PRG PRN RHO RKT RMF RMO RTM RUH RZV SCO SHJ SJJ SKP SOF SPX SSH STN STR SVQ SYZ SZF TBS TBZ TGD TIA TJK TNG TZL TZX URA VAN VAS VCE VIE VKO ZAG ZRH"
"SBA","12","DEN LAS LAX OAK ORD PDX PHX SAN SEA SFO SLC SMF"
"SBD","2","PVU SFO"
"SBG","1","BTJ"
"SBH","15","ANU AXA EIS FDF GND NEV POS PTP SAB SFG SJU SKB STT STX SXM"
"SBN","16","ATL AZA BWI DFW DTW FLL LAS MCO MSP ORD PGD PIE RSW SFB SRQ TYS"
"SBP","8","DEN LAS LAX PDX PHX SAN SEA SFO"
"SBR","4","GIC HID SYU XMY"
"SBT","2","DME VKO"
"SBW","8","BKI BTU JHB KCH KUL MKM MYY SIN"
"SBY","4","CLT FLL MCO PHL"
"SBZ","12","BGY BHX DTM FCO FKB FMM HER LCA MAD NUE RHO VIE"
"SCC","5","ANC BRW BTI FAI NUI"
"SCE","3","BWI ORD PHL"
"SCF","7","APA BUR DAL LAS SLC SMO SNA"
"SCK","2","LAS PHX"
"SCL","17","ADD AGT AMS BOG BQN BRU EZE FRA ICN LAX LOS LUX MEM MIA PTY UIO VCP"
"SCM","3","BET HPB VAK"
"SCN","8","ALC AYT BER HAM HER PMI RHO TPS"
"SCO","22","AKX ALA BUS CIT DOH DXB EVN GUW GYD HSA IST KGF KOV KUT NCU NQZ SAW SVO TBS UFA UGC URA"
"SCQ","24","ACE AGP ALC AMS BCN BIO BSL CRL DUB EWR FRA FUE GVA IBZ MAD MLN ORK RAK STN SVQ TFN TFS XRY ZRH"
"SCR","11","AAL AAR AMS ARN BRU CPH GRQ LGW LHR MAN THN"
"SCT","4","AAY ADE JED RIY"
"SCU","7","CUR HAV JBQ KIN MIA PAP PBM"
"SCV","11","BGY BHX BLQ CRL DTM FKB HER LCA LTN OTP SSH"
"SCW","10","AER LED MRV NNM SVO SVX USK UTS VKO VKT"
"SCY","2","GYE UIO"
"SCZ","2","HIR LLM"
"SDD","5","CBT LAD NOV VPE WDH"
"SDE","1","AEP"
"SDF","39","ATL BDL BNA BOS BWI CHS CLT DAL DCA DEN DFW DTW EWR FLL GUF HOU IAH LAS LAX LGA MCO MDW MIA MSP MYR ORD PGD PHL PHX PIE PIT RDU RSW SAV SFB SFO SRQ TPA VPS"
"SDJ","14","CTS DMK FUK HIJ HKG ICN ITM KHH KIX NGO OKA PVG TPE UKB"
"SDK","4","BKI KUL LDU TWU"
"SDL","4","ARN LPA MMX UME"
"SDN","4","BGO HOV OSL SOG"
"SDP","2","ANC CDB"
"SDQ","4","BGI MIA PUJ SDF"
"SDR","20","AGP ALC BCN BLQ CRL DUB GRX IBZ LPA MAD MAH OTP PMI SOF SVQ TFN TIA VGO VLC XRY"
"SDU","7","BPS BSB CGH CNF GRU SSA VCP"
"SDW","3","BLR HYD PNQ"
"SDY","0",""
"SEA","134","ABQ ACV ALW AMS ANC ATL AUS BCN BIL BLI BNA BOI BOS BUR BWI BZE BZN CDG CHS CKG CLE CLT CMH CPH CVG DAL DCA DEN DFW DOH DTW DUB DXB EAT EGE ELP EUG EWR FAI FAT FCA FCO FLL FRA GDL GEG GTF HDN HEL HKG HLN HND HNL HOU IAH ICN ICT IDA IND IST JAC JFK JNU KEF KOA KTN LAS LAX LGB LHR LIH LIR LWS MCI MCO MDW MEX MFR MIA MKE MNL MRY MSO MSP MSY MUC NRT OAK OGG OKC OMA ONT ORD PDX PEK PHL PHX PIT PSC PSP PUW PVG PVR RDD RDM RDU RNO RSW SAN SAT SBA SBP SFO SIN SIT SJC SJD SLC SMF SNA STL STS SUN TPA TPE TUL TUS YEG YKM YLW YVR YYC YYJ YYZ"
"SEB","2","BEN MJI"
"SEK","2","PWE YKS"
"SEN","26","ACE AGP ALC AMS AYT BCN BER BUD CDG DLM FAO GNB GVA IBZ LEI LPA MLA MUC NBE PMI PRO PSA RAK RVN SZG TFS"
"SES","1","KJA"
"SEU","8","ARK DAR EBB JRO LKY MWZ PMA ZNZ"
"SEZ","19","ADD AUH BOM CDG CMB DAR DOH DXB FCO FRA IST JNB MRU NBO PRI SVO TFU TLV TNR"
"SFA","4","BEN MJI MRA ORY"
"SFB","68","ABE ACY ALB ATW AVL BGR BIS BLV BMI BNA CAE CAK CHA CID CKB COU CVG DAY DSM ELM EVV EYW FAR FNT FSD FWA GFK GRR GSO GSP HGR HSV HTS ICT IND LAS LCK LEX LIT LSE MCI MDT MEM MOT OKC OMA PBG PIA PIT PSM PUJ PVU RAP RFD ROA SBN SDF SGF SHV SWF SYR TOL TRI TUL TVC TYS USA XNA"
"SFD","1","CCS"
"SFF","1","BFI"
"SFG","3","FDF PTP SBH"
"SFJ","4","CPH GOH JAV JHS"
"SFL","1","RAI"
"SFN","1","AEP"
"SFO","106","ABQ ADL AFW AKL AMS ANC ATL AUS BCN BNA BNE BOI BOS BUR BWI BZN CAN CDG CHC CLE CMH CPH CUN CVG DAL DCA DEL DEN DFW DTW DUB EUG FCO FLL FRA GEG GUA HKG HND HNL IAH ICN IND JAC JFK KIX KOA LAS LAX LHR LIH LIR LIS MCI MCO MDW MEL MEM MFR MIA MNL MSP MSY MUC NRT OGG OMA ONT ORD PDX PEK PHL PHX PIT PPT PSP PTY PVG PVR RDM RDU RNO RSW SAL SAN SAT SBA SBP SEA SGN SIN SJD SJO SLC SNA STL SYD TER TPA TPE WAW WUH YUL YVR YYC YYZ"
"SFT","2","ARN GDN"
"SGC","37","AER AYT BAX BSZ CEK CSY DWC EVN EYK GRV GYD HKT KJA KRR KZN LBD LED MCX MRV NBC OMS OSS OVB PEE RGK RMZ STW SVO SVX TAS TJM TOF UFA URJ UUA VKO VOG"
"SGD","3","CPH PRO RNN"
"SGF","15","ATL AZA CLT DEN DFW GUF IAH LAS MIA ORD PGD PHX PIE SFB VPS"
"SGG","1","AGM"
"SGN","73","AMD ASB BKI BKK BLR BMV BOM CAN CCU CDG CEB CKG CSX CXR DAD DEL DIN DLI DMK DPS DXB DYG HAK HAN HGH HKG HND HUI ICN IST KHH KMG KOS KTI KUL LAX LHR LJG MEL MNL MUC NGB NGO NKG NNG NRT PBH PEK PER PKX PKZ PQC PUS PVG PXU RGN RMQ SAI SIN SVO SYD SZX TAO TBB TFU TNA TPE UBN VDH VII VTE WUH XMN"
"SGO","4","BNE CMA WTB XTG"
"SGU","5","DEN LAX ORD PHX SLC"
"SGX","2","DAR MYW"
"SGY","0",""
"SHA","87","BHY CAN CGD CGO CGQ CKG CSX CTU CWJ DAT DIG DLU DNH DOY DQA DSN ENH FOC FUG FUO GMP HAK HET HKG HLD HLH HND HNY HRB INC IQN JDZ JGN JGS JHG JJN JMU JUH JXA KCA KHG KHN KMG KOW KWE LHW LJG LUM LXA LYA LYI LZH LZO MDG MFM NDG NNG PEK PKX SHE SJW SQJ SWA SYX SZX TAO TFU TNA TSA TSN TYN URC UYN WEH WNH WUA WUH XAI XFN XIY XMN XNN YNJ YNT YNZ ZQZ ZUH"
"SHB","3","CTS HND OKD"
"SHC","3","ADD MQX SZE"
"SHD","0",""
"SHE","109","AYN BAV BHY CAN CGO CIH CJJ CJU CKG CSX CTU CXR CZX DOY DSN DXB DXJ DYG DZH ENY FNJ FOC FRA HAK HAN HDG HET HFE HGH HIA HKG HLD HLH HSN HUO HUZ ICN IKT INC JHG JJN JMU JNG JUH JXA KHN KIX KMG KWE KWL LDS LHW LJG LYA LYG LYI MIG NDG NGB NKG NNG NRT NTG PEK PKX PUS PVG RIZ SAI SHA SHF SHS SIN SJW SVO SYX SZX TAO TCG TCZ TFU TNA TPE TYN URC UYN VVO WDS WEF WEH WNZ WUH WUT WUX XAI XFN XIY XMN XNN XUZ YBP YCU YIH YIW YNT YNZ YTY ZHA ZUH"
"SHF","15","AAT AKU DLC FOC HMI HTN KRL LHW PVG SHE SJW TCG TNA TWC YIN"
"SHG","3","ABL OBU OTZ"
"SHH","2","OME WAA"
"SHI","10","FUK HKG HND ICN KIX NRT OKA RMQ TPE UKB"
"SHJ","106","ADD AER AHB AJF ALA ALP AMD AMM ATH ATQ ATZ AWZ BAH BEY BGW BKK BLR BND BOM BSA BSZ CAI CCJ CGP CJB CMB CNN COK DAC DAM DEL DME DMM DOH EBB EBL ELQ EVN FCO GIZ GOX GSM GYD HBE HKT HMB HYD IDR IKA ISB IST JAI JED KBL KBV KHI KRK KTM KUL KWI KZN LGW LHE LKO LOS LRR LYP MAA MCT MED MHD MLE MSQ MUC MUX NAG NBO NJF NMA OHS OSS PEW PRG RUH SAW SJJ SKT SLL SPX STV SVX SYZ TAS TBS TRV TRZ TZX UET UFA VGA VIE VNS WAW WMI ZBR ZYL"
"SHL","9","AJL CCU DEL DIB DMU GAU IMF IXI TEZ"
"SHM","1","HND"
"SHO","4","CPT DUR HRE JNB"
"SHR","0",""
"SHS","22","CAN CKG FOC HAK KMG KWE KWL NNG PKX PVG SHE SYX SZX TAO TFU TNA TSN TYN WNZ XIY XMN ZUH"
"SHV","9","ATL BNA CLT DEN DFW IAH LAS SFB VPS"
"SHW","4","AHB JED RUH TIF"
"SHX","1","MRI"
"SIC","0",""
"SID","49","AMS ARN BGO BGY BHX BIO BLL BOD BRQ BRS BRU BTS BVC CDG CMN CPH DSS DUS EIN FCO FRA GOT HAJ KTW LGW LIS LPA LUX LYS MAD MAN MRS MUC MXP OPO ORY OSL PRG SNE SOF STR SVG TLS VIE VIT VRN VXE WAW ZRH"
"SIF","2","KTM PHH"
"SIG","1","CPX"
"SIH","1","DHI"
"SIN","173","ADD ADL AKL AMD AMS ATH ATQ AUH BAH BCN BKI BKK BLR BNE BOM BPN BRU BWN CAN CCU CDG CEB CEI CGK CGO CGQ CHC CJB CJU CKG CMB CNS CNX COK CPH CPT CRK CSX CTS CXR DAC DAD DEL DIL DMK DOH DPS DRW DVO DXB DYG EWR FCO FOC FRA FUK GAU HAK HAN HDY HEL HFE HGH HKG HKT HND HRB HYD ICN ILO IPH IST JED JFK JJN JNB KBR KBV KCH KHH KHN KIX KJT KMG KNO KTI KTM KUA KUL KWE LAX LBJ LGK LGW LHR LHW LOP LXA MAA MAN MCT MCY MDC MEL MFM MKZ MLE MNL MUC MXP MYY NAN NGB NGO NKG NNG NOU NRT NTL OKA PBH PDG PEK PEN PER PKU PKX PLM PNK POM PQC PUS PVG RGN RUH SAI SBW SEA SFO SGN SHE SRG SUB SWA SYD SYX SZB SZX TAO TFU TJQ TNA TPE TRV TRZ TSN UBN UPG USM VGA VIE VTE VTZ WNZ WSI WUH WUX XIY XMN YIA YIH YVR ZRH"
"SIP","42","ARH CEE CSY DME EGO ESL GSV IKT IWA KEJ KJA KMW KRO KRR KVX KZN LED LPK MMK MQF MRV NBC NJC NOZ OMS OVB PES PEZ ROV SCW SGC SVO TJM TOF UFA ULV URS UUA VKO VOG VOZ YKS"
"SIQ","6","BTH DJB PGK PKU TJB TNJ"
"SIR","4","AHO CLY LTT PMI"
"SIT","15","AFE AGN ELV GST HNH HNS JNU KAE KLW KTN PAQC PEC SEA SGY TKE"
"SIW","0",""
"SJC","38","ATL AUS BNA BOI BUR BWI DAL DEN DFW EUG GDL GEG HNL HOU IAH KOA LAS LAX LGB LIH MDW MLM MSP NRT OGG ONT ORD PDX PHX PSP PVR RNO SAN SEA SJD SLC SNA ZCL"
"SJD","10","DEN MSP ORD YEG YUL YVR YWG YYC YYJ YYZ"
"SJE","2","BOG LET"
"SJI","1","CRK"
"SJJ","34","ADB AOI ARN AYT BEG BER BGY BJV CGN CPH CRL DXB ESB FCO FRA HRG IST JED KWI LTN MCT MIR MXP NRN ORY OSL RUH SAW STN STR TLV VIE WAW ZAG"
"SJK","3","BRU GIG MIA"
"SJL","1","MAO"
"SJO","41","AMS ATL BLB BNA BOC BOG BWI CDG CLT CUN DEN FLL FRA GUA IAH JFK LAX LHR LIM MAD MCO MDE MEX MGA MIA MTY NOB ORD PTY SAL SAP SDQ TMU TNO TPA TTQ UIO XQP YUL YYZ ZRH"
"SJP","11","BPS BSB CGB CGH CNF FOR GRU JPA MCZ NAT VCP"
"SJT","0",""
"SJU","56","ATL AUS AXA BDL BNA BOG BOS BUF BWI CLT CPX DCA DEN DFW DTW EIS EWR FLL HOU HPN HVN IAH ILG IND JAX JFK LAL LGA MAD MAZ MCO MDE MDW MIA MSP ORD ORF PHL PTY PUJ PVD RDU RIC SBH SDQ SKB STI STL STT STX SXM TPA USA VIJ YUL YYZ"
"SJW","73","BAV BHY BPE CAN CDE CGQ CIF CKG CTU DBC DLC DLU DSN DYG FOC FUO GYS GYU HAK HET HFE HGH HIA HKG HLD HRB HUZ HYN ICN INC JHG KHN KMG KRL KWE KWL LHW LJG LUM LXA LYG LZO MIG NDG NNG NRT NTG PUS PVG RKZ SHA SHE SHF SWA SYX SZX TFU TGO UCB URC UYN WNZ XIY XMN XNN YIH YIW YKH YNJ YNZ YSQ ZQZ ZUH"
"SJZ","2","PDL TER"
"SKB","3","DOM MIA SJU"
"SKC","2","DAU OBX"
"SKD","29","ADB AER ALA BHK CAN DME DXB DYU GYD HSA IST JED KHV KJA KRR LED MED NMA NQZ OVB SVO SVX TAS TLV UFA UGC VKO XIY ZIA"
"SKG","85","ADB AMM AMS ARN ATH BCN BEG BER BGY BHX BLQ BRS BRU BSL BTS BUD BVA BZO CAI CDG CGN CHQ CLJ CPH DBV DUB DUS EDI EMA EVN FRA GDN GVA HAJ HAM HEL HER IAS IST JIK JKH JMK JNX KGS KLX KRK KTW KUT KVO LBA LCA LCY LGW LHR LUX LXS MAN MJT MLO MUC MXP NAP NCL NUE ORY OSL OTP PAS POZ PRG RHO RIX RMO SMI STN STR TBS TLV TSR VCE VIE WAW WMI ZRH ZTH"
"SKH","5","BJU IMK JUM KTM VNRR"
"SKJ","1","CGK"
"SKK","3","KKA OME UNK"
"SKN","4","ANX BOO OSL TOS"
"SKP","31","ADB ATH AYT BCN BEG BER BJV BRI BTS COV CRL DTM ESB FCO FRA GVA IST LEJ LJU LTN NUE ORY OSL PMO PRG SAW TRF VIE WAW ZAG ZRH"
"SKT","11","AUH BAH DMM DOH DXB JED KHI KWI MCT RUH SHJ"
"SKU","3","ATH PRG SKG"
"SKX","8","AER AYT KZN LED MRV SSH SVO SVX"
"SKZ","2","ISB KHI"
"SLA","15","AEP ASU BRC COR EZE FLN GRU IGR LIM MDZ NQN PTY RES ROS TUC"
"SLC","106","ABQ AMS ANC ATL AUS BIL BNA BOI BOS BTM BUR BWI BZN CDC CDG CLE CLT CMH COS CVG DAL DCA DEN DFW DTW EKO EUG EWR FAT FCA FLL GDL GEG GJT GTF HLN HNL HOU IAH ICN IDA IND JAC JFK KOA LAS LAX LGA LGB LHR LIM LIT LWS MCI MCO MDW MEM MEX MFR MIA MKE MSO MSP MSY MTY OAK OGG OKC OMA ONT ORD PDX PHL PHX PIH PIT PSC PSP PVR RDM RDU RNO RSW SAN SAT SBA SCF SEA SFO SGU SJC SJD SMF SNA STL SUN TPA TUL TUS TWF WYS XNA YEG YVR YYC YYZ"
"SLH","0",""
"SLI","1","LUN"
"SLJ","1","PER"
"SLK","0",""
"SLL","20","ALA AUH BTS CCJ COK DMM DOH DXB KWI MCT MSQ NQZ OHS PRG RUH SHJ SVO SVX TAS ZRH"
"SLM","1","PMI"
"SLN","0",""
"SLP","10","ATL CUN DFW IAH MDW MEX MTY NLU SAT TIJ"
"SLQ","2","ANI SRV"
"SLU","9","ANU BGI DOM FDF GND POS PTP SKB SVD"
"SLV","3","ATQ DEL DHM"
"SLW","2","GDL MTY"
"SLX","0",""
"SLY","4","HMA KZN NUX OVB"
"SLZ","11","BEL BSB CGH CNF FOR GIG GRU IMP LIS SSA VCP"
"SMA","2","LIS PDL"
"SMF","47","ANC ATL AUS BNA BOI BUR BWI CLT DAL DEN DFW DTW EUG EWR GDL GEG HNL HOU IAH JFK KOA LAS LAX LGB LIH MCI MCO MDW MLM MSP OGG ONT ORD PDX PHX PSP PVR SAN SBA SEA SFO SJD SLC SNA STL YVR YYZ"
"SMI","21","AMS ARN ATH BHX BRU DUS FRA JKH LGW LXS MAN MJT MUC MXP PRG RHO SKG STN TRD VIE ZRH"
"SMK","3","OME UNK WBB"
"SML","3","FXE LGI NAS"
"SMO","0",""
"SMQ","6","BDJ CGK PKN PKY SRG SUB"
"SMR","1","BOG"
"SMS","2","TMM TNR"
"SMT","2","CGB VCP"
"SMX","2","LAS PHX"
"SNA","55","APC ATL ATW AUS AZA BNA BOI CCR CLT CMH COS CVG DAL DEN DFW DSM DTW EUG EWR GEG GJT GRR IAH IDA JFK LAS MCO MFR MRY MSO MSP MTJ OAK OGD ORD PAE PDX PHX PSC PVR PVU RDU RNO SCF SEA SFO SJC SJD SLC SMF STS TPA TUS YVR YYC"
"SNB","2","DRW GPN"
"SNE","3","RAI SID VXE"
"SNN","4","ATL IST JFK ORD"
"SNO","1","DMK"
"SNP","4","ANC CDB DUT STG"
"SNU","5","MIA PTY YHZ YUL YYZ"
"SNV","2","CAJ CGU"
"SNW","6","AKY BSX HEH KYP MDL RGN"
"SOC","5","CGK DPS JED MED TIM"
"SOF","4","CGN CGO LEJ LGG"
"SOG","4","BGO HOV OSL SDN"
"SOJ","6","BVG HFT KKN MEH TOS VDS"
"SON","12","BNE HIR LNE LOD MTV MWF NUS SLH SSR VLI WLH ZGU"
"SOQ","17","AMQ AYW BIK BXB CGK DJJ DPS FKQ GEB KNG MDC MKW NBX NTI RJM TIM UPG"
"SOU","15","ACI ALC AMS BFS BHD DUB EDI FAO GCI GLA MAN NCL ORY PMI PRO"
"SOV","0",""
"SOW","1","PHX"
"SOY","2","KOI NDY"
"SPBC","0",""
"SPBL","0",""
"SPC","23","ACE AGP AMS BCN BER BSL DUS FRA FUE HAM LGW LPA LUX MAD MAN MUC NTE SCQ STN STR TFN TFS ZRH"
"SPCM","0",""
"SPD","1","DAC"
"SPEE","0",""
"SPEP","0",""
"SPGP","0",""
"SPI","3","MCO ORD PGD"
"SPN","7","GUM HKG ICN MNL NRT ROP TIQ"
"SPP","1","LAD"
"SPPB","0",""
"SPR","4","BZE CUK CZH TZA"
"SPSE","0",""
"SPU","64","AMS ARN ATH BCN BEG BGO BHX BIO BOD BRI BRU CDG CGN CPH DUB DUS EDI EWR FCO FRA GDN GOT GVA HAM HEL INN IST KRK KTW LBA LCY LGW LHR LIL LLA LTN LUZ LYS MAD MAN MRS MUC NAP NTE OER ORY OSD OSI OSL PRG RIX RTM SFT STN SVG TLL TLS TRD UME VIE WAW WRO ZAG ZRH"
"SPX","18","AHB AUH AYT BER BUD DXB FCO GVA JED KWI LTN MCT MED MXP NCE RUH SHJ ZRH"
"SPY","1","ABJ"
"SQD","15","CAN CGO CKG DLC HAK HRB KMG NNG PEK SYX SZX TFU TSN TYN XIY"
"SQG","1","PNK"
"SQJ","7","CKG CTU KMG LXA PKX SHA TAO"
"SQN","2","AMQ TTE"
"SQR","1","UPG"
"SRE","3","CBB LPB VVI"
"SRG","14","BDJ BPN BTH CGK DPS KUL KWB PKN PKY PNK SIN SMQ SUB UPG"
"SRK","1","NAQ"
"SRP","1","OSL"
"SRQ","70","ABE ALB ATL ATW AUS AVL BDL BLV BNA BOS BUF BWI CAK CID CLE CLT CMH CVG DAL DCA DEN DFW DSM DTW EWR FNT FWA GRR GSP HOU HPN HVN IAH ILG IND ISP JFK LCK LEX LGA MCI MCO MDT MDW MIA MKE MLI MSP OMA ORD PBG PHL PIA PIT PSM PVD PWM RDU RFD RIC ROA ROC SBN SDF STL SYR TOL TUL TYS YYZ"
"SRT","0",""
"SRU","1","MDL"
"SRV","1","ANI"
"SRY","13","AWZ BND DWC GSM IFN JED KIH MED MHD PGU SYZ THR ZBR"
"SSA","40","AEP AJU BPS BRA BSB CDG CGH CNF COR CPV CWB EZE FOR GIG GNM GRU GYN IOS JPA LEC LIS MAD MCZ MUU MVD MXQ NAT PBA PNZ POA PTY RAO REC SCL SDU SLZ THE VCP VDC VIX"
"SSE","3","BLR BOM GOX"
"SSG","12","ADD BSG CDG CMN DLA FRA GEM LBV LFW MAD NSI PHC"
"SSH","101","ADB AER AKX ALA ALG AMM AMS ARN ATH AYT BAH BBU BCN BEG BER BEY BFS BGW BGY BHX BLQ BQT BRI BRS BRU BSZ BUD CAI CDG CEK CIT CMN CPH CTA CZL DME EDI EIN EMA EVN FCO FRA GLA GOJ GVA GYD HBE HRG IST JED KGD KRR KSN KTW KWI KZN LBA LED LGW LPL LTN LXR MAN MCX MRV MSQ MUC MXP NAP NCL NQZ OMS ORN PEE PPK PRG RAK RDO RIX RMO RUH SAW SCO SKX SOF STN SVO SVX TAS TNG UFA URA VCE VIE VKO VOG VRN VTB WAW ZIA ZRH"
"SSJ","6","BNN BOO OSL OSY RVK TRD"
"SSR","1","VLI"
"STB","2","CCS MAR"
"STC","2","AZA PGD"
"STD","5","CCS MAR MUN PMV VLN"
"STG","0",""
"STI","2","MIA POP"
"STL","63","ATL AUS BNA BOS BUR BWI CHS CLE CLT CMH DAL DCA DEN DFW DTW ECP EWR FLL FRA HOU IAH JAX JBR JFK LAS LAX LGA LHR MBJ MCI MCO MDW MIA MKE MSP MSY MYR OMA ORD ORF PBI PDX PHL PHX PIT PNS PUJ PVR RDU RSW SAN SAT SAV SEA SFO SJD SLC SMF SRQ TPA VPS YUL YYZ"
"STM","11","BEL BSB BVS CNF ITB JRT MAO MTE OBI ORX TMT"
"STN","197","AAR ACE ADB AGA AGP AHO ALC ALG AMM AMS AOI ARN ASR ATH AYT BCN BDS BER BFS BGY BIQ BJV BLQ BOJ BRE BRI BRQ BSL BTS BUD BZG BZR CAG CCF CDG CDT CFU CGN CHQ CIA CLJ CMF CMN COV CPH CTA DBV DLM DUB DXB EDI EFL EGC EIN ESB ESU FAO FCO FEZ FKB FLR FMM FMO FNC FNI FRL FUE GDN GLA GNB GOA GOT GRO GVA GZT HAM HEL HER HRG IBZ INN IST JSI JTR KEF KGS KIR KLU KLX KRK KSC KTW KUN KVA LBC LCA LDE LEI LIG LIS LNZ LPA LRH LUX MAD MAH MJT MLA MRS MXP NAP NBE NCE NOC NQY NTE NUE OLB OMR OPO ORK OSI OSL OSR OTP PDV PEG PFO PGF PIS PLQ PMF PMI PMO POZ PRG PSA PSR PUY PVK QSR RAK RBA RDZ REG REU RHO RIX RJK RMI RMO RMU RTM RVN RZE SAW SDR SJJ SKG SMI SNN SOF SPC SPU SSH SUF SVQ SXB SZG SZY SZZ TFS TGD TIA TIV TLL TLS TLV TNG TPS TRF TRN TRS TUF VCE VIE VLC VRN VST WMI WRO XRY ZAD ZAG ZAZ ZRH ZTH"
"STR","123","ACE ADB AGA AGP AJR ALC AMM AMS ARN ASR ATH AYT BCN BDS BEG BER BEY BIA BIO BJV BOJ BRE BRI BUD BVC BZO CAG CFU CHQ CLJ COV CPH DBV DIY DJE DLM DUB DXB EBL EDI EDO ESB EZS FAO FNC FRA FUE GPA GWT GZT HAM HER HRG IAS IBZ IST JED JMK JTR KGS KLX KRK KVA KYA LCA LGW LHR LIS LPA MAH MAN MIR MLA MXP NAP NCE OGU OLB OMO OPO OSL OTP PMI PMO PRN PSA PUY PVK RHO RJK RMF RMO RVN SAW SID SJJ SKG SKP SOF SPC SPU SUF SZF TBS TFS TIA TIV TLV TOS TSR TUN TZX VAR VCE VIE VLC WAW XRY YEI ZAD ZAG ZRH ZTH"
"STS","12","AUS BUR DEN LAS LAX ONT PDX PHX PSP SAN SEA SNA"
"STT","22","ATL AXA BOS BWI CLT EIS EWR FLL IAH JFK MCO MIA MSP NEV NGD NRR ORD PHL SBH SDQ SKB STX"
"STV","12","BKK BLR CCU DIU DXB GOI HYD JAI JGA MAA MDA PNQ"
"STW","5","AER LED SGC SVO SVX"
"STX","7","ATL FLL MIA NEV ORD SDQ STT"
"STY","1","MVD"
"SUB","41","AAP AMQ BDJ BEJ BPN BTH BWN BWX BXW CAN CGK DMK DPS FOC HKG HLP JED JHB KDI KNO KOE KUL LBJ LOP MDC MED PEN PKN PKU PKY PLM PLW PNK SIN SMQ SRG TIM TMC TRK TTE UPG"
"SUF","41","BGY BLQ BRQ BRU BSL BTS BUD BZO CGN CRL DUS FCO FKB FRA GVA INN KTW LGW LIN LUX MAN MXP ORY OSR PRG SCN SOF STR SZG TIA TRN TRS TSF VCE VIE VLC VRN WAW WRO YYZ ZRH"
"SUG","1","CEB"
"SUI","3","PEE SVO VKO"
"SUJ","1","OTP"
"SUK","1","YKS"
"SUN","9","DEN LAX ORD PHX SAN SEA SFO SLC VNY"
"SUP","1","BXW"
"SUR","2","YFH YWP"
"SUV","15","FUN ICI INU KDV KXF LBS LEV LKB MFJ NAN NGI RTA SVU TVU VBV"
"SUX","0",""
"SUY","1","YKS"
"SVA","2","GAM OME"
"SVB","4","DIE TMM TNR WMN"
"SVC","0",""
"SVD","24","ANU ATL BGI BQN BQU CIW CLT CRU DCF DOM FDF GND JFK LHR MIA MQS POS SJU SKB SLU SXM UNI UVF YYZ"
"SVG","26","ABZ ALC AMS ARN AYT BGO BGY CDG CPH DBV EBJ FRA GDN HEL KRK LGW MAN NCE OSL PMI RHO SID SPU TRD TRF WAW"
"SVI","3","ACR BOG NVA"
"SVJ","4","BOO OSL RET TOS"
"SVK","1","TZA"
"SVL","1","HEL"
"SVO","129","ABA AER ALA ALG ARH ASF AUH AYT BAH BAX BEG BJV BKK BQT BSZ CAI CAN CEE CEK CKG CMB CMN COV CSY CXR DEL DLM DOH DPS DXB DYR ESB ESL EVN FEG FNJ GDZ GOJ GOX GRV GSV GYD HAK HAN HAV HGH HKG HKT HMA HOG HRG IGT IJK IKA IKT IKU IST KBL KEJ KGD KGF KHV KJA KQT KRR KSN KVX KZN LED MCT MCX MHD MLE MMK MQF MRU MRV MSQ MVQ NAL NBC NBE NJC NOZ NQZ NUX OGZ OMS OSW OVB PEE PEK PES PKC PKX PVG REN RGK RUH SCO SCW SEZ SGN SHE SKD SKX SLL SLY SSH STW SVX SYX SZX TAO TAS TFU TJM TOF UCT UFA UGC ULV URC UUD UUS VOG VRA WUH XIY"
"SVP","1","LAD"
"SVQ","97","ACE ALC AMS ARN ATH BCN BEG BER BGY BHX BIO BLL BLQ BOD BRI BRS BRU BSL BUD BVA CAG CDG CGN CMN CPH CRL CTA DUB EAS EDI EIN ESU FCO FKB FLR FNC FRA FUE GVA IBZ IST KRK LEI LGW LHR LIL LIS LPA LTN LUX LYS MAD MAH MAN MLA MLN MPL MRS MUC MXP NAP NCE NRN NTE NUE OLB OPO ORK ORY OVD PMI PRG PSA RAK RBA RTM SAW SCQ SDR STN TFN TFS TLS TNG TPS TRN TRS TSF TTU VCE VIE VIT VLC VRN WAW WRO ZRH"
"SVR","1","THU"
"SVS","1","FAI"
"SVU","2","NAN SUV"
"SVX","90","ABA AER ALA ASF AYT BAX BHK BQS BSZ BUS CEE CXR DLM DME DOH DWC DXB DYU ESL EVN EYK GDZ GOJ GOX GSV GYD HKT HMA HRB HRG IJK IKT IST KEJ KGD KHV KJA KRR KVX KZN LBD LED MCX MMK MRV MSQ NJC NMA NNM NOJ NOZ NQZ NSK NUX NYA NYM OGZ OMS OSS OVB OVS PES PKX REN RGK RKT RMZ SCO SCW SGC SHJ SKD SKX SLL SLY SSH STW SVO SYX TAS TBS TOF UFA ULV URJ UUD VKO VOG VVO YKS"
"SVZ","4","BRM CCS PMV VLN"
"SWA","62","BKK CAN CGO CGQ CKG CSX CTU CZX DLC DZH HAK HFE HGH HIA HNY HRB HSC HSN HYN INC KMG KUL KWE KWL LHW LJG LUM LXA LYG LYI LZO NGB NKG NNG NNY NTG PEK PKX PVG SHA SHE SIN SJW TAO TFU TNA TSN TYN UYN VTE WDS WNZ WUH WUX XIY XUZ YIH YIW YNT YNZ YTY ZHA"
"SWF","9","CHS FLL MCO MYR PGD PIE RDU RSW SFB"
"SWO","0",""
"SWQ","2","DPS LOP"
"SWT","1","TOF"
"SWV","1","GDX"
"SXB","40","ACE AJA BCN BOD CFU CLY CMN CPH DJE EDI FCO FEZ FRA FSC HER IST LGW LPA LYS MAD MAN MPL MRS MUC MXP NAP NCE NDR NTE OLB OPO OUD PMI PMO RAK RDZ STN TLS TUN WAW"
"SXI","5","AWZ BND IFN SYZ THR"
"SXK","2","AMQ JIO"
"SXM","35","AMS ANU ATL AXA BGI BON BOS BWI CAP CDG CLT CUR EWR FLL JBQ JFK KIN MIA MNI MSP NEV ORD ORY POS PTP PTY SAB SBH SDQ SJU SKB SLU STI YUL YYZ"
"SXP","2","BET EMK"
"SXR","10","AMD ATQ BLR BOM CCU DEL HYD IXC IXJ IXL"
"SXV","4","BLR COK HYD MAA"
"SYD","66","AKL APW AUH AYQ BHQ BKK BLR BNK BQB BXG CDG CGO CHC CKG CMB CTS DOH DRW DXB HAN HGH HKG HLZ HND HVB IAH ICN JFK KIX KUL LAS LAX LDH LST MIM MNL MQL NAN NKG OAG OOM PEK PKX POM PPP PPT PVG RAR SCL SFO SGN SIN SZX TAO TBU TFU TNA TPE TSN TSV VLI WLG WUH XIY YVR YYZ"
"SYM","5","CKG CSX TFU XIY ZAT"
"SYO","1","HND"
"SYP","0",""
"SYQ","0",""
"SYR","29","ATL BNA BOS BWI CHS CLT DCA DEN DFW DTW EWR FLL JFK LAS LGA MCO MIA MSP MYR ORD ORF PGD PHL PIE RDU RSW SFB SRQ TPA"
"SYS","1","YKS"
"SYU","4","CNC HID SBR XMY"
"SYX","95","ALA BKK CAN CGO CGQ CKG CSX CTU DLC DQA DSN ENY FOC FRA HDG HET HFE HGH HJJ HKG HNY HQQ HRB HYN IKT INC JJN JNG KHN KHV KJA KMG KOW KTI KUL KWE KWL KZN LED LHW LYA LYI LZO MIG MSQ NGB NKG NNG NNY NQZ NTG OVB PEK PKX PVG SHA SHE SHS SIN SJW SQD SVO SVX SZX TAO TAS TFU TNA TSN TXN TYN UBN UFA URC UYN VTE VVO WDS WNZ WUH WUX XFN XIY XMN XNN XUZ YBP YCU YIC YIH YIW YNZ ZHA ZUH ZYI"
"SYY","4","BEB EDI GLA INV"
"SYZ","38","ABD AKW AWZ BDH BND DOH DXB GBT GSM IAQ IFN IST JED JSK KER KHK KIH KSH KWI LFM LVP MCT MED MHD MRX NJF NSH OHS PGU RAS SAW SHJ SRY SXI TBZ THR ZAH ZBR"
"SZA","2","CAB NBJ"
"SZB","18","AOR BKI CGK DMK HDY HHQ HKG JHB KBR KMG LGK PEN PQC RDN SIN TGG USM XSP"
"SZE","5","ADD BJR GDQ MQX SHC"
"SZF","15","ADB AYT BER BGW CGN COV DUS ESB FRA HAJ IST MUC SAW STR VIE"
"SZG","49","ALC AMS ARN AYT BCN BEG BER BEY BFS BHX BOJ BRS BRU CDG CLY CPH CWL DUB DUS DXB EIN FRA GLA HEL HRG IBZ IST KEF LBA LCA LGW LHR LPA MAN MIR NAP NCL OLB PMI RHO RIX RTM RUH SEN STN TFS TLL TLV ZTH"
"SZH","5","CAN CSX HRB PVG TSN"
"SZI","1","UKK"
"SZK","2","CPT JNB"
"SZS","2","IVC ZQN"
"SZX","182","ACX AKA AKL AQG AUH BCN BFJ BFY BKI BKK BPE BRU BSD BUD BZX CAI CDG CGD CGK CGO CGQ CIH CJU CKG CNX CSX CTS CTU CZX DAT DDG DLC DLU DMK DOH DOY DSN DXB DYG DZH EHU ENH ENY FCO FOC FRA FUG GYS HAK HAN HCJ HET HFE HGH HIA HKT HLD HND HQQ HRB HSN HYN HZA HZG ICN IKA INC IQN JDZ JHG JIU JMU JNG JNZ JUH JUZ KHG KHH KHN KIX KMG KOS KTI KUL KWE LAX LFQ LHR LHW LIJ LJG LPF LXA LYA LYG LYI LZG LZH LZO LZY MAD MDC MDG MEL MEX MIG MLE MNL MXP NAO NDG NGB NKG NNG NNY NRT NTG PEK PEN PKX PVG RGN RIZ RUH SAI SGN SHA SHE SHS SIN SJW SQD SVO SYD SYX TAO TAS TFU TGO TLV TNA TPE TSN TXN TYN URC UYN VIE VTE WDS WEH WGN WHA WMT WNZ WSK WUA WUH WUS WUX WXN XAI XFN XIC XIY XMN XNN XUZ XZM YBP YCU YIC YIH YIW YLX YNT YNZ YTY YVR ZHA ZHY ZYI"
"SZY","5","DTM KRK NRN RMF STN"
"SZZ","7","BGO DUB KRK LPL OSL STN WAW"
"TAB","5","BGI FRA JFK LGW UVF"
"TAC","4","CEB DVO ILO MNL"
"TAE","18","BKK CEB CJU CXR DAD DSN DYG FUK GUM HKG ICN KIX NRT PVG TAO TPE UBN YNJ"
"TAG","8","CRK DVO ENI ICN ILO MNL NRT PUS"
"TAK","9","HKG HND ICN NRT OKA PUS PVG RMQ TPE"
"TAL","4","FAI HSL HUS RBY"
"TAM","6","DFW IAH MEX MTY VER VSA"
"TAO","121","AKU AVA BHY BKK BPE BZX CAN CGO CGQ CIF CIH CJU CKG CSX CTS CTU CZX DLC DQA DSN DXB DYG ENH ENY FOC FSZ FUK FUO HAK HAN HET HFE HGH HKG HLD HND HNY HRB HSN HYN ICN INC JDZ JHG JJN JMU JSJ JUH JUZ JXA KCA KHN KIX KMG KOW KRL KTM KUL KWE KWL LGW LHR LHW LIJ LNL LXA LZH MDG MFM MLB NAO NBS NDG NGB NGO NKG NNG NNY NRT OKA PEK PEN PKX PUS PVG SGN SHA SHE SHS SIN SJW SQJ SVO SWA SYD SYX SZX TAE TFU TPE TYN URC UYN VVO WDS WHA WNZ WUH WUS WUX XAI XFN XIY XMN XNN YBP YIC YIH YNJ YSQ ZUH"
"TAP","4","GDL MEX MTY TIJ"
"TAS","111","ADB AER ALA AUH AYT AZN BGY BHK BKK BOM BSZ BUD BUS CAN CDG CKG CXR DAD DEL DME DOH DPS DXB DYU ESB FCO FEG FRA GOJ GRV GUW GYD HGH HKT ICN IKA IKT IKU ISB IST JED JFK KBL KHV KJA KRR KSQ KUL KWI KZN LED LGK LGW LHE LHR MAD MCT MCX MED MLE MRV MSQ MUC MXP NBC NCU NJC NMA NQZ NRT NVI OMN OMS OSS OVB PEE PEK PKX PQC PRG PVG RIX RKT RMO RUH SGC SHJ SKD SLL SSH SVO SVX SYX SZX TBS TFU TGD TLV TMJ TZX UFA UGC URA URC UTP UUD VKO VVO WAW XIY ZIA"
"TAT","2","GDN LTN"
"TAZ","4","ASB BKK KRW MYP"
"TBB","2","HAN SGN"
"TBD","2","CLO PPN"
"TBF","1","TRW"
"TBG","4","CNS HGU POM UNG"
"TBI","1","NAS"
"TBJ","0",""
"TBN","0",""
"TBO","2","DAR TKQ"
"TBP","1","LIM"
"TBS","57","ADB AER ALA AMM AMS ATH AUH BAH BEG BER BGW BGY BOM CDG CIT CPH DEL DOH DUS DXB ESB EVN FRA FRL GOJ GVA GYD IKA IST JED KRR KWI LCA LED LHR LTN LUX MRV MSQ MUC MXP NCE RIX RMO RUH SAW SCO SHJ SVX TAS TLV UFA URC VIE VKO WAW ZRH"
"TBT","2","MAO TFF"
"TBU","7","AKL EUA HPA NAN NFO NTT SYD"
"TBW","2","LED VKO"
"TBZ","19","ADB AWZ AZD BND DXB EVN GYD IFN IST JED KER KIH MED MHD NJF PGU SAW SYZ THR"
"TCA","3","ASP DRW KTR"
"TCD","1","LET"
"TCG","16","AAT AKU BPL CGO FOC HTN KHG KRL PKX SHE SHF TFU TLQ URC XIY YIN"
"TCH","1","LBV"
"TCO","1","CLO"
"TCP","6","BRQ BUD CAI KTW PRG WAW"
"TCQ","1","LIM"
"TCR","2","BLR MAA"
"TCT","1","MCG"
"TCZ","6","CKG CSX KMG TFU TYN XIY"
"TDD","6","CBB CIJ GYA LPB RIB VVI"
"TDL","0",""
"TDP","0",""
"TDS","3","AWB KMA OPU"
"TDX","1","BKK"
"TEB","7","ACK ASE FXE MVY OPF PBI VNY"
"TEF","2","MEB PER"
"TEI","3","GAU IMF JRH"
"TEK","0",""
"TEN","6","ACX BHY CKG LPF PKX PVG"
"TER","12","BOS FLW FNC GRW HOR LIS OPO PDL PIX SJZ YYZ ZRH"
"TET","2","JNB MPM"
"TEU","0",""
"TEX","2","DEN PHX"
"TEZ","5","CCU GAU IXI IXT SHL"
"TFF","1","MAO"
"TFI","3","PNP POM RAB"
"TFM","1","HGU"
"TFN","23","ACE AGP ALC BIO BJZ CCS DUS FRA FUE GMZ GRX LCG LPA MAD MLN OVD RAK RMU SCQ SPC SVQ VDE VLC"
"TFS","114","AAL ABZ AGA AGP AMS ANR ARN BEG BER BES BFS BGO BGY BHX BIO BLQ BOD BOH BRS BRU BSL BUD BVA CDG CGN CMN CPH CRL CWL DUB EDI EIN EMA EXT FCO FKB FMM FMO FNC FRA GDN GLA GRQ GRZ GVA HAJ HAM HEL IOM KEF KRK KTW LBA LEJ LGW LHR LIL LIN LIS LPA LPL LTN LUX LYS MAD MAN MPL MRS MUC MXP NAP NCE NCL NOC NRN NTE NUE NWI OPO ORK ORY OSL OST OTP OVD PIK PRG PRO PSA RAK RIX RMO RTM SEN SNN SPC STN STR SVG SVQ SZG TLL TLS TSF TSR VCE VIE VLC VRN WAW WMI YUL YYZ ZRH"
"TFU","209","AAT ACX ADD AEB AHJ AKL AKU AOG ATH AUH AYN BAR BAV BHY BKK BPE BPL BRU BSD BSZ CAI CAN CDE CDG CGD CGK CGO CGQ CIF CIH CMB CNX CQW CSX CTS CXR CZX DAT DCY DDG DHH DIG DLC DLU DMK DNH DOH DOY DPS DQA DSN DXB DXJ DYG DZH EHU ENH ENY FOC FRA FUO FYJ FYN GXH GZG HAK HAN HET HFE HGH HIA HKG HKT HMI HNY HRB HSC HSN HTN HUZ HYN HZA ICN INC IST JBK JDZ JGN JGS JHG JIU JJN JNG JNZ JUH JUZ JXA JZH KBV KCA KHG KHN KIX KLO KMG KOW KRL KRY KTI KTM KUL KWE KWL LAX LED LFQ LHR LHW LJG LLV LNJ LUM LXA LYG LYI LZH LZY MAD MDG MEL MFM MLE MNL MXP NBS NDG NGB NKG NNG NRT NTG PEK PEN PKX PVG QSZ RLK SEZ SGN SHA SHE SHS SIN SJW SQD SVO SWA SYD SYM SYX SZX TAO TAS TCG TCZ TLQ TNA TPE TSA TSN TVS TWC TYN URC USM UYN VIE VTE WDS WEH WGN WHA WNH WNZ WUA WUH WUS WUT WUX XAI XFN XIC XIY XMN XNN XNT XUZ YIH YIN YIW YLX YNT YNZ YSQ YUS YVR YYA ZHA ZUH"
"TGC","2","KCH MKM"
"TGD","40","ADB ALA ATH AYT BEG BER BRQ BSL BTS BUD BVA CDG CRL DTM ESB FCO FKB FMM FRA GDN HAM IST KRK KTW LGW LIL LJU MST MXP NQZ NTE POZ PRG RZE SAW STN VIE WAW WRO ZRH"
"TGG","2","KUL SZB"
"TGI","1","LIM"
"TGJ","2","GEA LIF"
"TGM","11","BGY BSL BUD BVA CRL DTM FCO FMM HER LCA LTN"
"TGO","22","AXF BAV CKG DSN ERL HET HLD HLH NZH PEK PKX PVG RLK SJW SZX TNA TSN UCB WUA WUH XIL XIY"
"TGP","2","KCY THX"
"TGT","4","ARK DAR PMA ZNZ"
"TGU","5","GUA LCE PEU RTB SAP"
"TGZ","6","GDL MEX MID MTY PBC TIJ"
"THD","8","BMV DAD DLI PQC SGN UIH VCA VCS"
"THE","8","BSB CGH CNF FOR GIG GRU SSA VCP"
"THG","1","BNE"
"THL","6","HEH KET LSH MDL MYT RGN"
"THN","3","ARN BMA SCR"
"THO","2","AEY VPN"
"THR","13","AFZ AZD BJB HDM JSK KHD KSH MHD OMH RAS SAR XBJ YES"
"THS","1","BKK"
"THU","4","CPH NAQ SFJ SVR"
"THX","4","IAA KJA TGP TJM"
"TIA","101","ADB AGP AHO AMM AMS AOI ARN ATH AYT BCN BEG BER BGY BHX BJV BLL BLQ BOD BRI BRQ BRU BSL BTS BUD BVA CDG CGN CIA CIY CPH CRL DEB DTM DUB DXB EDI EIN ESB FKB FMM FRA GDN GOA GOT GVA HAM HEL HER IST KRK KTW LCA LGW LHR LIS LPL LTN LYS MAD MAN MLA MUC MXP NAP NCE NRN NTE NUE ORY OSL PEG PMF PMI POZ PRG PSA PSR RDO RHO RIX RMI RMO SDR SOF SSH STN STR TLL TLV TRF TRN TRS TSF VIE VLC VRN WAW WMI WRO YYZ ZRH"
"TIF","14","AHB CAI DMM DOH DXB GIZ HBE IST JED KWI MCT RUH SHJ SHW"
"TIH","5","BOB PPT RFP RGI XMH"
"TIJ","38","ACA AGU BJX CEN CJS CLQ CUL CUN CUU DGO GDL HMO LAP LMM LTO MEX MID MLM MTY MZT NLU OAX PBC PEK PHX PVR QRO SJD SLP TAP TGZ TLC TPQ TRC UPN VER ZCL ZIH"
"TIM","15","CGK DJJ DPS EWE EWI KNG LUV MDC NBX SOC SOQ SUB UPG WMX YIA"
"TIN","4","ALG CBH CZL ORN"
"TIQ","1","SPN"
"TIR","8","BLR BOM DEL HYD RJA RQY VGA VTZ"
"TIU","1","WLG"
"TIV","40","AMS ARN BCN BEG BER BHX BNX BRQ BRS BRU CPH DUS DXB EVN FRA GVA GYD HEL INI IST KVO KWI LHR LJU LTN LUX MAN MUC ORY OSL PRG RIX RMO STN STR TLL TLV VIE WAW ZRH"
"TJA","3","CBB LPB VVI"
"TJB","2","PKU SIQ"
"TJH","1","ITM"
"TJK","2","ADB IST"
"TJM","48","AER BAX BVJ CEK CXR DWC DYU EVN EYK GYD HKT HMA HRI IKT IRM KGP KJA KZN LBD LED MCX MRV NBC NJC NOJ NSK NUX NYA NYM OMS OSS OVB OVS PEE SBT SGC SLY SSH STW SVO SVX TLK TOF UFA URJ USMQ VKO VOG"
"TJQ","3","CGK PGK SIN"
"TJS","3","BPN LBW LPU"
"TJU","1","DME"
"TKE","1","JNU"
"TKG","3","BTH CGK KUL"
"TKK","8","GUM HNL KSA KWA MAJ PNI ULI YAP"
"TKN","3","ASJ KOJ OKE"
"TKP","2","PPT TKX"
"TKQ","1","DAR"
"TKS","3","FUK HND ICN"
"TKV","1","PPT"
"TKX","2","PPT TKP"
"TLA","3","KTS OME WAA"
"TLC","17","CJS CUN GDL HMO MEM MID MTY MZT NLD OAX PVR QRO REX SJD TIJ VER VSA"
"TLH","7","ATL CLT DCA DFW FLL MIA RDU"
"TLI","1","PLW"
"TLK","12","BTK IKT KJA KRR NOJ NUX OMS OVB SGC TJM UFA VKO"
"TLL","65","AGP AMS ARN ATH AYT BCN BER BHX BJV BLL BOJ BRU BUD CDG CFU CPH CTA DUB DUS EDI EERU EPU FAO FCO FNC FRA GDN GVA HAM HEL HER HRG HRI IST KDL KRK KTT KTW LBA LCA LGW LPA LTN MAN MLA MUC NBE NCE ORY OSL PRG RHO RIX SPU SSH STN SUF TFS TIA TIV URE VCE VIE WAW ZRH"
"TLM","7","ALG BRU CDG LIL LYS MRS ORY"
"TLN","10","AJA ALG BES BIA BOD LCY LIL LUX NTE RTM"
"TLQ","22","AAT AKU BPL CSX CTU DSN FYN HTN IQM KCA KHG KMG KRY PKX QSZ RQA TCG TFU TWC XIY YIN ZHY"
"TLS","74","AGA AJA ALC ALG AMS ATH BES BGY BHX BIA BRS BRU BSL BUD BVC CDG CFU CGN CLY CMN CPH CRL DJE DSS DUB DZA EDI FAO FCO FEZ FLR FSC HER IBZ IST JED LHR LIL LIS LPA LRT LUX LYS MAD MAH MED MUC MXP NAP NCE NDR NTE OLB OPO ORN ORY OSL OTP PMI PMO PRG PSA RAK RBA RNS RUN SID SXB TFS TSF TUN VCE VLC YUL"
"TLT","0",""
"TLU","2","BOG EOH"
"TLV","108","ADD AER AGP ALA AMS ATH ATL AUH BCN BEG BER BGY BKK BLQ BOJ BOS BRU BTS BUD BUS BWI CAG CDG CFU CGN CIT CLJ CPH CTA DEB DEL DME DUS DWC DXB EVN EWR FCO FRA GYD HAM HAN HEL HER HKG HKT ICN JFK JMK KGS KRK KRR KUN LAX LCA LED LEJ LGG LHR LIS LTN LYS MAD MLA MRS MRV MSQ MUC MXP NAP NBO OPO ORD OSL OTP PDV PEK PFO PMO PRG PVK RHO RIX RMO RVN SEZ SJJ SKD SKG SOF STN STR SZX TAS TBS TIA TIV TLS VAR VCE VIE VRN WAW YYZ ZAG ZIA ZNZ ZRH"
"TMC","4","DPS KOE LOP SUB"
"TME","2","BOG RVE"
"TMH","4","BXD DJJ MKQ OKL"
"TMI","2","BIR KTM"
"TMJ","4","AER LED TAS VKO"
"TMM","5","RUN SMS SVB TNR WMN"
"TMP","4","AGP CHQ KTT RIX"
"TMR","8","ALG BMW ELG GHA INF INZ OGX ORN"
"TMS","5","LBV LFW LIS NBJ PCP"
"TMT","6","JRT MAO MTE OBI ORX STM"
"TMU","2","SJO SYQ"
"TMW","2","BNE SYD"
"TNA","78","BKK BZX CAN CGQ CIF CKG CSX CTU DLC DSN DYG ENH FOC GYS HAK HAN HET HKG HLD HMI HNY HRB HSN HUO HUZ HYN ICN INC JHG JJN JMU JXA KHG KHN KIX KMG KOW KRL KUL KWE KWL LHW LJG LZO MFM MIG NDG NNG PVG SGN SHA SHE SHF SHS SIN SWA SYD SYX SZX TFU TGO URC UYN VTE WDS WEH WMT WNZ WUH WUS XIL XIY XMN XNN YCU YIH YNT ZUH"
"TNC","3","KTS OME TLA"
"TNE","3","FUK ITM KOJ"
"TNG","33","AGA AGP AHU AMS ANR BCN BEM BGY BRU BSL CAI CCF CDG CGN CPH CRL EIN GRO GVA LGW LIS LPA LYS MAD NDR NTE ORY OSL RAK RTM SAW SSH SVQ"
"TNH","7","CAN DLC HGH PEK PVG TSN YNT"
"TNJ","3","CGK LMU SIQ"
"TNK","1","BET"
"TNN","4","KMJ KNH MZG OKA"
"TNO","2","SJO SYQ"
"TNR","7","ADD DXB DZA JNB NBO RUN SEZ"
"TOB","0",""
"TOE","2","ORY TUN"
"TOF","15","AER CXR DME HKT IKT KJA KZN LED NJC OVB SGC SVO SVX SWT UTP"
"TOG","3","DLG KMO TWA"
"TOL","4","PGD PIE SFB SRQ"
"TOM","2","BKO MZI"
"TOS","36","ALF AMS ANX BCN BEG BER BGY BOO BRS BVG CDG CPH DUB DUS FRA GDN GVA HAA HAM HEL KEF LGW LHR LPA LTN LYR MAD MAN MEH MUC ORY RVN TRD VAW VDS VIE"
"TOU","1","GEA"
"TOY","5","CTS HND ICN PVG TPE"
"TPA","101","ACY ALB AMS ATL AUS AVP BDL BGR BHM BNA BOG BOS BTV BUF BWI CAK CHS CLE CLT CMH CRW CVG DAL DCA DEN DFW DTW ERI EWR EYW FLL FRA GCM GPT GRR GSP HAV HOU HPN HSV HVN IAH ILG ILM IND ISP JFK LAS LAX LGA LGW LHR MBJ MCI MDW MEM MEX MHT MIA MKE MSN MSP MSY MYR NAS OMA ORD ORF PDX PHL PHX PIT PNS PTY PUJ PVD PWM RDU RIC ROC SAN SAT SDF SDQ SEA SFO SJO SLC SNA STL SYR TTN TYS XNA YHZ YOW YUL YYC YYT YYZ ZRH"
"TPE","103","AKJ AKL ALA AMS ANC ASB ATL AUH AXT BKI BKK BOM BOS BWN CAN CEB CGK CGN CGO CHC CJJ CJU CKG CNX CRK CTS CVG CXR DAD DEL DFW DMK DNA DPS DWC DXB EDF FOC FRA FUK GUM GYD HAN HGH HKD HKG HND IAH ICN IND IST JFK KIX KKJ KMQ KUL LAX LCK LGG LUX MDC MEM MFM MIA MNL MWX MXP NGB NGO NKG NRT OKA OKJ ORD PEK PEN PHX PQC PRG PUS PVG RGN ROR SDF SDJ SEA SFO SGN SHJ SIN SZX TAE TAO TAS TFU UAM UKB VDH VIE WUH XMN YVR YYZ"
"TPJ","1","KTM"
"TPP","5","CIX IQT LIM PCL RIM"
"TPQ","6","IAH LAX MEX NLU NON YYC"
"TPS","14","BGY BLQ BRI BTS CRL LUZ MXP NRN PNL SCN STN SVQ TRN VRN"
"TPU","0",""
"TQA","2","IUI JUV"
"TQO","13","ATL DFW EWR GDL IAH MEX MIA MTY NLU YQB YUL YYC YYZ"
"TQP","0",""
"TRA","1","MMY"
"TRC","5","CJS CUL CUU QRO TLC"
"TRD","30","AES ALC AMS AYT BGO BNN BOJ BOO CHQ FRA GDN HEL KRK LCA LGW LPA MJF MUC NCE OSL OSY PMI RHO RIX SPU SSJ SVG TFS TOS VAR"
"TRE","3","COL GLA OBN"
"TRF","17","AGP ALC BGO BGY CHQ CLJ CPH LCA LPA OTP PMI PSA RHO SKP SVG TIA WAW"
"TRG","8","AKL CHC GBZ GIS NPE WLG WRE WTZ"
"TRI","6","ATL BWI MCO ORD PIE SFB"
"TRK","3","BPN GTO PLW"
"TRN","63","ACE AGP ALC AMS ARN BBU BCM BCN BDS BFS BHX BIO BRI BRS BUD CDG CFU CIY CMN CPH CRL CRV CTA CWL DUB EDI EMA FCO FOG FRA GLA HEL IAS IBZ IST KRK LGW LPL LTN MAD MAN MLA MUC NAP NCL OLB OPO ORY OTP PMO PSR QSR RAK REG RMO SNN SOF STN SUF TIA TPS VLC WAW"
"TRR","4","CMB HRI JAF RML"
"TRS","22","BCN BDS BER BRI BVA CAG CRL DUB FCO FRA KRK MLA NAP OLB PMO PRG QSR RTM STN SVQ TIA VLC"
"TRT","1","UPG"
"TRU","2","LIM SCL"
"TRV","25","AMD AUH BAH BLR BOM CMB CNN COK DEL DMM DOH DXB HAQ HYD IXE KUL KWI MAA MCT MLE PNQ RUH SHJ SIN TRZ"
"TRW","13","ABF AEA BBG BNE CXI INU MAJ MTK MZK NAN PNI ROR TBF"
"TRZ","13","AUH BLR BOM CMB DEL DOH HYD KUL MAA MCT SHJ SIN TRV"
"TSA","15","CKG FOC GMP HND HUN KNH LZN MFK MZG PVG SHA TFU TTT WUH XMN"
"TSF","17","AGP ALC BCM BHX BVA CHQ EMA IAS KGS KRK MAH OTP POZ SCV TIA TLS TSR"
"TSH","0",""
"TSJ","2","FUK NGS"
"TSM","5","BUR CLD DAL DEN KEDC"
"TSN","101","AKA AQG BAV BHY BKK CAN CGO CGQ CIF CIH CJU CKG CSX CTU CXR DLC DLU DMK DOY DSN EHU ENH ENY FOC HAK HET HFE HGH HIA HKG HKT HLD HND HNY HRB HSN HTN HUZ HYN ICN INC IQN JHG JJN JXA KHN KHV KIX KMG KOW KWE KWL LFQ LHR LHW LJG LLV LXA LYG NAO NDG NGB NGO NNG NNY NRT NTG NZH PVG SHA SHS SIN SQD SWA SYD SYX SZH SZX TFU TGO TNH TPE TYN URC UYN WDS WMT WNZ WUA WUH XAI XIL XIY XMN XNN YCU YIH YIW YNJ ZHA ZUH"
"TSO","1","PZE"
"TSR","26","ATH AYT BCN BHX BLQ BRI BVA CFU CHQ CIA DWC EFL GPA HER HRG IST LCA MAD MUC OLB OTP PMI RHO TSF VLC ZTH"
"TST","1","DMK"
"TSV","18","BNE CNJ CNS DRW HGD HIR ISA JCK LRE MEL MKY MOV RCM ROK SYD TQP WIN YCNY"
"TTA","1","CMN"
"TTE","12","AMQ CGK GEB GLX KAZ LAH MDC OTI PGQ SQN SUB UPG"
"TTN","8","FLL MCO MYR PBI PGD PIE RSW TPA"
"TTQ","1","SJO"
"TTT","3","GNI KYD TSA"
"TTU","13","AGP AHU ALC AMS BCN BRU CDG CMN CRL LGW MAD MRS SVQ"
"TUB","3","PPT RUR RVV"
"TUC","12","AEP BRC COR EZE FLN IGR LIM MDQ MIA PTY PUJ SLA"
"TUD","0",""
"TUF","4","DUB MRS OPO RAK"
"TUG","4","BSO MNL RPLN RPLT"
"TUI","4","DMM HAS JED RUH"
"TUL","23","AUS BNA CLT DAL DCA DEN HOU IAH LAS LAX LGA MCO MDW MIA MSP ORD PHX PIE SAN SEA SFB SLC VPS"
"TUN","54","ABJ ALG AMM ATH AUH BCN BEN BER BGW BKO BLQ BOD BRU BSL CAI CDG CKY CMN DJE DOH DSS DXB FRA GVA IST LGW LHR LIL LIS LUX LYS MAD MJI MLA MPL MRA MRS MUC MXP NAP NCE NIM NKC NTE ORN OUA PMO RBA STR SXB TLS TOE VCE YUL"
"TUO","1","AKL"
"TUP","0",""
"TUR","1","BEL"
"TUS","18","ATL DAL DEN DFW HOU IAH LAS LAX MDW MSP ORD PDX PHX SAN SEA SFO SLC SNA"
"TUU","11","AHB ATZ CAI DMM DOH DXB HMB JED MED RUH SHJ"
"TUV","1","MUN"
"TUW","0",""
"TVC","15","BOS CLT DEN DFW DTW EWR FLL IAH LGA MSP ORD PGD PHL PIE SFB"
"TVF","1","MSP"
"TVS","11","CKG CSX DLC HAK HRB INC KMG KWL PVG TFU XIY"
"TVU","2","NAN SUV"
"TWA","3","DLG KMO TOG"
"TWC","15","ACF AKU CAN CGO HGH KHG KRL PEK QSZ SHF TFU TLQ URC XIY YIN"
"TWF","2","LAS SLC"
"TWT","2","CBO ZAM"
"TWU","8","BKI CAN HKG JHB KUL MFM PVG SDK"
"TXE","1","KNO"
"TXK","0",""
"TXN","10","HKG HRB ICN KUL PEK PUS SYX SZX XIY XMN"
"TYD","2","BQS KHV"
"TYL","1","LIM"
"TYM","1","NAS"
"TYN","62","BAV BHY BKK CAN CGQ CKG CSX CTU CZX DLC DSN FOC HAK HFE HGH HIA HKG HRB HSN INC JHG JJN KHN KMG KUL KWE KWL LHW LJG LUM LYI MFM NGB NKG NNG NTG PEK PVG SHA SHE SHS SQD SWA SYX SZX TAO TCZ TFU TSN URC WDS WNZ WUH WUX XMN XNN YBP YIH YIW YNZ ZHA ZUH"
"TYR","0",""
"TYS","31","AUS BNA BOS BWI CLT DAL DCA DEN DTW EYW FLL GUF HOU HVN IAH JAX LAS LGA MCO MDW MIA MSP ORD PGD PHL PHX PIE SFB SRQ TPA VPS"
"TZA","8","CUK CYC DGA INB PLJ PND SPR SVK"
"TZL","16","AYT BER BSL BTS BVA DTM FMM GOT HAM HRG LCA MMX MST SAW STR ZRH"
"TZN","1","NAS"
"TZX","27","ADB AHB AUH AYT BAH COV DMM DOH DUS DXB DYU ECN ELQ ESB GYD IST JED KCO KWI MCT MED MUC RUH SAW SHJ TAS YEI"
"UAH","3","AUQ NHV UAP"
"UAI","0",""
"UAK","1","JJU"
"UAM","0",""
"UAP","3","AUQ NHV UAH"
"UAQ","3","AEP COR EZE"
"UAS","2","MRE WIL"
"UBA","3","CNF GRU MCZ"
"UBB","3","BDD HID SBR"
"UBJ","1","HND"
"UBN","37","ALA BKK CAN CJJ CXR DLZ DSN FRA HET HKG HKT HVD ICN IKT IST KIX KJA KYZ LTI MNL MWX NRT NZH PEK PKX PQC PRG PUS PVG SGN SIN SYX TAE ULG ULO ULZ YNY"
"UBP","2","BKK DMK"
"UCB","10","CAN CGO CIF CKG HGH SJW TGO WUH XIL XIY"
"UCT","3","LED SVO VKO"
"UDI","11","BPS BSB CGH CNF FOR GIG GRU JPA MCZ NAT VCP"
"UDR","9","BHO BLR BOM CCU DEL HYD IDR JAI STV"
"UEL","4","APL BEW MPM TET"
"UEO","2","HND OKA"
"UET","8","DXB ISB JED KHI LHE MHD SHJ ZAH"
"UFA","55","AER ASF AYT BVJ CEK CXR DME DWC DXB DYU EVN GOJ GSV HKT HMA HRG IAA IKT IST KGD KGP KJA KRR KZN LBD LED MCX MRV MSQ NJC NMA NNM NOJ NSK NUX NYM OVB RMZ SCO SGC SHJ SKD SLY SSH SVO SVX SYX TAS TBS TJM TLK USK USMQ UTP VKO"
"UGB","4","AKN EGX KCQ PIP"
"UGC","18","BGY BHK DME FCO FRA GYD HSA IST LED MAD MCX MXP SKD SVO TAS URC VKO ZIA"
"UGMS","0",""
"UGSA","1","UGMS"
"UHBS","0",""
"UHHY","0",""
"UHMF","0",""
"UHMH","0",""
"UHML","0",""
"UHMN","0",""
"UHNA","0",""
"UHPD","0",""
"UHPK","0",""
"UHPL","0",""
"UHPT","0",""
"UHPX","0",""
"UIAE","0",""
"UIB","8","BOG BSC CLO COG CRC EOH NQU PEI"
"UIH","2","HAN SGN"
"UII","3","LCE RTB SAP"
"UIKG","0",""
"UIKM","0",""
"UIN","0",""
"UIO","19","ADD AMS BOG BQN CKG DOH GRU JFK LGG LUX MAO MDE MEM MIA NLU SCL VCP YUL YYZ"
"UIT","2","MAJ MIJ"
"UITK","0",""
"UIUN","0",""
"UJE","3","KWA LML MAJ"
"UKA","3","MBA NBO WIL"
"UKB","18","AOJ CJJ CTS HNA HND IBR ICN KIJ KOJ MMJ NGS NKG OKA PKX RMQ SDJ SHI TPE"
"UKE","2","BBI RPR"
"UKG","1","YKS"
"UKK","9","ALA AYT CIT DME KGF NQZ OVB SZI UZR"
"UKX","1","IKT"
"ULG","1","UBN"
"ULH","8","AMM BAH DMM DOH DXB JED KWI RUH"
"ULI","2","TKK YAP"
"ULK","3","BTK IKT YKS"
"ULO","1","UBN"
"ULP","8","BEU BNE BQL BVI CTL ISA WNR WTB"
"ULV","9","AER CEE LED MRV MSQ OVB SVO SVX VKO"
"ULZ","1","UBN"
"UMD","7","IKE IOT JQA JUK JUU NIQ SAE"
"UME","5","ARN HEL LPA OSD VAA"
"UMS","1","YKS"
"UNG","5","HGU LMY POM SKC TBG"
"UNI","9","ANU BGI BQU CIW CRU GND MQS SVD UVF"
"UNK","5","KKA OME SKK SMK WBB"
"UNN","1","DMK"
"UOL","2","GTO PLW"
"UPG","42","AMQ APD BDJ BEJ BIK BMU BPN BTW BUW CGK DJJ DPS GTO JED KDI KOE KSR KUL KXB LLO LOP LUW MDC MED MJU MKQ MKW MOF MOH NBX PLW PSJ RAQ SIN SOQ SQR SRG SUB TIM TRT TTE YIA"
"UPN","4","LAX MLM NLU TIJ"
"URA","8","AKX AYT KGF NQZ SAW SCO SSH TAS"
"URC","122","AAT ACF AKA AKU ALA ASB BKK BPL BSZ BZX CAN CGO CGQ CIT CKG CSX CTU DLC DNH DXB DYU DZH EVN FOC FRA FUG FYN GYD GYS HAK HET HFE HGH HIA HKG HMI HQL HTN HUZ HZG IKA INC IQN ISB IST JGN JIC JJN KBL KCA KHG KHN KIX KJI KMG KRL KRY KUL KWE LBD LHW LNL LXA LYA LYI LZO MIG MSQ NGB NGQ NKG NLT NNG NNY NQZ OSS PEK PKX PVG QSZ RQA SHA SHE SJW SVO SYD SYX SZX TAO TAS TBS TCG TFU TNA TSN TWC TYN UYN WDS WNZ WUH WUX WXN XFN XIY XMN XNN XUZ YBP YCU YIH YIN YIW YNT YNZ YTW YTY YZY ZFL ZHA ZUH ZYI"
"URE","4","EERU EPU HEL TLL"
"URG","2","FLN POA"
"URJ","3","HMA SGC TJM"
"URS","0",""
"URT","4","BKK CNX DMK HHQ"
"URY","2","JED RUH"
"USA","11","ALB CLE FLL HVN IND ISP LAL PGD PIE ROC SFB"
"USH","9","AEP COR CRD EZE FTE GRU REL RGA RGL"
"USK","6","KZN PEE SCW UFA UUA VKO"
"USM","5","BKK DMK KBV SIN SZB"
"USMQ","0",""
"USN","2","CJU GMP"
"USR","1","YKS"
"USU","3","CEB CRK ENI"
"UTH","6","BKK CNX DMK HDY HKT UTP"
"UTK","1","MAJ"
"UTOD","0",""
"UTP","16","BAX CNX HKT IKT KHV KJA MSQ NOZ OVB SVO SVX UFA USM UTH VKO VVO"
"UTS","1","SCW"
"UUA","6","NJC NOJ NUX SGC USK VKO"
"UUD","19","BAX BQS DME GDX IKT KEJ KHV KJA KYZ KZN OVB RGK SVO TAS UIKG UIUN UUS VVO YKS"
"UUS","16","BQS DEE EKS HRB ITU KHV KJA NGK OHH OVB PKC PKX SVO UUD VVO ZZO"
"UVE","3","GEA LIF NOU"
"UVF","8","BOS DOM GEO GND JFK LGW TAB YYZ"
"UVI","1","CWB"
"UVL","1","CAI"
"UYN","46","AKA CAN CGO CGQ CKG CSX DLC FOC HAK HFE HGH HRB HZG INC JJN JNG KHN KMG KWE LHW NKG NNG NTG PEK PKX PVG SHA SHE SJW SWA SYX SZX TAO TFU TNA TSN URC WNZ WUH XIY XMN XUZ YTY YYA ZHA ZUH"
"UYU","3","CBB CUZ LPB"
"UZR","2","ALA NQZ"
"VAA","4","ARN HEL LPA UME"
"VAG","1","CNF"
"VAI","1","WWK"
"VAK","3","BET HPB SCM"
"VAM","1","MLE"
"VAN","6","ADB AYT COV ESB IST SAW"
"VAO","4","FRE HIR KGE MUA"
"VAQ","2","KCY KJA"
"VAR","41","ATH BCN BEG BER BGO BRE BRQ BRU BTS BVA CDG CGN CPH CRL DTM DUS EIN FMM FRA HAJ HAM HEL IST KLV KRK KTW LCA LIL LTN LUX MUC NTE ORY OSL OSR PRG SOF STR TLV VIE ZRH"
"VAS","4","ADB CGN IST SAW"
"VAV","2","NAN TBU"
"VAW","4","BJF BVG KKN VDS"
"VBS","1","FCO"
"VBV","1","SUV"
"VBY","3","ARN CPH HEL"
"VCA","6","DAD HAN PQC VCS VDO VII"
"VCCV","0",""
"VCE","88","ADB AHO ALC AMS ARN ATH ATL BCN BDS BEG BHX BIO BOD BRI BRS BRU BSL BUD BWI CAG CAI CDG CFU CGN CLJ CMN CPH CTA DFW DOH DUB DUS DXB EDI EVN EWR FCO FRA HAM HEL ICN IST JED JFK JTR KEF KRK KUT LCA LHR LIS LMP LTN LUX LYS MAD MAN MRS MUC NAP NCE NTE OLB ORY OSL OVD PHL PMO PNL PVG RIX RMO RUH SAW SSH STN STR SVQ TFS TLS TLV TPS TUN VIE WAW YUL YYZ ZRH"
"VCP","77","AFL AGT AJU AMS ANC AQA ARU BAT BEL BOG BRC BSB BVB BYO CAC CFB CGB CGR CMG CNF CPH CWB CXJ DOH DSS DWC EZE FLL FLN FOR FRA FRC GDL GIG GYE GYN HSV ICN IGU IOS IQQ JPR JTC LAX LIM LUX MAO MCO MCZ MDE MEM MEX MGF MIA MII MVD NAT NVT OAL OPO PDP PET PFB PMG PMW PNZ POA PTO REC RRJ SCL SDF SSA TUC UIO VIX XAP"
"VCS","3","HAN SGN VCA"
"VDC","3","CNF GRU SSA"
"VDE","2","LPA TFN"
"VDH","4","DAD HAN SGN TPE"
"VDM","2","AEP BRC"
"VDO","1","SGN"
"VDS","10","ALF BJF BVG HFT HVG KKN MEH SOJ TOS VAW"
"VDY","2","BLR HYD"
"VDZ","2","ANC FAI"
"VEE","3","ARC FAI FYU"
"VEL","2","DEN PHX"
"VEO","2","KJA OVB"
"VER","12","CME CUN DFW GDL IAH MEX MTT MTY QRO TAM TIJ VSA"
"VEY","1","RKV"
"VFA","13","ADD BUQ CPT DAR FRA HRE HWN JNB KAB MQP MUB NBO WDH"
"VGA","11","BLR BOM CDP DEL HYD KJB MAA SHJ SIN TIR VTZ"
"VGD","3","LED VKO VUS"
"VGO","8","ACE BCN LPA MAD PMI SDR TFN VLC"
"VGZ","1","BOG"
"VHM","3","AJR ARN LYC"
"VHV","1","YKS"
"VIE","162","ACH ADB ADD AGA AGP ALC ALG AMM AMS ARN ASR ATH AUH AYT BCN BEG BER BFS BGO BHX BIA BIO BJV BKK BLQ BOD BOH BOJ BOS BRE BRI BRS BRU BSL BUD BWI CAG CAI CDG CGN CPH DEL DIY DJE DLM DOH DUB DUS DXB EDI EMA ESB EVN EWR FCO FLR FNC FRA FRL GLA GRZ GVA GYD HAJ HAM HAN HEL HKG HND HRG IAS IBZ ICN IKA INN IST JED JFK JTR KLU KRK KSC KWI LAX LBA LCA LEJ LGW LHR LIN LIS LPA LPL LUX LYS MAD MAH MAN MCT MIR MLA MLE MRS MRU MUC MXP NAP NCE NCL NTE OLB ORD ORY OSL OTP PEK PMI PRG PRN PVG RAK RHO RIX RMF RMO RUH RVN SAW SBZ SHJ SID SIN SJJ SKG SKP SMI SOF SPU STN STR SZF SZX TBS TFS TFU TGD TIA TLL TLV TPE TUN VAR VCE VLC WAW XIY YUL YYZ ZAD ZAG ZRH ZTH"
"VIG","2","CCS PMV"
"VII","10","BMV CXR DAD DLI HAN PQC SGN UIH VCA VCS"
"VIJ","3","AXA EIS SJU"
"VIL","9","ACE AGA CMN EUN LPA MAD ORY RAK RBA"
"VIT","11","ALC BCN BRU LEJ LIS LPA MAD MAH MXP PMI SVQ"
"VIX","8","BSB CGH CNF GIG GRU REC SSA VCP"
"VJB","2","MPM VPY"
"VKO","92","ADB AER ALA AYT AZN BGW BHK BJV BSZ BUS BVJ CAN CCS CEK CIT CMB DLM DWC DXB DYU ESB EVN FEG GDZ GME GNJ GRV GSV GYD GZP HMA HRG IAR IST JED JOK KGD KGP KJA KRR KVK KZN LBD LED LLK MCX MJZ MRV MSQ NAJ NAL NCU NER NJC NMA NNM NOJ NQZ NUX NVI NYM OGZ OMS OSS OVB PEE PES PKV PMV RMZ RUH SAW SCW SGC SKD SSH SUI SVX TAS TBS TBW TJM TMJ UCT UFA UGC ULV USK USMQ UUA VGD YKS"
"VKT","2","SCW ZIA"
"VKV","3","CSH KSZ LDG"
"VLC","85","ACE AGP ALG AMS ARN ATH BCM BCN BEG BER BHX BIO BLQ BOD BRI BRS BRU BSL BUD BVA CAI CDG CGN CLJ CMN CPH DUB DUS EIN EMA FCO FEZ FLR FNC FRA FUE GVA HAM HEL HRG IAS IBZ IST KRK LCG LGW LHR LIL LIS LPA LTN LUX LXR LYS MAD MAH MUC MXP ORY OSL OTP OVD PMI POZ PRG RBA RIX RMO RTM SDR SOF STR SVQ TFN TIA TNG TSR VCE VGO VIE WAW WRO XRY YUL ZRH"
"VLD","0",""
"VLG","0",""
"VLI","1","BNE"
"VLL","3","LPA PMI TFN"
"VLN","9","BOG CCS HAV MAR MDE PMV PTY PUJ SVZ"
"VLV","2","CCS PMV"
"VME","2","AEP RLO"
"VMR","0",""
"VNE","0",""
"VNKD","0",""
"VNRR","0",""
"VNS","13","AMD BBI BKK BLR BOM CCU DEL HDO HJR HYD MAA RDP SHJ"
"VNSL","0",""
"VNTH","0",""
"VNX","4","INH JNB MPM MQP"
"VNY","0",""
"VOG","14","AER DME DXB EVN HRG KGD KZN LED MCX OVB SSH SVO SVX VKO"
"VOL","4","BRQ CRL DUS HER"
"VOZ","20","AER AYT BSZ DME DWC DYU EVN HKT IST KZN LED MRV NSK OSS OVB SIP SVO SVX TAS VKO"
"VPE","7","CBT LAD MSZ NOV SDD SPP SVP"
"VPN","2","AEY THO"
"VPS","44","ATL BLV BNA BOS BWI CAK CKB CLT COU CVG DAL DCA DEN DFW DSM EVV EWR FNT GRR HOU HTS ICT IND JFK LAS LCK LGA LIT MCI MDW MIA MSP OKC OMA ORD PHL PIA PIT SDF SGF STL TUL TYS XNA"
"VPY","3","BEW MPM VJB"
"VQS","5","CPX NRR SIG STT STX"
"VRA","6","MIA YHZ YQB YQM YUL YYC"
"VRB","10","BDL BOS BWI CLT HPN HVN ISP JFK PVD RDU"
"VRC","1","MNL"
"VRN","75","AAL AHO AMS AOK ATQ BCN BDS BFS BHD BHX BRI BRS BWK CAG CAI CDG CGN CMN CPH CTA DUB DUS EDI EMA FRA FUE GDN GLA HAM HEL HER IBZ JMK JTR KEF KGS KRK LBA LGW LMP LPA LRM LTN LXR MAD MAH MAN MBA MBJ MIR MLE MUC MUH NBE NCL OLB OMO ORY OSL PMI PMO POZ RHO RIX RMF RMO STN SUF TFS TIA TLV VLC ZAD ZNZ ZTH"
"VSA","8","CUN GDL MEX MID MTY NLU TAM VER"
"VST","3","AGP ALC STN"
"VTB","2","AYT SSH"
"VTE","46","BKK BOR CAN CKG CSX DMK DSN FOC HAK HAN HFE HGH HKG ICN JHG KMG KTI KUL LHW LPQ LXG MWX NEU NGB NNG ODY PKX PKZ PUS PVG RGN SGN SIN SWA SYX TAE TFU TNA WNZ WUH WUX XIY XKH ZBY ZHA ZVK"
"VTZ","15","AUH BBI BLR BOM CCU DEL HYD IXZ KJB NMI PYB RPR SIN TIR VGA"
"VUP","3","BAQ BOG EOH"
"VUS","2","CEE VGD"
"VVC","8","AUC BOG CLO EOH LMC MVP PCR PDA"
"VVI","18","AEP ASU BCN BOG BWI CBB CIJ EZE GIG GRU LIM LPB MAD ORU PTY SCL TDD TJA"
"VVO","37","BHK BKK BPE BQS CXR DAD DLC DYR FNJ GDX HAN HKT HRB IKT ITU KHV KJA KXK LED MFM NER OVB PEK PKC PKX PQC PVG SVO SVX SYX TAS UTP UUD UUS XIY YKS YNT"
"VVZ","6","ALG AZR DJG GHA OGX TMR"
"VXC","3","APL MPM UEL"
"VXE","9","AMS CDG LIS LUX OPO ORY RAI SID ZRH"
"VXO","8","AGP ALC BMA GDN LCA LPA PMI RHO"
"VYI","1","YKS"
"WAA","3","KTS OME SHH"
"WAE","3","AHB JED RUH"
"WAG","1","AKL"
"WAW","174","ADB ADD AGA AGP ALA ALC AMS ARN ATH AUH AYT BBU BCN BEG BER BEY BGY BIO BJL BJV BKK BLL BLQ BOJ BOM BRI BRU BSL BTS BUD BZG BZO CAI CDG CFU CHQ CLJ CMB CPH CRL DBV DEL DLM DOH DPS DTM DUB DXB EIN ESB EVN EWR FAO FCO FNC FRA FUE GDN GHV GNB GOA GOT GPA GVA GYD HAM HEL HER HKT HRG ICN IEG INN IST JFK KBV KEF KGS KRK KSC KTW KUT KVA LAX LBA LCA LGK LHR LIS LJU LPA LPL LTN LUX LUZ LYS MAD MAH MAN MCT MIA MLA MLE MRU MUC MXP NAP NBE NCE NOS NQZ NRT NYO OMR OPO ORD ORY OSL OSR OTP PEK PFO PMI PMO PMV POP POZ PQC PRG PSA PUJ RAK RIX RMF RMO RUH RVN RZE SFO SHJ SID SJJ SKG SKP SOF SPU SSH STR SUF SVG SVQ SXB SZZ TAS TBS TCP TFS TGD TIA TIV TLL TLV TRF TRN VCE VIE VLC VRN WRO YYZ ZAD ZAG ZNZ ZRH"
"WBA","0",""
"WBB","3","OME SMK UNK"
"WBQ","1","FAI"
"WDH","17","ADD BBK BUG CBT CPT FRA GBE JNB LAD LUN LVI MUB NBJ NLA OGV VFA ZRH"
"WDS","35","CAN CKG DLC HAK HET HFE HGH HUZ JHG JJN KMG KWE LHW LJG LXA NGB NKG NNG PEK PKX PVG SHE SWA SYX SZX TAO TFU TNA TSN TYN URC WNZ WUX XIY XMN"
"WEF","8","CAN CGQ CKG DLC HAK HGH HRB SHE"
"WEH","2","ICN NRT"
"WEI","4","AUU BNE CNS IRG"
"WGA","3","BNE MEL SYD"
"WGE","2","DBO LHG"
"WGN","5","HAK PEK SZX TFU XIY"
"WGP","5","KOE LBJ LOP RTG SAU"
"WHA","11","CAN CGQ CKG CSX DLC FUO KMG KWL PKX SZX TFU"
"WHK","4","AKL GIS HLZ NPE"
"WIC","1","ABZ"
"WIK","0",""
"WIL","21","ARK ASV EBB EDL HKNV ILU JJM JRO KIS KTL KWY LAU LOK MBA MRE MYD NYK UAS UKA WJR ZNZ"
"WIN","2","LRE TSV"
"WIR","1","NPE"
"WJR","2","NBO WIL"
"WKA","0",""
"WKJ","2","CTS HND"
"WLE","1","BNE"
"WLG","22","AKL BHE BNE CHC CHT DUD GIS HLZ KTF MEL NAN NPE NPL NSN OOL PCN ROT SYD TIU TRG WSZ ZQN"
"WLH","1","VLI"
"WLK","1","OTZ"
"WLP","0",""
"WLS","2","NAN NOU"
"WME","0",""
"WMI","50","AGP AHO ALC ARN ATH BCN BDS BGO BGY BHX BLQ BOJ BRI BUD BVA CFU CHQ CIA CPH CRL CTA DUB EDI EIN FAO GLA HEL LIS LPL MAD MLA MXP NAP OPO PFO PMI PMO RHO RMO SHJ SKG SNN SOF STN TFS TIA TSF VLC ZAD ZTH"
"WMN","3","SVB TMM TNR"
"WMO","3","ELI GLV OME"
"WMT","30","ACX CAN CGO CKG CSX DLC HAK HFE HGH HUZ JHG JJN KHN KMG KWE LLB LXA NGB NKG PEK PVG SZX TNA TSN WNZ WUH XIY XMN ZHA ZUH"
"WMX","3","DJJ OKL TIM"
"WNA","0",""
"WNH","3","CAN PKX TFU"
"WNI","2","KDI UPG"
"WNP","1","CRK"
"WNR","8","BEU BNE BQL BVI CTL ISA ULP WTB"
"WNZ","4","ICN MNL SZX TAS"
"WOL","2","BNE MEL"
"WOS","1","FNJ"
"WOT","1","KHH"
"WPR","1","PUQ"
"WPU","1","PUQ"
"WRE","5","AKL GBZ HLZ KAT TRG"
"WRG","0",""
"WRO","45","AGA AGP ALC AMS ARN ATH AYT BBU BJV BLQ BRI CPH CTA DTM DXB EIN FCO FKB FRA FUE GRO ICN KUT LIS LTN MAD MBA MUC NAP NBE ORY PMO PSA RMF RMI SLL SNN SPU STN SUF TGD TIA VAR WAW ZAD"
"WRY","2","KOI PPW"
"WSI","2","AKL SIN"
"WSK","3","CAN KWE YNT"
"WSN","3","AKN CLP DLG"
"WSZ","1","WLG"
"WTB","12","BEU BNE BQL BVI CMA CTL ISA SGO SYD ULP WNR XTG"
"WTE","1","MAJ"
"WTK","2","KVL OTZ"
"WTL","1","BET"
"WTO","4","KWA LML MAJ UJE"
"WTZ","3","AKL GBZ TRG"
"WUA","15","CGO CIF CKG HET HGH PEK PKX SHA SZX TFU TGO TSN WUH XIL XIY"
"WUH","119","AKA AKU BAR BAV BHY BKK BPL CAN CDE CGK CGQ CIF CIH CKG CTU DAT DLC DLU DMK DNH DOY DSN DXB DYG DZH ENH FOC HAK HAN HET HGH HKG HKT HLD HLH HPG HRB HSN HTN HUZ HYN HZA ICN INC JGN JHG JIC JJN JNZ KHH KIX KMG KRL KTI KUL KWE LFQ LHR LHW LJG LUM LXA LYG LYI LZH LZO MFM MIG NAO NGB NGO NNG NRT NTG PEK PKX PVG RIZ SFO SGN SHA SHE SIN SQJ SVO SWA SYD SYX SZX TAO TEN TFU TGO TNA TPE TSA TSN TYN UCB URC UYN VTE WDS WMT WNZ WUA WUT XIY XMN XNN YBP YIN YIW YNT YNZ YZY ZHA ZUH ZYI"
"WUI","0",""
"WUN","3","MKR MMG PER"
"WUS","7","CAN PKX SZX TAO TFU TNA XMN"
"WUT","10","CAN HRB KMG KWE KWL PVG SHE TFU WUH XMN"
"WUX","53","BKK BSD BZX CAN CGQ CIF CIH CJU CKG CSX CTU DLC DSN FOC HAK HET HKG HRB HUZ ICN JHG JJN KIX KMG KOS KUL KWE LHW LJG LUM MFM NNG PEK PKX SHE SIN SWA SYX SZX TAO TFU TYN URC VTE WDS XFN XIY XMN YBP YCU YKH ZUH ZYI"
"WUZ","3","CSX PKX PVG"
"WWI","0",""
"WWK","4","HGU MAG POM VAI"
"WWT","1","BET"
"WXN","18","CAN CSX FOC HAK HGH HUZ JNG KMG LHW NGB NKG PEK PVG SZX URC WNZ XIY XMN"
"WYS","2","DEN SLC"
"XAI","9","CKG HAK HGH PVG SZX TFU TSN XIY XMN"
"XAP","5","CGH FLN GRU NVT VCP"
"XAU","2","CAY MPY"
"XBE","2","YTL YXL"
"XBJ","4","JED MED MHD THR"
"XCH","2","CCK PER"
"XCR","2","OPO RAK"
"XEQ","2","JNN QUV"
"XFN","29","CAN CGQ CKG DLC FOC HAK HET HGH HRB INC KMG LHW LJG NGB NKG NNG PEK SHA SHE SYX SZX TAO TFU URC WNZ WUX XIY XMN ZUH"
"XGR","1","YVP"
"XIC","19","CAN CGO CKG CSX CTU HAK JHG KWE LZO MIG NGB NKG PEK PKX PVG SZX TFU XIY YBP"
"XIL","18","AXF BAV CIF CKG ERL HET HLD HRB PEK PKX PVG RLK TGO TNA TSN UCB WUA XIY"
"XIY","4","ALA ICN NRT TAS"
"XKH","1","VTE"
"XKS","2","YWP YXL"
"XLB","2","YTH YWG"
"XMH","2","AHE PPT"
"XMN","116","AKA AMS BAV BKK CAN CDG CGK CGO CGQ CKG CSX CTU CZX DIL DLC DMK DOH DOY DPS EHU ENH ENY FOC HAK HAN HDG HET HFE HGH HIA HKG HMI HNY HRB HSN ICN INC JDZ JGS JHG JUH KHH KHN KIX KMG KOS KTI KUL KWE KWL LAX LHW LJG LXA LYG LYI LZH LZO MEL MFM MIG MLE MNL NAO NGB NKG NNG NRT NTG PEK PEN PKX PVG RGN RIZ SGN SHA SHE SHS SIN SJW SYD SYX SZX TAO TFU TNA TPE TSA TSN TXN TYN URC UYN WDS WEH WMT WNZ WUH WUS WUT WUX WXN XAI XFN XIY XUZ YCU YIH YNT YNZ YTY YVR YYA ZUH ZYI"
"XMY","4","CNC HID OKR SYU"
"XNA","27","ATL AZA BNA CLT DCA DEN DFW DTW FLL GUF IAH LAS LAX LGA MCO MIA MSP MSY ORD PHL PHX PIE PNS SFB SLC TPA VPS"
"XNH","0",""
"XNN","56","CAN CGO CKG CSX CTU DNH DSN ENH ENY FOC GMQ GOQ HAK HBQ HDG HFE HGH HKG HTT HXD INC JJN KHG KHN KMG KUL KWE LXA LYI LZO NGB NGQ NKG NNG PEK PKX PVG QSZ RKZ SHA SHE SJW SYX SZX TAO TFU TNA TSN TYN URC WUH XIY XUZ YCU YUS ZHY"
"XNT","5","CAN HAK HRB PVG TFU"
"XPL","11","BCN DFW FLL IAH MAD MEX MIA MSY PTY SAL SJO"
"XQP","2","SJO SYQ"
"XRY","23","BCN BER BHX BIO BRN BRU FRA HAJ HAM KEF LBA LPA LUX MAD MAN MUC OVD PMI SDR STN STR TFN ZRH"
"XSC","3","GDT MIA PLS"
"XSP","2","RDN SZB"
"XTG","4","BNE CMA SGO WTB"
"XTL","2","XLB YTH"
"XUZ","33","CAN CGQ CKG CSX DLC DLU DYG HAK HET HKG HRB HSN HYN INC JHG JJN KHN KMG KWE KWL NNG SHE SWA SYX SZX TFU URC UYN XMN XNN YBP YIH ZUH"
"XWA","3","DEN LAS MSP"
"XYI","1","HAK"
"XZM","0",""
"YAC","1","YXL"
"YAK","0",""
"YAM","6","YHM YQT YSB YTZ YYC YYZ"
"YAP","5","GUM PNI ROR TKK ULI"
"YAT","4","YFA YMO YPO ZKE"
"YAX","1","YXL"
"YAY","4","YBX YWK YYR YYT"
"YBB","4","YCB YHK YYH YZF"
"YBC","4","YHR YHU YQB YZV"
"YBE","4","YPA YSF YXE ZFD"
"YBG","4","CUN PUJ VRA YUL"
"YBK","1","YRT"
"YBP","35","CAN CGO CKG CSX CZX DLU FOC HAK HFE HGH HYN JHG JJN KMG LJG LXA NGB NKG PEK PKX PVG SHE SYX SZX TAO TYN URC WNZ WUH WUX XIC XIY XUZ YIW YNZ"
"YBT","2","YTH YWG"
"YBX","11","YAY YHR YHU YIF YNA YQB YUL YYR YYT YZV ZGS"
"YCB","5","YBB YCO YHK YYH YZF"
"YCD","5","YEG YLW YVR YYC YYZ"
"YCK","3","YGH YVQ YZF"
"YCNY","0",""
"YCO","3","YCB YHI YZF"
"YCR","2","YNE YWG"
"YCS","1","YRT"
"YCU","40","BKK CAN CGQ CKG CSX CTU DLC FOC HAK HET HFE HGH HKG HRB JJN KHN KMG KUL KWE LJG NGB NGO NKG NNG PEK PKX PVG SHE SYX SZX TFU TNA TSN URC WNZ WUH WUX XMN XNN ZUH"
"YDA","4","FAI YEV YOC YXY"
"YDF","12","CUN YAY YHZ YOW YQM YQX YUL YWK YYC YYR YYT YYZ"
"YDLO","0",""
"YDP","6","YHO YMN YNP YRG YSO YYR"
"YEG","19","CUN DEN MBJ MSP MZT ORD SJD YHM YHU YOW YQR YUL YVR YWG YXE YYC YYJ YYT YYZ"
"YEI","8","AYT COV DIY DUS ERZ MSR STR TZX"
"YEK","1","YRT"
"YER","1","YXL"
"YES","1","THR"
"YEV","11","LAK YDA YGH YHI YOC YPC YSY YVQ YXY YZF ZFM"
"YFA","5","YAT YMO YPO YTS ZKE"
"YFB","5","GOH YHM YOW YRT YWG"
"YFC","6","CUN YOW YTZ YUL YYC YYZ"
"YFH","7","SUR YLH YOG YPL YQN YQT YWP"
"YFO","2","YQD YWG"
"YFS","2","YHY YZF"
"YGH","3","YCK YEV YVQ"
"YGJ","3","HND ICN TPE"
"YGL","3","YGW YPX YUL"
"YGO","3","CYAV YTH YWG"
"YGP","5","YGR YHU YQB YUL YVB"
"YGR","5","FSP YGP YQB YUL YVB"
"YGW","14","AKV YGL YIK YKQ YKU YNC YPH YPX YSK YUD YUL YVO YZG ZEM"
"YGX","3","YTH YWG YYQ"
"YHI","3","YCO YEV YZF"
"YHK","4","YBB YCB YYH YZF"
"YHM","8","CUN ORD PUJ YEG YOW YVR YYC YYT"
"YHO","2","YNP YSO"
"YHP","0",""
"YHR","11","YBC YBX YHU YIF YNA YQB YUL YZV ZGS ZLT ZTB"
"YHU","7","YEG YHM YVR YWG YYC YYT YYZ"
"YHY","3","YEG YSM YZF"
"YHZ","55","BCN BDA BGI BOS BWI CCC CDG CPH CSX CUN DCA DTW DUB EHU EWR FLL FRA FSP HOG ICN KEF LGA LGG LGW LHR LIS MBJ MCO NAS ORD PHL POP PUJ SNU TPA VRA YDF YEG YHM YHU YKF YMX YOW YQR YQX YSJ YUL YVR YWG YXE YYC YYR YYT YYZ ZRH"
"YIA","21","AAP BDJ BPN BTH CGK DJB DPS JED KNO KUL LOP MED PDG PGK PKU PKY PLM PNK SIN TIM UPG"
"YIC","7","CAN CKG DLC PEK SYX SZX XIY"
"YIE","2","HET HLH"
"YIF","7","YBX YHR YNA YQB YUL YZV ZGS"
"YIH","40","BHY CAN CTU FOC HAK HGH HKG HUZ INC JHG JJN KMG KWE KWL LHW NGB NTG PEK PKX PVG SHE SIN SJW SWA SYX SZX TAO TFU TNA TSN TYN URC VVO WNZ XIY XMN XUZ YNT YTY ZUH"
"YIK","7","AKV YGW YPH YPX YUD YUL YZG"
"YIN","32","AAT ACF AKU ALA BPL CGO CKG CSX CTU FOC FYN HMI HTN JBK KCA KHG KRL KRY LHW NKG PEK PKX QSZ SHF TCG TFU TLQ TWC URC WUH XIY YTW"
"YIP","0",""
"YIV","4","CYAV YRS YST YWG"
"YIW","2","KIX MNL"
"YJS","1","FNJ"
"YJUN","0",""
"YKA","4","YEG YVR YYC YYJ"
"YKF","4","CUN PUJ YHZ YYC"
"YKG","6","YPJ YQC YTQ YVP YWB YZG"
"YKH","5","CAN NKG PVG SJW WUX"
"YKL","3","YQB YUL YZV"
"YKM","1","SEA"
"YKO","2","ESB IST"
"YKQ","6","YGW YKU YNC YUL YVO ZEM"
"YKS","41","AER BGN BQJ BQS CKH CYX DME DPT HRB IKS IKT KHV KJA LED MJZ MQJ NER NYR OLZ ONK OVB PKX PWE PYJ SEK SUK SUY SVO SVX SYS UKG ULK UMS USR UUD VHV VKO VVO VYI ZIX ZKP"
"YKU","6","YGW YKQ YNC YUL YVO ZEM"
"YLAW","0",""
"YLH","5","YFH YOG YQN YQT YWP"
"YLW","18","CUN LAX MZT SEA YCD YEG YKA YOW YQQ YUL YVR YWG YXC YXJ YXS YYC YYJ YYZ"
"YLX","8","CGO HAK HGH PEK PVG SZX TFU XIY"
"YMM","5","YEG YPY YVR YYC YYZ"
"YMN","6","YDP YHO YNP YRG YSO YYR"
"YMO","4","YAT YFA YPO ZKE"
"YMT","2","YNS YUL"
"YMX","16","CVG EMA IND MEM PBG SDF YEG YHM YHZ YOW YQB YQM YVR YWG YYC YYZ"
"YNA","5","YBX YHR YIF YZV ZGS"
"YNB","8","CAI DMM DOH HBE HMB IST JED RUH"
"YNC","6","YGW YKQ YKU YUL YVO ZEM"
"YNE","2","YCR YWG"
"YNJ","16","CAN CGQ CJJ CKG HGH ICN NKG PEK PKX PUS PVG SJW TAE TAO TSN YNT"
"YNL","3","YPA YVC YXE"
"YNO","3","YRL YWG YXL"
"YNP","6","YDP YHO YMN YRG YSO YYR"
"YNS","2","YMT YUL"
"YNT","6","ALA ICN KGF KIX LGG NRT"
"YNY","1","CJU"
"YNZ","34","CAN CGQ CKG CSX DLC DLU FOC HAK HRB HSN HUZ HYN ICN JJN KHN KIX KMG KWE KWL LJG PEK PKX SHE SJW SWA SYX SZX TFU TYN URC WUH XIY XMN YBP"
"YOC","2","YDA YEV"
"YOG","5","YFH YLH YQN YQT YWP"
"YOH","4","CYAV YGO YTH YWG"
"YOJ","1","YEG"
"YOW","10","CUN MBJ ORD PUJ YEG YHM YUL YWG YYC YYZ"
"YPA","7","YBE YNL YSF YVC YXE ZFD ZWL"
"YPC","1","YEV"
"YPH","8","AKV YGW YIK YPX YUD YUL YVP YZG"
"YPJ","3","YKG YTQ YVP"
"YPL","3","XBE YAX YXL"
"YPM","3","YWG YXL ZSJ"
"YPO","4","YAT YFA YMO ZKE"
"YPX","8","AKV YGL YGW YIK YPH YUD YVP YZG"
"YPY","3","YEG YSM YZF"
"YQB","40","AZS BWI CCC CDG CLT CUN CYO DFW EWR FDF FLL HOG JFK MBJ MCO ORD PHL POP PTP PUJ PVR RIH SJO SNU TQO VRA YGP YGR YHU YKL YMX YOW YTZ YUL YVP YVR YWK YYC YYZ YZV"
"YQC","3","YKG YVP YZG"
"YQD","2","YFO YWG"
"YQG","11","CUN CYPT LRD PUJ VRA YHM YKF YOW YTZ YYC YYZ"
"YQK","1","YQT"
"YQM","21","CCC CUN HOG MBJ POP PUJ VRA YDF YEG YHM YHU YHZ YMX YOW YTZ YUL YWK YYC YYT YYY YYZ"
"YQN","5","YFH YLH YOG YQT YWP"
"YQQ","6","PVR YEG YLW YVR YYC YYZ"
"YQR","10","CUN DEN MSP YEG YUL YVR YWG YXE YYC YYZ"
"YQT","8","PUJ YOW YRL YWG YXL YYC YYZ ZPB"
"YQU","1","YYC"
"YQX","8","YDF YHZ YUL YWK YYR YYT YYZ ZUM"
"YQY","3","YUL YYC YYZ"
"YQZ","2","YVR YWL"
"YRED","0",""
"YRG","6","YDP YHO YMN YNP YSO YYR"
"YRL","6","YNO YPM YQT YVZ YWG YXL"
"YRS","3","CYAV YIV YWG"
"YRT","2","YOW YWG"
"YSB","11","YAM YHM YOW YQB YQT YTS YTZ YUL YYB YYC YYZ"
"YSF","4","YBE YPA YXE ZFD"
"YSJ","4","YHU YHZ YUL YYZ"
"YSK","1","YWG"
"YSM","3","YEG YPY YZF"
"YSO","6","YDP YHO YMN YNP YRG YYR"
"YSQ","6","CAN HFE PKX PVG SJW TFU"
"YSRD","0",""
"YST","3","CYAV YIV YWG"
"YSY","2","YEV YHI"
"YTH","7","XLB YGO YOH YWG ZAC ZGI ZTM"
"YTL","5","XBE XKS YAX YER YXL"
"YTQ","3","YKG YPJ YVP"
"YTS","8","YAT YFA YMO YPO YSB YTZ YYZ ZKE"
"YTW","7","CAN KHG KRL PKX PVG URC YIN"
"YTY","41","BKK CAN CGQ CKG CSX CTU DDG DLC DSN DYG FOC HAK HRB HSN ICN INC JHG JJN JNZ KHN KIX KMG KUL KWE LHW MIG NNG PEK PKX SHE SHS SWA SZX URC UYN WEH WNZ XIY XMN YIH ZUH"
"YTZ","19","BNA BOS BWI EWR LGA MDW ORD YAM YFC YHU YHZ YOW YQG YQM YQT YSB YUL YUY YYB"
"YUD","8","AKV YGW YIK YPH YPX YSK YUL YZG"
"YUK","0",""
"YUL","19","CUN DEN LIR MBJ MSP MZT ORD PUJ SJD YEG YOW YQR YVR YWG YXE YYC YYJ YYT YYZ"
"YUM","1","PHX"
"YUS","6","CTU LXA PKX TFU XIY XNN"
"YUT","1","YRT"
"YUY","4","YQB YTZ YUL YVO"
"YVB","2","YGR YQB"
"YVC","4","YNL YPA YXE ZWL"
"YVO","7","YGW YKQ YKU YNC YRT YUL ZEM"
"YVP","13","XGR YFB YKG YOW YPH YPJ YPX YQB YQC YTQ YUL YWB YZG"
"YVQ","6","YCK YEV YGH YWJ YZF ZFN"
"YVR","6","YEG YHM YWG YYC YYJ YYZ"
"YVZ","5","CYAV YRL YWG YXL ZSJ"
"YWB","4","YKG YQC YVP YZG"
"YWG","48","CUN DEN LIR MBJ MSP MZT ORD PUJ SJD XLB YCR YEG YFO YGO YGX YHM YHU YIV YNE YNO YOH YOW YPM YQD YQR YQT YRL YRS YRT YSK YST YTH YUL YVR YVZ YXE YXL YXU YYC YYJ YYQ YYT YYZ ZAC ZGI ZPB ZSJ ZTM"
"YWJ","3","YVQ YZF ZFN"
"YWK","8","YDF YQB YQX YUL YYT YYY YZV ZUM"
"YWKS","0",""
"YWL","2","YQZ YVR"
"YWP","7","SUR XKS YFH YLH YPL YQT YXL"
"YXC","3","YLW YVR YYC"
"YXE","9","CUN MSP YEG YQR YUL YVR YWG YYC YYZ"
"YXJ","2","YVR YYC"
"YXL","6","YNO YPM YQT YVZ ZPB ZSJ"
"YXN","1","YRT"
"YXS","7","PVR YEG YKA YLW YVR YYC YYJ"
"YXT","7","YCD YEG YHM YLW YVR YXS YYC"
"YXU","5","CUN PUJ YWG YYC YYZ"
"YXX","5","PVR YEG YVR YYC YYZ"
"YXY","9","YDA YEG YEV YOW YVR YYC YYJ YYZ YZF"
"YYA","10","CKG FOC HAK NGB PEK PVG TFU UYN XIY XMN"
"YYB","8","YAM YHM YQT YSB YTZ YUY YYC YYZ"
"YYC","15","CUN DEN MBJ ORD YEG YHM YHU YOW YQR YUL YVR YWG YYJ YYT YYZ"
"YYG","7","CUN YEG YHU YOW YUL YYC YYZ"
"YYH","4","YBB YCB YHK YZF"
"YYJ","9","CUN SJD YEG YOW YUL YVR YWG YYC YYZ"
"YYQ","1","YWG"
"YYR","13","YAY YBX YDF YDP YHO YHZ YMN YNP YQX YSO YWK YYT ZUM"
"YYT","11","CUN MBJ PUJ YEG YHM YHU YOW YUL YWG YYC YYZ"
"YYY","2","YQM YWK"
"YYZ","21","CUN DEN LIR MBJ MSP ORD PUJ SJD YEG YHU YOW YQR YQT YUL YVR YWG YXE YXU YYC YYJ YYT"
"YZF","23","YBB YCB YCK YCO YEG YEV YFB YFS YGH YHI YHK YHY YOW YPY YRT YVQ YVR YWJ YXY YYC YYH YYZ ZFN"
"YZG","11","AKV YGW YIK YKG YPH YPX YQC YUD YUL YVP YWB"
"YZS","2","YRT YUT"
"YZV","2","YUL YWK"
"YZY","10","CAN CKG DNH LHW PEK PKX PVG URC WUH XIY"
"ZAC","2","YTH YWG"
"ZAD","46","AAR ARN BCN BEG BER BLQ BOH BRE BRI BRU BSL BTS BUD BVA CGN CPH DUB DUS FKB FMO FRA HAM HEL KRK KSC KUN LGW LPL LUX MAN MUC NCL NRN ORK POZ PSA PUY RTM RZE STR VIE WAW WMI WRO ZAG ZRH"
"ZAG","3","CDG IST LEJ"
"ZAH","9","DOH GBT IFN KIH MHD SYZ THR UET ZBR"
"ZAM","7","CBO CEB DVO ILO JOL MNL TWT"
"ZAT","11","CAN CTU DLU FOC HGH KMG LJG PKX PVG SYM XIY"
"ZAZ","45","ADD ALA AMS BEY BGY BKK BOG BOJ CAN CGO CLJ CRL CRZ DAC DEL DMM DOH DWC FCO GYD IAH IBZ ICN IST JFK LAX LGG LPA LUX MAH MEX MIA NLU ORD OTP PMI PVG RAK RUH SHJ SID TFN TLV TSN UIO"
"ZBF","2","YQB YUL"
"ZBR","11","BND GBT IFN KHI MCT MHD SHJ SRY SYZ THR ZAH"
"ZBY","1","VTE"
"ZCL","6","GDL LAX MDW MEX SJC TIJ"
"ZCO","2","PUQ SCL"
"ZEM","6","YGW YKQ YKU YNC YUL YVO"
"ZER","1","GAU"
"ZFD","4","YBE YPA YSF YXE"
"ZFL","3","AKU KRY URC"
"ZFM","1","YEV"
"ZFN","4","YGH YVQ YWJ YZF"
"ZGI","4","YGO YTH YWG ZTM"
"ZGS","7","YBX YHR YIF YNA YQB YUL YZV"
"ZGU","2","MTV SON"
"ZHA","30","CAN CGO CKG CSX HAK HFE HGH JJN KHN KMG KOW KWE MXZ NKG PEK PKX PVG SHE SWA SYX SZX TFU TSN TYN URC UYN VTE WMT WNZ WUH"
"ZHY","12","CGO CKG HGH KHG KMG PEK PVG SZX TFU TLQ XIY XNN"
"ZIA","16","AYT BUS DYU ETM EYK GYD IST KSQ LBD NMA NYA OSS SKD TAS TBS UGC"
"ZIG","1","DSS"
"ZIH","16","GDL IAH LAX MEX MSP MTY NLU ORD PHX QRO SFO TIJ YUL YVR YYC YYZ"
"ZIS","1","BEN"
"ZIX","1","YKS"
"ZKE","4","YAT YFA YMO YPO"
"ZKP","1","YKS"
"ZLO","5","IAH LAX MEX PHX YYC"
"ZLT","3","YHR YIF ZTB"
"ZNE","2","PER PHE"
"ZNZ","45","ADD AMS ARK AUH BLQ CDG DAR DOH DXB EBB FCO FRA IRI IST JNB JRO KGL KIY KTW KZN LED LIS LKY LLW MAD MBA MBI MCT MFA MWZ MXP NBO OVB PMA POZ PRG SEU SGX SVO TGT TLV VKO WAW WIL ZRH"
"ZPB","4","YQT YWG YXL ZSJ"
"ZQN","9","AKL BNE CHC MEL MFN OOL SYD SZS WLG"
"ZQZ","3","HGH SHA SJW"
"ZRH","131","ADB ADD AGP AJA ALC AMM AMS ARN ATH ATL AUH AYT BCN BDS BEG BER BGO BIQ BKK BOG BOS BRE BRS BRU BWI CAI CDG CGN CLJ CMN CPH CTA CTG CUN DBV DEL DFW DLM DOH DUB DUS DWC DXB EDI ESB EVE EWR FAO FCO FRA FUE GDN GLA GVA GWT GZT HAM HDF HEL HER HKG HRG IBZ ICN IST JED JFK JNB KEF KRK KTT KWI LCA LCY LGW LHR LIR LIS LTN LXR MAD MAN MCT MIA MLA MLE MUC MXP NRT OHD OLB OPO ORD OSL PHL PMI PRG PRN PVG RAI RAK RHO RIX RJK RMF RUH SAW SID SIN SJJ SKG SKP SOF SPU STN SUF TBS TFS TGD TIA TLV VIE WAW WRO XRY YHZ YYZ ZAD ZAG ZNZ ZTH"
"ZRI","2","BIK DJJ"
"ZRJ","2","YQT YXL"
"ZSA","6","LGI MIA NAS ORY RSD YUL"
"ZSE","3","DUR DZA MRU"
"ZSJ","7","CYAV YPM YQT YVZ YWG YXL ZPB"
"ZTB","3","YHR YIF ZLT"
"ZTH","57","AMS ATH BEG BER BFS BGY BHX BOH BRI BRQ BRS BRU BTS BUD CFU CLJ CPH CWL DUB DUS EDI EIN EMA EXT FCO FRA GLA GVA HAM HEL KSC LBA LGW LHR LPL LTN LUX MAN MUC MXP NAP NCL OSR OTP PRG PVK RMO RTM SKG STN SZG TSR VIE VRN WAW WMI ZRH"
"ZTM","3","YTH YWG ZGI"
"ZUH","58","CGD CGO CGQ CKG CTU CZX DLC DZH ENH FOC HAK HET HFE HGH HRB HYN JGS JJN KHN KMG KOW KWE LHW LJG LYA LYG LZO NGB NKG NNY NTG PEK PKX PVG SHA SHE SHS SJW SYX TAO TFU TNA TSN TYN URC UYN WMT WNZ WUH WUX XFN XIY XMN XUZ YCU YIH YIW YTY"
"ZUM","2","YWK YYR"
"ZVK","1","VTE"
"ZWL","4","YNL YPA YVC YXE"
"ZYI","22","CAN CGO FOC HAK HGH JHG JRJ KHN LHW LJG NGB NKG PKX PVG SYX SZX URC WNZ WUH WUX XIY XMN"
"ZYL","2","CXB DAC"
"ZZO","0",""
