url,count,iata,name,source
https://en.wikipedia.org/wiki/Vienna_International_Airport,128,,,to_be_scraped
https://en.wikipedia.org/wiki/Minneapolis%E2%80%93Saint_Paul_International_Airport,114,,,to_be_scraped
https://en.wikipedia.org/wiki/Detroit_Metropolitan_Airport,98,,,to_be_scraped
https://en.wikipedia.org/wiki/Dallas/Fort_Worth_International_Airport,68,,,to_be_scraped
https://en.wikipedia.org/wiki/Montréal–Trudeau_International_Airport,66,,,to_be_scraped
https://en.wikipedia.org/wiki/Adolfo_Suárez_Madrid–Barajas_Airport,60,,,to_be_scraped
https://en.wikipedia.org/wiki/Montr%C3%A9al%E2%80%93Trudeau_International_Airport,59,,,to_be_scraped
https://en.wikipedia.org/wiki/London_Gatwick_Airport,56,,,to_be_scraped
https://en.wikipedia.org/wiki/Vilnius_Airport,52,,,to_be_scraped
https://en.wikipedia.org/wiki/Abu_Dhabi_International_Airport,47,,,to_be_scraped
https://en.wikipedia.org/wiki/Tan_Son_Nhat_International_Airport,44,,,to_be_scraped
https://en.wikipedia.org/wiki/Milan_Bergamo_Airport,43,,,to_be_scraped
https://en.wikipedia.org/wiki/Leonardo_da_Vinci–Fiumicino_Airport,43,,,to_be_scraped
https://en.wikipedia.org/wiki/Chongqing_Jiangbei_International_Airport,43,,,to_be_scraped
https://en.wikipedia.org/wiki/Tashkent_International_Airport,43,,,to_be_scraped
"https://en.wikipedia.org/wiki/Bergen_Airport,_Flesland",40,,,to_be_scraped
https://en.wikipedia.org/wiki/Tbilisi_International_Airport,37,,,to_be_scraped
https://en.wikipedia.org/wiki/Bari_Karol_Wojtyła_Airport,36,,,to_be_scraped
https://en.wikipedia.org/wiki/Adolfo_Su%C3%A1rez_Madrid%E2%80%93Barajas_Airport,35,,,to_be_scraped
https://en.wikipedia.org/wiki/Falcone_Borsellino_Airport,35,,,to_be_scraped
https://en.wikipedia.org/wiki/Minsk_National_Airport,33,,,to_be_scraped
https://en.wikipedia.org/wiki/Don_Mueang_International_Airport,33,,,to_be_scraped
https://en.wikipedia.org/wiki/Paphos_International_Airport,33,,,to_be_scraped
https://en.wikipedia.org/wiki/Zhengzhou_Xinzheng_International_Airport,32,,,to_be_scraped
https://en.wikipedia.org/wiki/Leonardo_da_Vinci%E2%80%93Fiumicino_Airport,31,,,to_be_scraped
https://en.wikipedia.org/wiki/Bari_Karol_Wojty%C5%82a_Airport,31,,,to_be_scraped
https://en.wikipedia.org/wiki/Palermo_Airport,31,,,to_be_scraped
https://en.wikipedia.org/wiki/London_Luton_Airport,30,,,to_be_scraped
https://en.wikipedia.org/wiki/Baghdad_International_Airport,30,,,to_be_scraped
https://en.wikipedia.org/wiki/Brindisi_Airport,30,,,to_be_scraped
https://en.wikipedia.org/wiki/Henri_Coandă_International_Airport,28,,,to_be_scraped
https://en.wikipedia.org/wiki/Sarajevo_International_Airport,28,,,to_be_scraped
https://en.wikipedia.org/wiki/%C4%B0zmir_Adnan_Menderes_Airport,28,,,to_be_scraped
https://en.wikipedia.org/wiki/İzmir_Adnan_Menderes_Airport,27,,,to_be_scraped
https://en.wikipedia.org/wiki/Kunming_Changshui_International_Airport,27,,,to_be_scraped
https://en.wikipedia.org/wiki/Wuhan_Tianhe_International_Airport,27,,,to_be_scraped
https://en.wikipedia.org/wiki/Tolmachevo_Airport,26,,,to_be_scraped
https://en.wikipedia.org/wiki/Chișinău_International_Airport,25,,,to_be_scraped
https://en.wikipedia.org/wiki/Manas_International_Airport,25,,,to_be_scraped
https://en.wikipedia.org/wiki/Istanbul_Sabiha_Gökçen_International_Airport,25,,,to_be_scraped
https://en.wikipedia.org/wiki/Sanya_Phoenix_International_Airport,25,,,to_be_scraped
https://en.wikipedia.org/wiki/Auckland_Airport,25,,,to_be_scraped
https://en.wikipedia.org/wiki/Nanjing_Lukou_International_Airport,25,,,to_be_scraped
https://en.wikipedia.org/wiki/Sir_Seewoosagur_Ramgoolam_International_Airport,25,,,to_be_scraped
https://en.wikipedia.org/wiki/Bole_International_Airport,24,,,to_be_scraped
https://en.wikipedia.org/wiki/David_Ben_Gurion_International_Airport,24,,,to_be_scraped
https://en.wikipedia.org/wiki/Changsha_Huanghua_International_Airport,24,,,to_be_scraped
https://en.wikipedia.org/wiki/Xi%27an_Xianyang_International_Airport,24,,,to_be_scraped
https://en.wikipedia.org/wiki/Imam_Khomeini_International_Airport,23,,,to_be_scraped
https://en.wikipedia.org/wiki/Mineralnye_Vody_Airport,23,,,to_be_scraped
https://en.wikipedia.org/wiki/Sochi_International_Airport,23,,,to_be_scraped
https://en.wikipedia.org/wiki/Accra_International_Airport,22,,,to_be_scraped
https://en.wikipedia.org/wiki/Dortmund_Airport,22,,,to_be_scraped
https://en.wikipedia.org/wiki/David_Ben_Gurion_Airport,22,,,to_be_scraped
https://en.wikipedia.org/wiki/Barcelona–El_Prat_Airport,22,,,to_be_scraped
https://en.wikipedia.org/wiki/Vasil_Levski_Sofia_Airport,21,,,to_be_scraped
https://en.wikipedia.org/wiki/Minneapolis–Saint_Paul_International_Airport,21,,,to_be_scraped
https://en.wikipedia.org/wiki/Macau_International_Airport,21,,,to_be_scraped
https://en.wikipedia.org/wiki/Nanning_Wuxu_International_Airport,21,,,to_be_scraped
https://en.wikipedia.org/wiki/Chi%C8%99in%C4%83u_International_Airport,20,,,to_be_scraped
https://en.wikipedia.org/wiki/Gago_Coutinho_Airport,20,,,to_be_scraped
https://en.wikipedia.org/wiki/Guiyang_Longdongbao_International_Airport,20,,,to_be_scraped
https://en.wikipedia.org/wiki/Penang_International_Airport,20,,,to_be_scraped
https://en.wikipedia.org/wiki/Shenyang_Taoxian_International_Airport,20,,,to_be_scraped
https://en.wikipedia.org/wiki/Zürich_Airport,19,,,to_be_scraped
https://en.wikipedia.org/wiki/Madrid_Airport,19,,,to_be_scraped
https://en.wikipedia.org/wiki/Milan_Linate_Airport,19,,,to_be_scraped
https://en.wikipedia.org/wiki/Sardar_Vallabhbhai_Patel_International_Airport,19,,,to_be_scraped
https://en.wikipedia.org/wiki/Krasnodar_International_Airport,19,,,to_be_scraped
https://en.wikipedia.org/wiki/Pristina_International_Airport,19,,,to_be_scraped
https://en.wikipedia.org/wiki/Budapest_Airport,19,,,to_be_scraped
https://en.wikipedia.org/wiki/Changchun_Longjia_International_Airport,19,,,to_be_scraped
https://en.wikipedia.org/wiki/Ningbo_Lishe_International_Airport,19,,,to_be_scraped
https://en.wikipedia.org/wiki/Tianjin_Binhai_International_Airport,19,,,to_be_scraped
https://en.wikipedia.org/wiki/Dushanbe_International_Airport,18,,,to_be_scraped
https://en.wikipedia.org/wiki/Humberto_Delgado_Airport,18,,,to_be_scraped
https://en.wikipedia.org/wiki/Chengdu_Shuangliu_International_Airport,18,,,to_be_scraped
https://en.wikipedia.org/wiki/Wenzhou_Longwan_International_Airport,18,,,to_be_scraped
https://en.wikipedia.org/wiki/Krasnoyarsk_International_Airport,17,,,to_be_scraped
https://en.wikipedia.org/wiki/Kurumoch_International_Airport,17,,,to_be_scraped
https://en.wikipedia.org/wiki/Da_Nang_International_Airport,17,,,to_be_scraped
https://en.wikipedia.org/wiki/London_Heathrow_Airport,17,,,to_be_scraped
https://en.wikipedia.org/wiki/Barcelona_Airport,17,,,to_be_scraped
"https://en.wikipedia.org/wiki/Stavanger_Airport,_Sola",17,,,to_be_scraped
https://en.wikipedia.org/wiki/Bolzano_Airport,17,,,to_be_scraped
https://en.wikipedia.org/wiki/Santorini_(Thira)_International_Airport,17,,,to_be_scraped
https://en.wikipedia.org/wiki/Harbin_Taiping_International_Airport,17,,,to_be_scraped
https://en.wikipedia.org/wiki/Belfast_City_Airport,16,,,to_be_scraped
https://en.wikipedia.org/wiki/Ufa_International_Airport,16,,,to_be_scraped
https://en.wikipedia.org/wiki/Liège_Airport,16,,,to_be_scraped
"https://en.wikipedia.org/wiki/Sandefjord_Airport,_Torp",16,,,to_be_scraped
https://en.wikipedia.org/wiki/Graz_Airport,16,,,to_be_scraped
https://en.wikipedia.org/wiki/New_Chitose_Airport,16,,,to_be_scraped
https://en.wikipedia.org/wiki/Long_Island_MacArthur_Airport,16,,,to_be_scraped
https://en.wikipedia.org/wiki/Dalian_Zhoushuizi_International_Airport,16,,,to_be_scraped
https://en.wikipedia.org/wiki/Montréal-Pierre_Elliott_Trudeau_International_Airport,16,,,to_be_scraped
https://en.wikipedia.org/wiki/Kigali_International_Airport,15,,,to_be_scraped
https://en.wikipedia.org/wiki/International_Airport_Irkutsk,15,,,to_be_scraped
https://en.wikipedia.org/wiki/Bordeaux_Airport,15,,,to_be_scraped
https://en.wikipedia.org/wiki/Henri_Coand%C4%83_International_Airport,15,,,to_be_scraped
https://en.wikipedia.org/wiki/Gimhae_International_Airport,15,,,to_be_scraped
https://en.wikipedia.org/wiki/Zaragoza_Airport,15,,,to_be_scraped
https://en.wikipedia.org/wiki/Mashhad_Shahid_Hasheminejad_International_Airport,15,,,to_be_scraped
https://en.wikipedia.org/wiki/Brisbane_Airport,15,,,to_be_scraped
https://en.wikipedia.org/wiki/Hefei_Xinqiao_International_Airport,15,,,to_be_scraped
https://en.wikipedia.org/wiki/Jeju_International_Airport,15,,,to_be_scraped
https://en.wikipedia.org/wiki/Lanzhou_Zhongchuan_International_Airport,15,,,to_be_scraped
https://en.wikipedia.org/wiki/Perth_Airport,15,,,to_be_scraped
https://en.wikipedia.org/wiki/Yangon_International_Airport,15,,,to_be_scraped
https://en.wikipedia.org/wiki/Ajaccio_Napoleon_Bonaparte_Airport,15,,,to_be_scraped
https://en.wikipedia.org/wiki/Ras_Al_Khaimah_International_Airport,15,,,to_be_scraped
https://en.wikipedia.org/wiki/Erkilet_International_Airport,15,,,to_be_scraped
https://en.wikipedia.org/wiki/%C3%9Cr%C3%BCmqi_Diwopu_International_Airport,15,,,to_be_scraped
https://en.wikipedia.org/wiki/Winnipeg_International_Airport,15,,,to_be_scraped
https://en.wikipedia.org/wiki/Namangan_Airport,14,,,to_be_scraped
https://en.wikipedia.org/wiki/Chinggis_Khaan_International_Airport,14,,,to_be_scraped
https://en.wikipedia.org/wiki/Prague_Airport,14,,,to_be_scraped
https://en.wikipedia.org/wiki/Pune_Airport,14,,,to_be_scraped
https://en.wikipedia.org/wiki/Istanbul_Sabiha_G%C3%B6k%C3%A7en_International_Airport,14,,,to_be_scraped
https://en.wikipedia.org/wiki/Sibiu_International_Airport,14,,,to_be_scraped
https://en.wikipedia.org/wiki/Ashgabat_International_Airport,14,,,to_be_scraped
https://en.wikipedia.org/wiki/Brunei_International_Airport,14,,,to_be_scraped
https://en.wikipedia.org/wiki/Chubu_Centrair_International_Airport,14,,,to_be_scraped
https://en.wikipedia.org/wiki/Jinan_Yaoqiang_International_Airport,14,,,to_be_scraped
https://en.wikipedia.org/wiki/Viracopos_International_Airport,14,,,to_be_scraped
https://en.wikipedia.org/wiki/Rickenbacker_International_Airport,14,,,to_be_scraped
https://en.wikipedia.org/wiki/Kota_Kinabalu_International_Airport,14,,,to_be_scraped
https://en.wikipedia.org/wiki/Shijiazhuang_Zhengding_International_Airport,14,,,to_be_scraped
https://en.wikipedia.org/wiki/Alicante_Airport,13,,,to_be_scraped
https://en.wikipedia.org/wiki/Batumi_International_Airport,13,,,to_be_scraped
https://en.wikipedia.org/wiki/Milas-Bodrum_Airport,13,,,to_be_scraped
https://en.wikipedia.org/wiki/Kurumoch_Airport,13,,,to_be_scraped
https://en.wikipedia.org/wiki/Cam_Ranh_International_Airport,13,,,to_be_scraped
https://en.wikipedia.org/wiki/Phu_Quoc_International_Airport,13,,,to_be_scraped
https://en.wikipedia.org/wiki/Boston_Logan_International_Airport,13,,,to_be_scraped
https://en.wikipedia.org/wiki/Hartsfield-Jackson_Atlanta_International_Airport,13,,,to_be_scraped
https://en.wikipedia.org/wiki/Tehran_Imam_Khomeini_International_Airport,13,,,to_be_scraped
https://en.wikipedia.org/wiki/Urgench_International_Airport,13,,,to_be_scraped
https://en.wikipedia.org/wiki/Agadir_Airport,13,,,to_be_scraped
https://en.wikipedia.org/wiki/Fukuoka_Airport,13,,,to_be_scraped
https://en.wikipedia.org/wiki/Koltsovo_International_Airport,13,,,to_be_scraped
https://en.wikipedia.org/wiki/Naha_Airport,13,,,to_be_scraped
https://en.wikipedia.org/wiki/Quanzhou_Jinjiang_International_Airport,13,,,to_be_scraped
https://en.wikipedia.org/wiki/Sunan_Shuofang_International_Airport,13,,,to_be_scraped
https://en.wikipedia.org/wiki/Wattay_International_Airport,13,,,to_be_scraped
https://en.wikipedia.org/wiki/Yinchuan_Hedong_International_Airport,13,,,to_be_scraped
https://en.wikipedia.org/wiki/Zhangjiajie_Hehua_International_Airport,13,,,to_be_scraped
https://en.wikipedia.org/wiki/Madrid-Barajas_Airport,13,,,to_be_scraped
https://en.wikipedia.org/wiki/Santiago%E2%80%93Rosal%C3%ADa_de_Castro_Airport,12,,,to_be_scraped
https://en.wikipedia.org/wiki/Osh_Airport,12,,,to_be_scraped
https://en.wikipedia.org/wiki/Bolshoye_Savino_Airport,12,,,to_be_scraped
https://en.wikipedia.org/wiki/Amsterdam_Airport,12,,,to_be_scraped
https://en.wikipedia.org/wiki/Nice_Airport,12,,,to_be_scraped
https://en.wikipedia.org/wiki/Groningen_Airport_Eelde,12,,,to_be_scraped
https://en.wikipedia.org/wiki/Hahn_Airport,12,,,to_be_scraped
https://en.wikipedia.org/wiki/Taiyuan_Wusu_International_Airport,12,,,to_be_scraped
https://en.wikipedia.org/wiki/Bergamo_Airport,12,,,to_be_scraped
https://en.wikipedia.org/wiki/Hohhot_Baita_International_Airport,12,,,to_be_scraped
https://en.wikipedia.org/wiki/Nanchang_Changbei_International_Airport,12,,,to_be_scraped
https://en.wikipedia.org/wiki/Shanghai_Hongqiao_International_Airport,12,,,to_be_scraped
https://en.wikipedia.org/wiki/Yantai_Penglai_International_Airport,12,,,to_be_scraped
https://en.wikipedia.org/wiki/Yulin_Yuyang_Airport,12,,,to_be_scraped
https://en.wikipedia.org/wiki/Abruzzo_Airport,12,,,to_be_scraped
https://en.wikipedia.org/wiki/Paris–Charles_de_Gaulle,11,,,to_be_scraped
https://en.wikipedia.org/wiki/Saratov_Gagarin_Airport,11,,,to_be_scraped
https://en.wikipedia.org/wiki/Lyon_Airport,11,,,to_be_scraped
https://en.wikipedia.org/wiki/Kutaisi_International_Airport,11,,,to_be_scraped
https://en.wikipedia.org/wiki/Las_Americas_International_Airport,11,,,to_be_scraped
https://en.wikipedia.org/wiki/Borg_El_Arab_Airport,11,,,to_be_scraped
https://en.wikipedia.org/wiki/Chicago%E2%80%93O%27Hare,11,,,to_be_scraped
https://en.wikipedia.org/wiki/Khrabrovo_Airport,11,,,to_be_scraped
https://en.wikipedia.org/wiki/Olbia_Airport,11,,,to_be_scraped
https://en.wikipedia.org/wiki/Rabat_Airport,11,,,to_be_scraped
https://en.wikipedia.org/wiki/Kaohsiung_International_Airport,11,,,to_be_scraped
https://en.wikipedia.org/wiki/Yangzhou_Taizhou_International_Airport,11,,,to_be_scraped
https://en.wikipedia.org/wiki/Cibao_International_Airport,11,,,to_be_scraped
https://en.wikipedia.org/wiki/Toulouse_Airport,11,,,to_be_scraped
https://en.wikipedia.org/wiki/Nelson_Mandela_International_Airport,11,,,to_be_scraped
https://en.wikipedia.org/wiki/Samarqand_International_Airport,11,,,to_be_scraped
https://en.wikipedia.org/wiki/Shiyan_Wudangshan_Airport,11,,,to_be_scraped
https://en.wikipedia.org/wiki/Xishuangbanna_Gasa_International_Airport,11,,,to_be_scraped
https://en.wikipedia.org/wiki/Yancheng_Nanyang_International_Airport,11,,,to_be_scraped
https://en.wikipedia.org/wiki/Yiwu_Airport,11,,,to_be_scraped
https://en.wikipedia.org/wiki/Cristiano_Ronaldo_International_Airport,11,,,to_be_scraped
https://en.wikipedia.org/wiki/Rijeka_Airport,11,,,to_be_scraped
https://en.wikipedia.org/wiki/Atlantic_City_International_Airport,11,,,to_be_scraped
https://en.wikipedia.org/wiki/Wilmington_Airport_(Delaware),11,,,to_be_scraped
https://en.wikipedia.org/wiki/Guilin_Liangjiang_International_Airport,11,,,to_be_scraped
https://en.wikipedia.org/wiki/Yichang_Sanxia_Airport,11,,,to_be_scraped
https://en.wikipedia.org/wiki/Douala_International_Airport,10,,,to_be_scraped
https://en.wikipedia.org/wiki/Balandino_Airport,10,,,to_be_scraped
https://en.wikipedia.org/wiki/Zhukovsky_International_Airport,10,,,to_be_scraped
https://en.wikipedia.org/wiki/Surgut_International_Airport,10,,,to_be_scraped
https://en.wikipedia.org/wiki/Xi'an_Xianyang_International_Airport,10,,,to_be_scraped
https://en.wikipedia.org/wiki/Cologne/Bonn_Airport,10,,,to_be_scraped
https://en.wikipedia.org/wiki/Navi_Mumbai_International_Airport,10,,,to_be_scraped
https://en.wikipedia.org/wiki/Charleroi_Airport,10,,,to_be_scraped
https://en.wikipedia.org/wiki/Chicago_O'Hare_International_Airport,10,,,to_be_scraped
https://en.wikipedia.org/wiki/Charlotte/Douglas_International_Airport,10,,,to_be_scraped
https://en.wikipedia.org/wiki/Tunis-Carthage_International_Airport,10,,,to_be_scraped
https://en.wikipedia.org/wiki/Fort_Lauderdale-Hollywood_International_Airport,10,,,to_be_scraped
https://en.wikipedia.org/wiki/Funchal_Airport,10,,,to_be_scraped
https://en.wikipedia.org/wiki/Catania_Airport,10,,,to_be_scraped
https://en.wikipedia.org/wiki/Malta_Airport,10,,,to_be_scraped
https://en.wikipedia.org/wiki/Jieyang_Chaoshan_International_Airport,10,,,to_be_scraped
https://en.wikipedia.org/wiki/Lijiang_Sanyi_International_Airport,10,,,to_be_scraped
https://en.wikipedia.org/wiki/Techo_International_Airport,10,,,to_be_scraped
https://en.wikipedia.org/wiki/Mohamed_Boudiaf_International_Airport,10,,,to_be_scraped
https://en.wikipedia.org/wiki/Tuzla_International_Airport,10,,,to_be_scraped
https://en.wikipedia.org/wiki/Jingzhou_Shashi_Airport,10,,,to_be_scraped
https://en.wikipedia.org/wiki/Juanda_International_Airport,10,,,to_be_scraped
https://en.wikipedia.org/wiki/Mianyang_Nanjiao_Airport,10,,,to_be_scraped
https://en.wikipedia.org/wiki/Xiangyang_Liuji_Airport,10,,,to_be_scraped
"https://en.wikipedia.org/wiki/Heraklion_International_Airport_""Nikos_Kazantzakis""",10,,,to_be_scraped
https://en.wikipedia.org/wiki/Riga_Airport,9,,,to_be_scraped
https://en.wikipedia.org/wiki/Cadjehoun_Airport,9,,,to_be_scraped
https://en.wikipedia.org/wiki/Ostend-Bruges_International_Airport,9,,,to_be_scraped
https://en.wikipedia.org/wiki/Plovdiv_Airport,9,,,to_be_scraped
https://en.wikipedia.org/wiki/Nizhnevartovsk_Airport,9,,,to_be_scraped
https://en.wikipedia.org/wiki/Samarkand_International_Airport,9,,,to_be_scraped
https://en.wikipedia.org/wiki/Nantes_Airport,9,,,to_be_scraped
https://en.wikipedia.org/wiki/Dabolim_Airport,9,,,to_be_scraped
https://en.wikipedia.org/wiki/Rzesz%C3%B3w%E2%80%93Jasionka_Airport,9,,,to_be_scraped
https://en.wikipedia.org/wiki/Marseille_Airport,9,,,to_be_scraped
https://en.wikipedia.org/wiki/McCarran_International_Airport,9,,,to_be_scraped
https://en.wikipedia.org/wiki/George_F._L._Charles_Airport,9,,,to_be_scraped
https://en.wikipedia.org/wiki/Shahjalal_International_Airport,9,,,to_be_scraped
https://en.wikipedia.org/wiki/Lublin_Airport,9,,,to_be_scraped
https://en.wikipedia.org/wiki/Paris_Orly_Airport,9,,,to_be_scraped
https://en.wikipedia.org/wiki/Craiova_International_Airport,9,,,to_be_scraped
https://en.wikipedia.org/wiki/Roland_Garros_Airport,9,,,to_be_scraped
https://en.wikipedia.org/wiki/Silvio_Pettirossi_International_Airport,9,,,to_be_scraped
https://en.wikipedia.org/wiki/Leonardo_da_Vinci-Fiumicino_Airport,9,,,to_be_scraped
https://en.wikipedia.org/wiki/Ben_Gurion_International_Airport,9,,,to_be_scraped
https://en.wikipedia.org/wiki/Aeroparque_Jorge_Newbery,9,,,to_be_scraped
https://en.wikipedia.org/wiki/Lamezia_Terme_Airport,9,,,to_be_scraped
https://en.wikipedia.org/wiki/Tirana_International_Airport,9,,,to_be_scraped
https://en.wikipedia.org/wiki/Brno–Tuřany_Airport,9,,,to_be_scraped
https://en.wikipedia.org/wiki/Adelaide_Airport,9,,,to_be_scraped
https://en.wikipedia.org/wiki/Dongying_Shengli_Airport,9,,,to_be_scraped
https://en.wikipedia.org/wiki/Nanchong_Gaoping_Airport,9,,,to_be_scraped
https://en.wikipedia.org/wiki/Xining_Caojiabao_International_Airport,9,,,to_be_scraped
https://en.wikipedia.org/wiki/Yibin_Wuliangye_Airport,9,,,to_be_scraped
https://en.wikipedia.org/wiki/Zunyi_Xinzhou_Airport,9,,,to_be_scraped
https://en.wikipedia.org/wiki/Klagenfurt_Airport,9,,,to_be_scraped
https://en.wikipedia.org/wiki/Khujand_Airport,9,,,to_be_scraped
https://en.wikipedia.org/wiki/Pristina_International_Airport_Adem_Jashari,9,,,to_be_scraped
https://en.wikipedia.org/wiki/MidAmerica_St._Louis_Airport,9,,,to_be_scraped
https://en.wikipedia.org/wiki/Zhuhai_Jinwan_Airport,9,,,to_be_scraped
https://en.wikipedia.org/wiki/Beirut_Rafic_Hariri_International_Airport,8,,,to_be_scraped
https://en.wikipedia.org/wiki/Gumrak_Airport,8,,,to_be_scraped
https://en.wikipedia.org/wiki/Maastricht_Aachen_Airport,8,,,to_be_scraped
https://en.wikipedia.org/wiki/Chaudhary_Charan_Singh_Airport,8,,,to_be_scraped
https://en.wikipedia.org/wiki/Lal_Bahadur_Shastri_Airport,8,,,to_be_scraped
https://en.wikipedia.org/wiki/Figari–Sud_Corse_Airport,8,,,to_be_scraped
https://en.wikipedia.org/wiki/Basra_International_Airport,8,,,to_be_scraped
https://en.wikipedia.org/wiki/Oradea_International_Airport,8,,,to_be_scraped
https://en.wikipedia.org/wiki/Oslo_Airport,8,,,to_be_scraped
https://en.wikipedia.org/wiki/Lungi_International_Airport,8,,,to_be_scraped
https://en.wikipedia.org/wiki/Daegu_International_Airport,8,,,to_be_scraped
https://en.wikipedia.org/wiki/Vladivostok_International_Airport,8,,,to_be_scraped
https://en.wikipedia.org/wiki/%C5%9Eymkent_International_Airport,8,,,to_be_scraped
https://en.wikipedia.org/wiki/Comiso_Airport,8,,,to_be_scraped
https://en.wikipedia.org/wiki/Eduardo_Gomes_International_Airport,8,,,to_be_scraped
https://en.wikipedia.org/wiki/Seattle-Tacoma_International_Airport,8,,,to_be_scraped
https://en.wikipedia.org/wiki/Figari%E2%80%93Sud_Corse_Airport,8,,,to_be_scraped
https://en.wikipedia.org/wiki/Trapani%E2%80%93Birgi_Airport,8,,,to_be_scraped
https://en.wikipedia.org/wiki/Şymkent_International_Airport,8,,,to_be_scraped
https://en.wikipedia.org/wiki/Changzhi_Wangcun_Airport,8,,,to_be_scraped
https://en.wikipedia.org/wiki/Dazhou_Jinya_Airport,8,,,to_be_scraped
https://en.wikipedia.org/wiki/Enshi_Xujiaping_Airport,8,,,to_be_scraped
https://en.wikipedia.org/wiki/Hulunbuir_Hailar_Airport,8,,,to_be_scraped
https://en.wikipedia.org/wiki/Jiamusi_Dongjiao_Airport,8,,,to_be_scraped
https://en.wikipedia.org/wiki/Ordos_Ejin_Horo_Airport,8,,,to_be_scraped
https://en.wikipedia.org/wiki/Sam_Ratulangi_International_Airport,8,,,to_be_scraped
https://en.wikipedia.org/wiki/Wanzhou_Wuqiao_Airport,8,,,to_be_scraped
https://en.wikipedia.org/wiki/Yan%27an_Nanniwan_Airport,8,,,to_be_scraped
https://en.wikipedia.org/wiki/Chhatrapati_Shivaji_International_Airport,8,,,to_be_scraped
https://en.wikipedia.org/wiki/Stewart_International_Airport,8,,,to_be_scraped
https://en.wikipedia.org/wiki/Will_Rogers_World_Airport,8,,,to_be_scraped
https://en.wikipedia.org/wiki/Lampedusa_Airport,8,,,to_be_scraped
https://en.wikipedia.org/wiki/Kenneth_Kaunda_International_Airport,8,,,to_be_scraped
https://en.wikipedia.org/wiki/Beauvais_Airport,8,,,to_be_scraped
https://en.wikipedia.org/wiki/Louisville_International_Airport,8,,,to_be_scraped
https://en.wikipedia.org/wiki/Durango_International_Airport,8,,,to_be_scraped
https://en.wikipedia.org/wiki/Nadi_International_Airport,8,,,to_be_scraped
https://en.wikipedia.org/wiki/Grozny_Airport,8,,,to_be_scraped
https://en.wikipedia.org/wiki/Novy_Urengoy_Airport,8,,,to_be_scraped
https://en.wikipedia.org/wiki/Dr._Antonio_Agostinho_Neto_International_Airport,8,,,to_be_scraped
https://en.wikipedia.org/wiki/Shiraz_Shahid_Dastgheib_International_Airport,8,,,to_be_scraped
https://en.wikipedia.org/wiki/Plattsburgh_International_Airport,8,,,to_be_scraped
https://en.wikipedia.org/wiki/Trenton%E2%80%93Mercer_Airport,8,,,to_be_scraped
https://en.wikipedia.org/wiki/Hengyang_Nanyue_Airport,8,,,to_be_scraped
https://en.wikipedia.org/wiki/Lhasa_Gonggar_Airport,8,,,to_be_scraped
https://en.wikipedia.org/wiki/Paine_Field,8,,,to_be_scraped
https://en.wikipedia.org/wiki/OR_Tambo_International_Airport,7,,,to_be_scraped
https://en.wikipedia.org/wiki/Ouagadougou_Airport,7,,,to_be_scraped
https://en.wikipedia.org/wiki/Ercan_International_Airport,7,,,to_be_scraped
https://en.wikipedia.org/wiki/Barnaul_Airport,7,,,to_be_scraped
https://en.wikipedia.org/wiki/Chelyabinsk_Airport,7,,,to_be_scraped
https://en.wikipedia.org/wiki/Cherepovets_Airport,7,,,to_be_scraped
https://en.wikipedia.org/wiki/Khanty-Mansiysk_Airport,7,,,to_be_scraped
https://en.wikipedia.org/wiki/Spichenkovo_Airport,7,,,to_be_scraped
https://en.wikipedia.org/wiki/Omsk_Tsentralny_Airport,7,,,to_be_scraped
https://en.wikipedia.org/wiki/Roshchino_Airport,7,,,to_be_scraped
https://en.wikipedia.org/wiki/Roshchino_International_Airport,7,,,to_be_scraped
https://en.wikipedia.org/wiki/Frankfurt%E2%80%93Hahn_Airport,7,,,to_be_scraped
https://en.wikipedia.org/wiki/Lokpriya_Gopinath_Bordoloi_International_Airport,7,,,to_be_scraped
https://en.wikipedia.org/wiki/Devi_Ahilya_Bai_Holkar_Airport,7,,,to_be_scraped
https://en.wikipedia.org/wiki/Juba_International_Airport,7,,,to_be_scraped
https://en.wikipedia.org/wiki/Dresden_Airport,7,,,to_be_scraped
https://en.wikipedia.org/wiki/Rzeszów–Jasionka_Airport,7,,,to_be_scraped
https://en.wikipedia.org/wiki/Francisco_S%C3%A1_Carneiro_Airport,7,,,to_be_scraped
https://en.wikipedia.org/wiki/Tangier_Airport,7,,,to_be_scraped
https://en.wikipedia.org/wiki/Izmir_Adnan_Menderes_Airport,7,,,to_be_scraped
https://en.wikipedia.org/wiki/Suceava_%C8%98tefan_cel_Mare_International_Airport,7,,,to_be_scraped
https://en.wikipedia.org/wiki/Bastia_–_Poretta_Airport,7,,,to_be_scraped
https://en.wikipedia.org/wiki/Clark_International_Airport,7,,,to_be_scraped
https://en.wikipedia.org/wiki/Khabarovsk_Novy_Airport,7,,,to_be_scraped
https://en.wikipedia.org/wiki/Luoyang_Beijiao_Airport,7,,,to_be_scraped
https://en.wikipedia.org/wiki/Samui_Airport,7,,,to_be_scraped
https://en.wikipedia.org/wiki/Hurghada_Airport,7,,,to_be_scraped
https://en.wikipedia.org/wiki/Carrasco_International_Airport,7,,,to_be_scraped
https://en.wikipedia.org/wiki/Frankfurt–Hahn_Airport,7,,,to_be_scraped
https://en.wikipedia.org/wiki/Fortaleza_Airport,7,,,to_be_scraped
https://en.wikipedia.org/wiki/Salvador_Bahia_Airport,7,,,to_be_scraped
https://en.wikipedia.org/wiki/Rimini_Airport,7,,,to_be_scraped
https://en.wikipedia.org/wiki/Barcelona_El_Prat_Airport,7,,,to_be_scraped
https://en.wikipedia.org/wiki/Ankang_Fuqiang_Airport,7,,,to_be_scraped
https://en.wikipedia.org/wiki/Changzhou_Benniu_Airport,7,,,to_be_scraped
https://en.wikipedia.org/wiki/Dali_Fengyi_Airport,7,,,to_be_scraped
https://en.wikipedia.org/wiki/Kashgar_Laining_International_Airport,7,,,to_be_scraped
https://en.wikipedia.org/wiki/Luzhou_Yunlong_Airport,7,,,to_be_scraped
https://en.wikipedia.org/wiki/Nanyang_Jiangying_Airport,7,,,to_be_scraped
https://en.wikipedia.org/wiki/Quzhou_Airport,7,,,to_be_scraped
https://en.wikipedia.org/wiki/Taizhou_Luqiao_Airport,7,,,to_be_scraped
https://en.wikipedia.org/wiki/Xichang_Qingshan_Airport,7,,,to_be_scraped
https://en.wikipedia.org/wiki/Xuzhou_Guanyin_International_Airport,7,,,to_be_scraped
https://en.wikipedia.org/wiki/Yuncheng_Guangong_Airport,7,,,to_be_scraped
https://en.wikipedia.org/wiki/Zunyi_Maotai_Airport,7,,,to_be_scraped
https://en.wikipedia.org/wiki/Quatro_de_Fevereiro_Airport,7,,,to_be_scraped
https://en.wikipedia.org/wiki/Diyarbak%C4%B1r_Airport,7,,,to_be_scraped
https://en.wikipedia.org/wiki/Samsun-%C3%87ar%C5%9Famba_Airport,7,,,to_be_scraped
https://en.wikipedia.org/wiki/Patrick_Leahy_Burlington_International_Airport,7,,,to_be_scraped
https://en.wikipedia.org/wiki/Zacatecas_International_Airport,7,,,to_be_scraped
https://en.wikipedia.org/wiki/Bern_Airport,7,,,to_be_scraped
https://en.wikipedia.org/wiki/Beslan_Airport,7,,,to_be_scraped
https://en.wikipedia.org/wiki/Bukhara_International_Airport,7,,,to_be_scraped
https://en.wikipedia.org/wiki/Fergana_International_Airport,7,,,to_be_scraped
https://en.wikipedia.org/wiki/Paris_Charles_de_Gaulle_Airport,7,,,to_be_scraped
https://en.wikipedia.org/wiki/Bra%C8%99ov-Ghimbav_International_Airport,7,,,to_be_scraped
https://en.wikipedia.org/wiki/Zhoushan_Putuoshan_Airport,7,,,to_be_scraped
https://en.wikipedia.org/wiki/Ganzhou_Huangjin_Airport,7,,,to_be_scraped
https://en.wikipedia.org/wiki/Huizhou_Pingtan_Airport,7,,,to_be_scraped
https://en.wikipedia.org/wiki/Liuzhou_Bailian_Airport,7,,,to_be_scraped
https://en.wikipedia.org/wiki/Xinyang_Minggang_Airport,7,,,to_be_scraped
https://en.wikipedia.org/wiki/Antonio_B._Won_Pat_International_Airport,7,,,to_be_scraped
https://en.wikipedia.org/wiki/Strigino_Airport,7,,,to_be_scraped
https://en.wikipedia.org/wiki/Portsmouth_International_Airport_at_Pease,7,,,to_be_scraped
https://en.wikipedia.org/wiki/Winnipeg/St._Andrews_Airport,7,,,to_be_scraped
https://en.wikipedia.org/wiki/Modibo_Keita_International_Airport,6,,,to_be_scraped
https://en.wikipedia.org/wiki/Libreville_International_Airport,6,,,to_be_scraped
https://en.wikipedia.org/wiki/Roberts_International_Airport,6,,,to_be_scraped
https://en.wikipedia.org/wiki/Sumburgh_Airport,6,,,to_be_scraped
https://en.wikipedia.org/wiki/Amsterdam_Schiphol_Airport,6,,,to_be_scraped
https://en.wikipedia.org/wiki/Narimanovo_Airport,6,,,to_be_scraped
https://en.wikipedia.org/wiki/Nadym_Airport,6,,,to_be_scraped
https://en.wikipedia.org/wiki/Begishevo_Airport,6,,,to_be_scraped
https://en.wikipedia.org/wiki/Syktyvkar_Airport,6,,,to_be_scraped
https://en.wikipedia.org/wiki/Ulyanovsk_Baratayevka_Airport,6,,,to_be_scraped
https://en.wikipedia.org/wiki/Zvartnots_Airport,6,,,to_be_scraped
https://en.wikipedia.org/wiki/Z%C3%BCrich_Airport,6,,,to_be_scraped
https://en.wikipedia.org/wiki/Tirana_Airport,6,,,to_be_scraped
https://en.wikipedia.org/wiki/Oral_Ak_Zhol_Airport,6,,,to_be_scraped
https://en.wikipedia.org/wiki/U-Tapao_International_Airport,6,,,to_be_scraped
https://en.wikipedia.org/wiki/Friedrichshafen_Airport,6,,,to_be_scraped
https://en.wikipedia.org/wiki/Sri_Guru_Ram_Dass_Jee_International_Airport,6,,,to_be_scraped
https://en.wikipedia.org/wiki/Jay_Prakash_Narayan_Airport,6,,,to_be_scraped
https://en.wikipedia.org/wiki/Josep_Tarradellas_Barcelona-El_Prat_Airport,6,,,to_be_scraped
https://en.wikipedia.org/wiki/Luxembourg_Findel_Airport,6,,,to_be_scraped
https://en.wikipedia.org/wiki/Pisa_Airport,6,,,to_be_scraped
https://en.wikipedia.org/wiki/Ljubljana_Jože_Pučnik_Airport,6,,,to_be_scraped
https://en.wikipedia.org/wiki/Taiwan_Taoyuan_International_Airport,6,,,to_be_scraped
https://en.wikipedia.org/wiki/Naples_Airport,6,,,to_be_scraped
https://en.wikipedia.org/wiki/Erfurt-Weimar_Airport,6,,,to_be_scraped
https://en.wikipedia.org/wiki/Saransk_Airport,6,,,to_be_scraped
https://en.wikipedia.org/wiki/Stockholm–Arlanda_Airport,6,,,to_be_scraped
https://en.wikipedia.org/wiki/Trivandrum_International_Airport,6,,,to_be_scraped
https://en.wikipedia.org/wiki/Camilo_Daza_International_Airport,6,,,to_be_scraped
https://en.wikipedia.org/wiki/Raleigh-Durham_International_Airport,6,,,to_be_scraped
https://en.wikipedia.org/wiki/Malpensa_Airport,6,,,to_be_scraped
https://en.wikipedia.org/wiki/Isfahan_Shahid_Beheshti_International_Airport,6,,,to_be_scraped
https://en.wikipedia.org/wiki/Sulaimaniyah_International_Airport,6,,,to_be_scraped
https://en.wikipedia.org/wiki/Castell%C3%B3n%E2%80%93Costa_Azahar_Airport,6,,,to_be_scraped
"https://en.wikipedia.org/wiki/Harstad/Narvik_Airport,_Evenes",6,,,to_be_scraped
https://en.wikipedia.org/wiki/Mostar_International_Airport,6,,,to_be_scraped
https://en.wikipedia.org/wiki/Salerno_Costa_d%27Amalfi_Airport,6,,,to_be_scraped
https://en.wikipedia.org/wiki/Tarbes%E2%80%93Lourdes%E2%80%93Pyr%C3%A9n%C3%A9es_Airport,6,,,to_be_scraped
https://en.wikipedia.org/wiki/T%C3%A2rgu_Mure%C8%99_International_Airport,6,,,to_be_scraped
https://en.wikipedia.org/wiki/Figari_Sud-Corse_Airport,6,,,to_be_scraped
https://en.wikipedia.org/wiki/Siem_Reap%E2%80%93Angkor_International_Airport,6,,,to_be_scraped
https://en.wikipedia.org/wiki/Ezhou_Huahu_Airport,6,,,to_be_scraped
https://en.wikipedia.org/wiki/Cagliari_Airport,6,,,to_be_scraped
https://en.wikipedia.org/wiki/Vijayawada_Airport,6,,,to_be_scraped
https://en.wikipedia.org/wiki/Paris–Orly,6,,,to_be_scraped
https://en.wikipedia.org/wiki/Zumbi_dos_Palmares_International_Airport,6,,,to_be_scraped
https://en.wikipedia.org/wiki/Agadir-Al_Massira_Airport,6,,,to_be_scraped
https://en.wikipedia.org/wiki/Bastia_%E2%80%93_Poretta_Airport,6,,,to_be_scraped
https://en.wikipedia.org/wiki/Ohrid_St._Paul_the_Apostle_Airport,6,,,to_be_scraped
https://en.wikipedia.org/wiki/Pristina_Airport,6,,,to_be_scraped
https://en.wikipedia.org/wiki/Thessaloniki_International_Airport,6,,,to_be_scraped
https://en.wikipedia.org/wiki/Scottsdale_Airport,6,,,to_be_scraped
https://en.wikipedia.org/wiki/Bastia–Poretta_Airport,6,,,to_be_scraped
https://en.wikipedia.org/wiki/Bazhong_Enyang_Airport,6,,,to_be_scraped
https://en.wikipedia.org/wiki/Beihai_Fucheng_Airport,6,,,to_be_scraped
https://en.wikipedia.org/wiki/Changde_Taohuayuan_Airport,6,,,to_be_scraped
https://en.wikipedia.org/wiki/Chifeng_Yulong_Airport,6,,,to_be_scraped
https://en.wikipedia.org/wiki/Chizhou_Jiuhuashan_Airport,6,,,to_be_scraped
https://en.wikipedia.org/wiki/Daqing_Sartu_Airport,6,,,to_be_scraped
https://en.wikipedia.org/wiki/Hanzhong_Chenggu_Airport,6,,,to_be_scraped
https://en.wikipedia.org/wiki/Heze_Mudan_Airport,6,,,to_be_scraped
https://en.wikipedia.org/wiki/Huai%27an_Lianshui_Airport,6,,,to_be_scraped
https://en.wikipedia.org/wiki/Jiayuguan_Jiuquan_Airport,6,,,to_be_scraped
https://en.wikipedia.org/wiki/Linyi_Qiyang_International_Airport,6,,,to_be_scraped
https://en.wikipedia.org/wiki/Nantong_Xingdong_Airport,6,,,to_be_scraped
https://en.wikipedia.org/wiki/Songyuan_Chaganhu_Airport,6,,,to_be_scraped
https://en.wikipedia.org/wiki/Wuyishan_Airport,6,,,to_be_scraped
https://en.wikipedia.org/wiki/Yanji_Chaoyangchuan_International_Airport,6,,,to_be_scraped
https://en.wikipedia.org/wiki/Zhanjiang_Wuchuan_Airport,6,,,to_be_scraped
https://en.wikipedia.org/wiki/Santiago_Mariño_Caribbean_International_Airport,6,,,to_be_scraped
https://en.wikipedia.org/wiki/Chicago_O%27Hare_International_Airport,6,,,to_be_scraped
https://en.wikipedia.org/wiki/Sultan_Hasanuddin_International_Airport,6,,,to_be_scraped
https://en.wikipedia.org/wiki/Yogyakarta_International_Airport,6,,,to_be_scraped
https://en.wikipedia.org/wiki/Bastia%E2%80%93Poretta_Airport,6,,,to_be_scraped
https://en.wikipedia.org/wiki/Barcelona–El_Prat_Josep_Tarradellas_Airport,6,,,to_be_scraped
https://en.wikipedia.org/wiki/T._F._Green_Airport,6,,,to_be_scraped
https://en.wikipedia.org/wiki/Tri-State_Airport,6,,,to_be_scraped
https://en.wikipedia.org/wiki/San_Carlos_de_Bariloche_Airport,6,,,to_be_scraped
https://en.wikipedia.org/wiki/Girona_Airport,6,,,to_be_scraped
https://en.wikipedia.org/wiki/Pantelleria_Airport,6,,,to_be_scraped
https://en.wikipedia.org/wiki/Perugia_San_Francesco_d%27Assisi_%E2%80%93_Umbria_International_Airport,6,,,to_be_scraped
https://en.wikipedia.org/wiki/Belo_Horizonte_International_Airport,6,,,to_be_scraped
https://en.wikipedia.org/wiki/Los_Mochis_International_Airport,6,,,to_be_scraped
https://en.wikipedia.org/wiki/Salekhard_Airport,6,,,to_be_scraped
https://en.wikipedia.org/wiki/Cairns_Airport,6,,,to_be_scraped
https://en.wikipedia.org/wiki/Araxos_Airport,6,,,to_be_scraped
https://en.wikipedia.org/wiki/Aqtau_Airport,6,,,to_be_scraped
https://en.wikipedia.org/wiki/Christchurch_Airport,6,,,to_be_scraped
https://en.wikipedia.org/wiki/Ezhou_Huahu_International_Airport,6,,,to_be_scraped
https://en.wikipedia.org/wiki/Trieste_Airport,6,,,to_be_scraped
https://en.wikipedia.org/wiki/Yueyang_Sanhe_Airport,6,,,to_be_scraped
https://en.wikipedia.org/wiki/Longnan_Chengxian_Airport,6,,,to_be_scraped
https://en.wikipedia.org/wiki/Yulin_Fumian_Airport,6,,,to_be_scraped
https://en.wikipedia.org/wiki/Verona_Airport,6,,,to_be_scraped
https://en.wikipedia.org/wiki/Dunhuang_Mogao_International_Airport,6,,,to_be_scraped
https://en.wikipedia.org/wiki/Hiroshima_Airport,6,,,to_be_scraped
https://en.wikipedia.org/wiki/Sendai_Airport,6,,,to_be_scraped
https://en.wikipedia.org/wiki/Patras_Araxos_Airport,6,,,to_be_scraped
https://en.wikipedia.org/wiki/Naryan-Mar_Airport,6,,,to_be_scraped
https://en.wikipedia.org/wiki/Jingdezhen_Luojia_Airport,6,,,to_be_scraped
https://en.wikipedia.org/wiki/Qiqihar_Sanjiazi_Airport,6,,,to_be_scraped
https://en.wikipedia.org/wiki/Nuuk_Airport,5,,,to_be_scraped
https://en.wikipedia.org/wiki/Osvaldo_Vieira_International_Airport,5,,,to_be_scraped
https://en.wikipedia.org/wiki/Maya-Maya_Airport,5,,,to_be_scraped
https://en.wikipedia.org/wiki/Thomas_Sankara_International_Airport_Ouagadougou,5,,,to_be_scraped
https://en.wikipedia.org/wiki/Esenboğa_International_Airport,5,,,to_be_scraped
https://en.wikipedia.org/wiki/EuroAirport_Basel–Mulhouse–Freiburg,5,,,to_be_scraped
https://en.wikipedia.org/wiki/Erzurum_Airport,5,,,to_be_scraped
https://en.wikipedia.org/wiki/Samsun-Çarşamba_Airport,5,,,to_be_scraped
https://en.wikipedia.org/wiki/Aden_Adde_International_Airport,5,,,to_be_scraped
https://en.wikipedia.org/wiki/Izhevsk_Airport,5,,,to_be_scraped
https://en.wikipedia.org/wiki/Murmansk_Airport,5,,,to_be_scraped
https://en.wikipedia.org/wiki/Orenburg_Tsentralny_Airport,5,,,to_be_scraped
https://en.wikipedia.org/wiki/Besovets_Airport,5,,,to_be_scraped
"https://en.wikipedia.org/wiki/Trondheim_Airport,_Værnes",5,,,to_be_scraped
https://en.wikipedia.org/wiki/Teesside_International_Airport,5,,,to_be_scraped
https://en.wikipedia.org/wiki/Prince_Nayef_bin_Abdulaziz_Regional_Airport,5,,,to_be_scraped
https://en.wikipedia.org/wiki/Tabuk_Regional_Airport,5,,,to_be_scraped
https://en.wikipedia.org/wiki/Aktau_International_Airport,5,,,to_be_scraped
https://en.wikipedia.org/wiki/Ürümqi_Diwopu_International_Airport,5,,,to_be_scraped
https://en.wikipedia.org/wiki/Kerry_Airport,5,,,to_be_scraped
https://en.wikipedia.org/wiki/Stansted_Airport,5,,,to_be_scraped
https://en.wikipedia.org/wiki/Tenerife_North_Airport,5,,,to_be_scraped
"https://en.wikipedia.org/wiki/Trondheim_Airport,_V%C3%A6rnes",5,,,to_be_scraped
https://en.wikipedia.org/wiki/Raja_Bhoj_Airport,5,,,to_be_scraped
https://en.wikipedia.org/wiki/Dr._Babasaheb_Ambedkar_International_Airport,5,,,to_be_scraped
https://en.wikipedia.org/wiki/Swami_Vivekananda_Airport,5,,,to_be_scraped
https://en.wikipedia.org/wiki/Bagdogra_Airport,5,,,to_be_scraped
https://en.wikipedia.org/wiki/Malaga_Airport,5,,,to_be_scraped
https://en.wikipedia.org/wiki/Douglas-Charles_Airport,5,,,to_be_scraped
https://en.wikipedia.org/wiki/Uri_Michaeli_Haifa_International_Airport,5,,,to_be_scraped
https://en.wikipedia.org/wiki/Hato_International_Airport,5,,,to_be_scraped
https://en.wikipedia.org/wiki/Adolfo_Su%C3%A1rez_Madrid-Barajas_Airport,5,,,to_be_scraped
https://en.wikipedia.org/wiki/Brest_Airport,5,,,to_be_scraped
https://en.wikipedia.org/wiki/Kadyrov_Grozny_International_Airport,5,,,to_be_scraped
https://en.wikipedia.org/wiki/Omsk_Central_Airport,5,,,to_be_scraped
https://en.wikipedia.org/wiki/Missoula_Montana_Airport,5,,,to_be_scraped
https://en.wikipedia.org/wiki/V.C._Bird_International_Airport,5,,,to_be_scraped
https://en.wikipedia.org/wiki/Oran_Es_S%C3%A9nia_Airport,5,,,to_be_scraped
https://en.wikipedia.org/wiki/Barcelona-El_Prat_Airport,5,,,to_be_scraped
https://en.wikipedia.org/wiki/Maputo_International_Airport,5,,,to_be_scraped
https://en.wikipedia.org/wiki/St._Petersburg-Clearwater_International_Airport,5,,,to_be_scraped
https://en.wikipedia.org/wiki/Kirkwall_Airport,5,,,to_be_scraped
https://en.wikipedia.org/wiki/Sri_Guru_Ram_Das_Ji_International_Airport,5,,,to_be_scraped
https://en.wikipedia.org/wiki/Copernicus_Airport_Wrocław,5,,,to_be_scraped
https://en.wikipedia.org/wiki/Paro_International_Airport,5,,,to_be_scraped
https://en.wikipedia.org/wiki/Surat_Airport,5,,,to_be_scraped
https://en.wikipedia.org/wiki/Belgrade_Airport,5,,,to_be_scraped
https://en.wikipedia.org/wiki/Langkawi_International_Airport,5,,,to_be_scraped
https://en.wikipedia.org/wiki/Bel%C3%A9m/Val-de-Cans_International_Airport,5,,,to_be_scraped
https://en.wikipedia.org/wiki/Girona-Costa_Brava_Airport,5,,,to_be_scraped
https://en.wikipedia.org/wiki/Milan–Malpensa_Airport,5,,,to_be_scraped
https://en.wikipedia.org/wiki/Skopje_Airport,5,,,to_be_scraped
https://en.wikipedia.org/wiki/Lyon-Saint_Exupéry_Airport,5,,,to_be_scraped
https://en.wikipedia.org/wiki/Toulouse-Blagnac_Airport,5,,,to_be_scraped
https://en.wikipedia.org/wiki/Félix-Houphouët-Boigny_International_Airport,5,,,to_be_scraped
https://en.wikipedia.org/wiki/Oran_Es_Sénia_Airport,5,,,to_be_scraped
https://en.wikipedia.org/wiki/Afonso_Pena_International_Airport,5,,,to_be_scraped
https://en.wikipedia.org/wiki/Greater_Natal_International_Airport,5,,,to_be_scraped
https://en.wikipedia.org/wiki/Herc%C3%ADlio_Luz_International_Airport,5,,,to_be_scraped
https://en.wikipedia.org/wiki/Recife/Guararapes%E2%80%93Gilberto_Freyre_International_Airport,5,,,to_be_scraped
https://en.wikipedia.org/wiki/Salgado_Filho_Porto_Alegre_International_Airport,5,,,to_be_scraped
https://en.wikipedia.org/wiki/Calvi_%E2%80%93_Sainte-Catherine_Airport,5,,,to_be_scraped
https://en.wikipedia.org/wiki/Lisbon_Portela_Airport,5,,,to_be_scraped
https://en.wikipedia.org/wiki/Abha_Regional_Airport,5,,,to_be_scraped
https://en.wikipedia.org/wiki/Al_Ain_International_Airport,5,,,to_be_scraped
https://en.wikipedia.org/wiki/Aksu_Hongqipo_Airport,5,,,to_be_scraped
https://en.wikipedia.org/wiki/Bijie_Feixiong_Airport,5,,,to_be_scraped
https://en.wikipedia.org/wiki/Dandong_Langtou_Airport,5,,,to_be_scraped
https://en.wikipedia.org/wiki/Jixi_Xingkaihu_Airport,5,,,to_be_scraped
https://en.wikipedia.org/wiki/Kuching_International_Airport,5,,,to_be_scraped
https://en.wikipedia.org/wiki/Lianyungang_Huaguoshan_International_Airport,5,,,to_be_scraped
https://en.wikipedia.org/wiki/Linyi_Shubuling_Airport,5,,,to_be_scraped
https://en.wikipedia.org/wiki/Lishui_Airport,5,,,to_be_scraped
https://en.wikipedia.org/wiki/Shangrao_Sanqingshan_Airport,5,,,to_be_scraped
https://en.wikipedia.org/wiki/Wuhu_Xuanzhou_Airport,5,,,to_be_scraped
https://en.wikipedia.org/wiki/Madrid_Barajas_Airport,5,,,to_be_scraped
https://en.wikipedia.org/wiki/Malabo_International_Airport,5,,,to_be_scraped
https://en.wikipedia.org/wiki/Rabah_Bitat_Airport,5,,,to_be_scraped
https://en.wikipedia.org/wiki/Elaz%C4%B1%C4%9F_Airport,5,,,to_be_scraped
https://en.wikipedia.org/wiki/Sarasota-Bradenton_International_Airport,5,,,to_be_scraped
https://en.wikipedia.org/wiki/Hercílio_Luz_International_Airport,5,,,to_be_scraped
https://en.wikipedia.org/wiki/Konya_Airport,5,,,to_be_scraped
https://en.wikipedia.org/wiki/Fes–Saïss_Airport,5,,,to_be_scraped
https://en.wikipedia.org/wiki/Cabo_San_Lucas_International_Airport,5,,,to_be_scraped
https://en.wikipedia.org/wiki/Dzaoudzi–Pamandzi_International_Airport,5,,,to_be_scraped
https://en.wikipedia.org/wiki/New_York%E2%80%93JFK,5,,,to_be_scraped
https://en.wikipedia.org/wiki/Seattle/Tacoma,5,,,to_be_scraped
https://en.wikipedia.org/wiki/Singapore_Changi_Airport,5,,,to_be_scraped
https://en.wikipedia.org/wiki/Prague_Václav_Havel_Airport,5,,,to_be_scraped
https://en.wikipedia.org/wiki/Baikal_International_Airport,5,,,to_be_scraped
https://en.wikipedia.org/wiki/Gelendzhik_Airport,5,,,to_be_scraped
https://en.wikipedia.org/wiki/Noyabrsk_Airport,5,,,to_be_scraped
https://en.wikipedia.org/wiki/Tomsk_Kamov_Airport,5,,,to_be_scraped
https://en.wikipedia.org/wiki/Red_Sea_International_Airport,5,,,to_be_scraped
https://en.wikipedia.org/wiki/Cheongju_International_Airport,5,,,to_be_scraped
https://en.wikipedia.org/wiki/Elmira_Corning_Regional_Airport,5,,,to_be_scraped
https://en.wikipedia.org/wiki/Bal%C4%B1kesir_Koca_Seyit_Airport,5,,,to_be_scraped
https://en.wikipedia.org/wiki/Sylt_Airport,5,,,to_be_scraped
https://en.wikipedia.org/wiki/Aliya_Moldagulova_International_Airport,5,,,to_be_scraped
https://en.wikipedia.org/wiki/King_Shaka_International_Airport,5,,,to_be_scraped
https://en.wikipedia.org/wiki/Qasem_Soleimani_International_Airport,5,,,to_be_scraped
https://en.wikipedia.org/wiki/Tabriz_Shahid_Madani_International_Airport,5,,,to_be_scraped
https://en.wikipedia.org/wiki/Zanzibar_International_Airport,5,,,to_be_scraped
https://en.wikipedia.org/wiki/Rafael_Hern%C3%A1ndez_Airport,5,,,to_be_scraped
https://en.wikipedia.org/wiki/Barcelona%E2%80%93El_Prat_Airport,5,,,to_be_scraped
https://en.wikipedia.org/wiki/EuroAirport_Basel%E2%80%93Mulhouse%E2%80%93Freiburg,5,,,to_be_scraped
https://en.wikipedia.org/wiki/Marsa_Matruh_International_Airport,5,,,to_be_scraped
https://en.wikipedia.org/wiki/Bologna_Airport,5,,,to_be_scraped
https://en.wikipedia.org/wiki/Worcester_Regional_Airport,5,,,to_be_scraped
https://en.wikipedia.org/wiki/Barajas_Airport,5,,,to_be_scraped
https://en.wikipedia.org/wiki/Porto_Santo_Airport,5,,,to_be_scraped
https://en.wikipedia.org/wiki/Alta_Airport,5,,,to_be_scraped
https://en.wikipedia.org/wiki/Guangyuan_Panlong_Airport,5,,,to_be_scraped
https://en.wikipedia.org/wiki/Qingyang_Airport,5,,,to_be_scraped
https://en.wikipedia.org/wiki/Xingyi_Wanfenglin_Airport,5,,,to_be_scraped
https://en.wikipedia.org/wiki/Yining_Airport,5,,,to_be_scraped
https://en.wikipedia.org/wiki/Antonio_Maceo_Airport,5,,,to_be_scraped
https://en.wikipedia.org/wiki/Foshan_Shadi_Airport,5,,,to_be_scraped
https://en.wikipedia.org/wiki/Wuhai_Airport,5,,,to_be_scraped
https://en.wikipedia.org/wiki/Huangshan_Tunxi_International_Airport,5,,,to_be_scraped
https://en.wikipedia.org/wiki/Komatsu_Airport,5,,,to_be_scraped
https://en.wikipedia.org/wiki/New_Ishigaki_Airport,5,,,to_be_scraped
https://en.wikipedia.org/wiki/Shimojishima_Airport,5,,,to_be_scraped
https://en.wikipedia.org/wiki/Takamatsu_Airport,5,,,to_be_scraped
https://en.wikipedia.org/wiki/Kagoshima_Airport,5,,,to_be_scraped
https://en.wikipedia.org/wiki/Kobe_Airport,5,,,to_be_scraped
https://en.wikipedia.org/wiki/Nagasaki_Airport,5,,,to_be_scraped
https://en.wikipedia.org/wiki/Mactan–Cebu_International_Airport,5,,,to_be_scraped
https://en.wikipedia.org/wiki/Weihai_Dashuipo_Airport,5,,,to_be_scraped
https://en.wikipedia.org/wiki/Nalchik_Airport,5,,,to_be_scraped
https://en.wikipedia.org/wiki/Houston%E2%80%93Intercontinental,5,,,to_be_scraped
https://en.wikipedia.org/wiki/Fergana_Airport,5,,,to_be_scraped
https://en.wikipedia.org/wiki/Tobolsk_Remezov_Airport,5,,,to_be_scraped
https://en.wikipedia.org/wiki/Parma_Airport,5,,,to_be_scraped
https://en.wikipedia.org/wiki/Meadowbank_Aerodrome,5,,,to_be_scraped
https://en.wikipedia.org/wiki/Bornholm_Airport,4,,,to_be_scraped
https://en.wikipedia.org/wiki/Bamako-Sénou_International_Airport,4,,,to_be_scraped
https://en.wikipedia.org/wiki/Liege_Airport,4,,,to_be_scraped
https://en.wikipedia.org/wiki/Lomé-Tokoin_Airport,4,,,to_be_scraped
https://en.wikipedia.org/wiki/San_Pablo_Airport,4,,,to_be_scraped
https://en.wikipedia.org/wiki/Batman_Airport,4,,,to_be_scraped
https://en.wikipedia.org/wiki/Hatay_Airport,4,,,to_be_scraped
https://en.wikipedia.org/wiki/Sivas_Airport,4,,,to_be_scraped
https://en.wikipedia.org/wiki/Abakan_Airport,4,,,to_be_scraped
https://en.wikipedia.org/wiki/Talagi_Airport,4,,,to_be_scraped
https://en.wikipedia.org/wiki/Istanbul_International_Airport,4,,,to_be_scraped
https://en.wikipedia.org/wiki/Pobedilovo_Airport,4,,,to_be_scraped
https://en.wikipedia.org/wiki/Perm_International_Airport,4,,,to_be_scraped
https://en.wikipedia.org/wiki/Tunoshna_Airport,4,,,to_be_scraped
https://en.wikipedia.org/wiki/Bucharest_Airport,4,,,to_be_scraped
https://en.wikipedia.org/wiki/Henri_Coanda_International_Airport,4,,,to_be_scraped
https://en.wikipedia.org/wiki/Jizan_Regional_Airport,4,,,to_be_scraped
https://en.wikipedia.org/wiki/Prince_Mohammad_Bin_Abdulaziz_Airport,4,,,to_be_scraped
https://en.wikipedia.org/wiki/Almaty_Airport,4,,,to_be_scraped
https://en.wikipedia.org/wiki/Dushanbe_Airport,4,,,to_be_scraped
https://en.wikipedia.org/wiki/Nukus_Airport,4,,,to_be_scraped
https://en.wikipedia.org/wiki/Sary-Arka_Airport,4,,,to_be_scraped
https://en.wikipedia.org/wiki/Southend_Airport,4,,,to_be_scraped
https://en.wikipedia.org/wiki/Belgaum_Airport,4,,,to_be_scraped
https://en.wikipedia.org/wiki/Jaisalmer_Airport,4,,,to_be_scraped
https://en.wikipedia.org/wiki/Jammu_Airport,4,,,to_be_scraped
https://en.wikipedia.org/wiki/Jodhpur_Airport,4,,,to_be_scraped
https://en.wikipedia.org/wiki/Birsa_Munda_Airport,4,,,to_be_scraped
https://en.wikipedia.org/wiki/Srinagar_Airport,4,,,to_be_scraped
https://en.wikipedia.org/wiki/Maharana_Pratap_Airport,4,,,to_be_scraped
https://en.wikipedia.org/wiki/Larnaca_Airport,4,,,to_be_scraped
https://en.wikipedia.org/wiki/Francisco_Sá_Carneiro_Airport,4,,,to_be_scraped
https://en.wikipedia.org/wiki/Forlì_Airport,4,,,to_be_scraped
https://en.wikipedia.org/wiki/Austin-Bergstrom_International_Airport,4,,,to_be_scraped
https://en.wikipedia.org/wiki/Prince_Sultan_bin_Abdulaziz_Airport,4,,,to_be_scraped
https://en.wikipedia.org/wiki/Atlanta_International_Airport,4,,,to_be_scraped
https://en.wikipedia.org/wiki/Olsztyn-Mazury_Airport,4,,,to_be_scraped
https://en.wikipedia.org/wiki/Enrique_Olaya_Herrera_Airport,4,,,to_be_scraped
https://en.wikipedia.org/wiki/Prayagraj_Airport,4,,,to_be_scraped
https://en.wikipedia.org/wiki/Fes%E2%80%93Sa%C3%AFss_Airport,4,,,to_be_scraped
https://en.wikipedia.org/wiki/Cluj-Napoca_International_Airport,4,,,to_be_scraped
https://en.wikipedia.org/wiki/Crotone_Airport,4,,,to_be_scraped
https://en.wikipedia.org/wiki/Perpignan%E2%80%93Rivesaltes_Airport,4,,,to_be_scraped
https://en.wikipedia.org/wiki/John_Paul_II_Ponta_Delgada_Airport,4,,,to_be_scraped
https://en.wikipedia.org/wiki/Hat_Yai_International_Airport,4,,,to_be_scraped
https://en.wikipedia.org/wiki/Yuncheng_Yanhu_International_Airport,4,,,to_be_scraped
https://en.wikipedia.org/wiki/Traian_Vuia_International_Airport,4,,,to_be_scraped
https://en.wikipedia.org/wiki/Tunis_Airport,4,,,to_be_scraped
https://en.wikipedia.org/wiki/Agatti_Airport,4,,,to_be_scraped
https://en.wikipedia.org/wiki/Kazi_Nazrul_Islam_Airport,4,,,to_be_scraped
https://en.wikipedia.org/wiki/Cap-Ha%C3%AFtien_International_Airport,4,,,to_be_scraped
https://en.wikipedia.org/wiki/Bodrum_Airport,4,,,to_be_scraped
https://en.wikipedia.org/wiki/Taba_International_Airport,4,,,to_be_scraped
https://en.wikipedia.org/wiki/Mwanza_Airport,4,,,to_be_scraped
https://en.wikipedia.org/wiki/Marechal_Cunha_Machado_International_Airport,4,,,to_be_scraped
https://en.wikipedia.org/wiki/Porto_Seguro_Airport,4,,,to_be_scraped
https://en.wikipedia.org/wiki/Presidente_Castro_Pinto_International_Airport,4,,,to_be_scraped
https://en.wikipedia.org/wiki/Olbia_%E2%80%93_Costa_Smeralda_Airport,4,,,to_be_scraped
https://en.wikipedia.org/wiki/O%C4%9Fuzeli_Airport,4,,,to_be_scraped
https://en.wikipedia.org/wiki/Zakynthos_Airport,4,,,to_be_scraped
https://en.wikipedia.org/wiki/Genoa_Airport,4,,,to_be_scraped
https://en.wikipedia.org/wiki/Soekarno-Hatta_International_Airport,4,,,to_be_scraped
https://en.wikipedia.org/wiki/Stockholm-Arlanda_Airport,4,,,to_be_scraped
https://en.wikipedia.org/wiki/Al_Jouf_Airport,4,,,to_be_scraped
https://en.wikipedia.org/wiki/Baishan_Changbaishan_Airport,4,,,to_be_scraped
https://en.wikipedia.org/wiki/Baotou_Donghe_International_Airport,4,,,to_be_scraped
https://en.wikipedia.org/wiki/Bayannur_Tianjitai_Airport,4,,,to_be_scraped
https://en.wikipedia.org/wiki/Darwin_International_Airport,4,,,to_be_scraped
https://en.wikipedia.org/wiki/Handan_Airport,4,,,to_be_scraped
https://en.wikipedia.org/wiki/Jinchang_Jinchuan_Airport,4,,,to_be_scraped
https://en.wikipedia.org/wiki/Jining_Da%27an_Airport,4,,,to_be_scraped
https://en.wikipedia.org/wiki/Langzhong_Gucheng_Airport,4,,,to_be_scraped
https://en.wikipedia.org/wiki/Mudanjiang_Hailang_Airport,4,,,to_be_scraped
https://en.wikipedia.org/wiki/Nyingchi_Mainling_Airport,4,,,to_be_scraped
https://en.wikipedia.org/wiki/Qianjiang_Wulingshan_Airport,4,,,to_be_scraped
https://en.wikipedia.org/wiki/Weihai_Dashuibo_Airport,4,,,to_be_scraped
https://en.wikipedia.org/wiki/Xiangxi_Biancheng_Airport,4,,,to_be_scraped
https://en.wikipedia.org/wiki/Xingtai_Dalian_Airport,4,,,to_be_scraped
https://en.wikipedia.org/wiki/Yichun_Mingyueshan_Airport,4,,,to_be_scraped
https://en.wikipedia.org/wiki/Yutian_Wanfang_Airport,4,,,to_be_scraped
https://en.wikipedia.org/wiki/Zhangye_Ganzhou_Airport,4,,,to_be_scraped
https://en.wikipedia.org/wiki/Zhaotong_Airport,4,,,to_be_scraped
https://en.wikipedia.org/wiki/F%C3%A9lix-Houphou%C3%ABt-Boigny_International_Airport,4,,,to_be_scraped
https://en.wikipedia.org/wiki/Ljubljana_Jo%C5%BEe_Pu%C4%8Dnik_Airport,4,,,to_be_scraped
https://en.wikipedia.org/wiki/Sultan_Aji_Muhammad_Sulaiman_Sepinggan_Airport,4,,,to_be_scraped
https://en.wikipedia.org/wiki/Sultan_Iskandar_Muda_International_Airport,4,,,to_be_scraped
https://en.wikipedia.org/wiki/Supadio_International_Airport,4,,,to_be_scraped
https://en.wikipedia.org/wiki/Akron-Canton_Airport,4,,,to_be_scraped
https://en.wikipedia.org/wiki/Panamá_Pacífico_International_Airport,4,,,to_be_scraped
https://en.wikipedia.org/wiki/Martín_Miguel_de_Güemes_International_Airport,4,,,to_be_scraped
https://en.wikipedia.org/wiki/São_Paulo–Guarulhos_International_Airport,4,,,to_be_scraped
https://en.wikipedia.org/wiki/Beirut_Airport,4,,,to_be_scraped
https://en.wikipedia.org/wiki/Tarbes–Lourdes–Pyrénées_Airport,4,,,to_be_scraped
https://en.wikipedia.org/wiki/Minneapolis%E2%88%92Saint_Paul_International_Airport,4,,,to_be_scraped
https://en.wikipedia.org/wiki/Kamuzu_International_Airport,4,,,to_be_scraped
https://en.wikipedia.org/wiki/Laredo_International_Airport,4,,,to_be_scraped
https://en.wikipedia.org/wiki/Loreto_International_Airport,4,,,to_be_scraped
https://en.wikipedia.org/wiki/Alykel_Airport,4,,,to_be_scraped
https://en.wikipedia.org/wiki/Gorno-Altaysk_Airport,4,,,to_be_scraped
https://en.wikipedia.org/wiki/Qarshi_Airport,4,,,to_be_scraped
https://en.wikipedia.org/wiki/Yakutsk_Airport,4,,,to_be_scraped
https://en.wikipedia.org/wiki/Yanbu_Airport,4,,,to_be_scraped
https://en.wikipedia.org/wiki/Ivalo_Airport,4,,,to_be_scraped
https://en.wikipedia.org/wiki/Izmir_Airport,4,,,to_be_scraped
https://en.wikipedia.org/wiki/Bosaso_Airport,4,,,to_be_scraped
https://en.wikipedia.org/wiki/Khost_International_Airport,4,,,to_be_scraped
https://en.wikipedia.org/wiki/Mactan%E2%80%93Cebu_International_Airport,4,,,to_be_scraped
https://en.wikipedia.org/wiki/Sohar_Airport,4,,,to_be_scraped
https://en.wikipedia.org/wiki/Baku_International_Airport,4,,,to_be_scraped
https://en.wikipedia.org/wiki/Rock_Sound_International_Airport,4,,,to_be_scraped
https://en.wikipedia.org/wiki/Carcassonne_Airport,4,,,to_be_scraped
https://en.wikipedia.org/wiki/Aqtau_International_Airport,4,,,to_be_scraped
https://en.wikipedia.org/wiki/Jorge_Wilstermann_International_Airport,4,,,to_be_scraped
https://en.wikipedia.org/wiki/Mart%C3%ADn_Miguel_de_G%C3%BCemes_International_Airport,4,,,to_be_scraped
https://en.wikipedia.org/wiki/Marrakesh_Airport,4,,,to_be_scraped
https://en.wikipedia.org/wiki/Montréal-Trudeau_International_Airport,4,,,to_be_scraped
https://en.wikipedia.org/wiki/Rhodes_Airport,4,,,to_be_scraped
https://en.wikipedia.org/wiki/Nantong_Xingdong_International_Airport,4,,,to_be_scraped
https://en.wikipedia.org/wiki/Ordos_Ejin_Horo_International_Airport,4,,,to_be_scraped
https://en.wikipedia.org/wiki/Songshan_Airport,4,,,to_be_scraped
https://en.wikipedia.org/wiki/A.N.R._Robinson_International_Airport,4,,,to_be_scraped
https://en.wikipedia.org/wiki/Tapachula_International_Airport,4,,,to_be_scraped
https://en.wikipedia.org/wiki/Gazipa%C5%9Fa_Airport,4,,,to_be_scraped
https://en.wikipedia.org/wiki/Fuyang_Airport,4,,,to_be_scraped
https://en.wikipedia.org/wiki/Jinggangshan_Airport,4,,,to_be_scraped
https://en.wikipedia.org/wiki/Jiujiang_Lushan_Airport,4,,,to_be_scraped
https://en.wikipedia.org/wiki/L%C3%BCliang_Dawu_Airport,4,,,to_be_scraped
https://en.wikipedia.org/wiki/Shaoyang_Wugang_Airport,4,,,to_be_scraped
https://en.wikipedia.org/wiki/Xining_Caojiapu_International_Airport,4,,,to_be_scraped
https://en.wikipedia.org/wiki/Zhanjiang_Wuchuan_International_Airport,4,,,to_be_scraped
https://en.wikipedia.org/wiki/Kos_Island_International_Airport,4,,,to_be_scraped
https://en.wikipedia.org/wiki/Korla_Airport,4,,,to_be_scraped
https://en.wikipedia.org/wiki/Tumxuk_Tangwangcheng_Airport,4,,,to_be_scraped
https://en.wikipedia.org/wiki/Changzhou_Benniu_International_Airport,4,,,to_be_scraped
https://en.wikipedia.org/wiki/Enshi_Xujiaping_International_Airport,4,,,to_be_scraped
https://en.wikipedia.org/wiki/Taichung_International_Airport,4,,,to_be_scraped
https://en.wikipedia.org/wiki/Miyazaki_Airport,4,,,to_be_scraped
https://en.wikipedia.org/wiki/Gimpo_International_Airport,4,,,to_be_scraped
https://en.wikipedia.org/wiki/Kalibo_International_Airport,4,,,to_be_scraped
https://en.wikipedia.org/wiki/Mudanjiang_Hailang_International_Airport,4,,,to_be_scraped
https://en.wikipedia.org/wiki/Calvi–Sainte-Catherine_Airport,4,,,to_be_scraped
https://en.wikipedia.org/wiki/Andizhan_Airport,4,,,to_be_scraped
https://en.wikipedia.org/wiki/Federico_Fellini_International_Airport,4,,,to_be_scraped
https://en.wikipedia.org/wiki/Surgut_Airport,4,,,to_be_scraped
https://en.wikipedia.org/wiki/Uruapan_International_Airport,4,,,to_be_scraped
https://en.wikipedia.org/wiki/Ajaccio_Airport,4,,,to_be_scraped
https://en.wikipedia.org/wiki/Venice_Airport,4,,,to_be_scraped
https://en.wikipedia.org/wiki/Calvi_–_Sainte-Catherine_Airport,4,,,to_be_scraped
https://en.wikipedia.org/wiki/New_York%E2%80%93LaGuardia,4,,,to_be_scraped
https://en.wikipedia.org/wiki/Tours_Val_de_Loire_Airport,4,,,to_be_scraped
https://en.wikipedia.org/wiki/Washington%E2%80%93National,4,,,to_be_scraped
https://en.wikipedia.org/wiki/Altay_Xuedu_Airport,4,,,to_be_scraped
https://en.wikipedia.org/wiki/Hami_Airport,4,,,to_be_scraped
https://en.wikipedia.org/wiki/Toledo_Express_Airport,4,,,to_be_scraped
https://en.wikipedia.org/wiki/Kuqa_Qiuci_Airport,4,,,to_be_scraped
https://en.wikipedia.org/wiki/Ottawa_International_Airport,4,,,to_be_scraped
https://en.wikipedia.org/wiki/Chania_Airport,3,,,to_be_scraped
https://en.wikipedia.org/wiki/Ahmed_Sékou_Touré_International_Airport,3,,,to_be_scraped
https://en.wikipedia.org/wiki/Mardin_Airport,3,,,to_be_scraped
https://en.wikipedia.org/wiki/Geneva_International_Airport,3,,,to_be_scraped
https://en.wikipedia.org/wiki/Riyan_International_Airport,3,,,to_be_scraped
https://en.wikipedia.org/wiki/Cheboksary_Airport,3,,,to_be_scraped
https://en.wikipedia.org/wiki/Kemerovo_Airport,3,,,to_be_scraped
https://en.wikipedia.org/wiki/Kurgan_Airport,3,,,to_be_scraped
https://en.wikipedia.org/wiki/Magnitogorsk_International_Airport,3,,,to_be_scraped
https://en.wikipedia.org/wiki/Orsk_Airport,3,,,to_be_scraped
https://en.wikipedia.org/wiki/Reagan_National_Airport,3,,,to_be_scraped
https://en.wikipedia.org/wiki/Bisha_Domestic_Airport,3,,,to_be_scraped
https://en.wikipedia.org/wiki/Ta%E2%80%99if_Regional_Airport,3,,,to_be_scraped
https://en.wikipedia.org/wiki/Shymkent_International_Airport,3,,,to_be_scraped
https://en.wikipedia.org/wiki/Suvarnabhumi_International_Airport,3,,,to_be_scraped
https://en.wikipedia.org/wiki/Hazret_Sultan_International_Airport,3,,,to_be_scraped
https://en.wikipedia.org/wiki/Rotterdam_Airport,3,,,to_be_scraped
https://en.wikipedia.org/wiki/Saarbr%C3%BCcken_Airport,3,,,to_be_scraped
https://en.wikipedia.org/wiki/Stockholm%E2%80%93Arlanda_Airport,3,,,to_be_scraped
https://en.wikipedia.org/wiki/Lyon–Saint_Exupéry_Airport,3,,,to_be_scraped
https://en.wikipedia.org/wiki/Darbhanga_Airport,3,,,to_be_scraped
https://en.wikipedia.org/wiki/Dehradun_Airport,3,,,to_be_scraped
https://en.wikipedia.org/wiki/Hindon_Airport,3,,,to_be_scraped
https://en.wikipedia.org/wiki/Jalgaon_Airport,3,,,to_be_scraped
https://en.wikipedia.org/wiki/Nashik_Airport,3,,,to_be_scraped
https://en.wikipedia.org/wiki/Stockholm–Arlanda,3,,,to_be_scraped
https://en.wikipedia.org/wiki/Destin-Fort_Walton_Beach_Airport,3,,,to_be_scraped
https://en.wikipedia.org/wiki/Cyril_E._King_International_Airport,3,,,to_be_scraped
https://en.wikipedia.org/wiki/Virgin_Gorda_Airport,3,,,to_be_scraped
https://en.wikipedia.org/wiki/Aurel_Vlaicu_International_Airport,3,,,to_be_scraped
https://en.wikipedia.org/wiki/Elista_Airport,3,,,to_be_scraped
https://en.wikipedia.org/wiki/Karlovy_Vary_Airport,3,,,to_be_scraped
https://en.wikipedia.org/wiki/Solidarity_Szczecin–Goleniów_Airport,3,,,to_be_scraped
https://en.wikipedia.org/wiki/Yeni%C5%9Fehir_Airport,3,,,to_be_scraped
https://en.wikipedia.org/wiki/Los_Garzones_Airport,3,,,to_be_scraped
https://en.wikipedia.org/wiki/Nador_Airport,3,,,to_be_scraped
https://en.wikipedia.org/wiki/Pau_Pyrénées_Airport,3,,,to_be_scraped
https://en.wikipedia.org/wiki/Pemba_Airport_(Mozambique),3,,,to_be_scraped
https://en.wikipedia.org/wiki/Simón_Bolívar_International_Airport_(Colombia),3,,,to_be_scraped
https://en.wikipedia.org/wiki/Kirkuk_Airport,3,,,to_be_scraped
https://en.wikipedia.org/wiki/Kish_International_Airport,3,,,to_be_scraped
https://en.wikipedia.org/wiki/Beni_Mellal_Airport,3,,,to_be_scraped
https://en.wikipedia.org/wiki/Biarritz_Airport,3,,,to_be_scraped
https://en.wikipedia.org/wiki/Francisco_de_S%C3%A1_Carneiro_Airport,3,,,to_be_scraped
https://en.wikipedia.org/wiki/Pescara_Airport,3,,,to_be_scraped
https://en.wikipedia.org/wiki/City_of_Derry_Airport,3,,,to_be_scraped
https://en.wikipedia.org/wiki/Santiago–Rosalía_de_Castro_Airport,3,,,to_be_scraped
https://en.wikipedia.org/wiki/Sofia_International_Airport,3,,,to_be_scraped
https://en.wikipedia.org/wiki/Chiang_Rai_International_Airport,3,,,to_be_scraped
https://en.wikipedia.org/wiki/Khon_Kaen_Airport,3,,,to_be_scraped
https://en.wikipedia.org/wiki/La_Tontouta_International_Airport,3,,,to_be_scraped
https://en.wikipedia.org/wiki/Luang_Prabang_International_Airport,3,,,to_be_scraped
https://en.wikipedia.org/wiki/Netaji_Subhash_Chandra_Bose_International_Airport,3,,,to_be_scraped
https://en.wikipedia.org/wiki/Udon_Thani_International_Airport,3,,,to_be_scraped
https://en.wikipedia.org/wiki/Alghero-Fertilia_Airport,3,,,to_be_scraped
https://en.wikipedia.org/wiki/Foggia_Gino_Lisa_Airport,3,,,to_be_scraped
https://en.wikipedia.org/wiki/Kraków_Airport,3,,,to_be_scraped
https://en.wikipedia.org/wiki/Suceava_Ștefan_cel_Mare_International_Airport,3,,,to_be_scraped
https://en.wikipedia.org/wiki/Aurangabad_Airport,3,,,to_be_scraped
https://en.wikipedia.org/wiki/Jolly_Grant_Airport,3,,,to_be_scraped
https://en.wikipedia.org/wiki/Kanpur_Airport,3,,,to_be_scraped
https://en.wikipedia.org/wiki/Rajkot_International_Airport,3,,,to_be_scraped
https://en.wikipedia.org/wiki/Salem_Airport_(India),3,,,to_be_scraped
https://en.wikipedia.org/wiki/Vadodara_Airport,3,,,to_be_scraped
https://en.wikipedia.org/wiki/Veer_Savarkar_International_Airport,3,,,to_be_scraped
https://en.wikipedia.org/wiki/El_Alto_International_Airport,3,,,to_be_scraped
https://en.wikipedia.org/wiki/Mateca%C3%B1a_International_Airport,3,,,to_be_scraped
https://en.wikipedia.org/wiki/%C4%8Cesk%C3%A9_Bud%C4%9Bjovice_Airport,3,,,to_be_scraped
https://en.wikipedia.org/wiki/Orio_al_Serio_Airport,3,,,to_be_scraped
"https://en.wikipedia.org/wiki/Del_Caribe_""Santiago_Mariño""_International_Airport",3,,,to_be_scraped
https://en.wikipedia.org/wiki/Juan_Vicente_Gómez_International_Airport,3,,,to_be_scraped
https://en.wikipedia.org/wiki/Volos_Airport,3,,,to_be_scraped
https://en.wikipedia.org/wiki/Béziers_Cap_d'Agde_Airport,3,,,to_be_scraped
https://en.wikipedia.org/wiki/Limoges_–_Bellegarde_Airport,3,,,to_be_scraped
https://en.wikipedia.org/wiki/Brive–Souillac_Airport,3,,,to_be_scraped
https://en.wikipedia.org/wiki/Eurico_de_Aguiar_Salles_Airport,3,,,to_be_scraped
https://en.wikipedia.org/wiki/Foz_do_Igua%C3%A7u_International_Airport,3,,,to_be_scraped
https://en.wikipedia.org/wiki/Macap%C3%A1_International_Airport,3,,,to_be_scraped
https://en.wikipedia.org/wiki/Marechal_Rondon_International_Airport,3,,,to_be_scraped
https://en.wikipedia.org/wiki/Santa_Maria_Airport_(Sergipe),3,,,to_be_scraped
https://en.wikipedia.org/wiki/Tancredo_Neves_International_Airport,3,,,to_be_scraped
https://en.wikipedia.org/wiki/Teresina_Airport,3,,,to_be_scraped
https://en.wikipedia.org/wiki/Uberl%C3%A2ndia_Airport,3,,,to_be_scraped
https://en.wikipedia.org/wiki/Val_de_Cans_International_Airport,3,,,to_be_scraped
https://en.wikipedia.org/wiki/Krakow_Airport,3,,,to_be_scraped
https://en.wikipedia.org/wiki/Skopje_%22Alexander_the_Great%22_Airport,3,,,to_be_scraped
https://en.wikipedia.org/wiki/Ciampino%E2%80%93G._B._Pastine_International_Airport,3,,,to_be_scraped
https://en.wikipedia.org/wiki/Corfu_Airport,3,,,to_be_scraped
https://en.wikipedia.org/wiki/Fiumicino_Airport,3,,,to_be_scraped
https://en.wikipedia.org/wiki/Katowice_International_Airport,3,,,to_be_scraped
https://en.wikipedia.org/wiki/Târgu_Mureș_International_Airport,3,,,to_be_scraped
https://en.wikipedia.org/wiki/Şymkent_Airport,3,,,to_be_scraped
https://en.wikipedia.org/wiki/Buchanan_Field_Airport,3,,,to_be_scraped
https://en.wikipedia.org/wiki/Middle_Georgia_Regional_Airport,3,,,to_be_scraped
https://en.wikipedia.org/wiki/Cuneo_International_Airport,3,,,to_be_scraped
https://en.wikipedia.org/wiki/Aswan_International_Airport,3,,,to_be_scraped
https://en.wikipedia.org/wiki/Anqing_Tianzhushan_Airport,3,,,to_be_scraped
https://en.wikipedia.org/wiki/Anshan_Teng%27ao_Airport,3,,,to_be_scraped
https://en.wikipedia.org/wiki/Baise_Bama_Airport,3,,,to_be_scraped
https://en.wikipedia.org/wiki/Chengde_Puning_Airport,3,,,to_be_scraped
https://en.wikipedia.org/wiki/Dehong_Mangshi_Airport,3,,,to_be_scraped
https://en.wikipedia.org/wiki/Diqing_Shangri-La_Airport,3,,,to_be_scraped
https://en.wikipedia.org/wiki/Guyuan_Liupanshan_Airport,3,,,to_be_scraped
https://en.wikipedia.org/wiki/Jinzhou_Bay_Airport,3,,,to_be_scraped
https://en.wikipedia.org/wiki/Lhasa_Gonggar_International_Airport,3,,,to_be_scraped
https://en.wikipedia.org/wiki/Port_Moresby_International_Airport,3,,,to_be_scraped
https://en.wikipedia.org/wiki/Qionghai_Bo%27ao_Airport,3,,,to_be_scraped
https://en.wikipedia.org/wiki/Tawau_Airport,3,,,to_be_scraped
https://en.wikipedia.org/wiki/Tonghua_Sanyuanpu_Airport,3,,,to_be_scraped
https://en.wikipedia.org/wiki/Weifang_Airport,3,,,to_be_scraped
https://en.wikipedia.org/wiki/Wuxi_Shuofang_Airport,3,,,to_be_scraped
https://en.wikipedia.org/wiki/Xinzhou_Wutaishan_Airport,3,,,to_be_scraped
https://en.wikipedia.org/wiki/Fujairah_International_Airport,3,,,to_be_scraped
https://en.wikipedia.org/wiki/Jose_Maria_Cordova_International_Airport,3,,,to_be_scraped
https://en.wikipedia.org/wiki/St._George_Airport_(Alaska),3,,,to_be_scraped
https://en.wikipedia.org/wiki/Abane_Ramdane_Airport,3,,,to_be_scraped
https://en.wikipedia.org/wiki/Biskra_Airport,3,,,to_be_scraped
https://en.wikipedia.org/wiki/Ces%C3%A1ria_%C3%89vora_Airport,3,,,to_be_scraped
https://en.wikipedia.org/wiki/Djibouti%E2%80%93Ambouli_International_Airport,3,,,to_be_scraped
https://en.wikipedia.org/wiki/Faa%27a_International_Airport,3,,,to_be_scraped
https://en.wikipedia.org/wiki/N%27Djamena_International_Airport,3,,,to_be_scraped
"https://en.wikipedia.org/wiki/Troms%C3%B8_Airport,_Langnes",3,,,to_be_scraped
https://en.wikipedia.org/wiki/Yaound%C3%A9_Nsimalen_International_Airport,3,,,to_be_scraped
https://en.wikipedia.org/wiki/Bucharest_Otopeni_Airport,3,,,to_be_scraped
https://en.wikipedia.org/wiki/Hang_Nadim_International_Airport,3,,,to_be_scraped
https://en.wikipedia.org/wiki/Sultan_Abdul_Aziz_Shah_Airport,3,,,to_be_scraped
https://en.wikipedia.org/wiki/Komodo_International_Airport,3,,,to_be_scraped
https://en.wikipedia.org/wiki/Lombok_International_Airport,3,,,to_be_scraped
https://en.wikipedia.org/wiki/Minangkabau_International_Airport,3,,,to_be_scraped
https://en.wikipedia.org/wiki/Sultan_Mahmud_Badaruddin_II_International_Airport,3,,,to_be_scraped
https://en.wikipedia.org/wiki/Sultan_Syarif_Kasim_II_International_Airport,3,,,to_be_scraped
https://en.wikipedia.org/wiki/Jenderal_Ahmad_Yani_International_Airport,3,,,to_be_scraped
https://en.wikipedia.org/wiki/Gaziantep_O%C4%9Fuzeli_Airport,3,,,to_be_scraped
https://en.wikipedia.org/wiki/Zonguldak_Airport,3,,,to_be_scraped
https://en.wikipedia.org/wiki/Medina_Airport,3,,,to_be_scraped
https://en.wikipedia.org/wiki/Ostend–Bruges_International_Airport,3,,,to_be_scraped
https://en.wikipedia.org/wiki/Salisbury_Regional_Airport,3,,,to_be_scraped
https://en.wikipedia.org/wiki/Barcelona%E2%80%93El_Prat_Josep_Tarradellas_Airport,3,,,to_be_scraped
https://en.wikipedia.org/wiki/EuroAirport_Basel-Mulhouse-Freiburg,3,,,to_be_scraped
https://en.wikipedia.org/wiki/Lyon-Saint_Exup%C3%A9ry_Airport,3,,,to_be_scraped
https://en.wikipedia.org/wiki/Moulay_Ali_Cherif_Airport,3,,,to_be_scraped
https://en.wikipedia.org/wiki/Hanimaadhoo_International_Airport,3,,,to_be_scraped
https://en.wikipedia.org/wiki/General_Enrique_Mosconi_International_Airport,3,,,to_be_scraped
https://en.wikipedia.org/wiki/Astor_Piazzolla_International_Airport,3,,,to_be_scraped
https://en.wikipedia.org/wiki/Presidente_Perón_International_Airport,3,,,to_be_scraped
https://en.wikipedia.org/wiki/Cataratas_del_Iguazú_International_Airport,3,,,to_be_scraped
https://en.wikipedia.org/wiki/Recife/Guararapes–Gilberto_Freyre_International_Airport,3,,,to_be_scraped
https://en.wikipedia.org/wiki/St._Pete-Clearwater_International_Airport,3,,,to_be_scraped
https://en.wikipedia.org/wiki/Karlstad_Airport,3,,,to_be_scraped
https://en.wikipedia.org/wiki/Francisco_de_Sá_Carneiro_Airport,3,,,to_be_scraped
https://en.wikipedia.org/wiki/Rodez–Aveyron_Airport,3,,,to_be_scraped
https://en.wikipedia.org/wiki/Reno-Tahoe_International_Airport,3,,,to_be_scraped
https://en.wikipedia.org/wiki/Montr%C3%A9al%E2%80%93Trudeau,3,,,to_be_scraped
https://en.wikipedia.org/wiki/Toronto%E2%80%93Pearson,3,,,to_be_scraped
https://en.wikipedia.org/wiki/Brownsville/South_Padre_Island_International_Airport,3,,,to_be_scraped
https://en.wikipedia.org/wiki/Kadala_Airport,3,,,to_be_scraped
https://en.wikipedia.org/wiki/Kirovsk-Apatity_Airport,3,,,to_be_scraped
https://en.wikipedia.org/wiki/Schiphol_Airport,3,,,to_be_scraped
https://en.wikipedia.org/wiki/Presidente_Nicolau_Lobato_International_Airport,3,,,to_be_scraped
https://en.wikipedia.org/wiki/Gold_Coast_Airport,3,,,to_be_scraped
https://en.wikipedia.org/wiki/Sunshine_Coast_Airport,3,,,to_be_scraped
https://en.wikipedia.org/wiki/San_Jose_Mineta_International_Airport,3,,,to_be_scraped
https://en.wikipedia.org/wiki/Malatya_Erha%C3%A7_Airport,3,,,to_be_scraped
https://en.wikipedia.org/wiki/Ordu%E2%80%93Giresun_Airport,3,,,to_be_scraped
https://en.wikipedia.org/wiki/Dasht-e_Naz_Airport,3,,,to_be_scraped
https://en.wikipedia.org/wiki/Al-Ahsa_International_Airport,3,,,to_be_scraped
https://en.wikipedia.org/wiki/Ayatollah_Hashemi_Rafsanjani_Airport,3,,,to_be_scraped
https://en.wikipedia.org/wiki/Bandar_Abbas_International_Airport,3,,,to_be_scraped
https://en.wikipedia.org/wiki/Gautam_Buddha_Airport,3,,,to_be_scraped
https://en.wikipedia.org/wiki/Hargeisa_International_Airport,3,,,to_be_scraped
https://en.wikipedia.org/wiki/Larestan_Ayatollah_Ayatollahi_International_Airport,3,,,to_be_scraped
https://en.wikipedia.org/wiki/Lusaka_International_Airport,3,,,to_be_scraped
https://en.wikipedia.org/wiki/Qeshm_International_Airport,3,,,to_be_scraped
https://en.wikipedia.org/wiki/Quetta_International_Airport,3,,,to_be_scraped
https://en.wikipedia.org/wiki/Skardu_International_Airport,3,,,to_be_scraped
https://en.wikipedia.org/wiki/Kisumu_International_Airport,3,,,to_be_scraped
https://en.wikipedia.org/wiki/Seronera_Airstrip,3,,,to_be_scraped
https://en.wikipedia.org/wiki/Stornoway_Airport,3,,,to_be_scraped
https://en.wikipedia.org/wiki/Governor's_Harbour_Airport,3,,,to_be_scraped
https://en.wikipedia.org/wiki/Tokat_Airport,3,,,to_be_scraped
https://en.wikipedia.org/wiki/Lom%C3%A9%E2%80%93Tokoin_International_Airport,3,,,to_be_scraped
https://en.wikipedia.org/wiki/Mbuji_Mayi_Airport,3,,,to_be_scraped
https://en.wikipedia.org/wiki/Simon_Mwansa_Kapwepwe_International_Airport,3,,,to_be_scraped
https://en.wikipedia.org/wiki/Mihail_Kog%C4%83lniceanu_International_Airport,3,,,to_be_scraped
https://en.wikipedia.org/wiki/Heraklion_Airport,3,,,to_be_scraped
https://en.wikipedia.org/wiki/Kos_Airport,3,,,to_be_scraped
https://en.wikipedia.org/wiki/Wroclaw_Airport,3,,,to_be_scraped
https://en.wikipedia.org/wiki/Marina_di_Campo_Airport,3,,,to_be_scraped
https://en.wikipedia.org/wiki/Luxembourg_–_Findel_Airport,3,,,to_be_scraped
https://en.wikipedia.org/wiki/Alghero_Airport,3,,,to_be_scraped
https://en.wikipedia.org/wiki/Hotan_Kungang_Airport,3,,,to_be_scraped
https://en.wikipedia.org/wiki/Qitai_Jiangbulake_Airport,3,,,to_be_scraped
https://en.wikipedia.org/wiki/Tacheng_Qianquan_Airport,3,,,to_be_scraped
https://en.wikipedia.org/wiki/South_Bimini_Airport,3,,,to_be_scraped
https://en.wikipedia.org/wiki/Djerba_Airport,3,,,to_be_scraped
https://en.wikipedia.org/wiki/Heringsdorf_Airport,3,,,to_be_scraped
https://en.wikipedia.org/wiki/Boeing_Field,3,,,to_be_scraped
https://en.wikipedia.org/wiki/Liverpool_Airport,3,,,to_be_scraped
https://en.wikipedia.org/wiki/Alderney_Airport,3,,,to_be_scraped
https://en.wikipedia.org/wiki/Heraklion_International_Airport_%22Nikos_Kazantzakis%22,3,,,to_be_scraped
https://en.wikipedia.org/wiki/Salerno_Airport,3,,,to_be_scraped
https://en.wikipedia.org/wiki/Orenburg_Airport,3,,,to_be_scraped
https://en.wikipedia.org/wiki/Nakhchivan_International_Airport,3,,,to_be_scraped
https://en.wikipedia.org/wiki/Arvidsjaur_Airport,3,,,to_be_scraped
https://en.wikipedia.org/wiki/Huaihua_Zhijiang_Airport,3,,,to_be_scraped
https://en.wikipedia.org/wiki/Lanzhou_Zhongchuan_Airport,3,,,to_be_scraped
https://en.wikipedia.org/wiki/Shaoguan_Danxia_Airport,3,,,to_be_scraped
https://en.wikipedia.org/wiki/Minneapolis/St._Paul_International_Airport,3,,,to_be_scraped
https://en.wikipedia.org/wiki/Arlanda_Airport,3,,,to_be_scraped
https://en.wikipedia.org/wiki/Haneda_International_Airport,3,,,to_be_scraped
https://en.wikipedia.org/wiki/Brno%E2%80%93Tu%C5%99any_Airport,3,,,to_be_scraped
https://en.wikipedia.org/wiki/Ostend%E2%80%93Bruges_International_Airport,3,,,to_be_scraped
https://en.wikipedia.org/wiki/Aksu_Airport,3,,,to_be_scraped
https://en.wikipedia.org/wiki/Linfen_Yaodu_Airport,3,,,to_be_scraped
https://en.wikipedia.org/wiki/Zhongwei_Shapotou_Airport,3,,,to_be_scraped
https://en.wikipedia.org/wiki/Francisco_Bangoy_International_Airport,3,,,to_be_scraped
https://en.wikipedia.org/wiki/Iloilo_International_Airport,3,,,to_be_scraped
https://en.wikipedia.org/wiki/Jacksons_International_Airport,3,,,to_be_scraped
https://en.wikipedia.org/wiki/Roman_Tmetuchl_International_Airport,3,,,to_be_scraped
https://en.wikipedia.org/wiki/Saipan_International_Airport,3,,,to_be_scraped
https://en.wikipedia.org/wiki/Amami_Airport,3,,,to_be_scraped
https://en.wikipedia.org/wiki/Asahikawa_Airport,3,,,to_be_scraped
https://en.wikipedia.org/wiki/Kitakyushu_Airport,3,,,to_be_scraped
https://en.wikipedia.org/wiki/Kumamoto_Airport,3,,,to_be_scraped
https://en.wikipedia.org/wiki/Kushiro_Airport,3,,,to_be_scraped
https://en.wikipedia.org/wiki/Matsuyama_Airport,3,,,to_be_scraped
https://en.wikipedia.org/wiki/Okayama_Airport,3,,,to_be_scraped
https://en.wikipedia.org/wiki/Oita_Airport,3,,,to_be_scraped
https://en.wikipedia.org/wiki/Victoria_Falls_Airport,3,,,to_be_scraped
https://en.wikipedia.org/wiki/Ogdensburg_International_Airport,3,,,to_be_scraped
https://en.wikipedia.org/wiki/Cat_Bi_International_Airport,3,,,to_be_scraped
https://en.wikipedia.org/wiki/Minneapolis-St._Paul_International_Airport,3,,,to_be_scraped
https://en.wikipedia.org/wiki/Kaluga_(Grabtsevo)_Airport,3,,,to_be_scraped
https://en.wikipedia.org/wiki/L%C3%A9on-Mba_International_Airport,3,,,to_be_scraped
https://en.wikipedia.org/wiki/Morava_Airport,3,,,to_be_scraped
https://en.wikipedia.org/wiki/Rize-Artvin_Airport,3,,,to_be_scraped
https://en.wikipedia.org/wiki/Stavropol_Shpakovskoye_Airport,3,,,to_be_scraped
https://en.wikipedia.org/wiki/Abu_Dhabi_Airport,3,,,to_be_scraped
https://en.wikipedia.org/wiki/Livingstone_Airport,3,,,to_be_scraped
https://en.wikipedia.org/wiki/Mallam_Aminu_Kano_International_Airport,3,,,to_be_scraped
https://en.wikipedia.org/wiki/Bodø_Airport,3,,,to_be_scraped
https://en.wikipedia.org/wiki/Mattala_Rajapaksa_International_Airport,3,,,to_be_scraped
https://en.wikipedia.org/wiki/Bukhara_Airport,3,,,to_be_scraped
https://en.wikipedia.org/wiki/Usinsk_Airport,3,,,to_be_scraped
https://en.wikipedia.org/wiki/London%E2%80%93Heathrow,3,,,to_be_scraped
https://en.wikipedia.org/wiki/Paris%E2%80%93Charles_de_Gaulle,3,,,to_be_scraped
https://en.wikipedia.org/wiki/Berlin_Airport,3,,,to_be_scraped
https://en.wikipedia.org/wiki/Termez_Airport,3,,,to_be_scraped
https://en.wikipedia.org/wiki/Ukhta_Airport,3,,,to_be_scraped
https://en.wikipedia.org/wiki/Calvi_Airport,3,,,to_be_scraped
https://en.wikipedia.org/wiki/Rabil_Airport,3,,,to_be_scraped
https://en.wikipedia.org/wiki/Horta_Airport,3,,,to_be_scraped
https://en.wikipedia.org/wiki/Pico_Airport,3,,,to_be_scraped
https://en.wikipedia.org/wiki/B%C3%A9ziers_Cap_d%27Agde_Airport,3,,,to_be_scraped
https://en.wikipedia.org/wiki/Rzesz%C3%B3w-Jasionka_Airport,3,,,to_be_scraped
https://en.wikipedia.org/wiki/Ajaccio_–_Napoléon_Bonaparte_Airport,3,,,to_be_scraped
https://en.wikipedia.org/wiki/Zenata_–_Messali_El_Hadj_Airport,3,,,to_be_scraped
https://en.wikipedia.org/wiki/Nuevo_Laredo_International_Airport,3,,,to_be_scraped
https://en.wikipedia.org/wiki/Cancun_International_Airport,3,,,to_be_scraped
https://en.wikipedia.org/wiki/Basel_Airport,3,,,to_be_scraped
https://en.wikipedia.org/wiki/Osijek_Airport,3,,,to_be_scraped
https://en.wikipedia.org/wiki/Fascene_Airport,3,,,to_be_scraped
https://en.wikipedia.org/wiki/Hagerstown_Regional_Airport,3,,,to_be_scraped
https://en.wikipedia.org/wiki/Niagara_Falls_International_Airport,3,,,to_be_scraped
https://en.wikipedia.org/wiki/Faa'a_International_Airport,3,,,to_be_scraped
https://en.wikipedia.org/wiki/Federico_García_Lorca_Granada_Airport,3,,,to_be_scraped
https://en.wikipedia.org/wiki/Luleå_Airport,3,,,to_be_scraped
https://en.wikipedia.org/wiki/Solidarity_Szczecin%E2%80%93Goleni%C3%B3w_Airport,3,,,to_be_scraped
https://en.wikipedia.org/wiki/Karamay_Airport,3,,,to_be_scraped
https://en.wikipedia.org/wiki/Tongliao_Airport,3,,,to_be_scraped
https://en.wikipedia.org/wiki/Xilinhot_Airport,3,,,to_be_scraped
https://en.wikipedia.org/wiki/Concord_Regional_Airport,3,,,to_be_scraped
https://en.wikipedia.org/wiki/Dehong_Mangshi_International_Airport,3,,,to_be_scraped
https://en.wikipedia.org/wiki/Korla_Licheng_Airport,3,,,to_be_scraped
https://en.wikipedia.org/wiki/Lincang_Boshang_Airport,3,,,to_be_scraped
https://en.wikipedia.org/wiki/Rafael_Hernández_Airport,3,,,to_be_scraped
https://en.wikipedia.org/wiki/Antonio_Rivera_Rodr%C3%ADguez_Airport,3,,,to_be_scraped
https://en.wikipedia.org/wiki/Qinhuangdao_Beidaihe_Airport,3,,,to_be_scraped
https://en.wikipedia.org/wiki/Vilnius_International_Airport,3,,,to_be_scraped
https://en.wikipedia.org/wiki/Tobías_Bolaños_International_Airport,3,,,to_be_scraped
https://en.wikipedia.org/wiki/Nakina_Airport,3,,,to_be_scraped
https://en.wikipedia.org/wiki/Winnipeg_Airport,3,,,to_be_scraped
https://en.wikipedia.org/wiki/Gazipa%C5%9Fa%E2%80%93Alanya_Airport,2,,,to_be_scraped
https://en.wikipedia.org/wiki/Scandinavian_Mountains_Airport,2,,,to_be_scraped
https://en.wikipedia.org/wiki/Pointe_Noire_Airport,2,,,to_be_scraped
https://en.wikipedia.org/wiki/Yaoundé_Nsimalen_International_Airport,2,,,to_be_scraped
https://en.wikipedia.org/wiki/Ibadan_Airport,2,,,to_be_scraped
https://en.wikipedia.org/wiki/Esbjerg_Airport,2,,,to_be_scraped
https://en.wikipedia.org/wiki/Vigo%E2%80%93Peinador_Airport,2,,,to_be_scraped
https://en.wikipedia.org/wiki/Barnstable_Municipal_Airport,2,,,to_be_scraped
https://en.wikipedia.org/wiki/Ağrı_Airport,2,,,to_be_scraped
https://en.wikipedia.org/wiki/Gaziantep_Oğuzeli_Airport,2,,,to_be_scraped
https://en.wikipedia.org/wiki/Ordu-Giresun_Airport,2,,,to_be_scraped
https://en.wikipedia.org/wiki/Socotra_Airport,2,,,to_be_scraped
https://en.wikipedia.org/wiki/Al-Maktoum_International_Airport,2,,,to_be_scraped
https://en.wikipedia.org/wiki/Ramon_Airport,2,,,to_be_scraped
https://en.wikipedia.org/wiki/Ivanovo_Yuzhny_Airport,2,,,to_be_scraped
https://en.wikipedia.org/wiki/Grabtsevo_Airport,2,,,to_be_scraped
https://en.wikipedia.org/wiki/Alexei_Leonov_Kemerovo_International_Airport,2,,,to_be_scraped
https://en.wikipedia.org/wiki/Penza_Vissarion_Belinsky_Airport,2,,,to_be_scraped
https://en.wikipedia.org/wiki/Ufa_Airport,2,,,to_be_scraped
https://en.wikipedia.org/wiki/Al-Baha_Domestic_Airport,2,,,to_be_scraped
https://en.wikipedia.org/wiki/King_Abdul_Aziz_International_Airport,2,,,to_be_scraped
https://en.wikipedia.org/wiki/Sharurah_Domestic_Airport,2,,,to_be_scraped
https://en.wikipedia.org/wiki/Wadi_al-Dawasir_Domestic_Airport,2,,,to_be_scraped
https://en.wikipedia.org/wiki/Sion_Airport,2,,,to_be_scraped
https://en.wikipedia.org/wiki/Brooks_Camp,2,,,to_be_scraped
https://en.wikipedia.org/wiki/Clarks_Point_Airport,2,,,to_be_scraped
https://en.wikipedia.org/wiki/Igiugig_Airport,2,,,to_be_scraped
https://en.wikipedia.org/wiki/Levelock_Airport,2,,,to_be_scraped
https://en.wikipedia.org/wiki/South_Naknek_Airport,2,,,to_be_scraped
https://en.wikipedia.org/wiki/Aktau_Airport,2,,,to_be_scraped
https://en.wikipedia.org/wiki/Kostanay_Airport,2,,,to_be_scraped
https://en.wikipedia.org/wiki/Taraz_Airport,2,,,to_be_scraped
https://en.wikipedia.org/wiki/Ili_Yining_International_Airport,2,,,to_be_scraped
https://en.wikipedia.org/wiki/Paris-Charles_de_Gaulle_Airport,2,,,to_be_scraped
https://en.wikipedia.org/wiki/Rome–Fiumicino,2,,,to_be_scraped
https://en.wikipedia.org/wiki/Agra_Airport,2,,,to_be_scraped
https://en.wikipedia.org/wiki/Ayodhya_International_Airport,2,,,to_be_scraped
https://en.wikipedia.org/wiki/Bhuj_Airport,2,,,to_be_scraped
https://en.wikipedia.org/wiki/Diu_Airport,2,,,to_be_scraped
https://en.wikipedia.org/wiki/Gwalior_Airport,2,,,to_be_scraped
https://en.wikipedia.org/wiki/Kishangarh_Airport,2,,,to_be_scraped
https://en.wikipedia.org/wiki/Kolhapur_Airport,2,,,to_be_scraped
https://en.wikipedia.org/wiki/Shri_Guru_Gobind_Singh_Ji_Airport,2,,,to_be_scraped
https://en.wikipedia.org/wiki/Russian_Mission_Airport,2,,,to_be_scraped
https://en.wikipedia.org/wiki/Oslo_Gardermoen_Airport,2,,,to_be_scraped
https://en.wikipedia.org/wiki/Ğabdulla_Tuqay_Kazan_International_Airport,2,,,to_be_scraped
https://en.wikipedia.org/wiki/Baltimore–Washington_International_Airport,2,,,to_be_scraped
https://en.wikipedia.org/wiki/Madrid-Barajas_International_Airport,2,,,to_be_scraped
https://en.wikipedia.org/wiki/Erfurt–Weimar_Airport,2,,,to_be_scraped
https://en.wikipedia.org/wiki/Mahilyow_Airport,2,,,to_be_scraped
https://en.wikipedia.org/wiki/Saarbrücken_Airport,2,,,to_be_scraped
https://en.wikipedia.org/wiki/Vitebsk_Vostochny_Airport,2,,,to_be_scraped
https://en.wikipedia.org/wiki/České_Budějovice_Airport,2,,,to_be_scraped
https://en.wikipedia.org/wiki/Montr%C3%A9al-Trudeau_International_Airport,2,,,to_be_scraped
https://en.wikipedia.org/wiki/Antalya_International_Airport,2,,,to_be_scraped
https://en.wikipedia.org/wiki/Prince_Abdul_Majeed_bin_Abdulaziz_International_Airport,2,,,to_be_scraped
https://en.wikipedia.org/wiki/Alfonso_L%C3%B3pez_Pumarejo_Airport,2,,,to_be_scraped
https://en.wikipedia.org/wiki/Almirante_Padilla_Airport,2,,,to_be_scraped
https://en.wikipedia.org/wiki/Hacaritama_Airport,2,,,to_be_scraped
https://en.wikipedia.org/wiki/Panam%C3%A1_Pac%C3%ADfico_International_Airport,2,,,to_be_scraped
https://en.wikipedia.org/wiki/Jeypore_Airport,2,,,to_be_scraped
https://en.wikipedia.org/wiki/Veer_Surendra_Sai_Airport,2,,,to_be_scraped
https://en.wikipedia.org/wiki/Catania-Fontanarossa_Airport,2,,,to_be_scraped
https://en.wikipedia.org/wiki/Gda%C5%84sk_Airport,2,,,to_be_scraped
https://en.wikipedia.org/wiki/Krak%C3%B3w_Airport,2,,,to_be_scraped
https://en.wikipedia.org/wiki/Kutaisi_Airport,2,,,to_be_scraped
https://en.wikipedia.org/wiki/Rennes_Airport,2,,,to_be_scraped
https://en.wikipedia.org/wiki/Misrata_International_Airport,2,,,to_be_scraped
https://en.wikipedia.org/wiki/Sabha_Airport,2,,,to_be_scraped
https://en.wikipedia.org/wiki/Paris–Charles_de_Gaulle_Airport,2,,,to_be_scraped
https://en.wikipedia.org/wiki/Montpellier_Airport,2,,,to_be_scraped
https://en.wikipedia.org/wiki/Toulon_Airport,2,,,to_be_scraped
https://en.wikipedia.org/wiki/Emmonak_Airport,2,,,to_be_scraped
https://en.wikipedia.org/wiki/Marshall_Don_Hunter_Sr._Airport,2,,,to_be_scraped
https://en.wikipedia.org/wiki/Mountain_Village_Airport,2,,,to_be_scraped
https://en.wikipedia.org/wiki/Pilot_Station_Airport,2,,,to_be_scraped
https://en.wikipedia.org/wiki/Nampula_Airport,2,,,to_be_scraped
https://en.wikipedia.org/wiki/Los_Colonizadores_Airport,2,,,to_be_scraped
https://en.wikipedia.org/wiki/Arthur_Napoleon_Raymond_Robinson_International_Airport,2,,,to_be_scraped
https://en.wikipedia.org/wiki/Washington_Dulles_International_Airport,2,,,to_be_scraped
https://en.wikipedia.org/wiki/Keflavik_International_Airport,2,,,to_be_scraped
https://en.wikipedia.org/wiki/Esenboga_International_Airport,2,,,to_be_scraped
https://en.wikipedia.org/wiki/Mashhad_International_Airport,2,,,to_be_scraped
https://en.wikipedia.org/wiki/Prince_Mohammad_bin_Abdulaziz_Airport,2,,,to_be_scraped
https://en.wikipedia.org/wiki/Beauvais-Till%C3%A9_Airport,2,,,to_be_scraped
https://en.wikipedia.org/wiki/Brno_Airport,2,,,to_be_scraped
https://en.wikipedia.org/wiki/Trapani-Birgi_Airport,2,,,to_be_scraped
https://en.wikipedia.org/wiki/Băneasa_Airport,2,,,to_be_scraped
https://en.wikipedia.org/wiki/Mandalay_International_Airport,2,,,to_be_scraped
https://en.wikipedia.org/wiki/Surat_Thani_International_Airport,2,,,to_be_scraped
https://en.wikipedia.org/wiki/Yichang_Sanxia_International_Airport,2,,,to_be_scraped
https://en.wikipedia.org/wiki/Lopez_Island_Airport,2,,,to_be_scraped
https://en.wikipedia.org/wiki/Orcas_Island_Airport,2,,,to_be_scraped
https://en.wikipedia.org/wiki/Roche_Harbor_Airport,2,,,to_be_scraped
https://en.wikipedia.org/wiki/Brussels_International_Airport,2,,,to_be_scraped
https://en.wikipedia.org/wiki/Sabiha_Gökçen_Airport,2,,,to_be_scraped
https://en.wikipedia.org/wiki/Marrakech-Menara_Airport,2,,,to_be_scraped
https://en.wikipedia.org/wiki/Trapani–Birgi_Airport,2,,,to_be_scraped
https://en.wikipedia.org/wiki/Ayodhya_Airport,2,,,to_be_scraped
https://en.wikipedia.org/wiki/Bareilly_Airport,2,,,to_be_scraped
https://en.wikipedia.org/wiki/Deoghar_Airport,2,,,to_be_scraped
https://en.wikipedia.org/wiki/Dibrugarh_Airport,2,,,to_be_scraped
https://en.wikipedia.org/wiki/Gorakhpur_Airport,2,,,to_be_scraped
https://en.wikipedia.org/wiki/Hubli_Airport,2,,,to_be_scraped
https://en.wikipedia.org/wiki/Jabalpur_Airport,2,,,to_be_scraped
https://en.wikipedia.org/wiki/Jharsuguda_Airport,2,,,to_be_scraped
https://en.wikipedia.org/wiki/Kochi_International_Airport,2,,,to_be_scraped
https://en.wikipedia.org/wiki/Kurnool_Airport,2,,,to_be_scraped
https://en.wikipedia.org/wiki/Maharaja_Bir_Bikram_Airport,2,,,to_be_scraped
https://en.wikipedia.org/wiki/Sheikh_ul-Alam_International_Airport,2,,,to_be_scraped
https://en.wikipedia.org/wiki/Shimoga_Airport,2,,,to_be_scraped
https://en.wikipedia.org/wiki/Shirdi_Airport,2,,,to_be_scraped
https://en.wikipedia.org/wiki/Sindhudurg_Airport,2,,,to_be_scraped
https://en.wikipedia.org/wiki/Tirupati_Airport,2,,,to_be_scraped
https://en.wikipedia.org/wiki/Jonesboro_Municipal_Airport,2,,,to_be_scraped
https://en.wikipedia.org/wiki/Tupelo_Regional_Airport,2,,,to_be_scraped
https://en.wikipedia.org/wiki/Waynesville-St._Robert_Regional_Airport,2,,,to_be_scraped
https://en.wikipedia.org/wiki/Sal_Airport,2,,,to_be_scraped
https://en.wikipedia.org/wiki/Toulon–Hyères_Airport,2,,,to_be_scraped
https://en.wikipedia.org/wiki/Alejandro_Velasco_Astete_International_Airport,2,,,to_be_scraped
https://en.wikipedia.org/wiki/Benito_Salas_Airport,2,,,to_be_scraped
https://en.wikipedia.org/wiki/El_Ed%C3%A9n_International_Airport,2,,,to_be_scraped
https://en.wikipedia.org/wiki/La_Florida_Airport_(Colombia),2,,,to_be_scraped
https://en.wikipedia.org/wiki/Sim%C3%B3n_Bol%C3%ADvar_International_Airport_(Colombia),2,,,to_be_scraped
https://en.wikipedia.org/wiki/Tres_de_Mayo_Airport,2,,,to_be_scraped
https://en.wikipedia.org/wiki/Pullman%E2%80%93Moscow_Regional_Airport,2,,,to_be_scraped
https://en.wikipedia.org/wiki/Lennart_Meri_Tallinn_Airport,2,,,to_be_scraped
https://en.wikipedia.org/wiki/Adirondack_Regional_Airport,2,,,to_be_scraped
https://en.wikipedia.org/wiki/Lebanon_Municipal_Airport_(New_Hampshire),2,,,to_be_scraped
https://en.wikipedia.org/wiki/Provincetown_Municipal_Airport,2,,,to_be_scraped
https://en.wikipedia.org/wiki/Mostar_Airport,2,,,to_be_scraped
https://en.wikipedia.org/wiki/Anadolu_Airport,2,,,to_be_scraped
https://en.wikipedia.org/wiki/Hasan_Polatkan_Airport,2,,,to_be_scraped
"https://en.wikipedia.org/wiki/Tromsø_Airport,_Langnes",2,,,to_be_scraped
https://en.wikipedia.org/wiki/Nuiqsut_Airport,2,,,to_be_scraped
https://en.wikipedia.org/wiki/Boa_Vista_International_Airport,2,,,to_be_scraped
https://en.wikipedia.org/wiki/Campo_Grande_International_Airport,2,,,to_be_scraped
https://en.wikipedia.org/wiki/Governador_Jorge_Teixeira_de_Oliveira_International_Airport,2,,,to_be_scraped
https://en.wikipedia.org/wiki/Imperatriz_Airport,2,,,to_be_scraped
https://en.wikipedia.org/wiki/Palmas_Airport,2,,,to_be_scraped
https://en.wikipedia.org/wiki/Rio_Branco_International_Airport,2,,,to_be_scraped
https://en.wikipedia.org/wiki/Salgado_Filho_International_Airport,2,,,to_be_scraped
https://en.wikipedia.org/wiki/Santos_Dumont_Airport,2,,,to_be_scraped
https://en.wikipedia.org/wiki/Sinop_Airport_(Brazil),2,,,to_be_scraped
https://en.wikipedia.org/wiki/S%C3%A3o_Jos%C3%A9_do_Rio_Preto_Airport,2,,,to_be_scraped
https://en.wikipedia.org/wiki/S%C3%A3o_Paulo%E2%80%93Congonhas_Airport,2,,,to_be_scraped
https://en.wikipedia.org/wiki/Banja_Luka_Airport,2,,,to_be_scraped
https://en.wikipedia.org/wiki/Cagliari%E2%80%93Elmas_Airport,2,,,to_be_scraped
https://en.wikipedia.org/wiki/Capital_International_Airport_(Egypt),2,,,to_be_scraped
https://en.wikipedia.org/wiki/Ohrid_Airport,2,,,to_be_scraped
https://en.wikipedia.org/wiki/Minneapolis-St_Paul_International_Airport,2,,,to_be_scraped
https://en.wikipedia.org/wiki/Amman_Airport,2,,,to_be_scraped
https://en.wikipedia.org/wiki/Las_Palmas_Airport,2,,,to_be_scraped
https://en.wikipedia.org/wiki/Napa_County_Airport,2,,,to_be_scraped
https://en.wikipedia.org/wiki/Aosta_Valley_Airport,2,,,to_be_scraped
https://en.wikipedia.org/wiki/Djibouti–Ambouli_International_Airport,2,,,to_be_scraped
https://en.wikipedia.org/wiki/King_Abdullah_bin_Abdulaziz_Airport,2,,,to_be_scraped
https://en.wikipedia.org/wiki/N'Djamena_International_Airport,2,,,to_be_scraped
https://en.wikipedia.org/wiki/Altay_Airport,2,,,to_be_scraped
https://en.wikipedia.org/wiki/Anyang_Hongqiqu_Airport,2,,,to_be_scraped
https://en.wikipedia.org/wiki/Chongqing_Wushan_Airport,2,,,to_be_scraped
https://en.wikipedia.org/wiki/Christchurch_International_Airport,2,,,to_be_scraped
https://en.wikipedia.org/wiki/Dali_Airport,2,,,to_be_scraped
https://en.wikipedia.org/wiki/Datong_Yungang_Airport,2,,,to_be_scraped
https://en.wikipedia.org/wiki/Dr._Ant%C3%B3nio_Agostinho_Neto_International_Airport,2,,,to_be_scraped
https://en.wikipedia.org/wiki/Fuyang_Xiguan_Airport,2,,,to_be_scraped
https://en.wikipedia.org/wiki/Hechi_Jinchengjiang_Airport,2,,,to_be_scraped
https://en.wikipedia.org/wiki/Hotan_Airport,2,,,to_be_scraped
https://en.wikipedia.org/wiki/Linfen_Qiaoli_Airport,2,,,to_be_scraped
https://en.wikipedia.org/wiki/Meixian_Airport,2,,,to_be_scraped
https://en.wikipedia.org/wiki/Mutiara_SIS_Al-Jufrie_International_Airport,2,,,to_be_scraped
https://en.wikipedia.org/wiki/Panzhihua_Baoanying_Airport,2,,,to_be_scraped
https://en.wikipedia.org/wiki/Senai_International_Airport,2,,,to_be_scraped
https://en.wikipedia.org/wiki/Shuozhou_Zirun_Airport,2,,,to_be_scraped
https://en.wikipedia.org/wiki/Sihanoukville_International_Airport,2,,,to_be_scraped
https://en.wikipedia.org/wiki/Ulanhot_Yilelite_Airport,2,,,to_be_scraped
https://en.wikipedia.org/wiki/Ulanqab_Jining_Airport,2,,,to_be_scraped
https://en.wikipedia.org/wiki/Wenshan_Puzhehei_Airport,2,,,to_be_scraped
https://en.wikipedia.org/wiki/Yichun_Lindu_Airport,2,,,to_be_scraped
https://en.wikipedia.org/wiki/Yingkou_Lanqi_Airport,2,,,to_be_scraped
https://en.wikipedia.org/wiki/Juan_Pablo_Pérez_Alfonzo_Airport,2,,,to_be_scraped
https://en.wikipedia.org/wiki/Josefa_Camejo_International_Airport,2,,,to_be_scraped
https://en.wikipedia.org/wiki/José_Tadeo_Monagas_International_Airport,2,,,to_be_scraped
https://en.wikipedia.org/wiki/Manuel_Carlos_Piar_Guayana_Airport,2,,,to_be_scraped
https://en.wikipedia.org/wiki/Miguel_Urdaneta_Fernández_Airport,2,,,to_be_scraped
https://en.wikipedia.org/wiki/Bamako%E2%80%93S%C3%A9nou_International_Airport,2,,,to_be_scraped
https://en.wikipedia.org/wiki/Bangui_M%27Poko_International_Airport,2,,,to_be_scraped
https://en.wikipedia.org/wiki/Biarritz_%E2%80%93_Anglet_%E2%80%93_Bayonne_Airport,2,,,to_be_scraped
https://en.wikipedia.org/wiki/Cayenne_%E2%80%93_F%C3%A9lix_Ebou%C3%A9_Airport,2,,,to_be_scraped
https://en.wikipedia.org/wiki/Chlef_International_Airport,2,,,to_be_scraped
https://en.wikipedia.org/wiki/Clermont-Ferrand_Auvergne_Airport,2,,,to_be_scraped
https://en.wikipedia.org/wiki/Kiruna_Airport,2,,,to_be_scraped
https://en.wikipedia.org/wiki/Oujda-Angad_Airport,2,,,to_be_scraped
https://en.wikipedia.org/wiki/Zanzibar_Airport,2,,,to_be_scraped
https://en.wikipedia.org/wiki/Syamsudin_Noor_International_Airport,2,,,to_be_scraped
https://en.wikipedia.org/wiki/Sultan_Thaha_Airport,2,,,to_be_scraped
https://en.wikipedia.org/wiki/Dhoho_Airport,2,,,to_be_scraped
https://en.wikipedia.org/wiki/Sultan_Ismail_Petra_Airport,2,,,to_be_scraped
https://en.wikipedia.org/wiki/El_Tari_International_Airport,2,,,to_be_scraped
https://en.wikipedia.org/wiki/Adisoemarmo_International_Airport,2,,,to_be_scraped
https://en.wikipedia.org/wiki/Domine_Eduard_Osok_Airport,2,,,to_be_scraped
https://en.wikipedia.org/wiki/H.A.S._Hanandjoeddin_International_Airport,2,,,to_be_scraped
https://en.wikipedia.org/wiki/Mozes_Kilangin_Airport,2,,,to_be_scraped
https://en.wikipedia.org/wiki/Cox's_Bazar_Airport,2,,,to_be_scraped
https://en.wikipedia.org/wiki/Jessore_Airport,2,,,to_be_scraped
https://en.wikipedia.org/wiki/Saidpur_Airport,2,,,to_be_scraped
https://en.wikipedia.org/wiki/Chicago_O%E2%80%99Hare_International_Airport,2,,,to_be_scraped
https://en.wikipedia.org/wiki/Tunis_Carthage_International_Airport,2,,,to_be_scraped
https://en.wikipedia.org/wiki/Gazipaşa_Airport,2,,,to_be_scraped
https://en.wikipedia.org/wiki/Zurich_International_Airport,2,,,to_be_scraped
https://en.wikipedia.org/wiki/Antonio_Nariño_Airport,2,,,to_be_scraped
https://en.wikipedia.org/wiki/Governor%27s_Harbour_Airport,2,,,to_be_scraped
https://en.wikipedia.org/wiki/Northwest_Alabama_Regional_Airport,2,,,to_be_scraped
https://en.wikipedia.org/wiki/Gan_International_Airport,2,,,to_be_scraped
https://en.wikipedia.org/wiki/Bamako-S%C3%A9nou_International_Airport,2,,,to_be_scraped
https://en.wikipedia.org/wiki/D%C3%BCsseldorf_International_Airport,2,,,to_be_scraped
https://en.wikipedia.org/wiki/Lom%C3%A9-Tokoin_Airport,2,,,to_be_scraped
https://en.wikipedia.org/wiki/Montpellier_%E2%80%93_M%C3%A9diterran%C3%A9e_Airport,2,,,to_be_scraped
https://en.wikipedia.org/wiki/Zagora_Airport,2,,,to_be_scraped
https://en.wikipedia.org/wiki/Hua_Hin_Airport,2,,,to_be_scraped
https://en.wikipedia.org/wiki/Comandante_Armando_Tola_International_Airport,2,,,to_be_scraped
https://en.wikipedia.org/wiki/Gobernador_Horacio_Guzmán_International_Airport,2,,,to_be_scraped
https://en.wikipedia.org/wiki/Yenişehir_Airport,2,,,to_be_scraped
https://en.wikipedia.org/wiki/Van_Ferit_Melen_Airport,2,,,to_be_scraped
https://en.wikipedia.org/wiki/Karup_Midtjylland_Airport,2,,,to_be_scraped
https://en.wikipedia.org/wiki/Sønderborg_Airport,2,,,to_be_scraped
https://en.wikipedia.org/wiki/Perugia_San_Francesco_d'Assisi_–_Umbria_International_Airport,2,,,to_be_scraped
"https://en.wikipedia.org/wiki/Skopje_""Alexander_the_Great""_Airport",2,,,to_be_scraped
https://en.wikipedia.org/wiki/Matecaña_International_Airport,2,,,to_be_scraped
https://en.wikipedia.org/wiki/Centennial_Airport,2,,,to_be_scraped
https://en.wikipedia.org/wiki/Miami%E2%80%93Opa_Locka_Executive_Airport,2,,,to_be_scraped
https://en.wikipedia.org/wiki/Arusha_Airport,2,,,to_be_scraped
https://en.wikipedia.org/wiki/Chileka_International_Airport,2,,,to_be_scraped
https://en.wikipedia.org/wiki/Iringa_Airport,2,,,to_be_scraped
https://en.wikipedia.org/wiki/Mafia_Airport,2,,,to_be_scraped
https://en.wikipedia.org/wiki/Pemba_Airport_(Tanzania),2,,,to_be_scraped
https://en.wikipedia.org/wiki/Tanga_Airport,2,,,to_be_scraped
https://en.wikipedia.org/wiki/J._F._Mitchell_Airport,2,,,to_be_scraped
https://en.wikipedia.org/wiki/Grand_Case-Espérance_Airport,2,,,to_be_scraped
https://en.wikipedia.org/wiki/Gaya_Airport,2,,,to_be_scraped
https://en.wikipedia.org/wiki/Hisar_Airport,2,,,to_be_scraped
https://en.wikipedia.org/wiki/Kangra_Airport,2,,,to_be_scraped
https://en.wikipedia.org/wiki/Kushok_Bakula_Rimpochee_Airport,2,,,to_be_scraped
https://en.wikipedia.org/wiki/Mumbai_International_Airport,2,,,to_be_scraped
https://en.wikipedia.org/wiki/Pantnagar_Airport,2,,,to_be_scraped
https://en.wikipedia.org/wiki/Surat_International_Airport,2,,,to_be_scraped
https://en.wikipedia.org/wiki/The_Eastern_Iowa_Airport,2,,,to_be_scraped
https://en.wikipedia.org/wiki/Boone_County_Airport_(Arkansas),2,,,to_be_scraped
https://en.wikipedia.org/wiki/Flagstaff_Pulliam_Airport,2,,,to_be_scraped
https://en.wikipedia.org/wiki/Memorial_Field_Airport,2,,,to_be_scraped
https://en.wikipedia.org/wiki/Yuma_International_Airport,2,,,to_be_scraped
https://en.wikipedia.org/wiki/Ganja_Airport,2,,,to_be_scraped
https://en.wikipedia.org/wiki/Ignatyevo_Airport,2,,,to_be_scraped
https://en.wikipedia.org/wiki/Kulob_Airport,2,,,to_be_scraped
https://en.wikipedia.org/wiki/Volgograd_International_Airport,2,,,to_be_scraped
https://en.wikipedia.org/wiki/Jorge_Chavez_International_Airport,2,,,to_be_scraped
"https://en.wikipedia.org/wiki/Newcastle_Airport,_New_South_Wales",2,,,to_be_scraped
https://en.wikipedia.org/wiki/Praia_International_Airport,2,,,to_be_scraped
https://en.wikipedia.org/wiki/Donegal_Airport,2,,,to_be_scraped
https://en.wikipedia.org/wiki/Perpignan–Rivesaltes_Airport,2,,,to_be_scraped
https://en.wikipedia.org/wiki/John_Paul_II_International_Airport_Krak%C3%B3w%E2%80%93Balice,2,,,to_be_scraped
https://en.wikipedia.org/wiki/S%C3%A4len/Scandinavian_Mountains_Airport,2,,,to_be_scraped
https://en.wikipedia.org/wiki/Zafer_Airport,2,,,to_be_scraped
https://en.wikipedia.org/wiki/Al_Qaisumah/Hafr_Al_Batin_Airport,2,,,to_be_scraped
https://en.wikipedia.org/wiki/Bushehr_Airport,2,,,to_be_scraped
https://en.wikipedia.org/wiki/Garowe_Airport,2,,,to_be_scraped
https://en.wikipedia.org/wiki/Ha%27il_Regional_Airport,2,,,to_be_scraped
https://en.wikipedia.org/wiki/Lahore_International_Airport,2,,,to_be_scraped
https://en.wikipedia.org/wiki/Najran_Domestic_Airport,2,,,to_be_scraped
https://en.wikipedia.org/wiki/Neom_Airport,2,,,to_be_scraped
https://en.wikipedia.org/wiki/Qassim_Regional_Airport,2,,,to_be_scraped
https://en.wikipedia.org/wiki/Taif_International_Airport,2,,,to_be_scraped
https://en.wikipedia.org/wiki/Bujumbura_International_Airport,2,,,to_be_scraped
https://en.wikipedia.org/wiki/Mara_Serena_Airport,2,,,to_be_scraped
https://en.wikipedia.org/wiki/Detroit_Airport,2,,,to_be_scraped
https://en.wikipedia.org/wiki/Kalamata_Airport,2,,,to_be_scraped
https://en.wikipedia.org/wiki/St._Gallen–Altenrhein_Airport,2,,,to_be_scraped
https://en.wikipedia.org/wiki/Auguste_George_Airport,2,,,to_be_scraped
https://en.wikipedia.org/wiki/Rize–Artvin_Airport,2,,,to_be_scraped
https://en.wikipedia.org/wiki/Diyarbakır_Airport,2,,,to_be_scraped
https://en.wikipedia.org/wiki/Minneapolis/St_Paul_International_Airport,2,,,to_be_scraped
https://en.wikipedia.org/wiki/Domodedovo_International_Airport,2,,,to_be_scraped
https://en.wikipedia.org/wiki/Pulkovo_International_Airport,2,,,to_be_scraped
https://en.wikipedia.org/wiki/Quebec_City_Jean_Lesage_International_Airport,2,,,to_be_scraped
"https://en.wikipedia.org/wiki/St_Mary's_Airport,_Isles_of_Scilly",2,,,to_be_scraped
https://en.wikipedia.org/wiki/Newark_International_Airport,2,,,to_be_scraped
https://en.wikipedia.org/wiki/Addis_Ababa_International_Airport,2,,,to_be_scraped
https://en.wikipedia.org/wiki/Cataratas_del_Iguaz%C3%BA_International_Airport,2,,,to_be_scraped
https://en.wikipedia.org/wiki/Ushuaia_%E2%80%93_Malvinas_Argentinas_International_Airport,2,,,to_be_scraped
https://en.wikipedia.org/wiki/Barter_Island_LRRS_Airport,2,,,to_be_scraped
https://en.wikipedia.org/wiki/Dawson_City_Airport,2,,,to_be_scraped
https://en.wikipedia.org/wiki/Kamina_Airport,2,,,to_be_scraped
https://en.wikipedia.org/wiki/Kananga_Airport,2,,,to_be_scraped
https://en.wikipedia.org/wiki/Nosy_Be_Airport,2,,,to_be_scraped
https://en.wikipedia.org/wiki/Cayenne_–_Rochambeau_Airport,2,,,to_be_scraped
https://en.wikipedia.org/wiki/Quebec_City_Airport,2,,,to_be_scraped
https://en.wikipedia.org/wiki/Goma_International_Airport,2,,,to_be_scraped
https://en.wikipedia.org/wiki/Agostinho-Neto_International_Airport,2,,,to_be_scraped
https://en.wikipedia.org/wiki/Timi%C8%99oara_Airport,2,,,to_be_scraped
https://en.wikipedia.org/wiki/Suceava_International_Airport,2,,,to_be_scraped
https://en.wikipedia.org/wiki/Lianyungang_Huaguoshan_Airport,2,,,to_be_scraped
https://en.wikipedia.org/wiki/Shihezi_Huayuan_Airport,2,,,to_be_scraped
https://en.wikipedia.org/wiki/Weihai_Dashuipo_International_Airport,2,,,to_be_scraped
https://en.wikipedia.org/wiki/Mykonos_International_Airport,2,,,to_be_scraped
https://en.wikipedia.org/wiki/Port_Harcourt_International_Airport,2,,,to_be_scraped
https://en.wikipedia.org/wiki/Victoria_Falls_International_Airport,2,,,to_be_scraped
https://en.wikipedia.org/wiki/Windhoek_Airport,2,,,to_be_scraped
https://en.wikipedia.org/wiki/Cape_Town_Airport,2,,,to_be_scraped
https://en.wikipedia.org/wiki/Kasane_Airport,2,,,to_be_scraped
https://en.wikipedia.org/wiki/Maun_Airport,2,,,to_be_scraped
https://en.wikipedia.org/wiki/Charles_Kirkconnell_International_Airport,2,,,to_be_scraped
https://en.wikipedia.org/wiki/Caxias_do_Sul_Airport,2,,,to_be_scraped
https://en.wikipedia.org/wiki/Goi%C3%A2nia_International_Airport,2,,,to_be_scraped
https://en.wikipedia.org/wiki/Navegantes_Airport,2,,,to_be_scraped
https://en.wikipedia.org/wiki/Mundo_Maya_International_Airport,2,,,to_be_scraped
https://en.wikipedia.org/wiki/Olbia_–_Costa_Smeralda_Airport,2,,,to_be_scraped
https://en.wikipedia.org/wiki/Kurchatov_Chelyabinsk_International_Airport,2,,,to_be_scraped
https://en.wikipedia.org/wiki/Fort_Lauderdale_International_Airport,2,,,to_be_scraped
https://en.wikipedia.org/wiki/Dzaoudzi_Pamandzi_International_Airport,2,,,to_be_scraped
https://en.wikipedia.org/wiki/Chenzhou_Beihu_Airport,2,,,to_be_scraped
https://en.wikipedia.org/wiki/Meizhou_Meixian_Airport,2,,,to_be_scraped
https://en.wikipedia.org/wiki/Tangshan_Sann%C3%BChe_Airport,2,,,to_be_scraped
https://en.wikipedia.org/wiki/Yongzhou_Lingling_Airport,2,,,to_be_scraped
https://en.wikipedia.org/wiki/Zhangjiakou_Ningyuan_Airport,2,,,to_be_scraped
https://en.wikipedia.org/wiki/Navoi_International_Airport,2,,,to_be_scraped
https://en.wikipedia.org/wiki/Kuressaare_Airport,2,,,to_be_scraped
https://en.wikipedia.org/wiki/Örebro_Airport,2,,,to_be_scraped
https://en.wikipedia.org/wiki/Alaer_Talimu_Airport,2,,,to_be_scraped
https://en.wikipedia.org/wiki/Kashgar_Airport,2,,,to_be_scraped
https://en.wikipedia.org/wiki/Linyi_Qiyang_Airport,2,,,to_be_scraped
https://en.wikipedia.org/wiki/Xishuangbanna_Gasa_Airport,2,,,to_be_scraped
https://en.wikipedia.org/wiki/Datong_Yungang_International_Airport,2,,,to_be_scraped
https://en.wikipedia.org/wiki/Akita_Airport,2,,,to_be_scraped
https://en.wikipedia.org/wiki/Aomori_Airport,2,,,to_be_scraped
https://en.wikipedia.org/wiki/Hakodate_Airport,2,,,to_be_scraped
https://en.wikipedia.org/wiki/Kōchi_Airport,2,,,to_be_scraped
https://en.wikipedia.org/wiki/Memanbetsu_Airport,2,,,to_be_scraped
https://en.wikipedia.org/wiki/Miyako_Airport,2,,,to_be_scraped
https://en.wikipedia.org/wiki/Tokachi–Obihiro_Airport,2,,,to_be_scraped
https://en.wikipedia.org/wiki/Itami_Airport,2,,,to_be_scraped
https://en.wikipedia.org/wiki/Shonai_Airport,2,,,to_be_scraped
https://en.wikipedia.org/wiki/Tokushima_Airport,2,,,to_be_scraped
https://en.wikipedia.org/wiki/Faleolo_International_Airport,2,,,to_be_scraped
https://en.wikipedia.org/wiki/Hilo_International_Airport,2,,,to_be_scraped
https://en.wikipedia.org/wiki/Rarotonga_International_Airport,2,,,to_be_scraped
https://en.wikipedia.org/wiki/Fort_Lauderdale_Executive_Airport,2,,,to_be_scraped
https://en.wikipedia.org/wiki/Lilongwe_International_Airport,2,,,to_be_scraped
https://en.wikipedia.org/wiki/Brno–Turany_Airport,2,,,to_be_scraped
https://en.wikipedia.org/wiki/Bradford_Regional_Airport,2,,,to_be_scraped
https://en.wikipedia.org/wiki/DuBois_Regional_Airport,2,,,to_be_scraped
https://en.wikipedia.org/wiki/Ithaca_Tompkins_International_Airport,2,,,to_be_scraped
https://en.wikipedia.org/wiki/Niigata_Airport,2,,,to_be_scraped
https://en.wikipedia.org/wiki/Shizuoka_Airport,2,,,to_be_scraped
https://en.wikipedia.org/wiki/Siem_Reap–Angkor_International_Airport,2,,,to_be_scraped
https://en.wikipedia.org/wiki/Bohol–Panglao_International_Airport,2,,,to_be_scraped
https://en.wikipedia.org/wiki/Ad%C4%B1yaman_Airport,2,,,to_be_scraped
https://en.wikipedia.org/wiki/Amasya_Merzifon_Airport,2,,,to_be_scraped
https://en.wikipedia.org/wiki/A%C4%9Fr%C4%B1_Airport,2,,,to_be_scraped
https://en.wikipedia.org/wiki/Denizli_%C3%87ardak_Airport,2,,,to_be_scraped
https://en.wikipedia.org/wiki/Erzincan_Airport,2,,,to_be_scraped
https://en.wikipedia.org/wiki/Ganja_International_Airport,2,,,to_be_scraped
https://en.wikipedia.org/wiki/I%C4%9Fd%C4%B1r_Airport,2,,,to_be_scraped
https://en.wikipedia.org/wiki/Kahramanmara%C5%9F_Airport,2,,,to_be_scraped
https://en.wikipedia.org/wiki/Kars_Harakani_Airport,2,,,to_be_scraped
https://en.wikipedia.org/wiki/Kastamonu_Airport,2,,,to_be_scraped
https://en.wikipedia.org/wiki/Mawlana_Jalaluddin_Mohammad_Balkhi_International_Airport,2,,,to_be_scraped
https://en.wikipedia.org/wiki/Mu%C5%9F_Airport,2,,,to_be_scraped
https://en.wikipedia.org/wiki/Nev%C5%9Fehir_Kapadokya_Airport,2,,,to_be_scraped
https://en.wikipedia.org/wiki/Sinop_Airport,2,,,to_be_scraped
https://en.wikipedia.org/wiki/Van_Airport,2,,,to_be_scraped
https://en.wikipedia.org/wiki/%C5%9Eanl%C4%B1urfa_GAP_Airport,2,,,to_be_scraped
https://en.wikipedia.org/wiki/Mazar-i-Sharif_International_Airport,2,,,to_be_scraped
https://en.wikipedia.org/wiki/Stockholm%E2%80%93Arlanda,2,,,to_be_scraped
https://en.wikipedia.org/wiki/Ketchikan_International_Airport,2,,,to_be_scraped
https://en.wikipedia.org/wiki/Sitka_Rocky_Gutierrez_Airport,2,,,to_be_scraped
https://en.wikipedia.org/wiki/Helsinki-Vantaa_Airport,2,,,to_be_scraped
https://en.wikipedia.org/wiki/Serengeti_National_Park,2,,,to_be_scraped
https://en.wikipedia.org/wiki/Muan_International_Airport,2,,,to_be_scraped
https://en.wikipedia.org/wiki/Brașov-Ghimbav_International_Airport,2,,,to_be_scraped
https://en.wikipedia.org/wiki/Miri_Airport,2,,,to_be_scraped
https://en.wikipedia.org/wiki/Sibu_Airport,2,,,to_be_scraped
https://en.wikipedia.org/wiki/Alexandria_International_Airport_(Egypt),2,,,to_be_scraped
https://en.wikipedia.org/wiki/Kozhikode_International_Airport,2,,,to_be_scraped
https://en.wikipedia.org/wiki/Mangaluru_International_Airport,2,,,to_be_scraped
https://en.wikipedia.org/wiki/Bokhtar_International_Airport,2,,,to_be_scraped
https://en.wikipedia.org/wiki/Ciudad_Obreg%C3%B3n_International_Airport,2,,,to_be_scraped
https://en.wikipedia.org/wiki/Gallup_Municipal_Airport,2,,,to_be_scraped
https://en.wikipedia.org/wiki/Magic_Valley_Regional_Airport,2,,,to_be_scraped
https://en.wikipedia.org/wiki/Merced_Regional_Airport,2,,,to_be_scraped
https://en.wikipedia.org/wiki/Santa_Maria_Public_Airport,2,,,to_be_scraped
https://en.wikipedia.org/wiki/Stockton_Metropolitan_Airport,2,,,to_be_scraped
https://en.wikipedia.org/wiki/Imperial_County_Airport,2,,,to_be_scraped
https://en.wikipedia.org/wiki/Skiathos_Airport,2,,,to_be_scraped
https://en.wikipedia.org/wiki/Gomel_Airport,2,,,to_be_scraped
https://en.wikipedia.org/wiki/Kemerovo_International_Airport,2,,,to_be_scraped
https://en.wikipedia.org/wiki/Sovetsky_Airport,2,,,to_be_scraped
https://en.wikipedia.org/wiki/Tambov_Donskoye_Airport,2,,,to_be_scraped
https://en.wikipedia.org/wiki/Urgench_Airport,2,,,to_be_scraped
https://en.wikipedia.org/wiki/Vologda_Airport,2,,,to_be_scraped
https://en.wikipedia.org/wiki/Yoshkar-Ola_Airport,2,,,to_be_scraped
https://en.wikipedia.org/wiki/Kefalonia_Airport,2,,,to_be_scraped
https://en.wikipedia.org/wiki/Ezeiza_International_Airport,2,,,to_be_scraped
https://en.wikipedia.org/wiki/FAP_Captain_Jos%C3%A9_Abelardo_Qui%C3%B1ones_Gonz%C3%A1lez_International_Airport,2,,,to_be_scraped
https://en.wikipedia.org/wiki/Praia_Airport,2,,,to_be_scraped
https://en.wikipedia.org/wiki/Santa_Maria_Airport_(Azores),2,,,to_be_scraped
https://en.wikipedia.org/wiki/Cesária_Évora_Airport,2,,,to_be_scraped
https://en.wikipedia.org/wiki/El_Hierro_Airport,2,,,to_be_scraped
https://en.wikipedia.org/wiki/Kalmar_Airport,2,,,to_be_scraped
https://en.wikipedia.org/wiki/Kristiansand_Airport,2,,,to_be_scraped
https://en.wikipedia.org/wiki/La_Gomera_Airport,2,,,to_be_scraped
https://en.wikipedia.org/wiki/Vigo_Airport,2,,,to_be_scraped
https://en.wikipedia.org/wiki/Grenoble%E2%80%93Is%C3%A8re_Airport,2,,,to_be_scraped
https://en.wikipedia.org/wiki/Toulon%E2%80%93Hy%C3%A8res_Airport,2,,,to_be_scraped
https://en.wikipedia.org/wiki/Batna_Airport,2,,,to_be_scraped
https://en.wikipedia.org/wiki/Soummam_–_Abane_Ramdane_Airport,2,,,to_be_scraped
https://en.wikipedia.org/wiki/Monastir_–_Habib_Bourguiba_International_Airport,2,,,to_be_scraped
https://en.wikipedia.org/wiki/Dusseldorf_Airport,2,,,to_be_scraped
https://en.wikipedia.org/wiki/Luxor_Airport,2,,,to_be_scraped
https://en.wikipedia.org/wiki/Eldoret_International_Airport,2,,,to_be_scraped
https://en.wikipedia.org/wiki/Manda_Airport,2,,,to_be_scraped
https://en.wikipedia.org/wiki/Malindi_Airport,2,,,to_be_scraped
https://en.wikipedia.org/wiki/Wilson_Airport,2,,,to_be_scraped
https://en.wikipedia.org/wiki/Ukunda_Airport,2,,,to_be_scraped
https://en.wikipedia.org/wiki/Austin_Bergstrom_International_Airport,2,,,to_be_scraped
https://en.wikipedia.org/wiki/Arnold_Palmer_Regional_Airport,2,,,to_be_scraped
https://en.wikipedia.org/wiki/Greenville-Spartanburg_International_Airport,2,,,to_be_scraped
https://en.wikipedia.org/wiki/Chabahar_Konarak_Airport,2,,,to_be_scraped
https://en.wikipedia.org/wiki/Cheboksary_International_Airport,2,,,to_be_scraped
https://en.wikipedia.org/wiki/Ardabil_Airport,2,,,to_be_scraped
https://en.wikipedia.org/wiki/Rasht_Airport,2,,,to_be_scraped
https://en.wikipedia.org/wiki/Shahid_Sadooghi_Airport,2,,,to_be_scraped
https://en.wikipedia.org/wiki/Ayers_Rock_Airport,2,,,to_be_scraped
https://en.wikipedia.org/wiki/Ballina_Byron_Gateway_Airport,2,,,to_be_scraped
https://en.wikipedia.org/wiki/Busselton_Margaret_River_Airport,2,,,to_be_scraped
https://en.wikipedia.org/wiki/Hervey_Bay_Airport,2,,,to_be_scraped
https://en.wikipedia.org/wiki/Launceston_Airport,2,,,to_be_scraped
https://en.wikipedia.org/wiki/Merimbula_Airport,2,,,to_be_scraped
https://en.wikipedia.org/wiki/Mildura_Airport,2,,,to_be_scraped
https://en.wikipedia.org/wiki/Orange_Airport,2,,,to_be_scraped
https://en.wikipedia.org/wiki/Townsville_Airport,2,,,to_be_scraped
https://en.wikipedia.org/wiki/Wellington_Airport,2,,,to_be_scraped
https://en.wikipedia.org/wiki/Whitsunday_Coast_Airport,2,,,to_be_scraped
https://en.wikipedia.org/wiki/Campeche_International_Airport,2,,,to_be_scraped
https://en.wikipedia.org/wiki/Chetumal_International_Airport,2,,,to_be_scraped
https://en.wikipedia.org/wiki/Ciudad_Obregón_International_Airport,2,,,to_be_scraped
https://en.wikipedia.org/wiki/Ciudad_del_Carmen_International_Airport,2,,,to_be_scraped
https://en.wikipedia.org/wiki/Minatitlán/Coatzacoalcos_International_Airport,2,,,to_be_scraped
https://en.wikipedia.org/wiki/Ian_Fleming_International_Airport,2,,,to_be_scraped
https://en.wikipedia.org/wiki/South_Caicos_Airport,2,,,to_be_scraped
https://en.wikipedia.org/wiki/Sfax_Thyna_International_Airport,2,,,to_be_scraped
https://en.wikipedia.org/wiki/Granada_Airport,2,,,to_be_scraped
https://en.wikipedia.org/wiki/Caen_–_Carpiquet_Airport,2,,,to_be_scraped
https://en.wikipedia.org/wiki/Ankara_Airport,2,,,to_be_scraped
https://en.wikipedia.org/wiki/Bod%C3%B8_Airport,2,,,to_be_scraped
https://en.wikipedia.org/wiki/Doha_Airport,2,,,to_be_scraped
https://en.wikipedia.org/wiki/Kayseri_Airport,2,,,to_be_scraped
https://en.wikipedia.org/wiki/Bari_Karol_Wojtyla_Airport,2,,,to_be_scraped
https://en.wikipedia.org/wiki/Chicago%E2%80%93Midway,2,,,to_be_scraped
https://en.wikipedia.org/wiki/Bordeaux-Mérignac_Airport,2,,,to_be_scraped
https://en.wikipedia.org/wiki/Deadman's_Cay_Airport,2,,,to_be_scraped
https://en.wikipedia.org/wiki/Strasbourg_International_Airport,2,,,to_be_scraped
https://en.wikipedia.org/wiki/Colima_Airport,2,,,to_be_scraped
https://en.wikipedia.org/wiki/Ixtepec_Airport,2,,,to_be_scraped
https://en.wikipedia.org/wiki/Federico_Garc%C3%ADa_Lorca_Granada_Airport,2,,,to_be_scraped
https://en.wikipedia.org/wiki/Deering_Airport,2,,,to_be_scraped
https://en.wikipedia.org/wiki/Southwest_Florida_International,2,,,to_be_scraped
https://en.wikipedia.org/wiki/La_Rochelle_%E2%80%93_%C3%8Ele_de_R%C3%A9_Airport,2,,,to_be_scraped
https://en.wikipedia.org/wiki/Brive_Airport,2,,,to_be_scraped
https://en.wikipedia.org/wiki/Svalbard_Airport,2,,,to_be_scraped
https://en.wikipedia.org/wiki/Flores_Airport,2,,,to_be_scraped
https://en.wikipedia.org/wiki/Fuyuan_Dongji_Airport,2,,,to_be_scraped
https://en.wikipedia.org/wiki/Jiansanjiang_Airport,2,,,to_be_scraped
https://en.wikipedia.org/wiki/Jiuzhai_Huanglong_Airport,2,,,to_be_scraped
https://en.wikipedia.org/wiki/Liupanshui_Yuezhao_Airport,2,,,to_be_scraped
https://en.wikipedia.org/wiki/O.R._Tambo_International_Airport,2,,,to_be_scraped
https://en.wikipedia.org/wiki/Pyongyang_International_Airport,2,,,to_be_scraped
https://en.wikipedia.org/wiki/Ulanhot_Airport,2,,,to_be_scraped
https://en.wikipedia.org/wiki/Anshun_Huangguoshu_Airport,2,,,to_be_scraped
https://en.wikipedia.org/wiki/Baicheng_Chang%27an_Airport,2,,,to_be_scraped
https://en.wikipedia.org/wiki/Changbaishan_Airport,2,,,to_be_scraped
https://en.wikipedia.org/wiki/Ganzhou_Ruijin_Airport,2,,,to_be_scraped
https://en.wikipedia.org/wiki/Mohe_Gulian_Airport,2,,,to_be_scraped
https://en.wikipedia.org/wiki/Qionghai_Bo%27ao_International_Airport,2,,,to_be_scraped
https://en.wikipedia.org/wiki/Sanming_Shaxian_Airport,2,,,to_be_scraped
https://en.wikipedia.org/wiki/Tongren_Fenghuang_Airport,2,,,to_be_scraped
https://en.wikipedia.org/wiki/Turpan_Jiaohe_Airport,2,,,to_be_scraped
https://en.wikipedia.org/wiki/Wuzhou_Xijiang_Airport,2,,,to_be_scraped
https://en.wikipedia.org/wiki/Yushu_Batang_Airport,2,,,to_be_scraped
https://en.wikipedia.org/wiki/Cap-Haïtien_International_Airport,2,,,to_be_scraped
https://en.wikipedia.org/wiki/Ciampino–G._B._Pastine_International_Airport,2,,,to_be_scraped
https://en.wikipedia.org/wiki/Walla_Walla_Regional_Airport,2,,,to_be_scraped
https://en.wikipedia.org/wiki/Cologne_Airport,2,,,to_be_scraped
https://en.wikipedia.org/wiki/Anyang_Airport,2,,,to_be_scraped
https://en.wikipedia.org/wiki/N%C3%AEmes%E2%80%93Al%C3%A8s%E2%80%93Camargue%E2%80%93C%C3%A9vennes_Airport,2,,,to_be_scraped
https://en.wikipedia.org/wiki/Bastia_Airport,2,,,to_be_scraped
https://en.wikipedia.org/wiki/Golosón_International_Airport,2,,,to_be_scraped
https://en.wikipedia.org/wiki/Heydar_Aliev_International_Airport,2,,,to_be_scraped
https://en.wikipedia.org/wiki/Rize%E2%80%93Artvin_Airport,2,,,to_be_scraped
https://en.wikipedia.org/wiki/Juancho_E._Yrausquin_Airport,2,,,to_be_scraped
https://en.wikipedia.org/wiki/Umeå_Airport,2,,,to_be_scraped
https://en.wikipedia.org/wiki/Lewiston%E2%80%93Nez_Perce_County_Airport,2,,,to_be_scraped
https://en.wikipedia.org/wiki/Toronto–Pearson,2,,,to_be_scraped
https://en.wikipedia.org/wiki/Issyk-Kul_International_Airport,2,,,to_be_scraped
https://en.wikipedia.org/wiki/Yemelyanovo_Airport,2,,,to_be_scraped
https://en.wikipedia.org/wiki/Baoshan_Yunrui_Airport,2,,,to_be_scraped
https://en.wikipedia.org/wiki/Lijiang_Sanyi_Airport,2,,,to_be_scraped
https://en.wikipedia.org/wiki/Rizhao_Shanzihe_Airport,2,,,to_be_scraped
https://en.wikipedia.org/wiki/Urumqi_Diwopu_International_Airport,2,,,to_be_scraped
https://en.wikipedia.org/wiki/Bole_Alashankou_Airport,2,,,to_be_scraped
https://en.wikipedia.org/wiki/Fuyun_Koktokay_Airport,2,,,to_be_scraped
https://en.wikipedia.org/wiki/John_Paul_II_International_Airport_Kraków-Balice,2,,,to_be_scraped
https://en.wikipedia.org/wiki/Charlotte_International_Airport,2,,,to_be_scraped
https://en.wikipedia.org/wiki/Bovanenkovo_Airport,2,,,to_be_scraped
https://en.wikipedia.org/wiki/Kogalym_International_Airport,2,,,to_be_scraped
https://en.wikipedia.org/wiki/Yamburg_Airport,2,,,to_be_scraped
https://en.wikipedia.org/wiki/Moncton_Airport,2,,,to_be_scraped
https://en.wikipedia.org/wiki/Pickle_Lake_Airport,2,,,to_be_scraped
https://en.wikipedia.org/wiki/Summer_Beaver_Airport,2,,,to_be_scraped
https://en.wikipedia.org/wiki/Montréal–Trudeau,2,,,to_be_scraped
https://en.wikipedia.org/wiki/Montréal/Saint-Hubert_Airport,2,,,to_be_scraped
https://en.wikipedia.org/wiki/Montreal–Trudeau,2,,,to_be_scraped
https://en.wikipedia.org/wiki/Greater_Moncton_International_Airport,2,,,to_be_scraped
https://en.wikipedia.org/wiki/Lourdes-de-Blanc-Sablon_Airport,2,,,to_be_scraped
https://en.wikipedia.org/wiki/Fort_McMurray_Airport,2,,,to_be_scraped
https://en.wikipedia.org/wiki/Whitehorse_Airport,2,,,to_be_scraped
https://en.wikipedia.org/wiki/Mont-Joli_Airport,2,,,to_be_scraped
https://en.wikipedia.org/wiki/Rouyn-Noranda_Airport,2,,,to_be_scraped
https://en.wikipedia.org/wiki/Kangiqsujuaq_(Wakeham_Bay)_Airport,2,,,to_be_scraped
https://en.wikipedia.org/wiki/Kangirsuk_Airport,2,,,to_be_scraped
https://en.wikipedia.org/wiki/Quaqtaq_Airport,2,,,to_be_scraped
https://en.wikipedia.org/wiki/Inuvik_(Mike_Zubko)_Airport,2,,,to_be_scraped
https://en.wikipedia.org/wiki/Thunder_Bay_Airport,2,,,to_be_scraped
https://en.wikipedia.org/wiki/Bobo_Dioulasso_Airport,1,,,to_be_scraped
https://en.wikipedia.org/wiki/Bouaké_Airport,1,,,to_be_scraped
https://en.wikipedia.org/wiki/Cotonou_Airport,1,,,to_be_scraped
https://en.wikipedia.org/wiki/Korhogo_Airport,1,,,to_be_scraped
https://en.wikipedia.org/wiki/Dr._António_Agostinho_Neto_International_Airport,1,,,to_be_scraped
https://en.wikipedia.org/wiki/Man_Airport,1,,,to_be_scraped
https://en.wikipedia.org/wiki/Odienné_Airport,1,,,to_be_scraped
https://en.wikipedia.org/wiki/San_Pédro_Airport,1,,,to_be_scraped
https://en.wikipedia.org/wiki/Wick_Airport,1,,,to_be_scraped
https://en.wikipedia.org/wiki/Guelmim_Airport,1,,,to_be_scraped
https://en.wikipedia.org/wiki/Malatya_Erhaç_Airport,1,,,to_be_scraped
https://en.wikipedia.org/wiki/Ordu–Giresun_Airport,1,,,to_be_scraped
https://en.wikipedia.org/wiki/Al_Ghaydah_Airport,1,,,to_be_scraped
https://en.wikipedia.org/wiki/Djibouti_Airport,1,,,to_be_scraped
https://en.wikipedia.org/wiki/Seiyun_Airport,1,,,to_be_scraped
https://en.wikipedia.org/wiki/Akhiok_Airport,1,,,to_be_scraped
https://en.wikipedia.org/wiki/Karluk_Airport,1,,,to_be_scraped
https://en.wikipedia.org/wiki/Larsen_Bay_Airport,1,,,to_be_scraped
https://en.wikipedia.org/wiki/Old_Harbor_Airport,1,,,to_be_scraped
https://en.wikipedia.org/wiki/Ouzinkie_Airport,1,,,to_be_scraped
https://en.wikipedia.org/wiki/Port_Lions_Airport,1,,,to_be_scraped
https://en.wikipedia.org/wiki/Moscow–Domodedovo,1,,,to_be_scraped
https://en.wikipedia.org/wiki/Moscow–Vnukovo,1,,,to_be_scraped
https://en.wikipedia.org/wiki/Sandefjord_Airport_Torp,1,,,to_be_scraped
https://en.wikipedia.org/wiki/Chignik_Airport,1,,,to_be_scraped
https://en.wikipedia.org/wiki/Chignik_Lagoon_Airport,1,,,to_be_scraped
https://en.wikipedia.org/wiki/Chignik_Lake_Airport,1,,,to_be_scraped
https://en.wikipedia.org/wiki/Egegik_Airport,1,,,to_be_scraped
https://en.wikipedia.org/wiki/Perryville_Airport,1,,,to_be_scraped
https://en.wikipedia.org/wiki/Pilot_Point_Airport,1,,,to_be_scraped
https://en.wikipedia.org/wiki/Port_Heiden_Airport,1,,,to_be_scraped
https://en.wikipedia.org/wiki/Ugashik_Bay_Airport,1,,,to_be_scraped
https://en.wikipedia.org/wiki/Äziret_Sūltan_International_Airport,1,,,to_be_scraped
https://en.wikipedia.org/wiki/Aktobe_Airport,1,,,to_be_scraped
https://en.wikipedia.org/wiki/Nursultan_Nazarbayev_Airport,1,,,to_be_scraped
https://en.wikipedia.org/wiki/Baku_Airport,1,,,to_be_scraped
https://en.wikipedia.org/wiki/Hong_Kong_Airport,1,,,to_be_scraped
https://en.wikipedia.org/wiki/Issyk-Kul_International,1,,,to_be_scraped
https://en.wikipedia.org/wiki/Kokshetau_Airport,1,,,to_be_scraped
https://en.wikipedia.org/wiki/Kyzylorda_Airport,1,,,to_be_scraped
https://en.wikipedia.org/wiki/Malé_International_Airport,1,,,to_be_scraped
https://en.wikipedia.org/wiki/Petropavl_Airport_(Kazakhstan),1,,,to_be_scraped
https://en.wikipedia.org/wiki/Semey_Airport,1,,,to_be_scraped
https://en.wikipedia.org/wiki/Zhezkazgan_Airport,1,,,to_be_scraped
https://en.wikipedia.org/wiki/Oskemen_Airport,1,,,to_be_scraped
https://en.wikipedia.org/wiki/Ürjar_Airport,1,,,to_be_scraped
https://en.wikipedia.org/wiki/Basel-Mulhouse_International_Airport,1,,,to_be_scraped
https://en.wikipedia.org/wiki/Kaunas_International_Airport,1,,,to_be_scraped
https://en.wikipedia.org/wiki/Oran_Airport,1,,,to_be_scraped
https://en.wikipedia.org/wiki/V%C3%A4xj%C3%B6_Sm%C3%A5land_Airport,1,,,to_be_scraped
https://en.wikipedia.org/wiki/London–Heathrow,1,,,to_be_scraped
https://en.wikipedia.org/wiki/Jamnagar_Airport,1,,,to_be_scraped
https://en.wikipedia.org/wiki/Keshod_Airport,1,,,to_be_scraped
https://en.wikipedia.org/wiki/Purnea_Airport,1,,,to_be_scraped
https://en.wikipedia.org/wiki/Srinagar_International_Airport,1,,,to_be_scraped
https://en.wikipedia.org/wiki/Houari_Boumedienne_Airport,1,,,to_be_scraped
https://en.wikipedia.org/wiki/Poznań-Ławica_Airport,1,,,to_be_scraped
https://en.wikipedia.org/wiki/Anvik_Airport,1,,,to_be_scraped
https://en.wikipedia.org/wiki/Chuathbaluk_Airport,1,,,to_be_scraped
https://en.wikipedia.org/wiki/Crooked_Creek_Airport,1,,,to_be_scraped
https://en.wikipedia.org/wiki/Grayling_Airport,1,,,to_be_scraped
https://en.wikipedia.org/wiki/Holy_Cross_Airport,1,,,to_be_scraped
https://en.wikipedia.org/wiki/Kalskag_Airport,1,,,to_be_scraped
https://en.wikipedia.org/wiki/Red_Devil_Airport,1,,,to_be_scraped
https://en.wikipedia.org/wiki/Shageluk_Airport,1,,,to_be_scraped
https://en.wikipedia.org/wiki/Sleetmute_Airport,1,,,to_be_scraped
https://en.wikipedia.org/wiki/Stony_River_Airport,1,,,to_be_scraped
https://en.wikipedia.org/wiki/Burton–Nibbs_International_Airport,1,,,to_be_scraped
https://en.wikipedia.org/wiki/Montego_Bay_Airport,1,,,to_be_scraped
https://en.wikipedia.org/wiki/Kassos_Island_Public_Airport,1,,,to_be_scraped
https://en.wikipedia.org/wiki/Balkanabat_Airport,1,,,to_be_scraped
https://en.wikipedia.org/wiki/Daşoguz_International_Airport,1,,,to_be_scraped
https://en.wikipedia.org/wiki/Kerki_International_Airport,1,,,to_be_scraped
https://en.wikipedia.org/wiki/Mary_International_Airport,1,,,to_be_scraped
https://en.wikipedia.org/wiki/Domodedovo_Airport,1,,,to_be_scraped
https://en.wikipedia.org/wiki/Türkmenabat_International_Airport,1,,,to_be_scraped
https://en.wikipedia.org/wiki/Türkmenbaşy_International_Airport,1,,,to_be_scraped
https://en.wikipedia.org/wiki/Lyon-Saint-Exupéry_Airport,1,,,to_be_scraped
https://en.wikipedia.org/wiki/Al_Jawf_International_Airport,1,,,to_be_scraped
https://en.wikipedia.org/wiki/Carthage_Airport,1,,,to_be_scraped
https://en.wikipedia.org/wiki/Oakland_International_Airport,1,,,to_be_scraped
https://en.wikipedia.org/wiki/F.D._Roosevelt_Airport,1,,,to_be_scraped
https://en.wikipedia.org/wiki/Oğuzeli_Airport,1,,,to_be_scraped
https://en.wikipedia.org/wiki/Homiel_Airport,1,,,to_be_scraped
https://en.wikipedia.org/wiki/Piešťany_Airport,1,,,to_be_scraped
https://en.wikipedia.org/wiki/Qyzylorda_Airport,1,,,to_be_scraped
https://en.wikipedia.org/wiki/Rostock–Laage_Airport,1,,,to_be_scraped
https://en.wikipedia.org/wiki/King_Khaled_International_Airport,1,,,to_be_scraped
https://en.wikipedia.org/wiki/Alfonso_Bonilla_Aragon_International_Airport,1,,,to_be_scraped
https://en.wikipedia.org/wiki/Utkela_Airport,1,,,to_be_scraped
https://en.wikipedia.org/wiki/Sonari_Airport,1,,,to_be_scraped
https://en.wikipedia.org/wiki/Rourkela_Airport,1,,,to_be_scraped
https://en.wikipedia.org/wiki/Wrocław_Nicolaus_Copernicus_Airport,1,,,to_be_scraped
https://en.wikipedia.org/wiki/Timi%C5%9Foara_Airport,1,,,to_be_scraped
https://en.wikipedia.org/wiki/Aktion_International_Airport,1,,,to_be_scraped
https://en.wikipedia.org/wiki/Kufra_Airport,1,,,to_be_scraped
https://en.wikipedia.org/wiki/Alzintan_Airport,1,,,to_be_scraped
https://en.wikipedia.org/wiki/Belle-Île_Airport,1,,,to_be_scraped
https://en.wikipedia.org/wiki/Ushant_Airport,1,,,to_be_scraped
https://en.wikipedia.org/wiki/Vannes_Airport,1,,,to_be_scraped
https://en.wikipedia.org/wiki/Akiachak_Airport,1,,,to_be_scraped
https://en.wikipedia.org/wiki/Akiak_Airport,1,,,to_be_scraped
https://en.wikipedia.org/wiki/Alakanuk_Airport,1,,,to_be_scraped
https://en.wikipedia.org/wiki/Atmautluak_Airport,1,,,to_be_scraped
https://en.wikipedia.org/wiki/Chefornak_Airport,1,,,to_be_scraped
https://en.wikipedia.org/wiki/Chevak_Airport,1,,,to_be_scraped
https://en.wikipedia.org/wiki/Eek_Airport,1,,,to_be_scraped
https://en.wikipedia.org/wiki/Goodnews_Airport,1,,,to_be_scraped
https://en.wikipedia.org/wiki/Hooper_Bay_Airport,1,,,to_be_scraped
https://en.wikipedia.org/wiki/Kasigluk_Airport,1,,,to_be_scraped
https://en.wikipedia.org/wiki/Kipnuk_Airport,1,,,to_be_scraped
https://en.wikipedia.org/wiki/Kongiganak_Airport,1,,,to_be_scraped
https://en.wikipedia.org/wiki/Kotlik_Airport,1,,,to_be_scraped
https://en.wikipedia.org/wiki/Kwethluk_Airport,1,,,to_be_scraped
https://en.wikipedia.org/wiki/Kwigillingok_Airport,1,,,to_be_scraped
https://en.wikipedia.org/wiki/Mekoryuk_Airport,1,,,to_be_scraped
https://en.wikipedia.org/wiki/Napakiak_Airport,1,,,to_be_scraped
https://en.wikipedia.org/wiki/Napaskiak_Airport,1,,,to_be_scraped
https://en.wikipedia.org/wiki/Newtok_Airport,1,,,to_be_scraped
https://en.wikipedia.org/wiki/Nightmute_Airport,1,,,to_be_scraped
https://en.wikipedia.org/wiki/Nunapitchuk_Airport,1,,,to_be_scraped
https://en.wikipedia.org/wiki/Platinum_Airport,1,,,to_be_scraped
https://en.wikipedia.org/wiki/Quinhagak_Airport,1,,,to_be_scraped
https://en.wikipedia.org/wiki/Scammon_Bay_Airport,1,,,to_be_scraped
https://en.wikipedia.org/wiki/Sheldon_Point_Airport,1,,,to_be_scraped
https://en.wikipedia.org/wiki/Toksook_Bay_Airport,1,,,to_be_scraped
https://en.wikipedia.org/wiki/Tuluksak_Airport,1,,,to_be_scraped
https://en.wikipedia.org/wiki/Tuntutuliak_Airport,1,,,to_be_scraped
https://en.wikipedia.org/wiki/Tununak_Airport,1,,,to_be_scraped
https://en.wikipedia.org/wiki/Chimoio_Airport,1,,,to_be_scraped
https://en.wikipedia.org/wiki/Chingozi_Airport,1,,,to_be_scraped
https://en.wikipedia.org/wiki/Santiago_Pérez_Quiroz_Airport,1,,,to_be_scraped
https://en.wikipedia.org/wiki/Los_Pozos_Airport,1,,,to_be_scraped
https://en.wikipedia.org/wiki/George_F_L_Charles_Airport,1,,,to_be_scraped
https://en.wikipedia.org/wiki/KLM,1,,,to_be_scraped
https://en.wikipedia.org/wiki/Florø_Airport,1,,,to_be_scraped
"https://en.wikipedia.org/wiki/Haugesund_Airport,_Karmøy",1,,,to_be_scraped
"https://en.wikipedia.org/wiki/Ørsta–Volda_Airport,_Hovden",1,,,to_be_scraped
https://en.wikipedia.org/wiki/Mosul_International_Airport,1,,,to_be_scraped
https://en.wikipedia.org/wiki/Ali_Air_Base,1,,,to_be_scraped
https://en.wikipedia.org/wiki/Dawson_Community_Airport,1,,,to_be_scraped
https://en.wikipedia.org/wiki/Glasgow_Valley_County_Airport,1,,,to_be_scraped
https://en.wikipedia.org/wiki/Havre_City%E2%80%93County_Airport,1,,,to_be_scraped
https://en.wikipedia.org/wiki/L._M._Clayton_Airport,1,,,to_be_scraped
https://en.wikipedia.org/wiki/Sidney%E2%80%93Richland_Municipal_Airport,1,,,to_be_scraped
https://en.wikipedia.org/wiki/Buriram_Airport,1,,,to_be_scraped
https://en.wikipedia.org/wiki/Nakhon_Si_Thammarat_Airport,1,,,to_be_scraped
https://en.wikipedia.org/wiki/Narathiwat_Airport,1,,,to_be_scraped
https://en.wikipedia.org/wiki/Sukhothai_Airport,1,,,to_be_scraped
https://en.wikipedia.org/wiki/Trat_Airport,1,,,to_be_scraped
https://en.wikipedia.org/wiki/Ubon_Ratchathani_Airport,1,,,to_be_scraped
https://en.wikipedia.org/wiki/Leipzig_Halle_Airport,1,,,to_be_scraped
https://en.wikipedia.org/wiki/Casablanca_Airport,1,,,to_be_scraped
https://en.wikipedia.org/wiki/Castellón–Costa_Azahar_Airport,1,,,to_be_scraped
https://en.wikipedia.org/wiki/Bidar_Airport,1,,,to_be_scraped
https://en.wikipedia.org/wiki/Jindal_Vidyanagar_Airport,1,,,to_be_scraped
https://en.wikipedia.org/wiki/Jindal_Vijaynagar_Airport,1,,,to_be_scraped
https://en.wikipedia.org/wiki/Nagpur_Airport,1,,,to_be_scraped
https://en.wikipedia.org/wiki/Pondicherry_Airport,1,,,to_be_scraped
https://en.wikipedia.org/wiki/Rajahmundry_Airport,1,,,to_be_scraped
https://en.wikipedia.org/wiki/Shaheed_Bhagat_Singh_International_Airport,1,,,to_be_scraped
https://en.wikipedia.org/wiki/Tuticorin_Airport,1,,,to_be_scraped
https://en.wikipedia.org/wiki/Juan_Santamaria_International_Airport,1,,,to_be_scraped
https://en.wikipedia.org/wiki/Alfredo_V%C3%A1squez_Cobo_International_Airport,1,,,to_be_scraped
https://en.wikipedia.org/wiki/Antonio_Nari%C3%B1o_Airport,1,,,to_be_scraped
https://en.wikipedia.org/wiki/Antonio_Rold%C3%A1n_Betancourt_Airport,1,,,to_be_scraped
https://en.wikipedia.org/wiki/Caucay%C3%A1_Airport,1,,,to_be_scraped
https://en.wikipedia.org/wiki/Contador_Airport,1,,,to_be_scraped
https://en.wikipedia.org/wiki/C%C3%A9sar_Gaviria_Trujillo_Airport,1,,,to_be_scraped
https://en.wikipedia.org/wiki/Eduardo_Falla_Solano_Airport,1,,,to_be_scraped
https://en.wikipedia.org/wiki/El_Alcarav%C3%A1n_Airport,1,,,to_be_scraped
https://en.wikipedia.org/wiki/El_Cara%C3%B1o_Airport,1,,,to_be_scraped
https://en.wikipedia.org/wiki/Fabio_Alberto_Le%C3%B3n_Bentley_Airport,1,,,to_be_scraped
https://en.wikipedia.org/wiki/Gabriel_Vargas_Santos_Airport,1,,,to_be_scraped
https://en.wikipedia.org/wiki/Gerardo_Tobar_L%C3%B3pez_Airport,1,,,to_be_scraped
https://en.wikipedia.org/wiki/Germ%C3%A1n_Olano_Airport,1,,,to_be_scraped
https://en.wikipedia.org/wiki/Golfo_de_Morrosquillo_Airport,1,,,to_be_scraped
https://en.wikipedia.org/wiki/Guillermo_Le%C3%B3n_Valencia_Airport,1,,,to_be_scraped
https://en.wikipedia.org/wiki/Gustavo_Artunduaga_Paredes_Airport,1,,,to_be_scraped
https://en.wikipedia.org/wiki/Jorge_Enrique_Gonz%C3%A1lez_Torres_Airport,1,,,to_be_scraped
https://en.wikipedia.org/wiki/Juan_Jos%C3%A9_Rond%C3%B3n_Airport,1,,,to_be_scraped
https://en.wikipedia.org/wiki/La_Macarena_Airport,1,,,to_be_scraped
https://en.wikipedia.org/wiki/La_Nubia_Airport,1,,,to_be_scraped
https://en.wikipedia.org/wiki/La_Vanguardia_Airport,1,,,to_be_scraped
https://en.wikipedia.org/wiki/Las_Brujas_Airport_(Colombia),1,,,to_be_scraped
https://en.wikipedia.org/wiki/Perales_Airport,1,,,to_be_scraped
https://en.wikipedia.org/wiki/San_Luis_Airport_(Colombia),1,,,to_be_scraped
https://en.wikipedia.org/wiki/Santiago_P%C3%A9rez_Quiroz_Airport,1,,,to_be_scraped
https://en.wikipedia.org/wiki/Santiago_Vila_Airport,1,,,to_be_scraped
https://en.wikipedia.org/wiki/Villa_Garzon_Airport,1,,,to_be_scraped
https://en.wikipedia.org/wiki/Yarigu%C3%ADes_Airport,1,,,to_be_scraped
https://en.wikipedia.org/wiki/Minneapolis-St.Paul_International_Airport,1,,,to_be_scraped
https://en.wikipedia.org/wiki/Ume%C3%A5_Airport,1,,,to_be_scraped
https://en.wikipedia.org/wiki/Augusta_State_Airport,1,,,to_be_scraped
https://en.wikipedia.org/wiki/Hancock_County%E2%80%93Bar_Harbor_Airport,1,,,to_be_scraped
https://en.wikipedia.org/wiki/Knox_County_Regional_Airport,1,,,to_be_scraped
https://en.wikipedia.org/wiki/Massena_International_Airport,1,,,to_be_scraped
https://en.wikipedia.org/wiki/Presque_Isle_International_Airport,1,,,to_be_scraped
https://en.wikipedia.org/wiki/Rutland%E2%80%93Southern_Vermont_Regional_Airport,1,,,to_be_scraped
https://en.wikipedia.org/wiki/Lille_Lesquin_Airport,1,,,to_be_scraped
https://en.wikipedia.org/wiki/Rome-Fiumicino_Airport,1,,,to_be_scraped
https://en.wikipedia.org/wiki/Enfidha_Airport,1,,,to_be_scraped
https://en.wikipedia.org/wiki/Gibraltar_Airport,1,,,to_be_scraped
https://en.wikipedia.org/wiki/Grenoble-Isère_Airport,1,,,to_be_scraped
https://en.wikipedia.org/wiki/Rabat-Salé_Airport,1,,,to_be_scraped
https://en.wikipedia.org/wiki/Shanghai_Pudong_Airport,1,,,to_be_scraped
https://en.wikipedia.org/wiki/Atqasuk_Edward_Burnell_Sr._Memorial_Airport,1,,,to_be_scraped
https://en.wikipedia.org/wiki/Point_Lay_LRRS_Airport,1,,,to_be_scraped
https://en.wikipedia.org/wiki/Wainwright_Airport_(Alaska),1,,,to_be_scraped
https://en.wikipedia.org/wiki/Campina_Grande_Airport,1,,,to_be_scraped
https://en.wikipedia.org/wiki/Marab%C3%A1_Airport,1,,,to_be_scraped
https://en.wikipedia.org/wiki/Porto_Velho_Airport,1,,,to_be_scraped
https://en.wikipedia.org/wiki/Santa_Genoveva_Airport,1,,,to_be_scraped
https://en.wikipedia.org/wiki/Santar%C3%A9m_Airport,1,,,to_be_scraped
https://en.wikipedia.org/wiki/S%C3%A3o_Lu%C3%ADs_Airport,1,,,to_be_scraped
https://en.wikipedia.org/wiki/Ajaccio_%E2%80%93_Napol%C3%A9on_Bonaparte_Airport,1,,,to_be_scraped
https://en.wikipedia.org/wiki/Bari_International_Airport,1,,,to_be_scraped
https://en.wikipedia.org/wiki/Cluj_Napoca_Airport,1,,,to_be_scraped
https://en.wikipedia.org/wiki/Gran_Canaria_International_Airport,1,,,to_be_scraped
https://en.wikipedia.org/wiki/Baneasa_Airport,1,,,to_be_scraped
https://en.wikipedia.org/wiki/Natakhtari_Airfield,1,,,to_be_scraped
https://en.wikipedia.org/wiki/Maramureș_Airport,1,,,to_be_scraped
https://en.wikipedia.org/wiki/Gothenburg-Landvetter_Airport,1,,,to_be_scraped
https://en.wikipedia.org/wiki/Maio_Airport,1,,,to_be_scraped
https://en.wikipedia.org/wiki/Caye_Caulker_Airport,1,,,to_be_scraped
https://en.wikipedia.org/wiki/Corozal_Airport,1,,,to_be_scraped
https://en.wikipedia.org/wiki/Dangriga_Airport,1,,,to_be_scraped
https://en.wikipedia.org/wiki/Punta_Gorda_Airport_(Belize),1,,,to_be_scraped
https://en.wikipedia.org/wiki/John_Greif_II_Airport,1,,,to_be_scraped
https://en.wikipedia.org/wiki/Fort_Lauderdale/Hollywood_International_Airport,1,,,to_be_scraped
https://en.wikipedia.org/wiki/Orlando-Sanford_International_Airport,1,,,to_be_scraped
https://en.wikipedia.org/wiki/Poznań_Airport,1,,,to_be_scraped
https://en.wikipedia.org/wiki/Abu_Simbel_Airport,1,,,to_be_scraped
https://en.wikipedia.org/wiki/Dusseldorf_International_Airport,1,,,to_be_scraped
https://en.wikipedia.org/wiki/El_Kharga_Airport,1,,,to_be_scraped
https://en.wikipedia.org/wiki/Kano_Airport,1,,,to_be_scraped
https://en.wikipedia.org/wiki/Murtala_Mohammed_International_Airport,1,,,to_be_scraped
https://en.wikipedia.org/wiki/Najran_Regional_Airport,1,,,to_be_scraped
https://en.wikipedia.org/wiki/Neom_Bay_Airport,1,,,to_be_scraped
https://en.wikipedia.org/wiki/Ta'if_Regional_Airport,1,,,to_be_scraped
https://en.wikipedia.org/wiki/Ta’if_Regional_Airport,1,,,to_be_scraped
https://en.wikipedia.org/wiki/Prince_Abdul_Mohsin_Bin_Abdulaziz_International_Airport,1,,,to_be_scraped
https://en.wikipedia.org/wiki/Guangyuan_Airport,1,,,to_be_scraped
https://en.wikipedia.org/wiki/Jinan_Yaoqiang_Airport,1,,,to_be_scraped
https://en.wikipedia.org/wiki/Jingdezhen_Airport,1,,,to_be_scraped
https://en.wikipedia.org/wiki/Lanzhou_Airport,1,,,to_be_scraped
https://en.wikipedia.org/wiki/Liancheng_Guanzhaishan_Airport,1,,,to_be_scraped
https://en.wikipedia.org/wiki/Libo_Airport,1,,,to_be_scraped
https://en.wikipedia.org/wiki/Pakse_International_Airport,1,,,to_be_scraped
https://en.wikipedia.org/wiki/Qiqihar_Airport,1,,,to_be_scraped
https://en.wikipedia.org/wiki/Shennongjia_Hongping_Airport,1,,,to_be_scraped
https://en.wikipedia.org/wiki/Shuofang_Airport,1,,,to_be_scraped
https://en.wikipedia.org/wiki/Tumushuke_Tangwangcheng_Airport,1,,,to_be_scraped
https://en.wikipedia.org/wiki/Wenzhou_Yongqiang_International_Airport,1,,,to_be_scraped
https://en.wikipedia.org/wiki/Xingyi_Airport,1,,,to_be_scraped
https://en.wikipedia.org/wiki/Yichang_Airport,1,,,to_be_scraped
https://en.wikipedia.org/wiki/General_José_Antonio_Anzoátegui_International_Airport,1,,,to_be_scraped
https://en.wikipedia.org/wiki/Barinas_Airport,1,,,to_be_scraped
https://en.wikipedia.org/wiki/Canaima_Airport,1,,,to_be_scraped
https://en.wikipedia.org/wiki/Tomás_de_Heres_Airport,1,,,to_be_scraped
https://en.wikipedia.org/wiki/Antonio_José_de_Sucre_Airport,1,,,to_be_scraped
https://en.wikipedia.org/wiki/Juan_Pablo_Pérez_Alfonso_Airport,1,,,to_be_scraped
https://en.wikipedia.org/wiki/La_Fria_Airport,1,,,to_be_scraped
https://en.wikipedia.org/wiki/Los_Roques_Airport,1,,,to_be_scraped
https://en.wikipedia.org/wiki/Adolfo_Suarez-Madrid_Barajas_Airport,1,,,to_be_scraped
https://en.wikipedia.org/wiki/Adolfo_Suarez_Madrid–Barajas_Airport,1,,,to_be_scraped
https://en.wikipedia.org/wiki/Felipe_Angeles_International_Airport,1,,,to_be_scraped
https://en.wikipedia.org/wiki/Alberto_Carnevalli_Airport,1,,,to_be_scraped
https://en.wikipedia.org/wiki/Cacique_Aramare_Airport,1,,,to_be_scraped
https://en.wikipedia.org/wiki/Las_Flecheras_Airport,1,,,to_be_scraped
https://en.wikipedia.org/wiki/Mayor_Buenaventura_Vivas_Airport,1,,,to_be_scraped
https://en.wikipedia.org/wiki/Dr._Antonio_Nicolás_Briceño_Airport,1,,,to_be_scraped
https://en.wikipedia.org/wiki/False_Pass_Airport,1,,,to_be_scraped
https://en.wikipedia.org/wiki/King_Cove_Airport,1,,,to_be_scraped
https://en.wikipedia.org/wiki/Nelson_Lagoon_Airport,1,,,to_be_scraped
https://en.wikipedia.org/wiki/Annaba_Airport,1,,,to_be_scraped
https://en.wikipedia.org/wiki/Dzaoudzi%E2%80%93Pamandzi_International_Airport,1,,,to_be_scraped
https://en.wikipedia.org/wiki/Fa%27a%27%C4%81_International_Airport,1,,,to_be_scraped
https://en.wikipedia.org/wiki/Fortaleza_International_Airport,1,,,to_be_scraped
https://en.wikipedia.org/wiki/Lom%C3%A9%E2%80%93Tokoin_Airport,1,,,to_be_scraped
https://en.wikipedia.org/wiki/Pau_Pyr%C3%A9n%C3%A9es_Airport,1,,,to_be_scraped
https://en.wikipedia.org/wiki/Pattimura_Airport,1,,,to_be_scraped
https://en.wikipedia.org/wiki/Sultan_Aji_Muhammad_Sulaiman_Sepinggan_International_Airport,1,,,to_be_scraped
https://en.wikipedia.org/wiki/Radin_Inten_II_International_Airport,1,,,to_be_scraped
https://en.wikipedia.org/wiki/Banyuwangi_Airport,1,,,to_be_scraped
https://en.wikipedia.org/wiki/Fatmawati_Soekarno_Airport,1,,,to_be_scraped
https://en.wikipedia.org/wiki/Djalaluddin_Airport,1,,,to_be_scraped
https://en.wikipedia.org/wiki/Dortheys_Hiyo_Eluay_International_Airport,1,,,to_be_scraped
https://en.wikipedia.org/wiki/Sentani_International_Airport,1,,,to_be_scraped
https://en.wikipedia.org/wiki/Haluoleo_Airport,1,,,to_be_scraped
https://en.wikipedia.org/wiki/Silampari_Airport,1,,,to_be_scraped
https://en.wikipedia.org/wiki/Syukuran_Aminuddin_Amir_Airport,1,,,to_be_scraped
https://en.wikipedia.org/wiki/Abdul_Rachman_Saleh_Airport,1,,,to_be_scraped
https://en.wikipedia.org/wiki/Muara_Bungo_Airport,1,,,to_be_scraped
https://en.wikipedia.org/wiki/Tjilik_Riwut_Airport,1,,,to_be_scraped
https://en.wikipedia.org/wiki/Mutiara_SIS_Al-Jufrie_Airport,1,,,to_be_scraped
https://en.wikipedia.org/wiki/Depati_Amir_Airport,1,,,to_be_scraped
https://en.wikipedia.org/wiki/Iskandar_Airport,1,,,to_be_scraped
https://en.wikipedia.org/wiki/Aji_Pangeran_Tumenggung_Pranoto_International_Airport,1,,,to_be_scraped
https://en.wikipedia.org/wiki/H._Asan_Airport,1,,,to_be_scraped
https://en.wikipedia.org/wiki/Raja_Sisingamangaraja_XII_Airport,1,,,to_be_scraped
https://en.wikipedia.org/wiki/Singkawang_Airport,1,,,to_be_scraped
https://en.wikipedia.org/wiki/Raja_Haji_Fisabilillah_Airport,1,,,to_be_scraped
https://en.wikipedia.org/wiki/Kalimarau_Airport,1,,,to_be_scraped
https://en.wikipedia.org/wiki/Juwata_Airport,1,,,to_be_scraped
https://en.wikipedia.org/wiki/Sultan_Babullah_Airport,1,,,to_be_scraped
https://en.wikipedia.org/wiki/Zia_International_Airport,1,,,to_be_scraped
https://en.wikipedia.org/wiki/Wrocław–Copernicus_Airport,1,,,to_be_scraped
https://en.wikipedia.org/wiki/Manchester-Boston_Regional_Airport,1,,,to_be_scraped
https://en.wikipedia.org/wiki/Poznan_Airport,1,,,to_be_scraped
https://en.wikipedia.org/wiki/Nouakchott-Oumtounsy_International_Airport,1,,,to_be_scraped
https://en.wikipedia.org/wiki/Nzérékoré_Airport,1,,,to_be_scraped
https://en.wikipedia.org/wiki/Mammoth_Yosemite_Airport,1,,,to_be_scraped
https://en.wikipedia.org/wiki/Dallas-Love_Field,1,,,to_be_scraped
https://en.wikipedia.org/wiki/Andrés_Sabella_Gálvez_International_Airport,1,,,to_be_scraped
https://en.wikipedia.org/wiki/José_Celestino_Mutis_Airport,1,,,to_be_scraped
https://en.wikipedia.org/wiki/Mandinga_Airport,1,,,to_be_scraped
https://en.wikipedia.org/wiki/Guapi_Airport,1,,,to_be_scraped
https://en.wikipedia.org/wiki/El_Caraño_Airport,1,,,to_be_scraped
https://en.wikipedia.org/wiki/Timbiqui_Airport,1,,,to_be_scraped
https://en.wikipedia.org/wiki/Vanguardia_Airport,1,,,to_be_scraped
https://en.wikipedia.org/wiki/Altoona%E2%80%93Blair_County_Airport,1,,,to_be_scraped
https://en.wikipedia.org/wiki/Beckley_Raleigh_County_Memorial_Airport,1,,,to_be_scraped
https://en.wikipedia.org/wiki/Florence_Regional_Airport,1,,,to_be_scraped
https://en.wikipedia.org/wiki/Mid-Ohio_Valley_Regional_Airport,1,,,to_be_scraped
https://en.wikipedia.org/wiki/Newport_News/Williamsburg_International_Airport,1,,,to_be_scraped
https://en.wikipedia.org/wiki/Pitt%E2%80%93Greenville_Airport,1,,,to_be_scraped
https://en.wikipedia.org/wiki/San_Juan_Luis_Munoz_Marin_International_Airport,1,,,to_be_scraped
https://en.wikipedia.org/wiki/Fes-Sa%C3%AFss_Airport,1,,,to_be_scraped
https://en.wikipedia.org/wiki/Montr%C3%A9al-Pierre_Elliott_Trudeau_International_Airport,1,,,to_be_scraped
https://en.wikipedia.org/wiki/Tan_Tan_Airport,1,,,to_be_scraped
https://en.wikipedia.org/wiki/Navi_Mumbai_Airport,1,,,to_be_scraped
https://en.wikipedia.org/wiki/Esquel_Airport,1,,,to_be_scraped
https://en.wikipedia.org/wiki/Libertador_General_José_de_San_Martín_Airport,1,,,to_be_scraped
https://en.wikipedia.org/wiki/Capitán_de_Corbeta_Carlos_A._Curbelo_International_Airport,1,,,to_be_scraped
https://en.wikipedia.org/wiki/Resistencia_International_Airport,1,,,to_be_scraped
https://en.wikipedia.org/wiki/Rio_de_Janeiro-Galeão_International_Airport,1,,,to_be_scraped
https://en.wikipedia.org/wiki/Domingo_Faustino_Sarmiento_Airport,1,,,to_be_scraped
https://en.wikipedia.org/wiki/Almirante_Marcos_A._Zar_Airport,1,,,to_be_scraped
https://en.wikipedia.org/wiki/Ushuaia_–_Malvinas_Argentinas_International_Airport,1,,,to_be_scraped
https://en.wikipedia.org/wiki/Atlanta_Hartsfield-Jackson_International_Airport,1,,,to_be_scraped
https://en.wikipedia.org/wiki/Lanseria_International_Airport,1,,,to_be_scraped
https://en.wikipedia.org/wiki/Port_Elizabeth_International_Airport,1,,,to_be_scraped
https://en.wikipedia.org/wiki/Nîmes–Alès–Camargue–Cévennes_Airport,1,,,to_be_scraped
https://en.wikipedia.org/wiki/Trapani_Airport,1,,,to_be_scraped
https://en.wikipedia.org/wiki/Nea_Anchialos_National_Airport,1,,,to_be_scraped
https://en.wikipedia.org/wiki/Warsaw–Modlin_Mazovia_Airport,1,,,to_be_scraped
https://en.wikipedia.org/wiki/Hartsfield_Jackson_Atlanta_International_Airport,1,,,to_be_scraped
https://en.wikipedia.org/wiki/Montreal-Trudeau_Airport,1,,,to_be_scraped
https://en.wikipedia.org/wiki/Toronto_Pearson_Airport,1,,,to_be_scraped
https://en.wikipedia.org/wiki/Barisal_Airport,1,,,to_be_scraped
https://en.wikipedia.org/wiki/Cox's_Bazar_International_Airport,1,,,to_be_scraped
https://en.wikipedia.org/wiki/Shah_Makhdum_Airport,1,,,to_be_scraped
https://en.wikipedia.org/wiki/Destin_Executive_Airport,1,,,to_be_scraped
https://en.wikipedia.org/wiki/Lajitas_International_Airport,1,,,to_be_scraped
https://en.wikipedia.org/wiki/Seeb_International_Airport,1,,,to_be_scraped
https://en.wikipedia.org/wiki/Kahama_Airstrip,1,,,to_be_scraped
https://en.wikipedia.org/wiki/Mtwara_Airport,1,,,to_be_scraped
https://en.wikipedia.org/wiki/Gothenburg_Airport,1,,,to_be_scraped
https://en.wikipedia.org/wiki/Fort_Lauderdale%E2%80%93Hollywood_International,1,,,to_be_scraped
https://en.wikipedia.org/wiki/Barcelona_International_Airport,1,,,to_be_scraped
https://en.wikipedia.org/wiki/Amritsar_Airport,1,,,to_be_scraped
https://en.wikipedia.org/wiki/Bathinda_Airport,1,,,to_be_scraped
https://en.wikipedia.org/wiki/Bengaluru_International_Airport,1,,,to_be_scraped
https://en.wikipedia.org/wiki/Bhubaneswar_Airport,1,,,to_be_scraped
https://en.wikipedia.org/wiki/Biju_Patnaik_International_Airport,1,,,to_be_scraped
https://en.wikipedia.org/wiki/Bikaner_Airport,1,,,to_be_scraped
https://en.wikipedia.org/wiki/Bilaspur_Airport,1,,,to_be_scraped
https://en.wikipedia.org/wiki/Bir_Tikendrajit_International_Airport,1,,,to_be_scraped
https://en.wikipedia.org/wiki/Chandigarh_International_Airport,1,,,to_be_scraped
https://en.wikipedia.org/wiki/Dimapur_Airport,1,,,to_be_scraped
https://en.wikipedia.org/wiki/Donyi_Polo_Airport,1,,,to_be_scraped
https://en.wikipedia.org/wiki/Goa_International_Airport,1,,,to_be_scraped
https://en.wikipedia.org/wiki/Khajuraho_Airport,1,,,to_be_scraped
https://en.wikipedia.org/wiki/Kullu%E2%80%93Manali_Airport,1,,,to_be_scraped
https://en.wikipedia.org/wiki/Ludhiana_Halwara_International_Airport,1,,,to_be_scraped
https://en.wikipedia.org/wiki/Maa_Mahamaya_Airport,1,,,to_be_scraped
https://en.wikipedia.org/wiki/O%E2%80%99Hare_International_Airport,1,,,to_be_scraped
https://en.wikipedia.org/wiki/Phnom_Penh_International_Airport,1,,,to_be_scraped
https://en.wikipedia.org/wiki/Rajmata_Vijaya_Raje_Scindia_Airport,1,,,to_be_scraped
https://en.wikipedia.org/wiki/Shillong_Airport,1,,,to_be_scraped
https://en.wikipedia.org/wiki/Shimla_Airport,1,,,to_be_scraped
https://en.wikipedia.org/wiki/Sydney_Kingsford_Smith_Airport,1,,,to_be_scraped
https://en.wikipedia.org/wiki/Varanasi_Airport,1,,,to_be_scraped
https://en.wikipedia.org/wiki/McGhee-Tyson_Airport,1,,,to_be_scraped
https://en.wikipedia.org/wiki/Peoria_International_Airport,1,,,to_be_scraped
https://en.wikipedia.org/wiki/Charles_M._Schulz_Sonoma_County_Airport,1,,,to_be_scraped
https://en.wikipedia.org/wiki/East_Texas_Regional_Airport,1,,,to_be_scraped
https://en.wikipedia.org/wiki/Easterwood_Airport,1,,,to_be_scraped
https://en.wikipedia.org/wiki/Fort_Smith_Regional_Airport,1,,,to_be_scraped
https://en.wikipedia.org/wiki/Garden_City_Regional_Airport,1,,,to_be_scraped
https://en.wikipedia.org/wiki/Jack_Brooks_Regional_Airport,1,,,to_be_scraped
https://en.wikipedia.org/wiki/Killeen_Regional_Airport,1,,,to_be_scraped
https://en.wikipedia.org/wiki/Lake_Charles_Regional_Airport,1,,,to_be_scraped
https://en.wikipedia.org/wiki/Lawton%E2%80%93Fort_Sill_Regional_Airport,1,,,to_be_scraped
https://en.wikipedia.org/wiki/Mid_Delta_Regional_Airport,1,,,to_be_scraped
https://en.wikipedia.org/wiki/Morelia_International_Airport,1,,,to_be_scraped
https://en.wikipedia.org/wiki/San_Angelo_Regional_Airport,1,,,to_be_scraped
https://en.wikipedia.org/wiki/Stillwater_Regional_Airport,1,,,to_be_scraped
https://en.wikipedia.org/wiki/Texarkana_Regional_Airport,1,,,to_be_scraped
https://en.wikipedia.org/wiki/Tyler_Pounds_Regional_Airport,1,,,to_be_scraped
https://en.wikipedia.org/wiki/Waco_Regional_Airport,1,,,to_be_scraped
https://en.wikipedia.org/wiki/Wichita_Falls_Regional_Airport,1,,,to_be_scraped
https://en.wikipedia.org/wiki/Brno_Turany_Airport,1,,,to_be_scraped
https://en.wikipedia.org/wiki/Ekwok_Airport,1,,,to_be_scraped
https://en.wikipedia.org/wiki/Koliganek_Airport,1,,,to_be_scraped
https://en.wikipedia.org/wiki/Manokotak_Airport,1,,,to_be_scraped
https://en.wikipedia.org/wiki/New_Stuyahok_Airport,1,,,to_be_scraped
https://en.wikipedia.org/wiki/Togiak_Airport,1,,,to_be_scraped
https://en.wikipedia.org/wiki/Twin_Hills_Airport,1,,,to_be_scraped
https://en.wikipedia.org/wiki/Sabiha_Gokcen_International_Airport,1,,,to_be_scraped
https://en.wikipedia.org/wiki/Bratsk_Airport,1,,,to_be_scraped
https://en.wikipedia.org/wiki/Chulman_Neryungri_Airport,1,,,to_be_scraped
https://en.wikipedia.org/wiki/Kyzyl_Airport,1,,,to_be_scraped
https://en.wikipedia.org/wiki/Petrozavodsk_Airport,1,,,to_be_scraped
https://en.wikipedia.org/wiki/%C3%96skemen_Airport,1,,,to_be_scraped
https://en.wikipedia.org/wiki/Istanbul–Sabiha_Gökçen,1,,,to_be_scraped
https://en.wikipedia.org/wiki/Charlotte-Douglas_International_Airport,1,,,to_be_scraped
https://en.wikipedia.org/wiki/Avalon_Airport,1,,,to_be_scraped
https://en.wikipedia.org/wiki/Sultan_Muhammad_Salahudin_Airport,1,,,to_be_scraped
https://en.wikipedia.org/wiki/Halim_Perdanakusuma_International_Airport,1,,,to_be_scraped
https://en.wikipedia.org/wiki/Notohadinegoro_Airport,1,,,to_be_scraped
https://en.wikipedia.org/wiki/Pudong_International_Airport,1,,,to_be_scraped
https://en.wikipedia.org/wiki/Sultan_Muhammad_Kaharuddin_III_Airport,1,,,to_be_scraped
https://en.wikipedia.org/wiki/Tambolaka_Airport,1,,,to_be_scraped
https://en.wikipedia.org/wiki/Cap_Skirring_Airport,1,,,to_be_scraped
https://en.wikipedia.org/wiki/Lungi_Airport,1,,,to_be_scraped
https://en.wikipedia.org/wiki/Kolda_North_Airport,1,,,to_be_scraped
https://en.wikipedia.org/wiki/Kédougou_Airport,1,,,to_be_scraped
https://en.wikipedia.org/wiki/Tambacounda_Airport,1,,,to_be_scraped
https://en.wikipedia.org/wiki/Ziguinchor_Airport,1,,,to_be_scraped
https://en.wikipedia.org/wiki/Alpena_County_Regional_Airport,1,,,to_be_scraped
https://en.wikipedia.org/wiki/Greater_Binghamton_Airport,1,,,to_be_scraped
https://en.wikipedia.org/wiki/Tokyo%E2%80%93Haneda,1,,,to_be_scraped
https://en.wikipedia.org/wiki/Cancún_Airport,1,,,to_be_scraped
https://en.wikipedia.org/wiki/Tours_Airport,1,,,to_be_scraped
https://en.wikipedia.org/wiki/Carsamba_Airport,1,,,to_be_scraped
https://en.wikipedia.org/wiki/Gaziantep_Airport,1,,,to_be_scraped
https://en.wikipedia.org/wiki/Kavala_Airport,1,,,to_be_scraped
https://en.wikipedia.org/wiki/Oguzeli_Airport,1,,,to_be_scraped
https://en.wikipedia.org/wiki/Samsun_Airport,1,,,to_be_scraped
https://en.wikipedia.org/wiki/Tenerife%E2%80%93South_Airport,1,,,to_be_scraped
https://en.wikipedia.org/wiki/Akutan_Airport,1,,,to_be_scraped
https://en.wikipedia.org/wiki/Atka_Airport,1,,,to_be_scraped
https://en.wikipedia.org/wiki/Nikolski_Air_Station,1,,,to_be_scraped
https://en.wikipedia.org/wiki/Léopold_Sédar_Senghor_International_Airport,1,,,to_be_scraped
https://en.wikipedia.org/wiki/Aden_Abdulle_International_Airport,1,,,to_be_scraped
https://en.wikipedia.org/wiki/F%C3%A9lix_Houphou%C3%ABt_Boigny_International_Airport,1,,,to_be_scraped
https://en.wikipedia.org/wiki/Hargeisa_Airport,1,,,to_be_scraped
https://en.wikipedia.org/wiki/Hargeisa_Egal_International_Airport,1,,,to_be_scraped
https://en.wikipedia.org/wiki/Isfahan_International_Airport,1,,,to_be_scraped
https://en.wikipedia.org/wiki/Qeshm_Airport,1,,,to_be_scraped
https://en.wikipedia.org/wiki/Shiraz_International_Airport,1,,,to_be_scraped
https://en.wikipedia.org/wiki/Las_Vegas_Airport,1,,,to_be_scraped
https://en.wikipedia.org/wiki/Arua_Airport,1,,,to_be_scraped
https://en.wikipedia.org/wiki/Bugungu_Airstrip,1,,,to_be_scraped
https://en.wikipedia.org/wiki/Chobe_Safari_Lodge_Airport,1,,,to_be_scraped
https://en.wikipedia.org/wiki/Ishasha_Airport,1,,,to_be_scraped
https://en.wikipedia.org/wiki/Kasese_Airport,1,,,to_be_scraped
https://en.wikipedia.org/wiki/Kidepo_Airport,1,,,to_be_scraped
https://en.wikipedia.org/wiki/Kisoro_Airport,1,,,to_be_scraped
https://en.wikipedia.org/wiki/Mbarara_Airport,1,,,to_be_scraped
https://en.wikipedia.org/wiki/Mogadishu_International_Airport,1,,,to_be_scraped
https://en.wikipedia.org/wiki/Mweya_Airport,1,,,to_be_scraped
https://en.wikipedia.org/wiki/Pakuba_Airfield,1,,,to_be_scraped
https://en.wikipedia.org/wiki/Pakuba_Airport,1,,,to_be_scraped
https://en.wikipedia.org/wiki/Savannah_Airstrip,1,,,to_be_scraped
https://en.wikipedia.org/wiki/Semliki_Airstrip,1,,,to_be_scraped
https://en.wikipedia.org/wiki/Soroti_Airport,1,,,to_be_scraped
https://en.wikipedia.org/wiki/Yei_Airport,1,,,to_be_scraped
https://en.wikipedia.org/wiki/Latakia_International_Airport,1,,,to_be_scraped
https://en.wikipedia.org/wiki/Sulaymaniyah_Airport,1,,,to_be_scraped
https://en.wikipedia.org/wiki/Ha'il_Regional_Airport,1,,,to_be_scraped
https://en.wikipedia.org/wiki/Adıyaman_Airport,1,,,to_be_scraped
https://en.wikipedia.org/wiki/Çanakkale_Airport,1,,,to_be_scraped
https://en.wikipedia.org/wiki/Şanlıurfa_GAP_Airport,1,,,to_be_scraped
https://en.wikipedia.org/wiki/Imam_Khomeini_Airport,1,,,to_be_scraped
https://en.wikipedia.org/wiki/Nizhny_Novgorod_Airport,1,,,to_be_scraped
https://en.wikipedia.org/wiki/Syunik_Airport,1,,,to_be_scraped
https://en.wikipedia.org/wiki/Gobernador_Horacio_Guzm%C3%A1n_International_Airport,1,,,to_be_scraped
https://en.wikipedia.org/wiki/Piloto_Civil_Norberto_Fern%C3%A1ndez_International_Airport,1,,,to_be_scraped
https://en.wikipedia.org/wiki/Rio_de_Janeiro-Gale%C3%A3o_International_Airport,1,,,to_be_scraped
https://en.wikipedia.org/wiki/S%C3%A3o_Paulo%E2%80%93Guarulhos_International_Airport,1,,,to_be_scraped
https://en.wikipedia.org/wiki/Teniente_Amin_Ayub_Gonzalez_Airport,1,,,to_be_scraped
https://en.wikipedia.org/wiki/Dímun,1,,,to_be_scraped
https://en.wikipedia.org/wiki/Froðba,1,,,to_be_scraped
https://en.wikipedia.org/wiki/Hattarvík,1,,,to_be_scraped
https://en.wikipedia.org/wiki/Kirkja,1,,,to_be_scraped
https://en.wikipedia.org/wiki/Klaksvík,1,,,to_be_scraped
https://en.wikipedia.org/wiki/Koltur,1,,,to_be_scraped
"https://en.wikipedia.org/wiki/Mykines,_Mykines#Air",1,,,to_be_scraped
https://en.wikipedia.org/wiki/Skúvoy,1,,,to_be_scraped
https://en.wikipedia.org/wiki/Svínoy,1,,,to_be_scraped
https://en.wikipedia.org/wiki/Tórshavn#Transport,1,,,to_be_scraped
https://en.wikipedia.org/wiki/Allakaket_Airport,1,,,to_be_scraped
https://en.wikipedia.org/wiki/Anaktuvuk_Pass_Airport,1,,,to_be_scraped
https://en.wikipedia.org/wiki/Arctic_Village_Airport,1,,,to_be_scraped
https://en.wikipedia.org/wiki/Beaver_Airport,1,,,to_be_scraped
https://en.wikipedia.org/wiki/Bettles_Airport,1,,,to_be_scraped
https://en.wikipedia.org/wiki/Birch_Creek_Airport,1,,,to_be_scraped
https://en.wikipedia.org/wiki/Central_Airport,1,,,to_be_scraped
https://en.wikipedia.org/wiki/Chalkyitsik_Airport,1,,,to_be_scraped
https://en.wikipedia.org/wiki/Circle_City_Airport,1,,,to_be_scraped
https://en.wikipedia.org/wiki/Eagle_Airport,1,,,to_be_scraped
https://en.wikipedia.org/wiki/Edward_G._Pitka_Sr._Airport,1,,,to_be_scraped
https://en.wikipedia.org/wiki/Fort_Yukon_Airport,1,,,to_be_scraped
https://en.wikipedia.org/wiki/Healy_Lake_Airport,1,,,to_be_scraped
https://en.wikipedia.org/wiki/Hughes_Airport_(Alaska),1,,,to_be_scraped
https://en.wikipedia.org/wiki/Huslia_Airport,1,,,to_be_scraped
https://en.wikipedia.org/wiki/Kaltag_Airport,1,,,to_be_scraped
https://en.wikipedia.org/wiki/Koyukuk_Airport,1,,,to_be_scraped
https://en.wikipedia.org/wiki/Manley_Hot_Springs_Airport,1,,,to_be_scraped
https://en.wikipedia.org/wiki/Minchumina_Airport,1,,,to_be_scraped
https://en.wikipedia.org/wiki/Minto_Al_Wright_Airport,1,,,to_be_scraped
https://en.wikipedia.org/wiki/Nulato_Airport,1,,,to_be_scraped
https://en.wikipedia.org/wiki/Ralph_M._Calhoun_Memorial_Airport,1,,,to_be_scraped
https://en.wikipedia.org/wiki/Rampart_Airport,1,,,to_be_scraped
https://en.wikipedia.org/wiki/Ruby_Airport,1,,,to_be_scraped
https://en.wikipedia.org/wiki/Stevens_Village_Airport,1,,,to_be_scraped
https://en.wikipedia.org/wiki/Venetie_Airport,1,,,to_be_scraped
https://en.wikipedia.org/wiki/Derry,1,,,to_be_scraped
https://en.wikipedia.org/wiki/Kalemie_Airport,1,,,to_be_scraped
https://en.wikipedia.org/wiki/Grand_Case–Espérance_Airport,1,,,to_be_scraped
https://en.wikipedia.org/wiki/Boende_Airport,1,,,to_be_scraped
https://en.wikipedia.org/wiki/Bumba_Airport,1,,,to_be_scraped
https://en.wikipedia.org/wiki/Cotonou_Cadjehoun_Airport,1,,,to_be_scraped
https://en.wikipedia.org/wiki/Gbadolite_Airport,1,,,to_be_scraped
https://en.wikipedia.org/wiki/Gemena_Airport,1,,,to_be_scraped
https://en.wikipedia.org/wiki/Kavumu_Airport,1,,,to_be_scraped
https://en.wikipedia.org/wiki/Kindu_Airport,1,,,to_be_scraped
https://en.wikipedia.org/wiki/Kisangani_Bangoka_International_Airport,1,,,to_be_scraped
https://en.wikipedia.org/wiki/Lisala_Airport,1,,,to_be_scraped
https://en.wikipedia.org/wiki/Lodja_Airport,1,,,to_be_scraped
https://en.wikipedia.org/wiki/Lomé–Tokoin_Airport,1,,,to_be_scraped
https://en.wikipedia.org/wiki/Mbandaka_Airport,1,,,to_be_scraped
https://en.wikipedia.org/wiki/Muanda_Airport,1,,,to_be_scraped
https://en.wikipedia.org/wiki/Tshikapa_Airport,1,,,to_be_scraped
https://en.wikipedia.org/wiki/Iasi_Airport,1,,,to_be_scraped
https://en.wikipedia.org/wiki/Targu_Mures_Airport,1,,,to_be_scraped
https://en.wikipedia.org/wiki/New_Orleans_Airport,1,,,to_be_scraped
https://en.wikipedia.org/wiki/Lisbon_Humberto_Delgado_Airport,1,,,to_be_scraped
https://en.wikipedia.org/wiki/Jerez_de_la_Frontera_Airport,1,,,to_be_scraped
https://en.wikipedia.org/wiki/Zarzis_International_Airport,1,,,to_be_scraped
https://en.wikipedia.org/wiki/Anacortes_Airport,1,,,to_be_scraped
https://en.wikipedia.org/wiki/M%C3%BCnster/Osnabr%C3%BCck_Airport,1,,,to_be_scraped
https://en.wikipedia.org/wiki/Oslo-Gardermoen_Airport,1,,,to_be_scraped
https://en.wikipedia.org/wiki/Pozna%C5%84%E2%80%93%C5%81awica_Henryk_Wieniawski_Airport,1,,,to_be_scraped
https://en.wikipedia.org/wiki/Francistown_Airport,1,,,to_be_scraped
https://en.wikipedia.org/wiki/Lusaka_Airport,1,,,to_be_scraped
https://en.wikipedia.org/wiki/Jijiga_Airport,1,,,to_be_scraped
https://en.wikipedia.org/wiki/Poprad–Tatry_Airport,1,,,to_be_scraped
https://en.wikipedia.org/wiki/Växjö_Småland_Airport,1,,,to_be_scraped
https://en.wikipedia.org/wiki/Jos%C3%A9_Marti_International_Airport,1,,,to_be_scraped
https://en.wikipedia.org/wiki/Recife/Guararapes_International_Airport,1,,,to_be_scraped
https://en.wikipedia.org/wiki/S%C3%A3o_Jos%C3%A9_dos_Campos_Airport,1,,,to_be_scraped
https://en.wikipedia.org/wiki/May_Creek_Airport,1,,,to_be_scraped
https://en.wikipedia.org/wiki/McCarthy_Airport,1,,,to_be_scraped
https://en.wikipedia.org/wiki/Barra_Airport,1,,,to_be_scraped
https://en.wikipedia.org/wiki/Benbecula_Airport,1,,,to_be_scraped
https://en.wikipedia.org/wiki/Campbeltown_Airport,1,,,to_be_scraped
https://en.wikipedia.org/wiki/Islay_Airport,1,,,to_be_scraped
https://en.wikipedia.org/wiki/Tiree_Airport,1,,,to_be_scraped
https://en.wikipedia.org/wiki/Preveza_Airport,1,,,to_be_scraped
https://en.wikipedia.org/wiki/Mundra_Airport,1,,,to_be_scraped
https://en.wikipedia.org/wiki/Nanded_Airport,1,,,to_be_scraped
https://en.wikipedia.org/wiki/Solapur_Airport,1,,,to_be_scraped
https://en.wikipedia.org/wiki/Atlanta_Airport,1,,,to_be_scraped
https://en.wikipedia.org/wiki/MSP_Airport,1,,,to_be_scraped
https://en.wikipedia.org/wiki/Bonito_Airport,1,,,to_be_scraped
https://en.wikipedia.org/wiki/Caldas_Novas_Airport,1,,,to_be_scraped
https://en.wikipedia.org/wiki/Capit%C3%A1n_de_Corbeta_Carlos_A._Curbelo_International_Airport,1,,,to_be_scraped
https://en.wikipedia.org/wiki/Cascavel_Airport,1,,,to_be_scraped
https://en.wikipedia.org/wiki/Chapec%C3%B3_Airport,1,,,to_be_scraped
https://en.wikipedia.org/wiki/Comte._Ariston_Pessoa_Regional_Airport,1,,,to_be_scraped
https://en.wikipedia.org/wiki/Dourados_Airport,1,,,to_be_scraped
https://en.wikipedia.org/wiki/Fernando_de_Noronha_Airport,1,,,to_be_scraped
https://en.wikipedia.org/wiki/Glauber_Rocha_Airport,1,,,to_be_scraped
https://en.wikipedia.org/wiki/Ilh%C3%A9us_Jorge_Amado_Airport,1,,,to_be_scraped
https://en.wikipedia.org/wiki/Jaguaruna_Regional_Airport,1,,,to_be_scraped
https://en.wikipedia.org/wiki/Joinville-Lauro_Carneiro_de_Loyola_Airport,1,,,to_be_scraped
https://en.wikipedia.org/wiki/Juazeiro_do_Norte_Airport,1,,,to_be_scraped
https://en.wikipedia.org/wiki/Lauro_Kurtz_Airport,1,,,to_be_scraped
https://en.wikipedia.org/wiki/Leite_Lopes_Airport,1,,,to_be_scraped
https://en.wikipedia.org/wiki/Londrina_Airport,1,,,to_be_scraped
https://en.wikipedia.org/wiki/Maring%C3%A1_Regional_Airport,1,,,to_be_scraped
https://en.wikipedia.org/wiki/Montes_Claros_Airport,1,,,to_be_scraped
https://en.wikipedia.org/wiki/Pelotas_International_Airport,1,,,to_be_scraped
https://en.wikipedia.org/wiki/Petrolina_Airport,1,,,to_be_scraped
https://en.wikipedia.org/wiki/Santo_%C3%82ngelo_Airport,1,,,to_be_scraped
https://en.wikipedia.org/wiki/Uberaba_Airport,1,,,to_be_scraped
https://en.wikipedia.org/wiki/Zona_da_Mata_Regional_Airport,1,,,to_be_scraped
https://en.wikipedia.org/wiki/Amsterdam-Schiphol_Airport,1,,,to_be_scraped
https://en.wikipedia.org/wiki/La_Rochelle_–_Île_de_Ré_Airport,1,,,to_be_scraped
https://en.wikipedia.org/wiki/La_Môle_–_Saint-Tropez_Airport,1,,,to_be_scraped
https://en.wikipedia.org/wiki/Fuzuli_International_Airport,1,,,to_be_scraped
https://en.wikipedia.org/wiki/Karachi_International_Airport,1,,,to_be_scraped
https://en.wikipedia.org/wiki/Mariscal_Lamar_International_Airport,1,,,to_be_scraped
https://en.wikipedia.org/wiki/San_Crist%C3%B3bal_Airport,1,,,to_be_scraped
https://en.wikipedia.org/wiki/Seymour_Airport,1,,,to_be_scraped
https://en.wikipedia.org/wiki/Auckland_International_Airport,1,,,to_be_scraped
https://en.wikipedia.org/wiki/Huaian_Lianshui_International_Airport,1,,,to_be_scraped
https://en.wikipedia.org/wiki/Yongxing_Island_Airport,1,,,to_be_scraped
https://en.wikipedia.org/wiki/Esenbo%C4%9Fa_International_Airport,1,,,to_be_scraped
https://en.wikipedia.org/wiki/Luxembourg_%E2%80%93_Findel_Airport,1,,,to_be_scraped
https://en.wikipedia.org/wiki/Gustavo_Rizo_Airport,1,,,to_be_scraped
https://en.wikipedia.org/wiki/Rafael_Cabrera_Mustelier_Airport,1,,,to_be_scraped
https://en.wikipedia.org/wiki/Seattle_Tacoma_International_Airport,1,,,to_be_scraped
https://en.wikipedia.org/wiki/Joensuu_Airport,1,,,to_be_scraped
https://en.wikipedia.org/wiki/Jyväskylä_Airport,1,,,to_be_scraped
https://en.wikipedia.org/wiki/Linköping_City_Airport,1,,,to_be_scraped
https://en.wikipedia.org/wiki/Pori_Airport,1,,,to_be_scraped
https://en.wikipedia.org/wiki/Savonlinna_Airport,1,,,to_be_scraped
https://en.wikipedia.org/wiki/Seattle_Tacoma_Airport,1,,,to_be_scraped
https://en.wikipedia.org/wiki/Modlin_Airport,1,,,to_be_scraped
https://en.wikipedia.org/wiki/Metz%E2%80%93Nancy%E2%80%93Lorraine_Airport,1,,,to_be_scraped
https://en.wikipedia.org/wiki/Rostock%E2%80%93Laage_Airport,1,,,to_be_scraped
https://en.wikipedia.org/wiki/Athens_International_Airport_Eleftherios_Venizelos,1,,,to_be_scraped
https://en.wikipedia.org/wiki/Baotou_Airport,1,,,to_be_scraped
https://en.wikipedia.org/wiki/Haixi_Delingha_Airport,1,,,to_be_scraped
https://en.wikipedia.org/wiki/Kashi_Laining_International_Airport,1,,,to_be_scraped
https://en.wikipedia.org/wiki/Kelamayi_Guhai_Airport,1,,,to_be_scraped
https://en.wikipedia.org/wiki/Yemelyanovo_International_Airport,1,,,to_be_scraped
https://en.wikipedia.org/wiki/Guerrero_Negro_Airport,1,,,to_be_scraped
https://en.wikipedia.org/wiki/Hachijojima_Airport,1,,,to_be_scraped
https://en.wikipedia.org/wiki/Marine_Corps_Air_Station_Iwakuni,1,,,to_be_scraped
https://en.wikipedia.org/wiki/Iwami_Airport,1,,,to_be_scraped
https://en.wikipedia.org/wiki/Izumo_Airport,1,,,to_be_scraped
https://en.wikipedia.org/wiki/Misawa_Airport,1,,,to_be_scraped
https://en.wikipedia.org/wiki/Monbetsu_Airport,1,,,to_be_scraped
https://en.wikipedia.org/wiki/Nakashibetsu_Airport,1,,,to_be_scraped
https://en.wikipedia.org/wiki/Odate–Noshiro_Airport,1,,,to_be_scraped
https://en.wikipedia.org/wiki/Nanki–Shirahama_Airport,1,,,to_be_scraped
https://en.wikipedia.org/wiki/Yamaguchi_Ube_Airport,1,,,to_be_scraped
https://en.wikipedia.org/wiki/Noto_Airport,1,,,to_be_scraped
https://en.wikipedia.org/wiki/Wakkanai_Airport,1,,,to_be_scraped
https://en.wikipedia.org/wiki/Yamagata_Airport,1,,,to_be_scraped
https://en.wikipedia.org/wiki/Miho-Yonago_Airport,1,,,to_be_scraped
https://en.wikipedia.org/wiki/Bucholz_Army_Airfield,1,,,to_be_scraped
https://en.wikipedia.org/wiki/Cassidy_International_Airport,1,,,to_be_scraped
https://en.wikipedia.org/wiki/Chuuk_International_Airport,1,,,to_be_scraped
https://en.wikipedia.org/wiki/Kalaupapa_Airport,1,,,to_be_scraped
https://en.wikipedia.org/wiki/Kapalua_Airport,1,,,to_be_scraped
https://en.wikipedia.org/wiki/Kosrae_International_Airport,1,,,to_be_scraped
https://en.wikipedia.org/wiki/Lanai_Airport,1,,,to_be_scraped
https://en.wikipedia.org/wiki/Marshall_Islands_International_Airport,1,,,to_be_scraped
https://en.wikipedia.org/wiki/Molokai_Airport,1,,,to_be_scraped
https://en.wikipedia.org/wiki/Pago_Pago_International_Airport,1,,,to_be_scraped
https://en.wikipedia.org/wiki/Pohnpei_International_Airport,1,,,to_be_scraped
https://en.wikipedia.org/wiki/Nanwalek_Airport,1,,,to_be_scraped
https://en.wikipedia.org/wiki/Port_Graham_Airport,1,,,to_be_scraped
https://en.wikipedia.org/wiki/Seldovia_Airport,1,,,to_be_scraped
https://en.wikipedia.org/wiki/Baltimore/Washington_International_Thurgood_Marshall_Airport,1,,,to_be_scraped
https://en.wikipedia.org/wiki/Chicago_Midway_International_Airport,1,,,to_be_scraped
https://en.wikipedia.org/wiki/Tweed_New_Haven_Regional_Airport,1,,,to_be_scraped
https://en.wikipedia.org/wiki/Miami-Opa_Locka_Executive_Airport,1,,,to_be_scraped
https://en.wikipedia.org/wiki/Naples_Airport_(Florida),1,,,to_be_scraped
https://en.wikipedia.org/wiki/Joshua_Mqabuko_Nkomo_International_Airport,1,,,to_be_scraped
https://en.wikipedia.org/wiki/King_Mswati_III_International_Airport,1,,,to_be_scraped
https://en.wikipedia.org/wiki/Gothenburg_Landvetter_Airport,1,,,to_be_scraped
https://en.wikipedia.org/wiki/Milan-Malpensa_Airport,1,,,to_be_scraped
https://en.wikipedia.org/wiki/Concord-Padgett_Regional_Airport,1,,,to_be_scraped
https://en.wikipedia.org/wiki/New_Orleans_International_Airport,1,,,to_be_scraped
https://en.wikipedia.org/wiki/Williamsport_Regional_Airport,1,,,to_be_scraped
https://en.wikipedia.org/wiki/Antwerp_Airport,1,,,to_be_scraped
https://en.wikipedia.org/wiki/Lien_Khuong_Airport,1,,,to_be_scraped
https://en.wikipedia.org/wiki/Hualien_Airport,1,,,to_be_scraped
https://en.wikipedia.org/wiki/Ibaraki_Airport,1,,,to_be_scraped
https://en.wikipedia.org/wiki/Saga_Airport,1,,,to_be_scraped
https://en.wikipedia.org/wiki/Yonago_Kitaro_Airport,1,,,to_be_scraped
https://en.wikipedia.org/wiki/PHX,1,,,to_be_scraped
https://en.wikipedia.org/wiki/Seattle/Tacoma_International_Airport,1,,,to_be_scraped
https://en.wikipedia.org/wiki/Slcia,1,,,to_be_scraped
https://en.wikipedia.org/wiki/Kokhanok_Airport,1,,,to_be_scraped
https://en.wikipedia.org/wiki/Nondalton_Airport,1,,,to_be_scraped
https://en.wikipedia.org/wiki/Pedro_Bay_Airport,1,,,to_be_scraped
https://en.wikipedia.org/wiki/Port_Alsworth_Airport,1,,,to_be_scraped
https://en.wikipedia.org/wiki/Chitral_Airport,1,,,to_be_scraped
https://en.wikipedia.org/wiki/Gilgit_Airport,1,,,to_be_scraped
https://en.wikipedia.org/wiki/Quetta_Airport,1,,,to_be_scraped
https://en.wikipedia.org/wiki/Sukkur_Airport,1,,,to_be_scraped
https://en.wikipedia.org/wiki/Bing%C3%B6l_Airport,1,,,to_be_scraped
https://en.wikipedia.org/wiki/Hakkari%E2%80%93Y%C3%BCksekova_Airport,1,,,to_be_scraped
https://en.wikipedia.org/wiki/Isparta_S%C3%BCleyman_Demirel_Airport,1,,,to_be_scraped
https://en.wikipedia.org/wiki/King_Hussein_International_Airport,1,,,to_be_scraped
https://en.wikipedia.org/wiki/Malatya_Airport,1,,,to_be_scraped
https://en.wikipedia.org/wiki/Moscow_Vnukovo_Airport,1,,,to_be_scraped
https://en.wikipedia.org/wiki/Roschino_International_Airport,1,,,to_be_scraped
https://en.wikipedia.org/wiki/Ta%27if_Regional_Airport,1,,,to_be_scraped
https://en.wikipedia.org/wiki/Turkistan_Airport,1,,,to_be_scraped
https://en.wikipedia.org/wiki/%C3%87anakkale_Airport,1,,,to_be_scraped
https://en.wikipedia.org/wiki/%C5%9E%C4%B1rnak_Airport,1,,,to_be_scraped
https://en.wikipedia.org/wiki/Beirut_International_Airport,1,,,to_be_scraped
https://en.wikipedia.org/wiki/Kullu–Manali_Airport,1,,,to_be_scraped
https://en.wikipedia.org/wiki/Djibouti_International_Airport,1,,,to_be_scraped
https://en.wikipedia.org/wiki/Khwaja_Abdullah_Ansari_International_Airport,1,,,to_be_scraped
https://en.wikipedia.org/wiki/Kotoka_International_Airport,1,,,to_be_scraped
https://en.wikipedia.org/wiki/Monse%C3%B1or_%C3%93scar_Arnulfo_Romero_International_Airport,1,,,to_be_scraped
https://en.wikipedia.org/wiki/Aden_Airport,1,,,to_be_scraped
https://en.wikipedia.org/wiki/Dubai_World_Central_International_Airport,1,,,to_be_scraped
https://en.wikipedia.org/wiki/East_London_Airport,1,,,to_be_scraped
https://en.wikipedia.org/wiki/George_Airport,1,,,to_be_scraped
https://en.wikipedia.org/wiki/Harare_International_Airport,1,,,to_be_scraped
https://en.wikipedia.org/wiki/Port_Elizabeth_Airport,1,,,to_be_scraped
https://en.wikipedia.org/wiki/Angoon_Seaplane_Base,1,,,to_be_scraped
https://en.wikipedia.org/wiki/Chatham_Seaplane_Base,1,,,to_be_scraped
https://en.wikipedia.org/wiki/Elfin_Cove_Seaplane_Base,1,,,to_be_scraped
https://en.wikipedia.org/wiki/Excursion_Inlet_Seaplane_Base,1,,,to_be_scraped
https://en.wikipedia.org/wiki/Funter_Bay_Seaplane_Base,1,,,to_be_scraped
https://en.wikipedia.org/wiki/Gustavus_Airport,1,,,to_be_scraped
https://en.wikipedia.org/wiki/Haines_Airport,1,,,to_be_scraped
https://en.wikipedia.org/wiki/Hoonah_Airport,1,,,to_be_scraped
https://en.wikipedia.org/wiki/Kake_Seaplane_Base,1,,,to_be_scraped
https://en.wikipedia.org/wiki/Klawock_Airport,1,,,to_be_scraped
https://en.wikipedia.org/wiki/Pelican_Seaplane_Base,1,,,to_be_scraped
https://en.wikipedia.org/wiki/Petersburg_James_A._Johnson_Airport,1,,,to_be_scraped
https://en.wikipedia.org/wiki/Skagway_Airport,1,,,to_be_scraped
https://en.wikipedia.org/wiki/Tenakee_Seaplane_Base,1,,,to_be_scraped
https://en.wikipedia.org/wiki/Yakutat_Airport,1,,,to_be_scraped
https://en.wikipedia.org/wiki/Kasos_Island_Public_Airport,1,,,to_be_scraped
https://en.wikipedia.org/wiki/Herat_International_Airport,1,,,to_be_scraped
https://en.wikipedia.org/wiki/Kandahar_International_Airport,1,,,to_be_scraped
https://en.wikipedia.org/wiki/Alicante-Elche_Miguel_Hernández_Airport,1,,,to_be_scraped
https://en.wikipedia.org/wiki/Ilulissat_Airport,1,,,to_be_scraped
https://en.wikipedia.org/wiki/Kulusuk_Airport,1,,,to_be_scraped
https://en.wikipedia.org/wiki/Bangui_Airport,1,,,to_be_scraped
https://en.wikipedia.org/wiki/Brazzaville_Airport,1,,,to_be_scraped
https://en.wikipedia.org/wiki/Bujumbura_Airport,1,,,to_be_scraped
https://en.wikipedia.org/wiki/Kamembe_Airport,1,,,to_be_scraped
https://en.wikipedia.org/wiki/Bagram_Airfield,1,,,to_be_scraped
https://en.wikipedia.org/wiki/Grantley_Adams_Airport,1,,,to_be_scraped
https://en.wikipedia.org/wiki/Binaka_Airport,1,,,to_be_scraped
https://en.wikipedia.org/wiki/Malikus_Saleh_Airport,1,,,to_be_scraped
https://en.wikipedia.org/wiki/Cut_Nyak_Dhien_Airport,1,,,to_be_scraped
https://en.wikipedia.org/wiki/Ferdinand_Lumban_Tobing_Airport,1,,,to_be_scraped
https://en.wikipedia.org/wiki/Lasikin_Airport,1,,,to_be_scraped
https://en.wikipedia.org/wiki/Syekh_Hamzah_Fansyuri_Airport,1,,,to_be_scraped
https://en.wikipedia.org/wiki/Rembele_Airport,1,,,to_be_scraped
https://en.wikipedia.org/wiki/Denver,1,,,to_be_scraped
https://en.wikipedia.org/wiki/Los_Angeles,1,,,to_be_scraped
https://en.wikipedia.org/wiki/San_Fransisco,1,,,to_be_scraped
https://en.wikipedia.org/wiki/San_Jos%C3%A9_International_Airport,1,,,to_be_scraped
"https://en.wikipedia.org/wiki/Waimea,_Kaua%CA%BBi_County,_Hawaii",1,,,to_be_scraped
https://en.wikipedia.org/wiki/Ancona_Airport,1,,,to_be_scraped
https://en.wikipedia.org/wiki/Oslo_Airport_Gardermoen,1,,,to_be_scraped
https://en.wikipedia.org/wiki/Szczecin-Goleni%C3%B3w_%22Solidarno%C5%9B%C4%87%22_Airport,1,,,to_be_scraped
https://en.wikipedia.org/wiki/Dara_Sakor_International_Airport,1,,,to_be_scraped
https://en.wikipedia.org/wiki/Bhadrapur_Airport,1,,,to_be_scraped
https://en.wikipedia.org/wiki/Bharatpur_Airport,1,,,to_be_scraped
https://en.wikipedia.org/wiki/Bhojpur_Airport,1,,,to_be_scraped
https://en.wikipedia.org/wiki/Biratnagar_Airport,1,,,to_be_scraped
https://en.wikipedia.org/wiki/Dang_Airport,1,,,to_be_scraped
https://en.wikipedia.org/wiki/Dhangadhi_Airport,1,,,to_be_scraped
https://en.wikipedia.org/wiki/Janakpur_Airport,1,,,to_be_scraped
https://en.wikipedia.org/wiki/Kolkata_Airport,1,,,to_be_scraped
https://en.wikipedia.org/wiki/Lamidanda_Airport,1,,,to_be_scraped
https://en.wikipedia.org/wiki/Man_Maya_Airport,1,,,to_be_scraped
https://en.wikipedia.org/wiki/Nepalgunj_Airport,1,,,to_be_scraped
https://en.wikipedia.org/wiki/Paro_Airport,1,,,to_be_scraped
https://en.wikipedia.org/wiki/Phaplu_Airport,1,,,to_be_scraped
https://en.wikipedia.org/wiki/Pokhara_International_Airport,1,,,to_be_scraped
https://en.wikipedia.org/wiki/Rajbiraj_Airport,1,,,to_be_scraped
https://en.wikipedia.org/wiki/Ramechhap_Airport,1,,,to_be_scraped
https://en.wikipedia.org/wiki/Rukum_Salle_Airport,1,,,to_be_scraped
https://en.wikipedia.org/wiki/Rumjatar_Airport,1,,,to_be_scraped
https://en.wikipedia.org/wiki/Simara_Airport,1,,,to_be_scraped
https://en.wikipedia.org/wiki/Sukilumba_Airport,1,,,to_be_scraped
https://en.wikipedia.org/wiki/Surkhet_Airport,1,,,to_be_scraped
https://en.wikipedia.org/wiki/Taplejung_Airport,1,,,to_be_scraped
https://en.wikipedia.org/wiki/Tenzing-Hillary_Airport,1,,,to_be_scraped
https://en.wikipedia.org/wiki/Thamkharka_Airport,1,,,to_be_scraped
https://en.wikipedia.org/wiki/Tumlingtar_Airport,1,,,to_be_scraped
https://en.wikipedia.org/wiki/Varanasi_International_Airport,1,,,to_be_scraped
https://en.wikipedia.org/wiki/Tampere_Airport,1,,,to_be_scraped
https://en.wikipedia.org/wiki/Gdańsk_Airport,1,,,to_be_scraped
https://en.wikipedia.org/wiki/Tabarka–Aïn_Draham_International_Airport,1,,,to_be_scraped
https://en.wikipedia.org/wiki/Queen_Tamar_Airport,1,,,to_be_scraped
https://en.wikipedia.org/wiki/Amman_Civil_Airport,1,,,to_be_scraped
https://en.wikipedia.org/wiki/Lamerd_International_Airport,1,,,to_be_scraped
https://en.wikipedia.org/wiki/Manas_Airport,1,,,to_be_scraped
https://en.wikipedia.org/wiki/Magnitogorsk_Airport,1,,,to_be_scraped
https://en.wikipedia.org/wiki/Farman_Salmanov_Surgut_Airport,1,,,to_be_scraped
https://en.wikipedia.org/wiki/Phoenix%E2%80%93Mesa_Gateway_Airport,1,,,to_be_scraped
https://en.wikipedia.org/wiki/Santa_Monica_Airport,1,,,to_be_scraped
https://en.wikipedia.org/wiki/Redding_Municipal_Airport,1,,,to_be_scraped
https://en.wikipedia.org/wiki/Brescia_Airport,1,,,to_be_scraped
https://en.wikipedia.org/wiki/Bergerac_Airport,1,,,to_be_scraped
https://en.wikipedia.org/wiki/Chelyabinsk_Balandino_Airport,1,,,to_be_scraped
https://en.wikipedia.org/wiki/İstanbul_Airport,1,,,to_be_scraped
https://en.wikipedia.org/wiki/Kaliningrad_Airport,1,,,to_be_scraped
https://en.wikipedia.org/wiki/Kirov_Airport,1,,,to_be_scraped
https://en.wikipedia.org/wiki/Kostroma_Airport,1,,,to_be_scraped
https://en.wikipedia.org/wiki/Krasnoyarsk_Yemelyanovo_Airport,1,,,to_be_scraped
https://en.wikipedia.org/wiki/Norilsk_Alykel_Airport,1,,,to_be_scraped
https://en.wikipedia.org/wiki/Novosibirsk_Tolmachevo_Airport,1,,,to_be_scraped
https://en.wikipedia.org/wiki/Penza_Airport,1,,,to_be_scraped
https://en.wikipedia.org/wiki/Adler–Sochi_International_Airport,1,,,to_be_scraped
https://en.wikipedia.org/wiki/Bogashevo_Airport,1,,,to_be_scraped
https://en.wikipedia.org/wiki/Roschino_Airport,1,,,to_be_scraped
https://en.wikipedia.org/wiki/Northwest_Arkansas_Regional_Airport,1,,,to_be_scraped
https://en.wikipedia.org/wiki/Akureyri_Airport,1,,,to_be_scraped
https://en.wikipedia.org/wiki/Freetown_International_Airport,1,,,to_be_scraped
https://en.wikipedia.org/wiki/La_Rochelle%E2%80%93%C3%8Ele_de_R%C3%A9_Airport,1,,,to_be_scraped
https://en.wikipedia.org/wiki/Dundee_Airport,1,,,to_be_scraped
https://en.wikipedia.org/wiki/Lyon%E2%80%93Saint_Exup%C3%A9ry_Airport,1,,,to_be_scraped
https://en.wikipedia.org/wiki/Minorca_Airport,1,,,to_be_scraped
https://en.wikipedia.org/wiki/Roma_Airport,1,,,to_be_scraped
https://en.wikipedia.org/wiki/EuroAirport,1,,,to_be_scraped
https://en.wikipedia.org/wiki/Fès-Saïs_Airport,1,,,to_be_scraped
https://en.wikipedia.org/wiki/Montpellier_Méditerranée_Airport,1,,,to_be_scraped
https://en.wikipedia.org/wiki/Alf%C3%A9rez_FAP_David_Figueroa_Fernandini_Airport,1,,,to_be_scraped
https://en.wikipedia.org/wiki/Andahuaylas_Airport,1,,,to_be_scraped
https://en.wikipedia.org/wiki/Andr%C3%A9s_Sabella_G%C3%A1lvez_International_Airport,1,,,to_be_scraped
https://en.wikipedia.org/wiki/Cad._FAP_Guillermo_del_Castillo_Paredes_Airport,1,,,to_be_scraped
https://en.wikipedia.org/wiki/Cadete_FAP_Guillermo_del_Castillo_Paredes_Airport,1,,,to_be_scraped
https://en.wikipedia.org/wiki/Cap._FAP_Carlos_Mart%C3%ADnez_de_Pinillos_International_Airport,1,,,to_be_scraped
https://en.wikipedia.org/wiki/Cap._FAP_Guillermo_Concha_Iberico_International_Airport,1,,,to_be_scraped
https://en.wikipedia.org/wiki/Cap._FAP_Pedro_Canga_Rodr%C3%ADguez_Airport,1,,,to_be_scraped
https://en.wikipedia.org/wiki/Cap._FAP_V%C3%ADctor_Montes_Arias_Airport,1,,,to_be_scraped
https://en.wikipedia.org/wiki/Capit%C3%A1n_FAP_Carlos_Mart%C3%ADnez_de_Pinillos_International_Airport,1,,,to_be_scraped
https://en.wikipedia.org/wiki/Capit%C3%A1n_FAP_Guillermo_Concha_Iberico_International_Airport,1,,,to_be_scraped
https://en.wikipedia.org/wiki/Capit%C3%A1n_FAP_V%C3%ADctor_Montes_Arias_International_Airport,1,,,to_be_scraped
https://en.wikipedia.org/wiki/Chachapoyas_Airport,1,,,to_be_scraped
https://en.wikipedia.org/wiki/Comalapa_International_Airport,1,,,to_be_scraped
https://en.wikipedia.org/wiki/Coronel_FAP_Alfredo_Mend%C3%ADvil_Duarte_Airport,1,,,to_be_scraped
https://en.wikipedia.org/wiki/Crnl._FAP_Carlos_Ciriani_Santa_Rosa_International_Airport,1,,,to_be_scraped
https://en.wikipedia.org/wiki/Crnl._FAP_Francisco_Secada_Vignetta_International_Airport,1,,,to_be_scraped
https://en.wikipedia.org/wiki/FAP_Captain_David_Abensur_Rengifo_International_Airport,1,,,to_be_scraped
https://en.wikipedia.org/wiki/Francisco_Carle_Airport,1,,,to_be_scraped
https://en.wikipedia.org/wiki/Huaraz_Airport,1,,,to_be_scraped
https://en.wikipedia.org/wiki/Inca_Manco_C%C3%A1pac_International_Airport,1,,,to_be_scraped
https://en.wikipedia.org/wiki/Ja%C3%A9n_Airport,1,,,to_be_scraped
https://en.wikipedia.org/wiki/Mayor_General_FAP_Armando_Revoredo_Iglesias_Airport,1,,,to_be_scraped
https://en.wikipedia.org/wiki/Mayor_Nancy_Flores_P%C3%A1ucar_Airport,1,,,to_be_scraped
https://en.wikipedia.org/wiki/Padre_Aldamiz_International_Airport,1,,,to_be_scraped
https://en.wikipedia.org/wiki/Rodr%C3%ADguez_Ball%C3%B3n_International_Airport,1,,,to_be_scraped
https://en.wikipedia.org/wiki/Tingo_Mar%C3%ADa_Airport,1,,,to_be_scraped
https://en.wikipedia.org/wiki/Tnte._Gral._Gerardo_P%C3%A9rez_Pinedo_Airport,1,,,to_be_scraped
https://en.wikipedia.org/wiki/Toronto-Pearson_International_Airport,1,,,to_be_scraped
https://en.wikipedia.org/wiki/Boston_Logan_Airport,1,,,to_be_scraped
https://en.wikipedia.org/wiki/Pinto_Martins_International_Airport,1,,,to_be_scraped
https://en.wikipedia.org/wiki/Marrakesh-Menara_Airport,1,,,to_be_scraped
https://en.wikipedia.org/wiki/Recife_Airport,1,,,to_be_scraped
https://en.wikipedia.org/wiki/Deputado_Luís_Eduardo_Magalhães_International_Airport,1,,,to_be_scraped
https://en.wikipedia.org/wiki/São_Tomé_International_Airport,1,,,to_be_scraped
https://en.wikipedia.org/wiki/São_Vicente_Airport,1,,,to_be_scraped
https://en.wikipedia.org/wiki/Niš_Airport,1,,,to_be_scraped
https://en.wikipedia.org/wiki/Samos_Airport,1,,,to_be_scraped
https://en.wikipedia.org/wiki/Accra_Airport,1,,,to_be_scraped
https://en.wikipedia.org/wiki/Akanu_Ibiam_International_Airport,1,,,to_be_scraped
https://en.wikipedia.org/wiki/Akure_Airport,1,,,to_be_scraped
https://en.wikipedia.org/wiki/Akwa_Ibom_Airport,1,,,to_be_scraped
https://en.wikipedia.org/wiki/Asaba_International_Airport,1,,,to_be_scraped
https://en.wikipedia.org/wiki/Bayelsa_International_Airport,1,,,to_be_scraped
https://en.wikipedia.org/wiki/Benin_Airport,1,,,to_be_scraped
https://en.wikipedia.org/wiki/Chinua_Achebe_International_Airport,1,,,to_be_scraped
https://en.wikipedia.org/wiki/Ilorin_International_Airport,1,,,to_be_scraped
https://en.wikipedia.org/wiki/Kaduna_Airport,1,,,to_be_scraped
https://en.wikipedia.org/wiki/Kebbi_International_Airport,1,,,to_be_scraped
https://en.wikipedia.org/wiki/Margaret_Ekpo_International_Airport,1,,,to_be_scraped
https://en.wikipedia.org/wiki/Sam_Mbakwe_Airport,1,,,to_be_scraped
https://en.wikipedia.org/wiki/Sam_Mbakwe_International_Cargo_Airport,1,,,to_be_scraped
https://en.wikipedia.org/wiki/Warri_Airport,1,,,to_be_scraped
https://en.wikipedia.org/wiki/Yakubu_Gowon_Airport,1,,,to_be_scraped
https://en.wikipedia.org/wiki/Berlin-Brandenburg_Airport,1,,,to_be_scraped
https://en.wikipedia.org/wiki/Dala_Airport,1,,,to_be_scraped
https://en.wikipedia.org/wiki/El_Matorral_Airport,1,,,to_be_scraped
https://en.wikipedia.org/wiki/Poprad-Tatry_Airport,1,,,to_be_scraped
https://en.wikipedia.org/wiki/Ronaldsway_Airport,1,,,to_be_scraped
https://en.wikipedia.org/wiki/Satu_Mare_International_Airport,1,,,to_be_scraped
https://en.wikipedia.org/wiki/Yerevan_Airport,1,,,to_be_scraped
https://en.wikipedia.org/wiki/Bra%C4%8D_Airport,1,,,to_be_scraped
https://en.wikipedia.org/wiki/Biarritz_–_Anglet_–_Bayonne_Airport,1,,,to_be_scraped
https://en.wikipedia.org/wiki/Marrakech–Menara_Airport,1,,,to_be_scraped
https://en.wikipedia.org/wiki/Ain_Arnat_Airport,1,,,to_be_scraped
https://en.wikipedia.org/wiki/Ahmedabad_International_Airport,1,,,to_be_scraped
https://en.wikipedia.org/wiki/Shivamogga_Airport,1,,,to_be_scraped
https://en.wikipedia.org/wiki/Johannesburg–O.R._Tambo,1,,,to_be_scraped
https://en.wikipedia.org/wiki/Santiago_Marino_Caribbean_International_Airport,1,,,to_be_scraped
https://en.wikipedia.org/wiki/Amboseli_Airport,1,,,to_be_scraped
https://en.wikipedia.org/wiki/Keekorok_Airport,1,,,to_be_scraped
https://en.wikipedia.org/wiki/Milan–Malpensa,1,,,to_be_scraped
https://en.wikipedia.org/wiki/Sky_Harbor_International_Airport,1,,,to_be_scraped
https://en.wikipedia.org/wiki/Mercedita_International_Airport,1,,,to_be_scraped
https://en.wikipedia.org/wiki/Milwaukee_International_Airport,1,,,to_be_scraped
https://en.wikipedia.org/wiki/Pensacola_Airport,1,,,to_be_scraped
https://en.wikipedia.org/wiki/RAFO_Masirah,1,,,to_be_scraped
https://en.wikipedia.org/wiki/El_Edén_International_Airport,1,,,to_be_scraped
https://en.wikipedia.org/wiki/Albrook_Airport,1,,,to_be_scraped
https://en.wikipedia.org/wiki/Mariscal_Sucre__International_Airport,1,,,to_be_scraped
https://en.wikipedia.org/wiki/Fort_Lauderdale_Hollywood_International_Airport,1,,,to_be_scraped
https://en.wikipedia.org/wiki/Comandante_Espora_Airport,1,,,to_be_scraped
https://en.wikipedia.org/wiki/Comodoro_D._Ricardo_Salomón_Airport,1,,,to_be_scraped
https://en.wikipedia.org/wiki/El_Tehuelche_Airport,1,,,to_be_scraped
https://en.wikipedia.org/wiki/Birjand_International_Airport,1,,,to_be_scraped
https://en.wikipedia.org/wiki/Gorgan_Airport,1,,,to_be_scraped
https://en.wikipedia.org/wiki/Hail_International_Airport,1,,,to_be_scraped
https://en.wikipedia.org/wiki/Hamadan_International_Airport,1,,,to_be_scraped
https://en.wikipedia.org/wiki/Urmia_Shahid_Bakeri_International_Airport,1,,,to_be_scraped
https://en.wikipedia.org/wiki/Zahedan_Airport,1,,,to_be_scraped
https://en.wikipedia.org/wiki/Zanjan_Airport,1,,,to_be_scraped
https://en.wikipedia.org/wiki/Alice_Springs_Airport,1,,,to_be_scraped
https://en.wikipedia.org/wiki/Broome_International_Airport,1,,,to_be_scraped
https://en.wikipedia.org/wiki/Burnie_Airport,1,,,to_be_scraped
https://en.wikipedia.org/wiki/Canberra_Airport,1,,,to_be_scraped
https://en.wikipedia.org/wiki/Coffs_Harbour_Airport,1,,,to_be_scraped
https://en.wikipedia.org/wiki/Devonport_Airport,1,,,to_be_scraped
https://en.wikipedia.org/wiki/Dubbo_Regional_Airport,1,,,to_be_scraped
https://en.wikipedia.org/wiki/Hamilton_Island_Airport,1,,,to_be_scraped
https://en.wikipedia.org/wiki/Hobart_Airport,1,,,to_be_scraped
https://en.wikipedia.org/wiki/King_Island_Airport,1,,,to_be_scraped
https://en.wikipedia.org/wiki/Mount_Gambier_Airport,1,,,to_be_scraped
https://en.wikipedia.org/wiki/Narita_Airport,1,,,to_be_scraped
https://en.wikipedia.org/wiki/Queenstown_Airport,1,,,to_be_scraped
https://en.wikipedia.org/wiki/Shellharbour_Airport,1,,,to_be_scraped
https://en.wikipedia.org/wiki/Wagga_Wagga_Airport,1,,,to_be_scraped
https://en.wikipedia.org/wiki/Matamoros_International_Airport,1,,,to_be_scraped
https://en.wikipedia.org/wiki/Bluefields_Airport,1,,,to_be_scraped
https://en.wikipedia.org/wiki/Corn_Island_Airport,1,,,to_be_scraped
https://en.wikipedia.org/wiki/Puerto_Cabezas_Airport,1,,,to_be_scraped
https://en.wikipedia.org/wiki/Al_Abraq_International_Airport,1,,,to_be_scraped
https://en.wikipedia.org/wiki/Ghadames_Airport,1,,,to_be_scraped
https://en.wikipedia.org/wiki/Ghat_Airport,1,,,to_be_scraped
https://en.wikipedia.org/wiki/Tobruk_Airport,1,,,to_be_scraped
https://en.wikipedia.org/wiki/Tunis_Carthage_Airport,1,,,to_be_scraped
https://en.wikipedia.org/wiki/Ubari_Airport,1,,,to_be_scraped
https://en.wikipedia.org/wiki/Copernicus_Airport_Wroc%C5%82aw,1,,,to_be_scraped
https://en.wikipedia.org/wiki/Poznan%E2%80%93Lawica_Airport,1,,,to_be_scraped
https://en.wikipedia.org/wiki/Vincenzo_Florio_Airport_Trapani%E2%80%93Birgi,1,,,to_be_scraped
https://en.wikipedia.org/wiki/Xewkija_Heliport,1,,,to_be_scraped
https://en.wikipedia.org/wiki/Dhaalu_Airport,1,,,to_be_scraped
https://en.wikipedia.org/wiki/Dharavandhoo_Airport,1,,,to_be_scraped
https://en.wikipedia.org/wiki/Fares-Maathodaa_Airport,1,,,to_be_scraped
https://en.wikipedia.org/wiki/Fuvahmulah_Airport,1,,,to_be_scraped
https://en.wikipedia.org/wiki/Hoarafushi_Airport,1,,,to_be_scraped
https://en.wikipedia.org/wiki/Ifuru_Airport,1,,,to_be_scraped
https://en.wikipedia.org/wiki/Kaadedhdhoo_Airport,1,,,to_be_scraped
https://en.wikipedia.org/wiki/Kadhdhoo_Airport,1,,,to_be_scraped
https://en.wikipedia.org/wiki/Kooddoo_Airport,1,,,to_be_scraped
https://en.wikipedia.org/wiki/Kulhudhuffushi_Airport,1,,,to_be_scraped
https://en.wikipedia.org/wiki/Villa_International_Airport_Maamigili,1,,,to_be_scraped
https://en.wikipedia.org/wiki/Maavarulu_Airport,1,,,to_be_scraped
https://en.wikipedia.org/wiki/Madivaru_Airport,1,,,to_be_scraped
https://en.wikipedia.org/wiki/Moscow–Sheremetyevo,1,,,to_be_scraped
https://en.wikipedia.org/wiki/Muli_Airport,1,,,to_be_scraped
https://en.wikipedia.org/wiki/Bacolod–Silay_Airport,1,,,to_be_scraped
https://en.wikipedia.org/wiki/Bacolod–Silay_International_Airport,1,,,to_be_scraped
https://en.wikipedia.org/wiki/Bancasi_Airport,1,,,to_be_scraped
https://en.wikipedia.org/wiki/Laguindingan_Airport,1,,,to_be_scraped
https://en.wikipedia.org/wiki/Cauayan_Airport,1,,,to_be_scraped
https://en.wikipedia.org/wiki/Dipolog_Airport,1,,,to_be_scraped
https://en.wikipedia.org/wiki/Sibulan_Airport,1,,,to_be_scraped
https://en.wikipedia.org/wiki/General_Santos_International_Airport,1,,,to_be_scraped
https://en.wikipedia.org/wiki/Puerto_Princesa_International_Airport,1,,,to_be_scraped
https://en.wikipedia.org/wiki/Roxas_Airport,1,,,to_be_scraped
https://en.wikipedia.org/wiki/Daniel_Z._Romualdez_Airport,1,,,to_be_scraped
https://en.wikipedia.org/wiki/Tuguegarao_Airport,1,,,to_be_scraped
https://en.wikipedia.org/wiki/Virac_Airport,1,,,to_be_scraped
https://en.wikipedia.org/wiki/Zamboanga_International_Airport,1,,,to_be_scraped
https://en.wikipedia.org/wiki/Freedoms_of_the_air,1,,,to_be_scraped
https://en.wikipedia.org/wiki/Caen_%E2%80%93_Carpiquet_Airport,1,,,to_be_scraped
https://en.wikipedia.org/wiki/Minneapolis/Saint_Paul_International_Airport,1,,,to_be_scraped
https://en.wikipedia.org/wiki/Sfax–Thyna_International_Airport,1,,,to_be_scraped
https://en.wikipedia.org/wiki/Mostépha_Ben_Boulaid_Airport,1,,,to_be_scraped
https://en.wikipedia.org/wiki/Jijel_Airport,1,,,to_be_scraped
https://en.wikipedia.org/wiki/Aeropuerto_de_Alicante-Elche_Miguel_Hernández,1,,,to_be_scraped
"https://en.wikipedia.org/wiki/Faro,_Portugal",1,,,to_be_scraped
https://en.wikipedia.org/wiki/Palma_de_Mallorca,1,,,to_be_scraped
https://en.wikipedia.org/wiki/Piedras_Negras_International_Airport,1,,,to_be_scraped
https://en.wikipedia.org/wiki/Athens_Airport,1,,,to_be_scraped
https://en.wikipedia.org/wiki/Cairo_Airport,1,,,to_be_scraped
https://en.wikipedia.org/wiki/Charlotte_Airport,1,,,to_be_scraped
https://en.wikipedia.org/wiki/Chicago_O%27Hare_Airport,1,,,to_be_scraped
https://en.wikipedia.org/wiki/Cluj-Napoca_Airport,1,,,to_be_scraped
https://en.wikipedia.org/wiki/Debrecen_Airport,1,,,to_be_scraped
https://en.wikipedia.org/wiki/Delhi_Airport,1,,,to_be_scraped
https://en.wikipedia.org/wiki/Denver_Airport,1,,,to_be_scraped
https://en.wikipedia.org/wiki/Erbil_Airport,1,,,to_be_scraped
https://en.wikipedia.org/wiki/Hanover_Airport,1,,,to_be_scraped
https://en.wikipedia.org/wiki/Harstad/Narvik_Airport,1,,,to_be_scraped
https://en.wikipedia.org/wiki/Keflavik_Airport,1,,,to_be_scraped
https://en.wikipedia.org/wiki/Kuwait_Airport,1,,,to_be_scraped
https://en.wikipedia.org/wiki/London-Gatwick_Airport,1,,,to_be_scraped
https://en.wikipedia.org/wiki/London-Heathrow_Airport,1,,,to_be_scraped
https://en.wikipedia.org/wiki/Mexico_City_Airport,1,,,to_be_scraped
https://en.wikipedia.org/wiki/Milan-Linate_Airport,1,,,to_be_scraped
https://en.wikipedia.org/wiki/Montreal_Airport,1,,,to_be_scraped
https://en.wikipedia.org/wiki/Muscat_Airport,1,,,to_be_scraped
https://en.wikipedia.org/wiki/New_York_JFK_Airport,1,,,to_be_scraped
https://en.wikipedia.org/wiki/Newark_Airport,1,,,to_be_scraped
https://en.wikipedia.org/wiki/Oulu_Airport,1,,,to_be_scraped
https://en.wikipedia.org/wiki/Paderborn/Lippstadt_Airport,1,,,to_be_scraped
https://en.wikipedia.org/wiki/Punta_Cana_Airport,1,,,to_be_scraped
https://en.wikipedia.org/wiki/P%C3%A9cs-Pog%C3%A1ny_International_Airport,1,,,to_be_scraped
https://en.wikipedia.org/wiki/Riyadh_Airport,1,,,to_be_scraped
https://en.wikipedia.org/wiki/San_Francisco_Airport,1,,,to_be_scraped
https://en.wikipedia.org/wiki/Sibiu_Airport,1,,,to_be_scraped
https://en.wikipedia.org/wiki/Singapore_Airport,1,,,to_be_scraped
https://en.wikipedia.org/wiki/Tel_Aviv_Airport,1,,,to_be_scraped
https://en.wikipedia.org/wiki/Tenerife-South_Airport,1,,,to_be_scraped
https://en.wikipedia.org/wiki/Tokyo-Haneda_Airport,1,,,to_be_scraped
https://en.wikipedia.org/wiki/Vancouver_Airport,1,,,to_be_scraped
https://en.wikipedia.org/wiki/Washington_Dulles_Airport,1,,,to_be_scraped
https://en.wikipedia.org/wiki/Falcone-Borsellino_Airport,1,,,to_be_scraped
https://en.wikipedia.org/wiki/Fertilia_Airport,1,,,to_be_scraped
https://en.wikipedia.org/wiki/Columbus_International_Airport,1,,,to_be_scraped
https://en.wikipedia.org/wiki/Mykonos_Island_National_Airport,1,,,to_be_scraped
https://en.wikipedia.org/wiki/Andros_Town_Airport,1,,,to_be_scraped
https://en.wikipedia.org/wiki/Black_Point_Airport,1,,,to_be_scraped
https://en.wikipedia.org/wiki/Hugo_Chavez_International_Airport,1,,,to_be_scraped
https://en.wikipedia.org/wiki/Colonel_Hill_Airport,1,,,to_be_scraped
https://en.wikipedia.org/wiki/Congo_Town_Airport,1,,,to_be_scraped
https://en.wikipedia.org/wiki/Duncan_Town_Airport,1,,,to_be_scraped
https://en.wikipedia.org/wiki/Great_Harbour_Cay_Airport,1,,,to_be_scraped
https://en.wikipedia.org/wiki/Clarence_A._Bain_Airport,1,,,to_be_scraped
https://en.wikipedia.org/wiki/Inagua_Airport,1,,,to_be_scraped
https://en.wikipedia.org/wiki/New_Bight_Airport,1,,,to_be_scraped
https://en.wikipedia.org/wiki/Port_Nelson_Airport,1,,,to_be_scraped
https://en.wikipedia.org/wiki/San_Andros_Airport,1,,,to_be_scraped
https://en.wikipedia.org/wiki/Staniel_Cay_Airport,1,,,to_be_scraped
https://en.wikipedia.org/wiki/Stella_Maris_Airport,1,,,to_be_scraped
https://en.wikipedia.org/wiki/Ivato_Airport,1,,,to_be_scraped
https://en.wikipedia.org/wiki/Juba_Airport,1,,,to_be_scraped
https://en.wikipedia.org/wiki/Kisumu_Airport,1,,,to_be_scraped
https://en.wikipedia.org/wiki/Monaco_Heliport,1,,,to_be_scraped
https://en.wikipedia.org/wiki/Monastir_-_Habib_Bourguiba_International_Airport,1,,,to_be_scraped
https://en.wikipedia.org/wiki/Rennes_–_Saint-Jacques_Airport,1,,,to_be_scraped
https://en.wikipedia.org/wiki/Tazadit_Airport,1,,,to_be_scraped
https://en.wikipedia.org/wiki/Mediterranée_Airport,1,,,to_be_scraped
https://en.wikipedia.org/wiki/Sint_Maarten,1,,,to_be_scraped
https://en.wikipedia.org/wiki/Addis_Ababa_Airport,1,,,to_be_scraped
https://en.wikipedia.org/wiki/Gao_International_Airport,1,,,to_be_scraped
https://en.wikipedia.org/wiki/Lomé_Airport,1,,,to_be_scraped
https://en.wikipedia.org/wiki/Mumbai_Airport,1,,,to_be_scraped
https://en.wikipedia.org/wiki/Lomé–Tokoin_International_Airport,1,,,to_be_scraped
https://en.wikipedia.org/wiki/Néma_Airport,1,,,to_be_scraped
https://en.wikipedia.org/wiki/Ciudad_Victoria_International_Airport,1,,,to_be_scraped
https://en.wikipedia.org/wiki/Palenque_International_Airport,1,,,to_be_scraped
https://en.wikipedia.org/wiki/Daniel_Oduber_International_Airport,1,,,to_be_scraped
https://en.wikipedia.org/wiki/Honolulu_International_Airport,1,,,to_be_scraped
https://en.wikipedia.org/wiki/Calvi%E2%80%93Sainte-Catherine_Airport,1,,,to_be_scraped
https://en.wikipedia.org/wiki/Essaouira_Airport,1,,,to_be_scraped
https://en.wikipedia.org/wiki/Del_Norte_County_Airport,1,,,to_be_scraped
https://en.wikipedia.org/wiki/Kaieteur_International_Airport,1,,,to_be_scraped
https://en.wikipedia.org/wiki/Lethem_Airport,1,,,to_be_scraped
https://en.wikipedia.org/wiki/Deauville_–_Normandie_Airport,1,,,to_be_scraped
https://en.wikipedia.org/wiki/Brevig_Mission_Airport,1,,,to_be_scraped
https://en.wikipedia.org/wiki/Elim_Airport,1,,,to_be_scraped
https://en.wikipedia.org/wiki/Gambell_Airport,1,,,to_be_scraped
https://en.wikipedia.org/wiki/Koyuk_Alfred_Adams_Airport,1,,,to_be_scraped
https://en.wikipedia.org/wiki/Savoonga_Airport,1,,,to_be_scraped
https://en.wikipedia.org/wiki/Shishmaref_Airport,1,,,to_be_scraped
https://en.wikipedia.org/wiki/St._Michael_Airport,1,,,to_be_scraped
https://en.wikipedia.org/wiki/Stebbins_Airport,1,,,to_be_scraped
https://en.wikipedia.org/wiki/Teller_Airport,1,,,to_be_scraped
https://en.wikipedia.org/wiki/Tin_City_LRRS_Airport,1,,,to_be_scraped
https://en.wikipedia.org/wiki/Unalakleet_Airport,1,,,to_be_scraped
https://en.wikipedia.org/wiki/Wales_Airport_(Alaska),1,,,to_be_scraped
https://en.wikipedia.org/wiki/White_Mountain_Airport,1,,,to_be_scraped
https://en.wikipedia.org/wiki/Charles_M._Schulz-Sonoma_County_Airport,1,,,to_be_scraped
https://en.wikipedia.org/wiki/Nikola_Tesla_International_Airport,1,,,to_be_scraped
https://en.wikipedia.org/wiki/Cancun_Airport,1,,,to_be_scraped
https://en.wikipedia.org/wiki/Ponta_Delgada_Airport,1,,,to_be_scraped
https://en.wikipedia.org/wiki/Marquette_Sawyer_Regional_Airport,1,,,to_be_scraped
https://en.wikipedia.org/wiki/Adrar_Airport,1,,,to_be_scraped
https://en.wikipedia.org/wiki/Touat-Cheikh_Sidi_Mohamed_Belkebir_Airport,1,,,to_be_scraped
https://en.wikipedia.org/wiki/Béchar_Ouakda_Airport,1,,,to_be_scraped
https://en.wikipedia.org/wiki/El_Bayadh_Airport,1,,,to_be_scraped
https://en.wikipedia.org/wiki/Noumérat_–_Moufdi_Zakaria_Airport,1,,,to_be_scraped
https://en.wikipedia.org/wiki/Oued_Irara–Krim_Belkacem_Airport,1,,,to_be_scraped
https://en.wikipedia.org/wiki/In_Aménas_Airport,1,,,to_be_scraped
https://en.wikipedia.org/wiki/Metz-Nancy-Lorraine_Airport,1,,,to_be_scraped
https://en.wikipedia.org/wiki/Mécheria_Airport,1,,,to_be_scraped
https://en.wikipedia.org/wiki/Toulouse_–_Blagnac_Airport,1,,,to_be_scraped
https://en.wikipedia.org/wiki/Aurillac–Tronquières_Airport,1,,,to_be_scraped
https://en.wikipedia.org/wiki/Cagliari-Elmas_Airport,1,,,to_be_scraped
https://en.wikipedia.org/wiki/Castres–Mazamet_Airport,1,,,to_be_scraped
https://en.wikipedia.org/wiki/Cayenne_–_Félix_Eboué_Airport,1,,,to_be_scraped
https://en.wikipedia.org/wiki/Mogador_Airport,1,,,to_be_scraped
https://en.wikipedia.org/wiki/Le_Puy_–_Loudes_Airport,1,,,to_be_scraped
https://en.wikipedia.org/wiki/Setif_Airport,1,,,to_be_scraped
https://en.wikipedia.org/wiki/Tozeur–Nefta_International_Airport,1,,,to_be_scraped
"https://en.wikipedia.org/wiki/And%C3%B8ya_Airport,_Andenes",1,,,to_be_scraped
https://en.wikipedia.org/wiki/Bardufoss_Airport,1,,,to_be_scraped
https://en.wikipedia.org/wiki/Bordeaux-M%C3%A9rignac_Airport,1,,,to_be_scraped
"https://en.wikipedia.org/wiki/Br%C3%B8nn%C3%B8ysund_Airport,_Br%C3%B8nn%C3%B8y",1,,,to_be_scraped
https://en.wikipedia.org/wiki/Budapest_Liszt_Ferenc_International_Airport,1,,,to_be_scraped
https://en.wikipedia.org/wiki/Flor%C3%B8_Airport,1,,,to_be_scraped
"https://en.wikipedia.org/wiki/F%C3%B8rde_Airport,_Bringeland",1,,,to_be_scraped
"https://en.wikipedia.org/wiki/Haugesund_Airport,_Karm%C3%B8y",1,,,to_be_scraped
"https://en.wikipedia.org/wiki/Kirkenes_Airport,_H%C3%B8ybuktmoen",1,,,to_be_scraped
"https://en.wikipedia.org/wiki/Kristiansund_Airport,_Kvernberget",1,,,to_be_scraped
"https://en.wikipedia.org/wiki/Lakselv_Airport,_Banak",1,,,to_be_scraped
https://en.wikipedia.org/wiki/Leknes_Airport,1,,,to_be_scraped
"https://en.wikipedia.org/wiki/Molde_Airport,_%C3%85r%C3%B8",1,,,to_be_scraped
https://en.wikipedia.org/wiki/R%C3%B8ros_Airport,1,,,to_be_scraped
"https://en.wikipedia.org/wiki/Sandane_Airport,_Anda",1,,,to_be_scraped
https://en.wikipedia.org/wiki/Sandnessj%C3%B8en_Airport,1,,,to_be_scraped
"https://en.wikipedia.org/wiki/Sogndal_Airport,_Hauk%C3%A5sen",1,,,to_be_scraped
https://en.wikipedia.org/wiki/Stord_Airport,1,,,to_be_scraped
https://en.wikipedia.org/wiki/Svolv%C3%A6r_Airport,1,,,to_be_scraped
https://en.wikipedia.org/wiki/%C3%98rland_Airport,1,,,to_be_scraped
"https://en.wikipedia.org/wiki/%C3%98rsta%E2%80%93Volda_Airport,_Hovden",1,,,to_be_scraped
https://en.wikipedia.org/wiki/Marsa_Matrouh_Airport,1,,,to_be_scraped
https://en.wikipedia.org/wiki/Baia_Mare_Airport,1,,,to_be_scraped
https://en.wikipedia.org/wiki/Barcelona-El_Prat_International_Airport,1,,,to_be_scraped
https://en.wikipedia.org/wiki/Charles_de_Gaulle,1,,,to_be_scraped
https://en.wikipedia.org/wiki/Tenerife–South_Airport,1,,,to_be_scraped
https://en.wikipedia.org/wiki/Ambler_Airport,1,,,to_be_scraped
https://en.wikipedia.org/wiki/Bob_Baker_Memorial_Airport,1,,,to_be_scraped
https://en.wikipedia.org/wiki/Buckland_Airport,1,,,to_be_scraped
https://en.wikipedia.org/wiki/Cape_Lisburne_LRRS_Airport,1,,,to_be_scraped
https://en.wikipedia.org/wiki/Kivalina_Airport,1,,,to_be_scraped
https://en.wikipedia.org/wiki/Kobuk_Airport,1,,,to_be_scraped
https://en.wikipedia.org/wiki/Noatak_Airport,1,,,to_be_scraped
https://en.wikipedia.org/wiki/Point_Hope_Airport,1,,,to_be_scraped
https://en.wikipedia.org/wiki/Robert_(Bob)_Curtis_Memorial_Airport,1,,,to_be_scraped
https://en.wikipedia.org/wiki/Selawik_Airport,1,,,to_be_scraped
https://en.wikipedia.org/wiki/Shungnak_Airport,1,,,to_be_scraped
https://en.wikipedia.org/wiki/S%C3%A3o_Jorge_Airport,1,,,to_be_scraped
https://en.wikipedia.org/wiki/Eastern_Oregon_Regional_Airport,1,,,to_be_scraped
https://en.wikipedia.org/wiki/Marsa_Alam_Airport,1,,,to_be_scraped
https://en.wikipedia.org/wiki/Monastir_Airport,1,,,to_be_scraped
https://en.wikipedia.org/wiki/Chita-Kadala_International_Airport,1,,,to_be_scraped
https://en.wikipedia.org/wiki/Holingol_Huolinhe_Airport,1,,,to_be_scraped
https://en.wikipedia.org/wiki/Manzhouli_Xijiao_Airport,1,,,to_be_scraped
https://en.wikipedia.org/wiki/Qamdo_Bamda_Airport,1,,,to_be_scraped
https://en.wikipedia.org/wiki/Suifenhe_Dongning_Airport,1,,,to_be_scraped
https://en.wikipedia.org/wiki/Quad_City_International_Airport,1,,,to_be_scraped
https://en.wikipedia.org/wiki/Paris-Orly_Airport,1,,,to_be_scraped
https://en.wikipedia.org/wiki/Salisbury%E2%80%93Ocean_City%E2%80%93Wicomico_Regional_Airport,1,,,to_be_scraped
https://en.wikipedia.org/wiki/Watertown_International_Airport,1,,,to_be_scraped
https://en.wikipedia.org/wiki/Show_Low_Regional_Airport,1,,,to_be_scraped
https://en.wikipedia.org/wiki/Dublin_International_Airport,1,,,to_be_scraped
https://en.wikipedia.org/wiki/Arxan_Airport,1,,,to_be_scraped
https://en.wikipedia.org/wiki/Chongqing_Xiannvshan_Airport,1,,,to_be_scraped
https://en.wikipedia.org/wiki/Daxing%27anling_Oroqen_Airport,1,,,to_be_scraped
https://en.wikipedia.org/wiki/Erenhot_Saiwusu_International_Airport,1,,,to_be_scraped
https://en.wikipedia.org/wiki/Heihe_Aihui_Airport,1,,,to_be_scraped
https://en.wikipedia.org/wiki/Hulunbeier_Hailar_Airport,1,,,to_be_scraped
https://en.wikipedia.org/wiki/Jiaxing_Nanhu_Airport,1,,,to_be_scraped
https://en.wikipedia.org/wiki/Khomutovo_Airport,1,,,to_be_scraped
https://en.wikipedia.org/wiki/Knevichi_Airport,1,,,to_be_scraped
https://en.wikipedia.org/wiki/Longyan_Guanzhishan_Airport,1,,,to_be_scraped
https://en.wikipedia.org/wiki/Platon_Oyunsky_Yakutsk_International_Airport,1,,,to_be_scraped
https://en.wikipedia.org/wiki/Qingyang_Xifeng_Airport,1,,,to_be_scraped
https://en.wikipedia.org/wiki/Wenshan_Yanshan_Airport,1,,,to_be_scraped
https://en.wikipedia.org/wiki/Zhalantun_Chengjisihan_Airport,1,,,to_be_scraped
https://en.wikipedia.org/wiki/Hugo_Chávez_International_Airport,1,,,to_be_scraped
https://en.wikipedia.org/wiki/Dallas/Fort_Worth_Airport,1,,,to_be_scraped
https://en.wikipedia.org/wiki/JAGS_McCartney_International_Airport,1,,,to_be_scraped
https://en.wikipedia.org/wiki/North_Caicos_Airport,1,,,to_be_scraped
https://en.wikipedia.org/wiki/Gregorio_Luperon_International_Airport,1,,,to_be_scraped
https://en.wikipedia.org/wiki/Andorra%E2%80%93La_Seu_d%27Urgell_Airport,1,,,to_be_scraped
https://en.wikipedia.org/wiki/Deauville%E2%80%93Normandie_Airport,1,,,to_be_scraped
https://en.wikipedia.org/wiki/Erfurt%E2%80%93Weimar_Airport,1,,,to_be_scraped
https://en.wikipedia.org/wiki/Hans_Christian_Andersen_Airport,1,,,to_be_scraped
https://en.wikipedia.org/wiki/J%C3%B6nk%C3%B6ping_Airport,1,,,to_be_scraped
https://en.wikipedia.org/wiki/Kassel_Airport,1,,,to_be_scraped
https://en.wikipedia.org/wiki/Salamanca_Airport,1,,,to_be_scraped
https://en.wikipedia.org/wiki/Vagar_Airport,1,,,to_be_scraped
https://en.wikipedia.org/wiki/Valladolid_Airport,1,,,to_be_scraped
https://en.wikipedia.org/wiki/Visby_Airport,1,,,to_be_scraped
https://en.wikipedia.org/wiki/%C3%85re_%C3%96stersund_Airport,1,,,to_be_scraped
https://en.wikipedia.org/wiki/%C3%96rebro_Airport,1,,,to_be_scraped
https://en.wikipedia.org/wiki/Deauville_Airport,1,,,to_be_scraped
https://en.wikipedia.org/wiki/Santorini_Airport,1,,,to_be_scraped
https://en.wikipedia.org/wiki/Ogle_International_Airport,1,,,to_be_scraped
https://en.wikipedia.org/wiki/George_Bush_Intercontinental__Airport,1,,,to_be_scraped
https://en.wikipedia.org/wiki/Lester_B._Pearson_International_Airport,1,,,to_be_scraped
https://en.wikipedia.org/wiki/London%E2%80%93Gatwick,1,,,to_be_scraped
https://en.wikipedia.org/wiki/London%E2%80%93Luton,1,,,to_be_scraped
https://en.wikipedia.org/wiki/London%E2%80%93Stansted,1,,,to_be_scraped
https://en.wikipedia.org/wiki/Paris%E2%80%93Orly,1,,,to_be_scraped
https://en.wikipedia.org/wiki/Marie-Galante_Airport,1,,,to_be_scraped
https://en.wikipedia.org/wiki/Eloy_Alfaro_International_Airport,1,,,to_be_scraped
https://en.wikipedia.org/wiki/Enrique_Malek_International_Airport,1,,,to_be_scraped
https://en.wikipedia.org/wiki/Madrid,1,,,to_be_scraped
https://en.wikipedia.org/wiki/Teniente_General_Benjam%C3%ADn_Matienzo_International,1,,,to_be_scraped
https://en.wikipedia.org/wiki/Hanamaki_Airport,1,,,to_be_scraped
https://en.wikipedia.org/wiki/Ji%27an_Jinggangshan_Airport,1,,,to_be_scraped
https://en.wikipedia.org/wiki/Karamay_Guhai_Airport,1,,,to_be_scraped
https://en.wikipedia.org/wiki/%C4%9Eabdulla_Tuqay_Kazan_International_Airport,1,,,to_be_scraped
https://en.wikipedia.org/wiki/San_Bernardino_International_Airport,1,,,to_be_scraped
https://en.wikipedia.org/wiki/Ch%C3%A2lons_Vatry_Airport,1,,,to_be_scraped
https://en.wikipedia.org/wiki/Dole%E2%80%93Jura_Airport,1,,,to_be_scraped
https://en.wikipedia.org/wiki/La_Rochelle_Airport,1,,,to_be_scraped
https://en.wikipedia.org/wiki/Limoges_Airport,1,,,to_be_scraped
https://en.wikipedia.org/wiki/Karlsruhe_Airport,1,,,to_be_scraped
https://en.wikipedia.org/wiki/Leros_Municipal_Airport,1,,,to_be_scraped
https://en.wikipedia.org/wiki/Molde_Airport,1,,,to_be_scraped
"https://en.wikipedia.org/wiki/Albrook_""Marcos_A._Gelabert""_International_Airport",1,,,to_be_scraped
https://en.wikipedia.org/wiki/Aberdeen_International_Airport,1,,,to_be_scraped
https://en.wikipedia.org/wiki/Sharm_El_Sheikh_Airport,1,,,to_be_scraped
https://en.wikipedia.org/wiki/Gdańsk_Lech_Walesa_Airport,1,,,to_be_scraped
https://en.wikipedia.org/wiki/Palermo_International_Airport,1,,,to_be_scraped
https://en.wikipedia.org/wiki/Ben_Gurion__Airport,1,,,to_be_scraped
https://en.wikipedia.org/wiki/Belle_Île,1,,,to_be_scraped
https://en.wikipedia.org/wiki/Cabo_Frio_International_Airport,1,,,to_be_scraped
https://en.wikipedia.org/wiki/Reconquista_Airport,1,,,to_be_scraped
https://en.wikipedia.org/wiki/Guanaja_Airport,1,,,to_be_scraped
https://en.wikipedia.org/wiki/Toncontín_International_Airport,1,,,to_be_scraped
https://en.wikipedia.org/wiki/Útila_Airport,1,,,to_be_scraped
https://en.wikipedia.org/wiki/Ankara_Esenboga_Airport,1,,,to_be_scraped
https://en.wikipedia.org/wiki/Bergerac_Dordogne_Perigord_Airport,1,,,to_be_scraped
https://en.wikipedia.org/wiki/Erkilet_Airport,1,,,to_be_scraped
https://en.wikipedia.org/wiki/Al_Wajh_Domestic_Airport,1,,,to_be_scraped
https://en.wikipedia.org/wiki/Al-Jawf_Domestic_Airport,1,,,to_be_scraped
https://en.wikipedia.org/wiki/Allama_Iqbal_Airport,1,,,to_be_scraped
https://en.wikipedia.org/wiki/Arar_Domestic_Airport,1,,,to_be_scraped
https://en.wikipedia.org/wiki/Dawadmi_Domestic_Airport,1,,,to_be_scraped
https://en.wikipedia.org/wiki/Gurayat_Domestic_Airport,1,,,to_be_scraped
https://en.wikipedia.org/wiki/Ibrahim_Nasir_International_Airport,1,,,to_be_scraped
https://en.wikipedia.org/wiki/Prince_Abdul_Majeed_bin_Abdul_Aziz_Domestic_Airport,1,,,to_be_scraped
https://en.wikipedia.org/wiki/Prince_Nayef_Regional_Airport,1,,,to_be_scraped
https://en.wikipedia.org/wiki/Rafha_Domestic_Airport,1,,,to_be_scraped
https://en.wikipedia.org/wiki/Turaif_Domestic_Airport,1,,,to_be_scraped
https://en.wikipedia.org/wiki/Adiyaman_Airport,1,,,to_be_scraped
https://en.wikipedia.org/wiki/Tabriz_International_Airport,1,,,to_be_scraped
https://en.wikipedia.org/wiki/%C5%9E%C4%B1rnak_%C5%9Eerafettin_El%C3%A7i_Airport,1,,,to_be_scraped
https://en.wikipedia.org/wiki/L'Espérance_Airport,1,,,to_be_scraped
https://en.wikipedia.org/wiki/E._T._Joshua_Airport,1,,,to_be_scraped
https://en.wikipedia.org/wiki/Wiley_Post-Will_Rogers_Memorial_Airport,1,,,to_be_scraped
https://en.wikipedia.org/wiki/Guarani_International_Airport,1,,,to_be_scraped
https://en.wikipedia.org/wiki/London–Stansted,1,,,to_be_scraped
https://en.wikipedia.org/wiki/Pangborn_Memorial_Airport,1,,,to_be_scraped
https://en.wikipedia.org/wiki/Yakima_Air_Terminal,1,,,to_be_scraped
https://en.wikipedia.org/wiki/Grenoble_Airport,1,,,to_be_scraped
https://en.wikipedia.org/wiki/Praslin_Island_Airport,1,,,to_be_scraped
https://en.wikipedia.org/wiki/Philip_S.W._Goldson_International_Airport,1,,,to_be_scraped
https://en.wikipedia.org/wiki/Perot_Field_Fort_Worth_Alliance_Airport,1,,,to_be_scraped
https://en.wikipedia.org/wiki/Semera_Airport,1,,,to_be_scraped
https://en.wikipedia.org/wiki/%E1%B8%A4a%27il_Regional_Airport,1,,,to_be_scraped
https://en.wikipedia.org/wiki/Barajas_International_Airport,1,,,to_be_scraped
https://en.wikipedia.org/wiki/Preguiça_Airport,1,,,to_be_scraped
https://en.wikipedia.org/wiki/São_Pedro_Airport,1,,,to_be_scraped
https://en.wikipedia.org/wiki/Haikou_International_Airport,1,,,to_be_scraped
https://en.wikipedia.org/wiki/Helsinki_International_Airport,1,,,to_be_scraped
https://en.wikipedia.org/wiki/Kertajati_International_Airport,1,,,to_be_scraped
https://en.wikipedia.org/wiki/Malacca_International_Airport,1,,,to_be_scraped
https://en.wikipedia.org/wiki/Newcastle_Airport_(New_South_Wales),1,,,to_be_scraped
https://en.wikipedia.org/wiki/Sultan_Azlan_Shah_Airport,1,,,to_be_scraped
https://en.wikipedia.org/wiki/Sultan_Haji_Ahmad_Shah_Airport,1,,,to_be_scraped
https://en.wikipedia.org/wiki/Western_Sydney_International_Airport,1,,,to_be_scraped
"https://en.wikipedia.org/wiki/Bocas_del_Toro_""Isla_Colón""_International_Airport",1,,,to_be_scraped
https://en.wikipedia.org/wiki/Tortuguero_Airport,1,,,to_be_scraped
https://en.wikipedia.org/wiki/Baltimore%E2%80%93Washington_International_Airport,1,,,to_be_scraped
https://en.wikipedia.org/wiki/Benjam%C3%ADn_Rivera_Noriega_Airport,1,,,to_be_scraped
https://en.wikipedia.org/wiki/Eugenio_Mar%C3%ADa_de_Hostos_Airport,1,,,to_be_scraped
https://en.wikipedia.org/wiki/Cedar_City_Regional_Airport,1,,,to_be_scraped
https://en.wikipedia.org/wiki/Elko_Regional_Airport,1,,,to_be_scraped
https://en.wikipedia.org/wiki/Pocatello_Regional_Airport,1,,,to_be_scraped
https://en.wikipedia.org/wiki/Toronto_Pearson,1,,,to_be_scraped
https://en.wikipedia.org/wiki/Vancouver_International,1,,,to_be_scraped
https://en.wikipedia.org/wiki/Ogden%E2%80%93Hinckley_Airport,1,,,to_be_scraped
https://en.wikipedia.org/wiki/Skellefteå_Airport,1,,,to_be_scraped
https://en.wikipedia.org/wiki/Örnsköldsvik_Airport,1,,,to_be_scraped
https://en.wikipedia.org/wiki/Åre_Östersund_Airport,1,,,to_be_scraped
https://en.wikipedia.org/wiki/Sabiha_Gokcen_Airport,1,,,to_be_scraped
https://en.wikipedia.org/wiki/Qostanai_Airport,1,,,to_be_scraped
https://en.wikipedia.org/wiki/Petropavl_Airport,1,,,to_be_scraped
https://en.wikipedia.org/wiki/Stockholm_Arlanda_International_Airport,1,,,to_be_scraped
https://en.wikipedia.org/wiki/Forl%C3%AC_Airport,1,,,to_be_scraped
https://en.wikipedia.org/wiki/Poitiers%E2%80%93Biard_Airport,1,,,to_be_scraped
https://en.wikipedia.org/wiki/Rodez%E2%80%93Aveyron_Airport,1,,,to_be_scraped
https://en.wikipedia.org/wiki/V%C3%A1clav_Havel_Airport,1,,,to_be_scraped
https://en.wikipedia.org/wiki/Bucharest-Otopeni_Airport,1,,,to_be_scraped
https://en.wikipedia.org/wiki/Tbilisi_Airport,1,,,to_be_scraped
https://en.wikipedia.org/wiki/Jos%C3%A9_Aponte_de_la_Torre_Airport,1,,,to_be_scraped
https://en.wikipedia.org/wiki/Canouan_Airport,1,,,to_be_scraped
https://en.wikipedia.org/wiki/Lauriston_Airport,1,,,to_be_scraped
https://en.wikipedia.org/wiki/Mustique_Airport,1,,,to_be_scraped
https://en.wikipedia.org/wiki/John_F_Kennedy_International_Airport,1,,,to_be_scraped
https://en.wikipedia.org/wiki/Piarco_International,1,,,to_be_scraped
https://en.wikipedia.org/wiki/Union_Island_Airport,1,,,to_be_scraped
https://en.wikipedia.org/wiki/Flesland_Airport,1,,,to_be_scraped
https://en.wikipedia.org/wiki/Helsinki-Vantaa,1,,,to_be_scraped
https://en.wikipedia.org/wiki/Stockholm-Arlanda,1,,,to_be_scraped
https://en.wikipedia.org/wiki/Abakan_International_Airport,1,,,to_be_scraped
https://en.wikipedia.org/wiki/Ugolny_Airport,1,,,to_be_scraped
https://en.wikipedia.org/wiki/Magas_Airport,1,,,to_be_scraped
https://en.wikipedia.org/wiki/Petropavlovsk-Kamchatsky_Airport,1,,,to_be_scraped
https://en.wikipedia.org/wiki/Shpakovskoye_Airport,1,,,to_be_scraped
https://en.wikipedia.org/wiki/Yuzhno-Sakhalinsk_Airport,1,,,to_be_scraped
https://en.wikipedia.org/wiki/Almeria_Airport,1,,,to_be_scraped
https://en.wikipedia.org/wiki/Il_Caravaggio_International_Airport,1,,,to_be_scraped
https://en.wikipedia.org/wiki/Beloyarsk_Airport,1,,,to_be_scraped
https://en.wikipedia.org/wiki/Nyagan_Airport,1,,,to_be_scraped
https://en.wikipedia.org/wiki/Uray_Airport,1,,,to_be_scraped
https://en.wikipedia.org/wiki/Algiers,1,,,to_be_scraped
https://en.wikipedia.org/wiki/Montpellier_–_Méditerranée_Airport,1,,,to_be_scraped
https://en.wikipedia.org/wiki/Munich_International_Airport,1,,,to_be_scraped
https://en.wikipedia.org/wiki/Bauerfield_International_Airport,1,,,to_be_scraped
https://en.wikipedia.org/wiki/Bendigo_Airport_(Victoria),1,,,to_be_scraped
https://en.wikipedia.org/wiki/Broken_Hill_Airport,1,,,to_be_scraped
https://en.wikipedia.org/wiki/Cooma_-_Snowy_Mountains_Airport,1,,,to_be_scraped
https://en.wikipedia.org/wiki/Darwin_Airport,1,,,to_be_scraped
https://en.wikipedia.org/wiki/Faa%CA%BCa_International_Airport,1,,,to_be_scraped
https://en.wikipedia.org/wiki/Fua%CA%BBamotu_International_Airport,1,,,to_be_scraped
https://en.wikipedia.org/wiki/Hamilton_Airport_(New_Zealand),1,,,to_be_scraped
https://en.wikipedia.org/wiki/Lord_Howe_Island_Airport,1,,,to_be_scraped
https://en.wikipedia.org/wiki/Bengbu_Tenghu_Airport,1,,,to_be_scraped
https://en.wikipedia.org/wiki/Outer_Harbour_Ferry_Terminal,1,,,to_be_scraped
https://en.wikipedia.org/wiki/Sihanouk_International_Airport,1,,,to_be_scraped
https://en.wikipedia.org/wiki/Longnan_Chengzhou_Airport,1,,,to_be_scraped
https://en.wikipedia.org/wiki/Melbourne_International_Airport,1,,,to_be_scraped
https://en.wikipedia.org/wiki/Xiaoshan_Airport,1,,,to_be_scraped
https://en.wikipedia.org/wiki/Zomin_Airport,1,,,to_be_scraped
https://en.wikipedia.org/wiki/Cristiano_Ronaldo_Airport,1,,,to_be_scraped
https://en.wikipedia.org/wiki/Graciosa_Airport,1,,,to_be_scraped
https://en.wikipedia.org/wiki/São_Jorge_Airport,1,,,to_be_scraped
https://en.wikipedia.org/wiki/Adolfo_Suárez_Madrid-Barajas_Airport,1,,,to_be_scraped
https://en.wikipedia.org/wiki/Bordeaux-Merignac_Airport,1,,,to_be_scraped
https://en.wikipedia.org/wiki/Montreal_Trudeau_International_Airport,1,,,to_be_scraped
https://en.wikipedia.org/wiki/Aba_Hongyuan_Airport,1,,,to_be_scraped
https://en.wikipedia.org/wiki/Baotou_Donghe_Airport,1,,,to_be_scraped
https://en.wikipedia.org/wiki/Barkol_Dahe_Airport,1,,,to_be_scraped
https://en.wikipedia.org/wiki/Chongqing_Xiann%C3%BCshan_Airport,1,,,to_be_scraped
https://en.wikipedia.org/wiki/Daocheng_Yading_Airport,1,,,to_be_scraped
https://en.wikipedia.org/wiki/Daqing_Saertu_Airport,1,,,to_be_scraped
https://en.wikipedia.org/wiki/Gannan_Xiahe_Airport,1,,,to_be_scraped
https://en.wikipedia.org/wiki/Garze_Gesar_Airport,1,,,to_be_scraped
https://en.wikipedia.org/wiki/Huai%27an_Lianshui_International_Airport,1,,,to_be_scraped
https://en.wikipedia.org/wiki/Jiayuguan_Airport,1,,,to_be_scraped
https://en.wikipedia.org/wiki/Jinzhou_Jinzhouwan_Airport,1,,,to_be_scraped
https://en.wikipedia.org/wiki/Pu%27er_Simao_Airport,1,,,to_be_scraped
https://en.wikipedia.org/wiki/Shache_Ye%27erqiang_Airport,1,,,to_be_scraped
https://en.wikipedia.org/wiki/Tangshan_Sannvhe_Airport,1,,,to_be_scraped
https://en.wikipedia.org/wiki/Tengchong_Tuofeng_Airport,1,,,to_be_scraped
https://en.wikipedia.org/wiki/Yuncheng_Zhangxiao_Airport,1,,,to_be_scraped
https://en.wikipedia.org/wiki/Riyadh_International_Airport,1,,,to_be_scraped
https://en.wikipedia.org/wiki/Catania_International_Airport,1,,,to_be_scraped
https://en.wikipedia.org/wiki/Kärdla_Airport,1,,,to_be_scraped
https://en.wikipedia.org/wiki/Pärnu_Airport,1,,,to_be_scraped
https://en.wikipedia.org/wiki/Ruhnu_Airfield,1,,,to_be_scraped
https://en.wikipedia.org/wiki/Algiers_Airport,1,,,to_be_scraped
https://en.wikipedia.org/wiki/Otopeni_Airport,1,,,to_be_scraped
https://en.wikipedia.org/wiki/Cologne-Bonn_Airport,1,,,to_be_scraped
https://en.wikipedia.org/wiki/Lorient_South_Brittany_Airport,1,,,to_be_scraped
https://en.wikipedia.org/wiki/Helsinki_Vantaa_Airport,1,,,to_be_scraped
https://en.wikipedia.org/wiki/Grenoble,1,,,to_be_scraped
"https://en.wikipedia.org/wiki/Andøya_Airport,_Andenes",1,,,to_be_scraped
https://en.wikipedia.org/wiki/Berlevåg_Airport,1,,,to_be_scraped
https://en.wikipedia.org/wiki/Hasvik_Airport,1,,,to_be_scraped
https://en.wikipedia.org/wiki/Mehamn_Airport,1,,,to_be_scraped
"https://en.wikipedia.org/wiki/Trondheim_Airport,_Vaernes",1,,,to_be_scraped
https://en.wikipedia.org/wiki/Vadsø_Airport,1,,,to_be_scraped
"https://en.wikipedia.org/wiki/Vardø_Airport,_Svartnes",1,,,to_be_scraped
https://en.wikipedia.org/wiki/Elmendorf_Air_Force_Base,1,,,to_be_scraped
https://en.wikipedia.org/wiki/Dong_Hoi_Airport,1,,,to_be_scraped
https://en.wikipedia.org/wiki/Andersen_Air_Force_Base,1,,,to_be_scraped
https://en.wikipedia.org/wiki/Kadena_Air_Base,1,,,to_be_scraped
https://en.wikipedia.org/wiki/Nha_Trang_International_Airport,1,,,to_be_scraped
https://en.wikipedia.org/wiki/Maria_Madre_Island_Naval_Air_Station,1,,,to_be_scraped
"https://en.wikipedia.org/wiki/Brønnøysund_Airport,_Brønnøy",1,,,to_be_scraped
"https://en.wikipedia.org/wiki/Mosjøen_Airport,_Kjærstad",1,,,to_be_scraped
"https://en.wikipedia.org/wiki/Namsos_Airport,_Høknesøra",1,,,to_be_scraped
"https://en.wikipedia.org/wiki/Sandnessjøen_Airport,_Stokka",1,,,to_be_scraped
https://en.wikipedia.org/wiki/Sevilla_Airport,1,,,to_be_scraped
https://en.wikipedia.org/wiki/Male_Airport,1,,,to_be_scraped
https://en.wikipedia.org/wiki/Singapore_Changi_International_Airport,1,,,to_be_scraped
https://en.wikipedia.org/wiki/Tiruchirapalli_International_Airport,1,,,to_be_scraped
https://en.wikipedia.org/wiki/Austin_Executive_Airport,1,,,to_be_scraped
https://en.wikipedia.org/wiki/El_Prat_Airport,1,,,to_be_scraped
https://en.wikipedia.org/wiki/Zaventem_Airport,1,,,to_be_scraped
https://en.wikipedia.org/wiki/Mohammed_V_Airport,1,,,to_be_scraped
https://en.wikipedia.org/wiki/Thomas_Sankara_International_Airport,1,,,to_be_scraped
https://en.wikipedia.org/wiki/Tozeur%E2%80%93Nefta_International_Airport,1,,,to_be_scraped
https://en.wikipedia.org/wiki/Phoenix-Mesa_Gateway_Airport,1,,,to_be_scraped
https://en.wikipedia.org/wiki/Detroit_International_Airport,1,,,to_be_scraped
https://en.wikipedia.org/wiki/Gulf_Shores_International_Airport,1,,,to_be_scraped
https://en.wikipedia.org/wiki/Houston_Hobby_Airport,1,,,to_be_scraped
https://en.wikipedia.org/wiki/Las_Vegas_International_Airport,1,,,to_be_scraped
https://en.wikipedia.org/wiki/Sanford_International_Airport,1,,,to_be_scraped
https://en.wikipedia.org/wiki/Sarasota_International_Airport,1,,,to_be_scraped
https://en.wikipedia.org/wiki/St._Petersburg/Clearwater_International_Airport,1,,,to_be_scraped
https://en.wikipedia.org/wiki/Washington_National_Airport,1,,,to_be_scraped
https://en.wikipedia.org/wiki/Cengiz_Topel_Naval_Air_Station,1,,,to_be_scraped
https://en.wikipedia.org/wiki/Igarka_Airport,1,,,to_be_scraped
https://en.wikipedia.org/wiki/Sochi_Airport,1,,,to_be_scraped
https://en.wikipedia.org/wiki/Talakan_Airport,1,,,to_be_scraped
https://en.wikipedia.org/wiki/Bogota_International_Airport,1,,,to_be_scraped
https://en.wikipedia.org/wiki/Aral_Talim_Airport,1,,,to_be_scraped
https://en.wikipedia.org/wiki/Burqin_Kanas_Airport,1,,,to_be_scraped
https://en.wikipedia.org/wiki/Ngari_Gunsa_Airport,1,,,to_be_scraped
https://en.wikipedia.org/wiki/Ruoqiang_Loulan_Airport,1,,,to_be_scraped
https://en.wikipedia.org/wiki/Shache_Airport,1,,,to_be_scraped
https://en.wikipedia.org/wiki/Tacheng_Airport,1,,,to_be_scraped
https://en.wikipedia.org/wiki/Tashkurgan_Khunjerab_Airport,1,,,to_be_scraped
https://en.wikipedia.org/wiki/Xinyuan_Nalati_Airport,1,,,to_be_scraped
https://en.wikipedia.org/wiki/Yutian_Airport,1,,,to_be_scraped
https://en.wikipedia.org/wiki/Zhaosu_Tianma_Airport,1,,,to_be_scraped
https://en.wikipedia.org/wiki/Barcelona_El-Prat_Airport,1,,,to_be_scraped
https://en.wikipedia.org/wiki/Beauvais-Tillé_Airport,1,,,to_be_scraped
https://en.wikipedia.org/wiki/Bugulma_Airport,1,,,to_be_scraped
https://en.wikipedia.org/wiki/Gazipaşa–Alanya_Airport,1,,,to_be_scraped
https://en.wikipedia.org/wiki/Shirak_Airport,1,,,to_be_scraped
https://en.wikipedia.org/wiki/Lankaran_International_Airport,1,,,to_be_scraped
https://en.wikipedia.org/wiki/Mirny_Airport,1,,,to_be_scraped
https://en.wikipedia.org/wiki/Nakhchivan_Airport,1,,,to_be_scraped
https://en.wikipedia.org/wiki/Navoiy_Airport,1,,,to_be_scraped
https://en.wikipedia.org/wiki/Chulman_Airport,1,,,to_be_scraped
https://en.wikipedia.org/wiki/Pskov_Airport,1,,,to_be_scraped
https://en.wikipedia.org/wiki/Karshi_Airport,1,,,to_be_scraped
https://en.wikipedia.org/wiki/Samarkand_Airport,1,,,to_be_scraped
https://en.wikipedia.org/wiki/Sukhum_International_Airport,1,,,to_be_scraped
https://en.wikipedia.org/wiki/Sukhumi_Babushara_Airport,1,,,to_be_scraped
https://en.wikipedia.org/wiki/Timișoara_Airport,1,,,to_be_scraped
https://en.wikipedia.org/wiki/Vigo–Peinador_Airport,1,,,to_be_scraped
https://en.wikipedia.org/wiki/Havana_Airport,1,,,to_be_scraped
https://en.wikipedia.org/wiki/Aeropuerto_Internacional_Manuel_Carlos_Piar,1,,,to_be_scraped
https://en.wikipedia.org/wiki/Brač_Airport,1,,,to_be_scraped
https://en.wikipedia.org/wiki/Habib_Bourguiba_Airport,1,,,to_be_scraped
https://en.wikipedia.org/wiki/Sangster_Airport,1,,,to_be_scraped
https://en.wikipedia.org/wiki/Minatitlán_International_Airport,1,,,to_be_scraped
https://en.wikipedia.org/wiki/Cap._Anibal_Arab_Airport,1,,,to_be_scraped
https://en.wikipedia.org/wiki/Juan_Mendoza_Airport,1,,,to_be_scraped
https://en.wikipedia.org/wiki/São_Paulo-Guarulhos_International_Airport,1,,,to_be_scraped
https://en.wikipedia.org/wiki/Capitán_Oriel_Lea_Plaza_Airport,1,,,to_be_scraped
https://en.wikipedia.org/wiki/Teniente_Jorge_Henrich_Arauz_Airport,1,,,to_be_scraped
https://en.wikipedia.org/wiki/Stockholm_Bromma_Airport,1,,,to_be_scraped
https://en.wikipedia.org/wiki/Banjul_Airport,1,,,to_be_scraped
https://en.wikipedia.org/wiki/Krabi_Airport,1,,,to_be_scraped
https://en.wikipedia.org/wiki/Santiago_Mari%C3%B1o_Caribbean_International_Airport,1,,,to_be_scraped
https://en.wikipedia.org/wiki/Zielona_G%C3%B3ra_Airport,1,,,to_be_scraped
https://en.wikipedia.org/wiki/Benguela_Airport,1,,,to_be_scraped
https://en.wikipedia.org/wiki/Catumbela_Airport,1,,,to_be_scraped
https://en.wikipedia.org/wiki/Ongava_Airstrip,1,,,to_be_scraped
https://en.wikipedia.org/wiki/Frankfurt_International_Airport,1,,,to_be_scraped
https://en.wikipedia.org/wiki/Sossusvlei,1,,,to_be_scraped
https://en.wikipedia.org/wiki/Twyfelfontein,1,,,to_be_scraped
https://en.wikipedia.org/wiki/Aurel_Vlaicu_Airport,1,,,to_be_scraped
https://en.wikipedia.org/wiki/Big_Trout_Lake_Airport,1,,,to_be_scraped
https://en.wikipedia.org/wiki/Baotou_Erliban_Airport,1,,,to_be_scraped
https://en.wikipedia.org/wiki/Dili_Airport,1,,,to_be_scraped
https://en.wikipedia.org/wiki/Hami_Yizhou_Airport,1,,,to_be_scraped
https://en.wikipedia.org/wiki/Yinchuan_Hedong_Airport,1,,,to_be_scraped
https://en.wikipedia.org/wiki/Zhuhai_Sanzao_Airport,1,,,to_be_scraped
https://en.wikipedia.org/wiki/Greater_Sudbury_Airport,1,,,to_be_scraped
https://en.wikipedia.org/wiki/Quebec_Airport,1,,,to_be_scraped
https://en.wikipedia.org/wiki/St._John's_Airport,1,,,to_be_scraped
https://en.wikipedia.org/wiki/Montreal_Saint-Hubert_Longueuil_Airport,1,,,to_be_scraped
https://en.wikipedia.org/wiki/Baie-Comeau_Airport,1,,,to_be_scraped
https://en.wikipedia.org/wiki/La_Tabatière_Airport,1,,,to_be_scraped
https://en.wikipedia.org/wiki/MET_–_Montreal_Metropolitan_Airport,1,,,to_be_scraped
https://en.wikipedia.org/wiki/Tête-à-la-Baleine_Airport,1,,,to_be_scraped
https://en.wikipedia.org/wiki/Saint-Pierre_Pointe-Blanche_Airport,1,,,to_be_scraped
https://en.wikipedia.org/wiki/Washington–National,1,,,to_be_scraped
https://en.wikipedia.org/wiki/Cranbrook/Canadian_Rockies_International_Airport,1,,,to_be_scraped
https://en.wikipedia.org/wiki/Fort_St._John_Airport,1,,,to_be_scraped
https://en.wikipedia.org/wiki/Cross_Lake_Airport,1,,,to_be_scraped
https://en.wikipedia.org/wiki/New_York–JFK,1,,,to_be_scraped
https://en.wikipedia.org/wiki/Pelee_Island_Airport,1,,,to_be_scraped
https://en.wikipedia.org/wiki/Ottawa_Macdonald-Cartier_International_Airport,1,,,to_be_scraped
https://en.wikipedia.org/wiki/Timmins_Airport,1,,,to_be_scraped
https://en.wikipedia.org/wiki/Arctic_Bay,1,,,to_be_scraped
"https://en.wikipedia.org/wiki/Baker_Lake,_Nunavut",1,,,to_be_scraped
"https://en.wikipedia.org/wiki/Brochet,_Manitoba",1,,,to_be_scraped
"https://en.wikipedia.org/wiki/Chesterfield_Inlet,_Nunavut",1,,,to_be_scraped
"https://en.wikipedia.org/wiki/Churchill,_Manitoba",1,,,to_be_scraped
https://en.wikipedia.org/wiki/Gjoa_Haven,1,,,to_be_scraped
https://en.wikipedia.org/wiki/Igloolik,1,,,to_be_scraped
https://en.wikipedia.org/wiki/Lac_Brochet,1,,,to_be_scraped
https://en.wikipedia.org/wiki/Pond_Inlet,1,,,to_be_scraped
https://en.wikipedia.org/wiki/Sanirajak,1,,,to_be_scraped
https://en.wikipedia.org/wiki/Tadoule_Lake,1,,,to_be_scraped
https://en.wikipedia.org/wiki/Taloyoak,1,,,to_be_scraped
https://en.wikipedia.org/wiki/Attawapiskat_Airport,1,,,to_be_scraped
https://en.wikipedia.org/wiki/Fort_Albany_Airport,1,,,to_be_scraped
https://en.wikipedia.org/wiki/Kashechewan_Airport,1,,,to_be_scraped
https://en.wikipedia.org/wiki/Moosonee_Airport,1,,,to_be_scraped
https://en.wikipedia.org/wiki/Peawanuck_Airport,1,,,to_be_scraped
https://en.wikipedia.org/wiki/Timmins/Victor_M._Power_Airport,1,,,to_be_scraped
https://en.wikipedia.org/wiki/Dallas-Fort_Worth_International_Airport,1,,,to_be_scraped
https://en.wikipedia.org/wiki/Kattiniq/Donaldson_Airport,1,,,to_be_scraped
https://en.wikipedia.org/wiki/Aupaluk_Airport,1,,,to_be_scraped
https://en.wikipedia.org/wiki/Kangiqsualujjuaq_(Georges_River)_Airport,1,,,to_be_scraped
https://en.wikipedia.org/wiki/Tasiujaq_Airport,1,,,to_be_scraped
https://en.wikipedia.org/wiki/Kasabonika_Airport,1,,,to_be_scraped
https://en.wikipedia.org/wiki/Slate_Falls_Airport,1,,,to_be_scraped
https://en.wikipedia.org/wiki/Vancouver,1,,,to_be_scraped
https://en.wikipedia.org/wiki/Hopedale_Airport,1,,,to_be_scraped
https://en.wikipedia.org/wiki/Makkovik_Airport,1,,,to_be_scraped
https://en.wikipedia.org/wiki/Nain_Airport,1,,,to_be_scraped
https://en.wikipedia.org/wiki/Natuashish_Airport,1,,,to_be_scraped
https://en.wikipedia.org/wiki/Postville_Airport,1,,,to_be_scraped
https://en.wikipedia.org/wiki/Hebron-Ben_Nevis_oil_field,1,,,to_be_scraped
https://en.wikipedia.org/wiki/Hibernia_(oil_field),1,,,to_be_scraped
https://en.wikipedia.org/wiki/SeaRose_FPSO,1,,,to_be_scraped
https://en.wikipedia.org/wiki/Terra_Nova_FPSO,1,,,to_be_scraped
https://en.wikipedia.org/wiki/Cambridge_Bay_Airport,1,,,to_be_scraped
https://en.wikipedia.org/wiki/Colville_Lake/Tommy_Kochon_Aerodrome,1,,,to_be_scraped
https://en.wikipedia.org/wiki/Déline_Airport,1,,,to_be_scraped
https://en.wikipedia.org/wiki/Fort_Good_Hope_Airport,1,,,to_be_scraped
https://en.wikipedia.org/wiki/Fort_Simpson_Airport,1,,,to_be_scraped
https://en.wikipedia.org/wiki/Gjoa_Haven_Airport,1,,,to_be_scraped
https://en.wikipedia.org/wiki/Kugaaruk_Airport,1,,,to_be_scraped
https://en.wikipedia.org/wiki/Kugluktuk_Airport,1,,,to_be_scraped
https://en.wikipedia.org/wiki/Norman_Wells_Airport,1,,,to_be_scraped
https://en.wikipedia.org/wiki/Taloyoak_Airport,1,,,to_be_scraped
https://en.wikipedia.org/wiki/Tulita_Airport,1,,,to_be_scraped
https://en.wikipedia.org/wiki/Ulukhaktok/Holman_Airport,1,,,to_be_scraped
https://en.wikipedia.org/wiki/South_Indian_Lake,1,,,to_be_scraped
https://en.wikipedia.org/wiki/Kilwa_Masoko_Airport,1,,,to_be_scraped
https://en.wikipedia.org/wiki/Maasai_Mara,1,,,to_be_scraped
https://en.wikipedia.org/wiki/Lake_Manyara_Airport,1,,,to_be_scraped
https://en.wikipedia.org/wiki/Mbeya_Airport,1,,,to_be_scraped
https://en.wikipedia.org/wiki/Mikumi_National_Park,1,,,to_be_scraped
https://en.wikipedia.org/wiki/Pangani_Airstrip,1,,,to_be_scraped
https://en.wikipedia.org/wiki/Ruaha_National_Park,1,,,to_be_scraped
https://en.wikipedia.org/wiki/Saadani_National_Park,1,,,to_be_scraped
https://en.wikipedia.org/wiki/Mtemere_Airstrip,1,,,to_be_scraped
https://en.wikipedia.org/wiki/Songea_Airport,1,,,to_be_scraped
https://en.wikipedia.org/wiki/Avram_Iancu_Cluj_International_Airport,1,,,to_be_scraped
https://en.wikipedia.org/wiki/Kosice_International_Airport,1,,,to_be_scraped
https://en.wikipedia.org/wiki/Dhaka_Airport,1,,,to_be_scraped
